#pragma once
#include <cstdint>
// Cpt_Flash, CC0: https://opengameart.org/content/2d-wooden-box
// Generated by tools/import_crate.py; source SHA256 f7e9954c728f1677f4ba3073cb8e6609e3a2f51bf4ec30946f43b6f0307fcef0
namespace CrateTexture {
inline constexpr int width=128,height=128;
inline const uint16_t pixels[] = {
0x0840,0x2903,0x2923,0x2923,0x2923,0x2923,0x2923,0x2923,0x2923,0x2923,0x2923,0x2923,0x2923,0x2923,0x2923,0x2923,
0x2923,0x2923,0x2923,0x2923,0x2923,0x2923,0x2923,0x2923,0x2923,0x2923,0x2923,0x2923,0x2923,0x2923,0x2923,0x2923,
0x2923,0x2923,0x2923,0x2923,0x2923,0x2923,0x2923,0x2923,0x2923,0x2923,0x2923,0x2923,0x2923,0x2923,0x2923,0x2923,
0x2923,0x2923,0x2923,0x2923,0x2923,0x2923,0x2923,0x2923,0x2923,0x2923,0x2923,0x2923,0x2923,0x2923,0x2923,0x2923,
0x2923,0x2923,0x2923,0x2923,0x2923,0x2923,0x2923,0x2923,0x2923,0x2923,0x2923,0x2923,0x2923,0x2923,0x2923,0x2923,
0x2923,0x2923,0x2923,0x2923,0x2923,0x2923,0x2923,0x2923,0x2923,0x2923,0x2923,0x2923,0x2923,0x2923,0x2923,0x2923,
0x2923,0x2923,0x2923,0x2923,0x2923,0x2923,0x2923,0x2923,0x2923,0x2923,0x2923,0x2923,0x2923,0x2923,0x2923,0x2923,
0x2923,0x2923,0x2923,0x2923,0x2923,0x2923,0x2923,0x2923,0x2923,0x2923,0x2923,0x2923,0x2923,0x2923,0x2923,0x1081,
0x2103,0x9c4d,0xa46e,0xa46e,0xa46e,0xa46e,0xa46e,0xa46e,0xa46e,0xa46e,0xa46e,0xa46e,0xa46e,0xa46e,0xa46e,0xa46e,
0xa46e,0xa46e,0xa46e,0xa46e,0xa46e,0xa46e,0xa46e,0xa46e,0xa46e,0xa46e,0xa46e,0xa46e,0xa46e,0xa46e,0xa46e,0xa46e,
0xa46e,0xa46e,0xa46e,0xa46e,0xa46e,0xa46e,0xa46e,0xa46e,0xa46e,0xa46e,0xa46e,0xa46e,0xa46e,0xa46e,0xa46e,0xa46e,
0xa46e,0xa46e,0xa46e,0xa46e,0xa46e,0xa46e,0xa46e,0xa46e,0xa46e,0xa46e,0xa46e,0xa46e,0xa46e,0xa46e,0xa46e,0xa46e,
0xa46e,0xa46e,0xa46e,0xa46e,0xa46e,0xa46e,0xa46e,0xa46e,0xa46e,0xa46e,0xa46e,0xa46e,0xa46e,0xa46e,0xa46e,0xa46e,
0xa46e,0xa46e,0xa46e,0xa46e,0xa46e,0xa46e,0xa46e,0xa46e,0xa46e,0xa46e,0xa46e,0xa46e,0xa46e,0xa46e,0xa46e,0xa46e,
0xa46e,0xa46e,0xa46e,0xa46e,0xa46e,0x9c4d,0x9c2d,0xa46e,0xa46e,0xa46e,0xa46e,0xa46e,0xa46e,0xa46e,0xa46e,0xa46e,
0xa46e,0xa46e,0xa46e,0xa46e,0xa46e,0xa46e,0xa46e,0xa46e,0xa46e,0xa46e,0xa46e,0xa46e,0xa46e,0xa46e,0x8bec,0x5268,
0x2103,0x9c2d,0xa46e,0xa46e,0xa46e,0xa46e,0xa46e,0xa46e,0xa46e,0xa46e,0xa46e,0xa46e,0xa46e,0xa46e,0xa46e,0xa46e,
0xa46e,0xa46e,0xa46e,0xa46e,0xa46e,0xa46e,0xa46e,0xa46e,0xa46e,0xa46e,0xa46e,0xa46e,0xa46e,0xa46e,0xa46e,0xa46e,
0xa46e,0xa46e,0xa46e,0xa46e,0xa46e,0xa46e,0xa46e,0xa46e,0xa46e,0xa46e,0xa46e,0xa46e,0xa46e,0xa46e,0xa46e,0xa46e,
0xa46e,0xa46e,0xa46e,0xa46e,0xa46e,0xa46e,0xa46e,0xa46e,0xa46e,0xa46e,0xa46e,0xa46e,0xa46e,0xa46e,0xa46e,0xa46e,
0xa46e,0xa46e,0xa46e,0xa46e,0xa46e,0xa46e,0xa46e,0xa46e,0xa46e,0xa46e,0xa46e,0xa46e,0xa46e,0xa46e,0xa46e,0xa46e,
0xa46e,0xa46e,0xa46e,0xa46e,0xa46e,0xa46e,0xa46e,0xa46e,0xa46e,0xa46e,0xa46e,0xa46e,0xa46e,0xa46e,0xa46e,0xa46e,
0xa46e,0xa46e,0xa46e,0xa46e,0xa46e,0x838b,0x2923,0x7309,0xa46e,0xa46e,0xa46e,0xa46e,0xa46e,0xa46e,0xa46e,0xa46e,
0xa46e,0xa46e,0xa46e,0xa46e,0xa46e,0xa46e,0xa46e,0xa46e,0xa46e,0xa46e,0xa46e,0xa46e,0xa46e,0x7b4a,0x8bed,0x5268,
0x2103,0x9c2d,0xa46e,0xa46e,0xa46e,0xa46e,0xa46e,0xa46e,0x940d,0x4a06,0x4a06,0x940d,0xa46e,0xa46e,0xa46e,0xa46e,
0xa46e,0xa46e,0xa46e,0xa46e,0xa46e,0xa46e,0xa46e,0xa46e,0xa46e,0xa46e,0xa46e,0xa46e,0xa46e,0xa46e,0xa46e,0xa46e,
0xa46e,0xa46e,0xa46e,0xa46e,0xa46e,0xa46e,0xa46e,0xa46e,0xa46e,0xa46e,0xa46e,0xa46e,0xa46e,0xa46e,0xa46e,0xa46e,
0xa46e,0xa46e,0xa46e,0xa46e,0xa46e,0xa46e,0xa46e,0xa46e,0xa46e,0xa46e,0xa46e,0xa46e,0xa46e,0xa46e,0xa46e,0xa46e,
0xa46e,0xa46e,0xa46e,0xa46e,0xa46e,0xa46e,0xa46e,0xa46e,0xa46e,0xa46e,0xa46e,0xa46e,0xa46e,0xa46e,0xa46e,0xa46e,
0xa46e,0xa46e,0xa46e,0xa46e,0xa46e,0xa46e,0xa46e,0xa46e,0xa46e,0xa46e,0xa46e,0xa46e,0xa46e,0xa46e,0xa46e,0xa46e,
0xa46e,0xa46e,0xa46e,0xa46e,0xa46e,0x9c4d,0x39a5,0x41e6,0xa46e,0xa46e,0xa46e,0xa46e,0xa46e,0xa46e,0xa46e,0xa46e,
0xa46e,0xa46e,0xa46e,0xa46e,0xa46e,0x49e6,0x3144,0x2103,0x838b,0xa46e,0xa46e,0xa46e,0x9c4e,0x734a,0xacd0,0x5268,
0x2103,0x9c2d,0xa46e,0x8bcc,0x940d,0xacaf,0xacaf,0xac8f,0x5227,0x62a9,0x62c9,0x5a68,0xa48e,0xa48e,0xa48e,0xa48e,
0xa48e,0xa48e,0xa48f,0xa48f,0xac8f,0xac8f,0xac8f,0xac8f,0xacaf,0xacaf,0xacaf,0xac8f,0xa48f,0xa48f,0xa48e,0xa48e,
0xa48e,0xa48e,0xa48e,0xa48e,0xa48e,0xa48e,0xa48e,0xa48e,0xa48e,0xa48f,0xa48f,0xa48f,0xa48f,0xa48f,0xa48f,0xa48f,
0xa48f,0xa48f,0xa48f,0xa48f,0xa48f,0xa48f,0xa48e,0xa48e,0xa48e,0x8bcc,0x83ac,0x838b,0x83ab,0x8bcc,0x8bed,0x942d,
0xacaf,0xacaf,0xacaf,0xacaf,0xacaf,0xacaf,0xacaf,0xacaf,0xacaf,0xacaf,0xacaf,0xacaf,0xacaf,0xacaf,0xacaf,0xacaf,
0xacaf,0xacaf,0xacaf,0xacaf,0xacaf,0xacaf,0xacaf,0xacaf,0xacaf,0xacaf,0xacaf,0xacaf,0xacaf,0xacaf,0xacaf,0xacaf,
0xacaf,0xacaf,0xa48e,0xa46e,0xa46e,0xa46e,0xa46e,0xa46e,0xa46e,0xa46e,0xa46e,0xa46e,0xa46e,0xa46e,0xa46e,0xa46e,
0xa46e,0xa46e,0xa46e,0xa46e,0xa46e,0x2103,0x9c2d,0x838b,0x5227,0xa46e,0xa46e,0xa46e,0xa46e,0xa46e,0xacd0,0x5268,
0x2103,0x9c2d,0xa46e,0xa46e,0x940d,0x83ac,0xacd0,0xacaf,0x93ed,0x39a5,0x2103,0x7b6b,0xacaf,0xacaf,0xacaf,0xacaf,
0xacaf,0xacaf,0xacaf,0xacaf,0xacaf,0xacaf,0xacaf,0xacaf,0xacaf,0xacaf,0xacaf,0xacaf,0xacaf,0xacaf,0xacaf,0xacaf,
0xacaf,0xacaf,0xaccf,0xaccf,0xaccf,0xaccf,0xaccf,0xaccf,0xaccf,0xaccf,0xaccf,0xaccf,0xaccf,0xaccf,0xaccf,0xaccf,
0xaccf,0xaccf,0xaccf,0xaccf,0xaccf,0xaccf,0xacaf,0xacaf,0xacaf,0xacaf,0xacaf,0xacaf,0xacaf,0xacaf,0xacaf,0xacaf,
0xacaf,0xacaf,0xacaf,0xacaf,0xacaf,0xacaf,0xacaf,0xacaf,0xacaf,0xacaf,0xacaf,0xacaf,0xacaf,0xacaf,0xacaf,0xacaf,
0xaccf,0xacaf,0xacaf,0xacaf,0xacaf,0xacaf,0xacaf,0xacaf,0xacaf,0xacaf,0xacaf,0xacaf,0xacaf,0xacaf,0xacaf,0xacaf,
0xac8f,0xac8f,0xac8f,0xa48e,0xa46e,0xa46e,0xa46e,0xa46e,0xa46e,0xa46e,0xa46e,0xa46e,0xa46e,0xa46e,0xa48e,0xa48e,
0xa48e,0xa46e,0xa46e,0xa46e,0xa46e,0x7b6b,0x41c5,0x39a5,0x940d,0xa46e,0xa46e,0xa46e,0xa46e,0xa48e,0xacd0,0x5268,
0x2103,0x9c2d,0x9c4d,0xa46e,0xacaf,0x940d,0x732a,0xacaf,0xa48e,0x940d,0x732a,0xa46e,0xa48e,0xa48e,0xa48e,0xa48f,
0xa48f,0xac8f,0xacaf,0xacaf,0xacaf,0xacaf,0xacaf,0xacaf,0xacaf,0xacaf,0xacaf,0xacaf,0xacaf,0xacaf,0xacaf,0xacaf,
0xacaf,0xacaf,0xacaf,0xacaf,0xacaf,0xacaf,0xacaf,0xacaf,0xacaf,0xacaf,0xacaf,0xacaf,0xacaf,0xacaf,0xacaf,0xacaf,
0xacaf,0xacaf,0xacaf,0xacaf,0xacaf,0xacaf,0xacaf,0xacaf,0xacaf,0xacaf,0xacaf,0xacaf,0xacaf,0xacaf,0xacaf,0xacaf,
0xacaf,0xacaf,0xacaf,0xacaf,0xacaf,0xacaf,0xacaf,0xacaf,0xacaf,0xacaf,0xacaf,0xacaf,0xacaf,0xacaf,0xacaf,0xacaf,
0xacd0,0xaccf,0xaccf,0xaccf,0xaccf,0xaccf,0xacaf,0xacaf,0xacaf,0xacaf,0xacaf,0xacaf,0xacaf,0xacaf,0xacaf,0xacaf,
0xacaf,0xacaf,0xacaf,0xacaf,0xacaf,0xacaf,0xacaf,0xacaf,0xa48f,0xa48f,0xacaf,0xacaf,0xacaf,0xacaf,0xaccf,0xacaf,
0xa48e,0xa46e,0xa46e,0xa46e,0xa46e,0xa46e,0xa46e,0xa46e,0xa46e,0xa46e,0xa46e,0xa46e,0xa46e,0xa46e,0xacd0,0x5268,
0x2103,0x9c0d,0x9c0d,0x9c2d,0xa46e,0x9c0c,0x9c4e,0x62c9,0xa48e,0xa48e,0xa46e,0xa46e,0xa46e,0xa46e,0xa46e,0xa46e,
0xa46e,0xa46e,0xa46e,0xa46e,0xa46e,0xa46e,0xa46e,0xa46e,0xa46e,0xa46e,0xa46e,0xa46e,0xa46e,0xa46e,0xa46e,0xa46e,
0xa46e,0xa46e,0xa46e,0xa46e,0xa46e,0xa48e,0xac8f,0xa48e,0xa48e,0xa46e,0xa46e,0xa46e,0xa46e,0xa46e,0xa46e,0xa46e,
0xa46e,0xa46e,0xa46e,0xa46e,0xa46e,0xa46e,0xa46e,0xa46e,0xa46e,0xa46e,0xa46e,0xa46e,0xa46e,0xa48e,0xa48e,0xa48e,
0xa48e,0xa48e,0xa48e,0xa48e,0xa48e,0xa48e,0xa48f,0xa48f,0xac8f,0xac8f,0xac8f,0xac8f,0xacaf,0xac8f,0xac8f,0xac8f,
0xac8f,0xac8f,0xac8f,0xa48f,0xa48f,0xa48e,0xa48e,0xa48e,0xa48e,0xa46e,0xa46e,0xa48e,0xa48e,0xa46e,0xa46e,0xa46e,
0xa46e,0xa46e,0xa46e,0xa46e,0xa46e,0xa46e,0xa46e,0xa46e,0xa46e,0xa46e,0xa46e,0xa46e,0xa46e,0xa46e,0xa46e,0xa46e,
0xa46e,0xa46e,0xa46e,0xa46e,0xa46e,0xa46e,0xa46e,0xa46e,0xa48e,0xa48e,0xa46e,0x83ab,0x838b,0x9c4e,0xacaf,0x5268,
0x2103,0x9c0d,0x9c0d,0x9c0d,0xa44e,0x6ac8,0x83ac,0xa48f,0x5a88,0xaccf,0xacaf,0xa46e,0xa46e,0xa46e,0xa46e,0xa46e,
0xa46e,0xa46e,0xa46e,0xa46e,0xa46e,0xa46e,0xa46e,0xa46e,0xa46e,0xa46e,0xa46e,0xa46e,0xa46e,0xa46e,0xa46e,0xa46e,
0xa46e,0xa46e,0xa46e,0xa46e,0xa46e,0xa46e,0xa46e,0xa46e,0xa46e,0xa46e,0xa46e,0xa46e,0xa46e,0xa46e,0xa46e,0xa46e,
0xa46e,0xa46e,0xa46e,0xa46e,0xa46e,0xa46e,0xa46e,0xa46e,0xa46e,0xa46e,0xa46e,0xa46e,0xa46e,0xa46e,0xa46e,0xa46e,
0xa46e,0xa46e,0xa46e,0xa46e,0xa46e,0xa46e,0xacaf,0xacaf,0xacaf,0xacaf,0xaccf,0xacd0,0xacd0,0xaccf,0xaccf,0xaccf,
0xaccf,0xaccf,0xacaf,0xa48e,0xa46e,0xa46e,0xa46e,0xa46e,0xa46e,0xa46e,0xa46e,0xa46e,0xa48e,0xacaf,0xacaf,0xacaf,
0xacaf,0xacaf,0xacaf,0xacaf,0xacaf,0xacaf,0xacaf,0xacaf,0xacaf,0xacaf,0xacaf,0xacaf,0xa48f,0xa48f,0xa48e,0xa48e,
0xa46e,0xa46e,0xa46e,0xa46e,0xa48f,0xacaf,0x93ed,0x5247,0xacd0,0xa48e,0x838b,0x2923,0x41e6,0x7b4a,0xacaf,0x5268,
0x2103,0x9c0d,0x9c0d,0x41a5,0x62c9,0x7329,0x4a27,0xacd0,0xa48f,0x39a5,0x7b6b,0x83ac,0x8bcc,0x9c2d,0xa48f,0xacaf,
0xacaf,0xacaf,0xacaf,0xacaf,0xa48f,0xac8f,0xacaf,0xacaf,0xacd0,0xacd0,0xacd0,0xaccf,0xacaf,0xacaf,0xacaf,0xacaf,
0xacaf,0xacaf,0xacaf,0xacaf,0xacaf,0xacaf,0xacaf,0xacaf,0xacaf,0xacaf,0x940d,0x41e6,0x734a,0x838b,0xacaf,0xacaf,
0xacaf,0xacaf,0xacaf,0xacaf,0xacaf,0xacaf,0xacaf,0xacaf,0xacaf,0xacaf,0xacaf,0xacaf,0xacaf,0xacaf,0xacaf,0xacaf,
0xa48f,0xa48e,0xacaf,0xacaf,0xacaf,0xaccf,0xacd0,0xacd0,0xacd0,0xacd0,0xacd0,0xacd0,0xacd0,0xacd0,0xacd0,0xacd0,
0xacd0,0xacd0,0xacd0,0xacd0,0xa48e,0xa48e,0xacaf,0xacaf,0xacd0,0xacd0,0xacd0,0xacd0,0xacd0,0xaccf,0xacaf,0xacaf,
0xacaf,0xa48f,0xa48e,0xa48e,0xa48e,0xa48e,0xa48e,0xa48e,0xa48e,0xa48e,0xa46e,0xa46e,0xa46e,0xa46e,0xa48e,0xa48e,
0xa48e,0xa48e,0xa48e,0xa48e,0xa48e,0x942d,0x18a2,0x8bcc,0xacaf,0xa48e,0x9c4d,0x49e6,0x5a88,0x732a,0xaccf,0x5268,
0x2103,0x9c0d,0x9c2d,0x3144,0x7b6b,0x8bcc,0x5247,0xacd0,0xb4f0,0x9c6f,0x5a88,0xacd0,0xacd0,0xacd0,0xacd0,0xacd0,
0xacd0,0xacd0,0xacd0,0xacd0,0xacd0,0xacd0,0xacd0,0xacd0,0xacd0,0xacd0,0xacd0,0xacd0,0xacd0,0xacd0,0xacd0,0xacd0,
0xacd0,0xacd0,0xacd0,0xacd0,0xacd0,0xacd0,0xacd0,0xacd0,0xacd0,0xacd0,0xacd0,0x7b8b,0x734b,0x6ae9,0x9c6e,0xacd0,
0xacd0,0xacd0,0xacd0,0xacd0,0xacd0,0xacd0,0xacd0,0xacd0,0xacd0,0xacd0,0xacd0,0xacd0,0xacd0,0xacd0,0xacd0,0xacd0,
0xacd0,0xacd0,0xacd0,0xacd0,0xacd0,0xacd0,0xacd0,0xacd0,0xacd0,0xacd0,0xacd0,0xacd0,0xacd0,0xaccf,0xaccf,0xacaf,
0xacaf,0xacaf,0xacaf,0xacaf,0xacaf,0xacaf,0xacaf,0xacaf,0xacaf,0xacaf,0xacaf,0xacaf,0xacaf,0xacaf,0xacaf,0xacaf,
0xacaf,0xacaf,0xacaf,0xacaf,0xacaf,0xacaf,0xacaf,0xacaf,0xacaf,0xacaf,0xacaf,0xa48e,0xa48e,0xa48e,0xacaf,0xacaf,
0xaccf,0xacd0,0xacd0,0xacd0,0xa48f,0x39a5,0x83ac,0xacaf,0xaccf,0xa48e,0xa46e,0x83ab,0x5247,0x940d,0xacd0,0x5268,
0x2103,0x9c0d,0x9c4d,0x83ac,0x41e6,0x20e2,0x7b6b,0xacd0,0xacd0,0xbd52,0x62c8,0x5a88,0xacd0,0xacd0,0xacd0,0xacd0,
0xacd0,0xacd0,0xacd0,0xacd0,0xacd0,0xacd0,0xacd0,0xacd0,0xacd0,0xacd0,0xacd0,0xacd0,0xacd0,0xacd0,0xacd0,0xacd0,
0xacd0,0xacd0,0xacd0,0xacd0,0xacd0,0xacd0,0xacd0,0xacd0,0xacd0,0xacd0,0xacd0,0xacd0,0xacd0,0xacd0,0xacd0,0xacd0,
0xacd0,0xacd0,0xacd0,0xacd0,0xacd0,0xacd0,0xacd0,0xacd0,0xacd0,0xacd0,0xacd0,0xacd0,0xacd0,0xacd0,0xacd0,0xacd0,
0xacd0,0xacd0,0xacd0,0xacd0,0xacd0,0xacd0,0xacd0,0xacd0,0xacd0,0xacd0,0xacd0,0xacd0,0xacd0,0xacd0,0xacd0,0xacd0,
0xacd0,0xacd0,0xacd0,0xacd0,0xacd0,0xacd0,0xacd0,0xacd0,0xacd0,0xacd0,0xacd0,0xacd0,0xacd0,0xacd0,0xacd0,0xacd0,
0xacd0,0xacd0,0xacd0,0xacd0,0xacd0,0xacd0,0xacd0,0xacd0,0xacd0,0xacd0,0xacd0,0xacd0,0x3164,0x2944,0x6b0a,0xacd0,
0xacd0,0xacd0,0xacd0,0xacd0,0xacd0,0xacaf,0xacd0,0xacaf,0xacd0,0xa48e,0xa46e,0xa46e,0xa46e,0xa48e,0xacd0,0x5268,
0x2103,0x9c0d,0x9c2d,0xaccf,0xa48e,0x9c0c,0xa48e,0xacd0,0xacd0,0xbd31,0x9c2d,0x49e6,0x838b,0xacd0,0xacd0,0xacd0,
0xacd0,0x734b,0x41c6,0x62a9,0xacd0,0xacd0,0xacd0,0xacd0,0xacd0,0xacd0,0xacd0,0xacd0,0xacd0,0xacd0,0xacd0,0xacd0,
0xacd0,0xacd0,0xacd0,0xacd0,0xacd0,0xacd0,0xacd0,0xacd0,0xacd0,0xacd0,0xacd0,0xacd0,0xacd0,0xacd0,0xacd0,0xacd0,
0xacd0,0xacd0,0xacd0,0xacd0,0xacd0,0xacd0,0xacd0,0xacd0,0xacd0,0xacd0,0xacd0,0xacd0,0xacd0,0xacd0,0xacd0,0xacd0,
0xacd0,0xacd0,0xacd0,0xacd0,0xacd0,0xacd0,0xacd0,0xacd0,0xacd0,0xacd0,0xacd0,0xacd0,0xacd0,0xacd0,0xacd0,0xacd0,
0xacd0,0xacd0,0xacd0,0xacd0,0xacd0,0xacd0,0xacd0,0xacd0,0xacd0,0xacd0,0xacd0,0xacd0,0xacd0,0xacd0,0xacd0,0xacd0,
0xacd0,0xacd0,0xacd0,0xacd0,0xacd0,0xacd0,0xacd0,0xacd0,0xacd0,0xacd0,0xacd0,0xaccf,0x3184,0x732a,0x5a88,0xacaf,
0xaccf,0xacd0,0x83ac,0x6ae9,0xacd0,0xacaf,0xacaf,0xa46e,0xac8f,0xa46e,0xa46e,0xa46e,0xa46e,0xa48e,0xacd0,0x5268,
0x2103,0x9c0d,0x9c0d,0xa48e,0xa48e,0x9c0c,0xa48f,0xacd0,0xacd0,0xb511,0x9c2d,0x9c2d,0x3985,0x83ac,0xacd0,0xacd0,
0xa48f,0x0020,0x4a28,0x2924,0x8bed,0xacd0,0xacd0,0xacd0,0xacd0,0xacd0,0xacd0,0xacd0,0xacd0,0xacd0,0xacd0,0xacd0,
0xacd0,0xacd0,0xacd0,0xacd0,0xacd0,0xacd0,0xacd0,0xa48e,0xa46e,0xa44e,0x9c4e,0x9c4e,0x9c4e,0x9c4e,0x9c4e,0x9c4e,
0x9c4e,0x9c4e,0x9c4e,0x9c4e,0x9c4e,0x9c4d,0x9c4d,0x9c4d,0x9c4d,0x9c4d,0x9c4d,0x9c4d,0x9c4d,0x9c4d,0x9c4d,0x9c4d,
0x9c4d,0x9c4d,0x9c4d,0x9c4d,0x9c4d,0x9c4d,0x9c4d,0x9c4d,0x9c4d,0x9c4d,0x9c4d,0x9c4e,0x9c4e,0x9c4e,0x9c4e,0x9c4e,
0x9c4e,0xa44e,0xa46e,0xa46e,0xa46e,0xa46e,0xa46e,0xa46e,0xa46e,0xa46e,0xa46e,0xa46e,0xa46e,0xa46e,0xa46e,0xa44e,
0xa44e,0xa44e,0x9c4e,0x9c4e,0x9c4e,0x9c4d,0x9c4d,0x9c4d,0x9c4d,0x9c4e,0x9c4e,0x9c2d,0x8bcc,0x83ab,0x940d,0x9c2d,
0x9c2d,0x5a88,0x1081,0x9c6e,0xacaf,0xacaf,0xa48e,0xa46e,0xa46e,0xa46e,0xa46e,0xa46e,0xa46e,0xa48e,0xacd0,0x5268,
0x2103,0x9c0d,0x9c0d,0xa46e,0xa48e,0x9c0c,0xacaf,0xacd0,0xacd0,0xb531,0x9c2d,0x93ec,0x5227,0x3985,0xacd0,0xacd0,
0xa48f,0x3144,0x5a69,0x18e3,0x9c4e,0xacd0,0xacd0,0xacd0,0xacd0,0xacd0,0xacd0,0xacd0,0xacd0,0xacd0,0xacd0,0xacd0,
0xacd0,0xacd0,0xacd0,0xacd0,0xacd0,0xacd0,0xacd0,0xacd0,0xa48f,0xa46e,0x9c4e,0xa46e,0xac8f,0xac8f,0xa48e,0xa48f,
0xacd0,0xacd0,0xacd0,0xacd0,0xacd0,0xacd0,0xacd0,0xacd0,0xacd0,0xacd0,0xacd0,0xacd0,0xacd0,0xacd0,0xacd0,0xacd0,
0xacd0,0xacd0,0xacd0,0xacd0,0xacd0,0xacd0,0xacd0,0xacd0,0xacd0,0xacd0,0xacd0,0xacd0,0xacd0,0xacd0,0xacd0,0xacd0,
0xacd0,0xacd0,0xacd0,0xacd0,0xacd0,0xacd0,0xacd0,0xacd0,0xacd0,0xacd0,0xacd0,0xacd0,0xacd0,0xacd0,0xacd0,0xacd0,
0xacd0,0xacd0,0xacd0,0xacd0,0xacd0,0xacd0,0xacd0,0xacd0,0xacd0,0xacd0,0xacd0,0xacaf,0xa46e,0x9c4e,0xa48f,0xacaf,
0x62c9,0x0020,0x7b4a,0xacaf,0xacaf,0xacaf,0xacaf,0xa46e,0xa46e,0xa46e,0xa46e,0xa46e,0xa46e,0xa48e,0xacd0,0x5268,
0x2103,0x9c0d,0x9c0d,0xa46e,0xa48e,0x9c0c,0xacaf,0xacd0,0xacd0,0xbd52,0x9c2d,0x9c2d,0x93ec,0x39a5,0x2944,0x838b,
0x8bed,0x942d,0x5a88,0x838b,0xacd0,0xacd0,0xacd0,0xacd0,0xacd0,0xacd0,0xacd0,0xacd0,0xacd0,0xacd0,0xacd0,0xacd0,
0xacd0,0xacd0,0xacd0,0xacd0,0xacd0,0xacd0,0xacd0,0xacd0,0xacd0,0xacd0,0xacd0,0xacd0,0xacd0,0xacd0,0xacd0,0xacd0,
0xacd0,0xacd0,0xacd0,0xacd0,0xacd0,0xacd0,0xacd0,0xacd0,0xacd0,0xacd0,0xacd0,0xacd0,0xacd0,0xacd0,0xacd0,0xacd0,
0xacd0,0xacd0,0xacd0,0xacd0,0xacd0,0xacd0,0xacd0,0xacd0,0xacd0,0xacd0,0xacd0,0xacd0,0xacd0,0xacd0,0xacd0,0xacd0,
0xacd0,0xacd0,0xacd0,0xacd0,0xacd0,0xacd0,0xacd0,0xacd0,0xacd0,0xacd0,0xacd0,0xacd0,0xacd0,0xacd0,0xacd0,0xacd0,
0xacd0,0xacd0,0xacd0,0xacd0,0xacd0,0xacd0,0xacd0,0xacd0,0xacd0,0xacd0,0xacd0,0xacd0,0xacd0,0xacd0,0xacd0,0x7b6b,
0x0020,0x730a,0x838b,0x732a,0x940d,0xac8f,0xacd0,0xacaf,0xacaf,0xa46e,0xa46e,0xa46e,0xa46e,0xa48e,0xacd0,0x5268,
0x2103,0x9c0d,0x9c0d,0xa46e,0xa48e,0x9c0c,0xaccf,0xacd0,0xb4f0,0xbd52,0x9c2d,0x9c2d,0x9c2d,0xacaf,0x2923,0x0020,
0x1061,0x1061,0x41c6,0x2944,0x2924,0x2924,0x2924,0x2924,0x2924,0x2924,0x2924,0x2924,0x2924,0x2924,0x2924,0x2924,
0x2944,0x2944,0x2944,0x2944,0x3164,0x3164,0x3164,0x3164,0x3164,0x3164,0x3164,0x3164,0x3164,0x3164,0x3164,0x3164,
0x3164,0x3164,0x3164,0x3164,0x3164,0x3164,0x3164,0x3164,0x3164,0x3164,0x3164,0x3164,0x3164,0x3164,0x3164,0x3164,
0x3164,0x3164,0x2944,0x2924,0x2924,0x2924,0x2924,0x2924,0x2924,0x2924,0x2924,0x2924,0x2924,0x2924,0x2924,0x2924,
0x2924,0x2944,0x2944,0x2944,0x2944,0x2944,0x2944,0x2944,0x2944,0x2944,0x2944,0x2944,0x2944,0x2944,0x2944,0x2944,
0x2944,0x2944,0x2944,0x2944,0x2944,0x2944,0x2944,0x2944,0x2944,0x2944,0x2944,0x2944,0x2944,0x2944,0x2944,0x1061,
0x730a,0x7b6b,0x18a2,0x62c9,0x2923,0xa48f,0xacd0,0xacaf,0xacaf,0xa46e,0xa46e,0xa46e,0xa46e,0xacaf,0xacd0,0x5268,
0x2103,0x9c0d,0x9c0d,0xa46e,0xa48e,0x9c0c,0xacd0,0xacd0,0xb4f0,0xbd52,0x9c2d,0x8bab,0x7b2a,0x940c,0x7b6a,0x1081,
0x7b2a,0x62a8,0x2903,0x838a,0x8bab,0x8bab,0x8bab,0x8bab,0x8bab,0x8bab,0x8bab,0x8bab,0x93ec,0x9c6e,0x8bcc,0x4a06,
0x3985,0x49e5,0x49e5,0x49e5,0x5247,0x6ae9,0x6ae9,0x6ae9,0x6ae9,0x732a,0x7309,0x7309,0x838b,0x7b4a,0x83ac,0x83ac,
0x83ac,0x83ac,0x83ac,0x83ac,0x83ac,0x83ac,0x83ac,0x83ac,0x83ac,0x83ac,0x83ac,0x83ac,0x83ac,0x83ac,0x83ac,0x4a27,
0x5a67,0x6ae9,0x6ae9,0x6ae9,0x6ae9,0x732a,0x732a,0x7309,0x734a,0x732a,0x7b4a,0x838b,0x7b4a,0x730a,0x838b,0x838b,
0x838b,0x83ab,0x83ab,0x83ab,0x83ab,0x83ab,0x83ab,0x83ab,0x83ab,0x83ab,0x83ab,0x83ab,0x83ab,0x83ab,0x83ab,0x838b,
0x6ac9,0x6ae9,0x6b09,0x838b,0x838b,0x7b4a,0x838b,0x838b,0x732a,0x7309,0x6ae9,0x6ae9,0x6ae9,0x6ae9,0x6ae9,0x18c2,
0xa46e,0x940d,0x39a5,0x83ab,0x41c5,0xa48e,0xacd0,0xa48f,0xacaf,0xa46e,0xa46e,0xa46e,0xa46e,0xacaf,0xacd0,0x5268,
0x2103,0x9c0d,0x9c0d,0xa46e,0xa48e,0x9c0d,0xaccf,0xacd0,0xb4f0,0xbd52,0x6ae9,0x0841,0x0861,0x4a06,0x8bab,0x5247,
0x20c2,0x2903,0x838a,0x838b,0x838b,0x8bab,0x8bab,0x8bab,0x8bab,0x8bab,0x8bab,0x8bab,0x8bab,0x8bab,0xa46e,0x8bcc,
0x41c6,0x3964,0x49e5,0x49e5,0x5a87,0x6ae9,0x6ae9,0x6ae9,0x6b09,0x83ac,0x7b6b,0x7b4a,0x83ac,0x83ac,0x8bcc,0x83ac,
0x8bcc,0x83ac,0x83ac,0x83ac,0x83ac,0x83ac,0x83ac,0x83ac,0x83ac,0x83ac,0x83ac,0x83ac,0x83ac,0x83ac,0x83ac,0x5227,
0x2903,0x7b6a,0x836b,0x732a,0x7b4a,0x8bab,0x83ab,0x838b,0x83ab,0x83ab,0x83ab,0x83ab,0x838b,0x7b4a,0x83ab,0x83ab,
0x83ab,0x9c2d,0x8bac,0x8bcc,0x940d,0x83ab,0x83ab,0x83ab,0x83ab,0x83ab,0x83ab,0x83ab,0x83ab,0x83ab,0x83ab,0x8bcc,
0x6288,0x6ae9,0x732a,0x8bac,0x83ab,0x83ab,0x83ab,0x83ab,0x83ab,0x838b,0x732a,0x732a,0x6ae9,0x6ae9,0x6ae9,0x18c2,
0xa46e,0xa46e,0x8bac,0x62c9,0x93ec,0xa48e,0xacd0,0xa48f,0xa48f,0xa46e,0xa46e,0xa46e,0xa46e,0xacaf,0xacd0,0x5268,
0x2103,0x9c0d,0x9c0d,0xa44e,0xa48e,0x9c0c,0xa48e,0xacd0,0xb510,0xbd52,0x41e6,0x7b4a,0x838a,0x2923,0x8bab,0x8bab,
0x2903,0x7309,0x8bab,0x3984,0x7b4a,0x838b,0x6ae9,0x8bab,0x8bab,0x8bab,0x8bab,0x8bab,0x8bab,0x8bab,0x93ec,0xa48f,
0x8bcc,0x3985,0x3144,0x49e5,0x6288,0x6ae9,0x6ae9,0x6ae9,0x7309,0x83ac,0x83ac,0x83ab,0x83ac,0x8bcc,0x9c4e,0x83ac,
0x8bed,0x942d,0x8bcc,0x83ac,0x83ac,0x83ac,0x83ac,0x8bcc,0x8bcc,0x8bec,0x8bac,0x83ac,0x83ac,0x83ac,0x83ac,0x5247,
0x0841,0x8bab,0x8bab,0x8bab,0x8bab,0x8bab,0x8bcc,0x83ab,0x83ab,0x83ab,0x83ab,0x83ab,0x83ab,0x838b,0x9c4d,0x940d,
0x9c2d,0xa46e,0x940d,0x93ec,0xa46e,0x8bcc,0x83ab,0x83ab,0x8bcc,0x93ec,0x8bcc,0x83ab,0x83ac,0x940d,0x83ab,0x942d,
0x5a67,0x6ae9,0x7b4a,0x93ec,0x93ec,0x93ec,0x940d,0x8bcc,0x83ab,0x83ab,0x83ab,0x7b6b,0x6ae9,0x6ae9,0x6ae9,0x18c2,
0xa46e,0xa46e,0xa46e,0xa46e,0xa46e,0xa48e,0xacd0,0xacaf,0xa46e,0xa46e,0xa46e,0xa46e,0xa46e,0xa48e,0xacd0,0x5268,
0x2103,0x9c0d,0x9c0d,0xa44e,0xa48e,0x9c0c,0xa46e,0xacd0,0xb510,0xbd52,0x8bcb,0x3984,0x2923,0x5a88,0x8bcb,0x8bab,
0x3164,0x7329,0x8bab,0x5a87,0x2903,0x6288,0x8bab,0x8bab,0x8bab,0x93cb,0x93cb,0x8bcb,0x8bab,0x8bab,0x8bab,0x940c,
0xacaf,0x940d,0x3985,0x2923,0x5a67,0x6ae9,0x6ae9,0x6ae9,0x732a,0x83ac,0x83ac,0x83ac,0x83ac,0x8bed,0xa46f,0x8bcc,
0x940d,0xa46f,0x8bec,0x83ac,0x83ac,0x83ac,0x83ac,0x940d,0x8bec,0xa46e,0x8bcc,0x8bcc,0x8bcc,0x940d,0x8bec,0x5a88,
0x0000,0x836b,0x8bab,0x8bab,0x8bab,0x8bab,0x940d,0x83ab,0x83ab,0x83ab,0x93ed,0xa46e,0x9c2d,0x8bcc,0xa46e,0xa46e,
0xa46e,0xa46e,0x9c4d,0x940d,0xa46e,0x942d,0x8bcc,0x8bac,0x9c2d,0xa46e,0xa46e,0x942d,0x93ec,0x9c4e,0x83ab,0x9c4e,
0x5a67,0x7309,0x93ec,0x93ec,0x93ec,0x93ec,0x9c4d,0x9c2d,0x8bec,0x8bcc,0x83ab,0x838b,0x6ae9,0x7309,0x6ae9,0x18c2,
0xa46e,0xa46e,0xa46e,0xacaf,0xa46e,0xa48e,0xacd0,0xacaf,0xa48e,0xa46e,0xa46e,0xa46e,0xa46e,0xa48e,0xacd0,0x5268,
0x2103,0x9c0d,0x9c0d,0xa46e,0xa48e,0x9c0c,0xa46e,0xacd0,0xb510,0xbd52,0x9c2d,0x9c2d,0x93ec,0x9c2d,0x9c0c,0x8bab,
0x3164,0x7329,0x8bab,0x8bab,0x8bab,0x8bab,0x8bab,0x8bcb,0x8bab,0x8bcb,0x93ec,0x93ec,0x8bcb,0x8bab,0x8bab,0x8bab,
0x9c2d,0xacd0,0xacd0,0x49e6,0x3144,0x6ae9,0x6ae9,0x6ae9,0x732a,0x83ac,0x83ac,0x83ac,0x83ac,0x940d,0xa46f,0x93ed,
0xa46f,0xa46f,0x93ed,0x83ac,0x8bcc,0x83ac,0x8bcc,0x9c2d,0x940d,0xa48e,0x940d,0xa48e,0xa48e,0xa48e,0xa46e,0x62c9,
0x0000,0x7b2a,0x93ec,0x8bab,0x8bcc,0x940d,0x9c2d,0x83ab,0x940d,0x8bec,0xa46e,0xacaf,0xa48f,0x8bec,0xa46e,0xa46e,
0xa48f,0xaccf,0xa46e,0xa48e,0xacaf,0x83ab,0x7b6b,0x9c2d,0xa46e,0xa46e,0xa46e,0xa46e,0x9c4e,0xa46e,0x8bcc,0x9c4d,
0x5247,0x838b,0x93ec,0x9c2d,0x9c0d,0x9c2d,0xa48f,0xacaf,0x9c4e,0x940d,0x83ab,0x83ab,0x836b,0x838b,0x6b09,0x18c2,
0xa46e,0xa46e,0xa46e,0xacaf,0xa48e,0xa48e,0xacd0,0xacaf,0xa48f,0xa46e,0xa46e,0xa46e,0xa46e,0xa48e,0xacd0,0x5268,
0x2103,0x9c0d,0x9c0d,0xa46e,0xa48e,0x9c0c,0xa48e,0xacd0,0xb510,0xbd52,0x9c2d,0x9c2d,0x93ec,0x9c2d,0x9c2d,0x8bab,
0x3164,0x7329,0x8bab,0x7b4a,0x8bab,0x8bab,0x8bab,0x8bab,0x93cc,0x93cb,0x93ec,0x940c,0x940c,0x8bcb,0x8bab,0x8bab,
0x8bab,0x9c2d,0xacd0,0xacd0,0x41c5,0x3184,0x6ae9,0x6ae9,0x732a,0x83ac,0x83ac,0x83ac,0x83ac,0x940d,0xa46f,0x942d,
0xa46f,0xa46f,0x940d,0x83ac,0x93ed,0x93ed,0x9c4e,0xa46e,0x9c2d,0xa48e,0xa46e,0xa48e,0xa48e,0xa48e,0xa48e,0x6ae9,
0x0000,0x836b,0x9c4d,0x8bac,0x93ec,0xa46e,0x9c2d,0x83ac,0xa48f,0xa46e,0xacaf,0xacaf,0xa4af,0x93ec,0xacaf,0xa48e,
0xacaf,0xb510,0xacaf,0xacaf,0x9c4e,0x5a68,0x93ec,0x5a88,0xa46e,0xa46e,0xa46e,0xa46e,0xa46e,0xa46e,0x940d,0xa48e,
0x5247,0x93ec,0x93ec,0xa48f,0xa46e,0xa48f,0xacaf,0xacaf,0xa48e,0x9c2d,0x83ab,0x83ab,0x83ab,0x83ab,0x732a,0x18c2,
0xa46e,0xa46e,0xa46e,0xacaf,0xa48e,0xa48e,0xacd0,0xacaf,0xa48f,0xa46e,0xa46e,0xa46e,0xa46e,0xa48e,0xacd0,0x5268,
0x2103,0x9c0d,0x9c0d,0xa46e,0xa48e,0x9c0c,0xa48f,0xacd0,0xb510,0xbd52,0x9c2d,0x9c2d,0x940c,0x9c2d,0x93ec,0x8bab,
0x3164,0x7329,0x8bab,0x5226,0x7329,0x8bab,0x8bab,0x8bab,0x8bab,0x940c,0x93ec,0x93ec,0x9c4d,0x940c,0x93cc,0x8bab,
0x8bab,0x8bab,0x9c4e,0xacd0,0xacd0,0x39a5,0x3164,0x6ae9,0x732a,0x83ac,0x83ac,0x83ac,0x83ac,0x940d,0xa46f,0x9c2e,
0xa46f,0xa46f,0x942d,0x83ac,0x942d,0x9c4e,0x9c6e,0xa48e,0xa46e,0xa48e,0xa48e,0xa48e,0xa48e,0xa48e,0xa48e,0x730a,
0x0000,0x93ec,0x9c4d,0x940c,0x9c2d,0xa46e,0x9c2d,0x8bec,0xacaf,0xacaf,0xacaf,0xacaf,0xacaf,0x940d,0xacd0,0xacd0,
0xb4f0,0xb510,0xacd0,0xacaf,0x7b6b,0x62c9,0xa46e,0x5a67,0xa48f,0xa46e,0xa46e,0xa48f,0xa46e,0xa46e,0x9c2d,0xa48e,
0x5a88,0x93ec,0x93ec,0xa48f,0xa46e,0xa48f,0xacaf,0xacaf,0xa48e,0xa46e,0x83ab,0x83ab,0x83ab,0x83ab,0x7b4a,0x18c2,
0xa46e,0xa46e,0xa46e,0xacaf,0xa48e,0xa48e,0xacd0,0xacaf,0xac8f,0xa46e,0xa46e,0xa46e,0xa46e,0xa48e,0xacd0,0x5268,
0x2103,0x9c0d,0x9c0d,0xa46e,0xa48e,0x9c0c,0xa48e,0xacd0,0xb511,0xbd52,0x9c2d,0x9c2d,0x940c,0x9c2d,0x93cc,0x8bab,
0x3164,0x7329,0x8bab,0x8bab,0x7b4a,0x8bab,0x8bcb,0x8bab,0x93ec,0x93cc,0x9c2d,0x940c,0x940c,0xa44d,0x9c0d,0x940c,
0x8bab,0x8bab,0x8bab,0x9c4e,0xacd0,0xacd0,0x39a5,0x2923,0x7309,0x83ac,0x83ac,0x83ac,0x83ac,0x940d,0xa46f,0x9c4e,
0xa46f,0xa46f,0x942e,0x940d,0x9c4e,0xa48e,0xa48e,0xa48e,0xa48e,0xa48e,0xa48e,0xa48e,0xa48e,0xa48e,0xa48e,0x730a,
0x0841,0x940d,0x9c4e,0x9c2d,0xa46e,0xa46e,0x9c4d,0x9c4d,0xacaf,0xacaf,0xacaf,0xacaf,0xacaf,0x9c4e,0xb4f0,0xb4f0,
0xb510,0xb510,0xb4f0,0xaccf,0x942e,0x8bac,0x838b,0x62a8,0xa48f,0xa48e,0xacd0,0xacaf,0xa46e,0xa46e,0x9c4e,0xa48f,
0x6288,0x93ec,0x93ec,0xacaf,0xacaf,0xacaf,0xacaf,0xacaf,0xa48f,0xa46e,0x83ab,0x83ab,0x83ab,0x83ab,0x7b4a,0x18c2,
0xa46e,0xa46e,0xa46e,0xacaf,0xa46e,0xa48f,0xacd0,0xacaf,0xac8f,0xa46e,0xa46e,0xa46e,0xa46e,0xa48e,0xacd0,0x5268,
0x2103,0x9c0d,0x9c0d,0xa46e,0xa48e,0x9c0c,0xa46e,0xacd0,0xb511,0xbd52,0x9c2d,0x9c2d,0x940c,0x9c2d,0x93ec,0x8bab,
0x2943,0x7b4a,0x8bab,0x8bab,0x8bcb,0x8bab,0x8bab,0x93ec,0x8bcb,0x93ec,0x8bcb,0x9c2d,0x9c0c,0xa44d,0xa44e,0xa44e,
0x9c0c,0x8bcb,0x8bab,0x8bab,0xa46e,0xacd0,0xacaf,0x3164,0x2923,0x83ab,0x83ac,0x83ab,0x83ac,0x940d,0xa46f,0xa46f,
0xa46f,0xa46f,0x9c2e,0x9c2d,0xa48e,0xa48e,0xa48e,0xa48e,0xa48e,0xa48e,0xa48e,0xa48e,0xa48e,0xa48e,0xa48e,0x730a,
0x20c2,0x940d,0xa46e,0x9c4e,0xa46e,0xa46e,0xa46e,0xa46e,0xacaf,0xacaf,0xacaf,0xacaf,0xacaf,0xa46e,0xb510,0xb510,
0xb510,0xb510,0xb510,0xb4f0,0xb510,0x62a8,0x8bcc,0x6ae9,0xa48f,0xa48f,0xacd0,0xacaf,0xa46e,0xa46e,0xa46e,0xa4af,
0x62a8,0x93ec,0x940c,0xacaf,0xacaf,0xacaf,0xacaf,0xacaf,0xacaf,0xa48e,0x83ab,0x83ab,0x83ab,0x83ab,0x7b4a,0x18c2,
0xa46e,0xa46e,0xa46e,0xacaf,0xa46e,0xac8f,0xacd0,0xac8f,0xac8f,0xa46e,0xa46e,0xa46e,0xa46e,0xa48e,0xacd0,0x5268,
0x2103,0x9c0d,0x9c0d,0xa46e,0xa48e,0x9c0c,0xa46e,0xacd0,0xb511,0xbd52,0x9c2d,0x9c2d,0x93ec,0x9c2d,0x93ec,0x8bab,
0x2923,0x836a,0x8bab,0x8bab,0x93cc,0x9c4d,0x93cc,0x8bab,0x93ec,0x93ec,0x93ec,0x8bcb,0x9c2d,0xa44e,0xa44e,0xa44e,
0xa44e,0x9c2d,0x93ec,0x8bab,0x8bab,0xa46e,0xacd0,0xacaf,0x3164,0x2103,0x7b4a,0x7b6b,0x83ac,0x93ed,0xa46f,0x9c6f,
0xa46f,0xa46f,0x9c2e,0x9c2d,0xa48e,0xa48e,0xa48e,0xa48e,0xa48e,0xa48e,0xa48e,0xa48e,0xa48e,0xa48e,0xa48e,0x732a,
0x3144,0x9c2d,0xa46e,0xa46e,0xa46e,0xa46e,0xa46e,0xa46e,0xacaf,0xacaf,0xacaf,0xacaf,0xacaf,0xa48e,0xb510,0xb510,
0xb510,0xb510,0xb510,0xb510,0xb510,0x5a88,0x9c4e,0x7b6b,0xa48f,0xa48f,0xacd0,0xacaf,0xa46e,0xa46e,0xa46e,0xa4af,
0x5a88,0x93ec,0x940d,0xacaf,0xacaf,0xacaf,0xacaf,0xacaf,0xacaf,0xa48e,0x83ab,0x83ab,0x83ab,0x83ab,0x732a,0x18c2,
0xa46e,0xa46e,0xa46e,0xacd0,0xa46e,0xacaf,0xacd0,0xacaf,0xacaf,0xa46e,0xa46e,0xa46e,0xa46e,0xa48e,0xacd0,0x5268,
0x2103,0x9c0d,0x9c0d,0xa46e,0xa46e,0x9c2d,0xacaf,0xacd0,0xb511,0xbd52,0x9c2d,0x9c2d,0x93ec,0x9c2d,0x93ec,0x8bab,
0x2923,0x836a,0x8bab,0x8bab,0x8bab,0x9c4d,0xa44e,0x940c,0x8bcb,0x940c,0x940c,0x940c,0x940c,0x9c4d,0xa44e,0xa44e,
0xa44e,0xa44e,0x9c2d,0x93ec,0x8bab,0x8bab,0xa46e,0xacd0,0xacaf,0x3164,0x20e2,0x732a,0x83ac,0x8bcc,0x9c4e,0x83ac,
0x9c6f,0xa46f,0x9c4e,0x9c2d,0xa48e,0xa48e,0xa48e,0x9c4e,0xa48e,0xa48e,0xa48e,0xa48e,0xa48e,0xa48e,0xa48e,0x838b,
0x41e6,0x9c2d,0xa46e,0xa46e,0xa46e,0xa46e,0xa46e,0xa46e,0xacaf,0xacaf,0xacaf,0xacaf,0xacaf,0xa48e,0xb510,0xb510,
0xb510,0xb510,0xb510,0xb510,0xb4f0,0x7b4a,0x83ab,0x93ec,0xa48f,0xa48f,0xacd0,0xacaf,0xa46e,0xa46e,0xa46e,0xa4af,
0x5a67,0x93ec,0x9c0d,0xacaf,0xacaf,0xacaf,0xacaf,0xacaf,0xacaf,0xa48e,0x83ab,0x83ab,0x83ab,0x83ab,0x732a,0x18c2,
0xa46e,0xa46e,0xa48e,0xacd0,0xac8f,0xacaf,0xacd0,0xacd0,0xaccf,0xa46e,0xa46e,0xa46e,0xa46e,0xa48e,0xacd0,0x5268,
0x2103,0x9c0d,0x9c0d,0xa46e,0xa46e,0x9c4d,0xacd0,0xacd0,0xb531,0xbd52,0x9c2d,0x9c2d,0x93ec,0x9c2d,0x93ec,0x8bab,
0x2923,0x836a,0x8bab,0x8bab,0x8bab,0x8bcb,0xa44e,0xa44e,0x9c2d,0x8bab,0x940c,0x940c,0x940c,0x940c,0x9c4d,0xa44e,
0xa44e,0xa44e,0xa44e,0x9c2d,0x93ec,0x8bab,0x8bab,0xa46e,0xacd0,0xa4af,0x2944,0x2103,0x838b,0x83ac,0x942d,0x83ac,
0x9c4e,0xa46f,0x940d,0x942d,0xa46e,0xa48e,0xa46e,0x9c4e,0xa48e,0xa48e,0xa48e,0xa48e,0xa48e,0xa48e,0xa48e,0x838b,
0x5a67,0x9c2d,0xa46e,0xa46e,0xa46e,0xa46e,0xa46e,0xa46e,0xacaf,0xacaf,0xacaf,0xacaf,0xacaf,0xa48e,0xb510,0xb510,
0xb510,0xb510,0xb510,0xb510,0xb4f0,0x6ae9,0x9c2d,0xa46e,0xacaf,0xa48f,0xacd0,0xacaf,0xa46e,0xa46e,0xa46e,0xa4cf,
0x5227,0x93ec,0x9c0d,0xacaf,0xacaf,0xacaf,0xacaf,0xacaf,0xacaf,0xa48f,0x83ab,0x83ab,0x83ab,0x83ab,0x732a,0x18c2,
0xa46e,0xa46e,0xa46e,0xacd0,0xacd0,0xacd0,0xacd0,0xacd0,0xaccf,0xa46e,0xa46e,0xa46e,0xa46e,0xacaf,0xacd0,0x5268,
0x2103,0x9c0d,0x9c0d,0xa46e,0xa46e,0x9c2d,0xacd0,0xacd0,0xb531,0xbd52,0x9c2d,0x9c2d,0x93ec,0x9c2d,0x93ec,0x8bab,
0x2923,0x836a,0x8bab,0x8bab,0x8bab,0x8bab,0x93ec,0xa44e,0xa44e,0x62c8,0x838b,0x940c,0x940c,0x940c,0x940c,0x9c4d,
0xa44e,0xa44e,0xa44e,0xa44e,0x9c2d,0x93ec,0x8bcb,0x8bab,0xa46e,0xacd0,0xa4af,0x2944,0x2923,0x7b6b,0x8bec,0x83ac,
0x942d,0x9c6e,0x8bcc,0x940d,0x9c6e,0xa48e,0xa46e,0x9c4e,0xa48e,0xa48e,0xa48e,0xa48e,0xa48e,0xa48e,0xa48e,0x8bcc,
0x62c8,0x942d,0xa46e,0xa46e,0xa46e,0xa46e,0xa46e,0xa46e,0xacaf,0xacaf,0xacaf,0xacaf,0xacaf,0xa48e,0xb510,0xb510,
0xb510,0xb510,0xb510,0xb510,0xb4f0,0x732a,0x940d,0xa46e,0xacaf,0xa48f,0xacd0,0xacaf,0xa46e,0xa46e,0xa46e,0xa4af,
0x5227,0x93ec,0x9c2d,0xacaf,0xacaf,0xacaf,0xacaf,0xacaf,0xacaf,0xa48f,0x83ab,0x83ab,0x83ab,0x83ab,0x732a,0x18c2,
0xa46e,0xa46e,0xa46e,0xacaf,0xacd0,0xacd0,0xacd0,0xacd0,0xaccf,0xa46e,0xa46e,0xa46e,0xa46e,0xacaf,0xacd0,0x5268,
0x2103,0x9c0d,0x9c0d,0xa46e,0xa46e,0x9c0c,0xacd0,0xacd0,0xbd31,0xbd52,0x9c2d,0x9c2d,0x93ec,0x9c2d,0x93ec,0x8bab,
0x2923,0x836a,0x8bab,0x8bab,0x8bab,0x8bab,0x8bab,0x940c,0xa44e,0x940d,0x39a5,0x8bcb,0x940c,0x940c,0x940c,0x940c,
0x9c4d,0xa44e,0xa44e,0xa44e,0xa44e,0x9c2d,0x93ec,0x8bcb,0x8bab,0xa46e,0xacd0,0xa4af,0x2103,0x20e3,0x838b,0x83ac,
0x940d,0x9c4e,0x8bcc,0x93ec,0x9c4e,0xa48e,0xa46e,0x9c2d,0xa48e,0xa48e,0xa48e,0xa48e,0xa48e,0xa48e,0xa48e,0x940d,
0x6ae9,0x9c2d,0xa46e,0xa46e,0xa46e,0xa46e,0xa46e,0xa46e,0xacaf,0xacaf,0xacaf,0xacaf,0x838b,0x9c2d,0xb510,0xb510,
0xb510,0xb510,0xb510,0xb510,0xb4f0,0x5a88,0x940d,0xa46e,0xacaf,0xacaf,0xacd0,0xacaf,0xa46e,0xa46e,0xa46e,0xacf0,
0x4a06,0x93ec,0x9c2d,0xacaf,0xacaf,0xacaf,0xacaf,0xacaf,0xacaf,0xa48f,0x83ab,0x83ab,0x83ab,0x83ab,0x732a,0x18c2,
0xa46e,0xa46e,0xa46e,0xacaf,0xacd0,0xacd0,0xacd0,0xacd0,0xacd0,0xa46e,0xa46e,0xacaf,0xacaf,0xa48f,0xacd0,0x5268,
0x2103,0x9c0d,0x9c0d,0xa46e,0xa46e,0x9c0c,0xacaf,0xacd0,0xbd31,0xbd72,0x9c2d,0x9c2d,0x940c,0x9c2d,0x93ec,0x8bab,
0x2923,0x7309,0x8bab,0x8bab,0x8bab,0x8bab,0x8bab,0x8bab,0x940d,0xa44e,0x5a88,0x4a06,0x8bcb,0x940c,0x940c,0x940c,
0x940c,0x9c4d,0xa44e,0xa44e,0xa44e,0xa44e,0x9c2d,0x93ec,0x8bcb,0x8bab,0xa46e,0xacd0,0xa48f,0x2103,0x2903,0x7b4a,
0x8bed,0x942d,0x8bec,0x83ac,0x942d,0x9c4d,0x9c4e,0x9c2d,0xa48e,0xa48e,0xa48e,0xa48e,0xa48e,0xa48e,0xa48e,0x940d,
0x62c9,0x9c2d,0xa46e,0xa46e,0xa46e,0xa46e,0xa46e,0xa46e,0xacaf,0xacaf,0xacaf,0xacaf,0x8bed,0x838b,0xb510,0xb510,
0xb510,0xb510,0xb510,0xb510,0xb510,0x62c9,0x83ac,0xa46e,0xacaf,0xacaf,0xacd0,0xacaf,0xa46e,0xa46e,0xa46e,0xb510,
0x49e6,0x93ec,0x9c2d,0xacaf,0xacaf,0xacaf,0xacaf,0xacaf,0xacaf,0xa48f,0x83ab,0x83ab,0x83ab,0x83ab,0x732a,0x18c2,
0xa46e,0xa46e,0xa46e,0xacaf,0xacd0,0xacd0,0xacd0,0xacd0,0xacd0,0xa46e,0xa46e,0xacaf,0xacaf,0xacaf,0xacd0,0x5268,
0x2103,0x9c0d,0x9c0d,0xa46e,0xa46e,0x9c0c,0xacaf,0xacd0,0xbd31,0xbd72,0x9c2d,0x9c2d,0x940c,0x9c2d,0x93ec,0x8bab,
0x3144,0x5226,0x7329,0x8bab,0x8bab,0x8bab,0x8bab,0x8bab,0x8bab,0x9c2d,0xa44e,0x2944,0x5a88,0x8bcb,0x940c,0x940c,
0x940c,0x940c,0x9c4d,0xa44e,0xa44e,0xa44e,0xa44e,0x9c2d,0x93ec,0x8bcb,0x8bab,0xa46e,0xacd0,0xa48f,0x2103,0x20e3,
0x838b,0x83ac,0x838b,0x838b,0x8bcc,0x8bcc,0x8bec,0x9c2d,0xa48e,0xa48e,0xa48e,0xa48e,0xa48e,0xa48e,0xa48e,0x9c6e,
0x62a8,0x9c2d,0xa46e,0xa46e,0xa46e,0xa46e,0xa46e,0xa46e,0xacaf,0xacaf,0xacaf,0xacaf,0xa48f,0x732a,0xb510,0xb510,
0xb510,0xb510,0xb510,0xb510,0xb510,0x6ae9,0x9c2d,0xa46e,0xacaf,0xacd0,0xacd0,0xacaf,0xa46e,0xa46e,0xa46e,0xb531,
0x41c5,0x93ec,0x9c2d,0xacaf,0xacaf,0xacaf,0xacaf,0xacaf,0xacaf,0xa48f,0x83ab,0x83ab,0x83ab,0x83ab,0x732a,0x18c2,
0xa46e,0xa46e,0xa46e,0xacaf,0xacd0,0xacd0,0xacd0,0xacd0,0xacd0,0xa46e,0xa46e,0xa48e,0xacaf,0xaccf,0xacd0,0x5268,
0x2103,0x9c0d,0x9c0d,0xa46e,0xa46e,0x9c0c,0xa48e,0xacd0,0xbd31,0xbd72,0x9c2d,0x9c2d,0x940c,0x9c2d,0x93ec,0x8bab,
0x3144,0x5a87,0x5226,0x7309,0x8bab,0x838a,0x7309,0x8bab,0x8bab,0x8bab,0x9c2d,0x940d,0x18a2,0x6ac9,0x8bcb,0x940c,
0x940c,0x940c,0x940c,0x9c4d,0xa44e,0xa44e,0xa44e,0xa44e,0x9c2d,0x93ec,0x8bcb,0x8bab,0xa46e,0xacd0,0xa46f,0x18c2,
0x2944,0x83ab,0x7b4a,0x838b,0x8bcc,0x8bcc,0x8bcc,0x942d,0xa48e,0xa48e,0xa48e,0xa48e,0xa48e,0xa48e,0xa48e,0x9c6e,
0x5a88,0x9c4d,0xa46e,0xa46e,0xa46e,0xa46e,0xa46e,0xa46e,0xacaf,0xacaf,0xacaf,0xacaf,0xacaf,0x7b6b,0xb510,0xb510,
0xb510,0xb510,0xb510,0xb510,0xb510,0x7b4a,0xa46e,0xa46e,0xacaf,0xacd0,0xacd0,0xacaf,0xa46e,0xa46e,0xa46e,0xb531,
0x49e6,0x93ec,0x9c2d,0xacaf,0xacaf,0xacaf,0xacaf,0xacaf,0xacaf,0xacaf,0x83ab,0x83ab,0x83ab,0x83ab,0x732a,0x18c2,
0xa46e,0xa46e,0xa46e,0xacaf,0xacd0,0xacd0,0xacd0,0xacd0,0xacd0,0xa46e,0xa46e,0xa46e,0xaccf,0xacaf,0xacaf,0x5268,
0x2103,0x9c0d,0x9c0d,0xa46e,0xa46e,0x9c0c,0xa46e,0xacd0,0xbd52,0xbd72,0x9c2d,0x9c2d,0x9c2d,0x9c2d,0x93ec,0x8bab,
0x3144,0x5a87,0x62a8,0x4a06,0x7309,0x8bab,0x6ac8,0x5a67,0x8bab,0x8bab,0x8bab,0x9c2d,0x8bac,0x1061,0x6ae9,0x8bcb,
0x940c,0x940c,0x940c,0x940c,0xa44d,0xa44e,0xa44e,0xa44e,0xa44e,0x9c2d,0x93ec,0x8bcb,0x8bab,0xa46e,0xacd0,0xa46e,
0x18c2,0x3164,0x732a,0x838b,0x8bcc,0x8bcc,0x8bcc,0x942d,0xa46e,0xa48e,0xa48e,0xa48e,0xa48e,0xa48e,0xa48e,0xacaf,
0x5a67,0x9c4e,0xa46e,0xa46e,0xa46e,0xa46e,0xa46e,0xa46e,0xacaf,0xacaf,0xacaf,0xacaf,0xacaf,0x838b,0xb510,0xb510,
0xb510,0xb510,0xb510,0xb510,0xb510,0x7b4a,0xa46e,0xa46e,0xacaf,0xacd0,0xacd0,0xacaf,0xa46e,0xa46e,0xa48e,0xb531,
0x49e6,0x93ec,0x9c2d,0xacaf,0xacaf,0xacaf,0xacaf,0xacaf,0xacaf,0xacaf,0x83ab,0x83ab,0x83ab,0x83ab,0x732a,0x18c2,
0xa46e,0xa46e,0xa46e,0xacaf,0xacd0,0xacd0,0xacd0,0xacd0,0xacd0,0xa46e,0xa46e,0xa46e,0xacd0,0xa48e,0xacaf,0x5268,
0x2103,0x9c0d,0x9c0d,0xa46e,0xa46e,0x9c0c,0xa46e,0xacd0,0xbd52,0xbd72,0x9c2d,0x9c2d,0x9c2d,0x9c2d,0x93ec,0x8bab,
0x2943,0x5a87,0x62a8,0x62a8,0x41c5,0x6ae9,0x8bab,0x838b,0x7b4a,0x8bab,0x8bab,0x8bab,0x9c2d,0x838b,0x1061,0x6ac9,
0x93ec,0x940c,0x940c,0x940c,0x940c,0xa44e,0xa44e,0xa44e,0xa44e,0xa44e,0x9c4d,0x93ec,0x8bcb,0x8bab,0xa46e,0xacd0,
0xa46e,0x18c2,0x3144,0x7b6b,0x8bcc,0x8bcc,0x8bcc,0x940d,0x9c4e,0xa48e,0xa48e,0xa48e,0xa48e,0xa48e,0xa48e,0xaccf,
0x5247,0x9c4e,0xa46e,0xa46e,0xa46e,0xa46e,0xa46e,0xa46e,0xacaf,0xacaf,0xacaf,0xacaf,0xacaf,0x7b6b,0xb510,0xb510,
0xb510,0xb510,0xb510,0xb510,0xb510,0x732a,0xa46e,0xa46e,0xacaf,0xacd0,0xacd0,0xacaf,0xa46e,0xa46e,0xa48e,0xb531,
0x49e6,0x93ec,0x9c2d,0xacaf,0xacaf,0xacaf,0xacaf,0xacaf,0xacaf,0xacaf,0x83ab,0x83ab,0x83ab,0x83ab,0x732a,0x18c2,
0xa46e,0xa46e,0xa46e,0xacaf,0xacd0,0xacd0,0xacd0,0xacd0,0xacd0,0xa46e,0xa46e,0xa46e,0xaccf,0xa48e,0xacd0,0x5268,
0x2103,0x9c0d,0x9c0d,0xa46e,0xa46e,0x9c0c,0xa46e,0xacd0,0xbd52,0xbd72,0x9c4d,0x9c2d,0x9c2d,0x9c2d,0x93ec,0x8bab,
0x2944,0x5a87,0x62a8,0x62a8,0x62a8,0x41a5,0x6ae9,0x93ec,0x9c2d,0x8bab,0x8bab,0x8bab,0x8bab,0x9c2d,0x838b,0x1061,
0x62a8,0x940c,0x940c,0x940c,0x940c,0x9c2d,0xa44e,0xa44e,0xa44e,0xa44e,0xa44e,0x9c4d,0x93ec,0x8bcb,0x8bab,0xa46e,
0xacd0,0x9c6e,0x18c2,0x3164,0x838b,0x7b6b,0x8bcc,0x940d,0x942d,0xa48e,0xa48e,0xa48e,0xa48e,0xa48e,0xa48e,0xacf0,
0x4a26,0x9c4e,0xa46e,0xa46e,0xa46e,0xa46e,0xa46e,0xa46e,0xa48e,0xacaf,0xacaf,0xacaf,0xacaf,0x8bcc,0xb510,0xb510,
0xb510,0xb510,0xb510,0xb510,0xb510,0x5a88,0xa46e,0xa46e,0xacaf,0xacd0,0xacd0,0xacaf,0xa46e,0xa46e,0xa48e,0xb531,
0x49e6,0x93ec,0x9c2d,0xacaf,0xacaf,0xacaf,0xacaf,0xacaf,0xacaf,0xacaf,0x83ab,0x83ab,0x83ab,0x83ab,0x732a,0x18c2,
0xa46e,0xa46e,0xa46e,0xaccf,0xaccf,0xacd0,0xacd0,0xacd0,0xacd0,0xa46e,0xa46e,0xa46e,0xa48e,0xacaf,0xacd0,0x5268,
0x2103,0x9c0d,0x9c0d,0xa46e,0xa46e,0x9c0c,0xa46e,0xacd0,0xbd52,0xbd72,0x9c4d,0x9c2d,0x9c2d,0x9c2d,0x93ec,0x8bcb,
0x2923,0x6287,0x62a8,0x6ae8,0x7329,0x62a8,0x3984,0x7309,0x940c,0x9c4d,0x8bab,0x8bab,0x8bab,0x8bab,0x9c2d,0x8bcc,
0x18a2,0x5247,0x940c,0x940c,0x940c,0x940c,0x9c4d,0xa44e,0xa44e,0xa44e,0xa44e,0xa44e,0x9c2d,0x93ec,0x8bcb,0x8bab,
0xa46e,0xacd0,0x9c6e,0x18a2,0x41c5,0x730a,0x7b4a,0x8bec,0x8bec,0xa48e,0xa46e,0xa48e,0xa48e,0xa48e,0xa48e,0xb510,
0x4a06,0x9c4e,0xa46e,0xa46e,0xa46e,0xa46e,0xa46e,0xa46e,0xa48e,0xacaf,0xacaf,0xacaf,0xacaf,0xa48e,0xb510,0xb510,
0xb510,0xb510,0xb510,0xb510,0xb510,0x6ae9,0xa46e,0xa46e,0xacaf,0xacd0,0xacd0,0xacaf,0xa46e,0xa46e,0xa48e,0xb531,
0x4a06,0x93ec,0x9c2d,0xacaf,0xacaf,0xacaf,0xacaf,0xacaf,0xacaf,0xacaf,0x83ab,0x83ab,0x83ab,0x83ab,0x732a,0x18c2,
0xa46e,0xa46e,0xa46e,0xaccf,0xacaf,0xacaf,0xacd0,0xacd0,0xacd0,0xa46e,0xa46e,0xa46e,0xacaf,0xacd0,0xacd0,0x5268,
0x2903,0x9c0d,0x9c0d,0xa46e,0xa46e,0x9c0c,0xa48e,0xacd0,0xbd52,0xbd72,0x9c4d,0x9c2d,0x9c2d,0x9c2d,0x93ec,0x8bab,
0x2103,0x62a8,0x62a8,0x7b4a,0x7b6a,0x6ac8,0x62a8,0x3164,0x6ae9,0x940c,0x9c4d,0x8bcb,0x8bab,0x8bab,0x8bab,0x9c2d,
0x940c,0x20e3,0x49e6,0x940c,0x940c,0x940c,0x940c,0x9c4d,0xa44e,0xa44e,0xa44e,0xa44e,0xa44e,0x9c2d,0x93ec,0x8bcb,
0x8bab,0xa46e,0xacd0,0x9c4e,0x18a2,0x41c5,0x6ae9,0x83ac,0x8bcc,0xa46e,0x940d,0xa46e,0xa46e,0x9c6e,0xa48e,0xb510,
0x41e6,0x9c4e,0xa46e,0xa46e,0xa46e,0xa46e,0xa46e,0xa46e,0xa48e,0xacaf,0xacaf,0xacaf,0xacaf,0xacaf,0xb510,0xb510,
0xb510,0xb510,0xb510,0xb510,0xb510,0x732a,0xa46e,0xa46e,0xa48f,0xacd0,0xacd0,0xacaf,0xa46e,0xa46e,0xa48e,0xb510,
0x5a67,0x93ec,0x9c0d,0xacaf,0xacaf,0xacaf,0xacaf,0xacaf,0xacaf,0xacaf,0x83ab,0x83ab,0x83ab,0x83ab,0x732a,0x18c2,
0xa46e,0xa46e,0xa46e,0xacd0,0xacd0,0xacaf,0xacd0,0xacd0,0xacd0,0xa46e,0xa46e,0xa46e,0xaccf,0xacd0,0xacd0,0x5268,
0x2923,0x9c2d,0x9c0d,0xa46e,0xa46e,0x9c0c,0xac8f,0xacd0,0xbd52,0xbd72,0x9c4d,0x9c2d,0x9c2d,0x9c2d,0x93ec,0x8bab,
0x2103,0x62a8,0x62a8,0x7b6a,0x7b6a,0x7329,0x62a8,0x62a8,0x2923,0x62c8,0x9c4d,0x9c4d,0x8bcb,0x8bab,0x8bab,0x8bab,
0x9c2d,0x9c2d,0x3985,0x41c5,0x940c,0x940c,0x940c,0x940c,0x9c2d,0xa44e,0xa44e,0xa44e,0xa44e,0xa44e,0x9c2d,0x93ec,
0x8bcb,0x8bab,0x9c4e,0xacd0,0x9c4e,0x18a2,0x49e6,0x7b6b,0x8bcc,0x9c4e,0x8bec,0x940d,0x8bcc,0x9c4e,0xa48e,0xb4f0,
0x4a06,0x9c4e,0xa46e,0xa46e,0xa46e,0xa46e,0xa46e,0xa46e,0xa48e,0xacaf,0xacaf,0xacaf,0xacaf,0xacaf,0xb510,0xb510,
0xb510,0xb510,0xb510,0xb510,0xb510,0x7b8b,0xa46e,0xa46e,0xa48f,0xacd0,0xacd0,0xa4af,0xa46e,0xa46e,0xa48e,0xacd0,
0x6288,0x93ec,0x9c0d,0xacaf,0xacaf,0xacaf,0xacaf,0xacaf,0xacaf,0xacaf,0x83ab,0x83ab,0x83ab,0x83ab,0x732a,0x18c2,
0xa46e,0xa46e,0xa46e,0xacd0,0xacaf,0xacaf,0xacd0,0xacd0,0xacd0,0xa46e,0xa46e,0xa46e,0xaccf,0xacd0,0xacd0,0x5268,
0x2923,0x9c2d,0x9c0d,0xa46e,0xa46e,0x9c0c,0xacaf,0xacd0,0xbd52,0xbd72,0xa44d,0x9c2d,0x9c2d,0x9c2d,0x93ec,0x8bab,
0x2103,0x62a8,0x62a8,0x7b6a,0x7b6a,0x7b6a,0x62a8,0x62a8,0x62a8,0x20e2,0x62a8,0xa46e,0xa44d,0x8bcb,0x8bab,0x8bab,
0x8bab,0x9c2d,0xa44e,0x5247,0x41c5,0x940c,0x940c,0x940c,0x940c,0x940c,0x9c4d,0xa44e,0xa44e,0xa44e,0xa44e,0x9c2d,
0x93ec,0x8bcb,0x8bab,0x9c4e,0xacd0,0x9c4e,0x18c2,0x5227,0x8bcc,0x8bec,0x8bcc,0x8bcc,0x8bcc,0x9c4e,0xa48e,0xb4f0,
0x41c6,0x9c4d,0xa46e,0xa46e,0xa46e,0xa46e,0xa46e,0xa46e,0xa46e,0xacaf,0xacaf,0xacaf,0xacaf,0xacaf,0xb510,0xb510,
0xb510,0xb510,0xb510,0xb510,0xb510,0x83ac,0xa46e,0xa46e,0xa48f,0xacd0,0xacd0,0xa48f,0xa46e,0xa46e,0xa48e,0x9c4e,
0x6ac8,0x93ec,0x9c0d,0xacaf,0xacaf,0xacaf,0xacaf,0xacaf,0xacaf,0xacaf,0x83ab,0x83ab,0x83ab,0x83ab,0x732a,0x18c2,
0xa46e,0xa46e,0xa46e,0xacd0,0xac8f,0xaccf,0xacd0,0xacd0,0xacd0,0xa46e,0xa46e,0xa46e,0xaccf,0xacd0,0xacd0,0x5268,
0x2923,0x9c2d,0x9c0d,0xa46e,0xa46e,0x9c0c,0xacd0,0xacd0,0xbd52,0xbd72,0xa44d,0x9c2d,0x9c2d,0x9c2d,0x93ec,0x8bab,
0x2103,0x62a8,0x62a8,0x7b6a,0x7b6a,0x7b6a,0x6ac8,0x7309,0x6ac8,0x6287,0x1081,0x5247,0xa46e,0xa44d,0x8bcc,0x8bab,
0x8bab,0x8bab,0x9c2d,0xa44e,0x6b09,0x41c5,0x940c,0x940c,0x940c,0x940c,0x940c,0x9c4d,0xa44e,0xa44e,0xa44e,0xa44e,
0x9c2d,0x93ec,0x8bcb,0x8bab,0x9c4e,0xacd0,0x9c4e,0x18c2,0x5a88,0x8bcc,0x8bcc,0x8bcc,0x8bcc,0x940d,0xa48e,0xacf0,
0x49e6,0x9c2d,0xa46e,0xa46e,0xa46e,0xa46e,0xa46e,0xa46e,0xa46e,0xacaf,0xacaf,0xacaf,0xacaf,0xacaf,0xb510,0xb510,
0xb510,0xb510,0xb510,0xb510,0xb510,0x9c2d,0xa46e,0xa46e,0xa48f,0xacd0,0xacd0,0xa48f,0xa46e,0xa46e,0xa48e,0x8bec,
0x6ae9,0x93ec,0x940d,0xacaf,0xacaf,0xacaf,0xacaf,0xacaf,0xacaf,0xacaf,0x83ac,0x83ab,0x83ab,0x83ab,0x732a,0x18c2,
0xa46e,0xa46e,0xa46e,0xaccf,0xa48e,0xacaf,0xacd0,0xacd0,0xacd0,0xa46e,0xa46e,0xa46e,0xacaf,0xacd0,0xacd0,0x5268,
0x2923,0x9c2d,0x9c0d,0xa48e,0xa46e,0x9c2d,0xacd0,0xacd0,0xbd52,0xbd72,0xa46e,0x9c2d,0x9c2d,0x9c2d,0x93ec,0x8bab,
0x2103,0x62a8,0x62a8,0x83ab,0x838b,0x7b6a,0x7329,0x7b6a,0x7329,0x62a8,0x5a47,0x0840,0x4a06,0xa46e,0xa44e,0x93ec,
0x8bab,0x8bab,0x8bab,0x9c0d,0xa44e,0x838b,0x5226,0x940c,0x940c,0x940c,0x940c,0x940c,0x9c4d,0xa44e,0xa44e,0xa44e,
0xa44e,0x9c2d,0x93ec,0x8bcb,0x8bab,0x9c4e,0xacd0,0x9c4e,0x18c2,0x62a8,0x8bcc,0x8bcc,0x8bcc,0x8bcc,0x942d,0xacaf,
0x41c5,0x9c2d,0xa46e,0x9c4e,0xa46e,0xa46e,0xa46e,0xa46e,0xa46e,0xa48f,0xacaf,0xacaf,0xacaf,0xacaf,0xb510,0xb510,
0xb510,0xb510,0xb510,0xb510,0xb510,0xa46e,0xa46e,0xa46e,0xa48f,0xacd0,0xacd0,0xa48f,0xa46e,0xa46e,0xa48e,0x736b,
0x732a,0x93ec,0x940c,0xacaf,0xacaf,0xacaf,0xacaf,0xacaf,0xacaf,0xacaf,0x83ac,0x83ab,0x83ab,0x83ab,0x732a,0x18c2,
0xa46e,0xa46e,0xa46e,0xacaf,0xa46e,0xacaf,0xacd0,0xacd0,0xacd0,0xa48e,0xa46e,0xa46e,0xacaf,0xacd0,0xacd0,0x5268,
0x2923,0x9c2d,0x9c0d,0xaccf,0xa46e,0x9c4d,0xacd0,0xacd0,0xbd52,0xbd72,0xa44d,0x9c2d,0x9c2d,0x9c2d,0x93ec,0x8bab,
0x2103,0x62a8,0x62a8,0x8bcc,0x8bec,0x838b,0x7b4a,0x7b6a,0x7b6b,0x7b6a,0x7b6a,0x6ae9,0x1081,0x41a5,0x9c4d,0xa46e,
0x93ec,0x8bab,0x8bab,0x8bab,0x9c0d,0xa44e,0x8bcc,0x62a8,0x940c,0x940c,0x940c,0x940c,0x9c0c,0xa44e,0xa44e,0xa44e,
0xa44e,0xa44e,0x9c2d,0x93ec,0x8bcb,0x8bab,0x9c4d,0xacd0,0x9c4e,0x20e3,0x62c8,0x83ab,0x838b,0x8bcc,0x8bcc,0xa48f,
0x41e6,0x9c2d,0x9c2d,0x93ec,0xa46e,0xa46e,0xa46e,0xa46e,0xa46e,0xa48f,0xacaf,0xacaf,0xacaf,0xacaf,0xb510,0xb510,
0xb510,0xb510,0xb510,0xb510,0xb510,0xa46e,0xa46e,0xa46e,0xa48f,0xacd0,0xacd0,0xa48f,0xa46e,0xa46e,0xa48e,0x62e9,
0x7b4a,0x93ec,0x940c,0xacaf,0xacaf,0xacaf,0xacaf,0xacaf,0xacaf,0xacaf,0x83ac,0x83ab,0x83ab,0x83ab,0x732a,0x18c2,
0xa46e,0xa46e,0xa46e,0xa46e,0xa46e,0xacaf,0xacd0,0xacd0,0xacd0,0xa48e,0xa46e,0xa46e,0xacaf,0xacd0,0xacd0,0x5268,
0x2923,0x9c2d,0x9c0d,0xacd0,0xa46e,0xa44d,0xacd0,0xacd0,0xbd52,0xbd72,0xa46e,0x9c2d,0x9c2d,0x9c2d,0x93ec,0x8bab,
0x2103,0x62a8,0x62a8,0x8bcc,0x93ec,0x8bab,0x7b6a,0x83ab,0x83ab,0x7b6a,0x7b6a,0x7b6a,0x732a,0x18c2,0x3164,0x9c4d,
0xa46e,0x93ec,0x8bab,0x8bab,0x8bab,0x9c0d,0xa44e,0x940d,0x8bcc,0x940c,0x940c,0x940c,0x940c,0x9c2d,0xa44e,0xa44e,
0xa44e,0xa44e,0xa44e,0x9c4d,0x93ec,0x8bcb,0x8bab,0x9c4d,0xacd0,0x9c4e,0x2103,0x6288,0x6b09,0x83ab,0x8bcc,0x9c4e,
0x41c5,0x8bab,0x93ec,0x8bcc,0xa46e,0xa46e,0xa46e,0xa46e,0xa48f,0xacaf,0xa48f,0xacaf,0xacaf,0xacaf,0xb510,0xb510,
0xb510,0xb510,0xb510,0xb510,0xb510,0xa46e,0xa46e,0xa46e,0xa48f,0xacd0,0xacd0,0xa48f,0xa46e,0xa46e,0xa48e,0x732a,
0x7b4a,0x93ec,0x93ec,0xacaf,0xacaf,0xacaf,0xacaf,0xacaf,0xacaf,0xacaf,0x83ac,0x83ab,0x83ab,0x83ab,0x732a,0x18c2,
0xa46e,0xa46e,0xa46e,0xa46e,0xa46e,0xacaf,0xacd0,0xacd0,0xacd0,0xa48e,0xa46e,0xa46e,0xacaf,0xacd0,0xacd0,0x5268,
0x2923,0x9c2d,0x9c0d,0xa46e,0xa46e,0xa44d,0xacd0,0xacd0,0xbd52,0xbd72,0xa48f,0x9c2d,0x9c2d,0x9c2d,0x93ec,0x8bab,
0x2103,0x62a8,0x62a8,0x8bcc,0x93ec,0x8bcc,0x7b6a,0x6b09,0x8bcc,0x7b6a,0x7b6a,0x83ab,0x838b,0x7b4a,0x3164,0x2944,
0x9c2d,0xa46e,0x93ec,0x8bab,0x8bab,0x8bab,0x9c0d,0xa44e,0xa44e,0x9c2d,0x940c,0x940c,0x940c,0x940c,0x9c4d,0xa44e,
0xa44e,0xa44e,0xa44e,0xa44e,0x9c4d,0x93ec,0x8bcb,0x8bab,0xa46e,0xacd0,0x9c4e,0x2903,0x62a8,0x7b6b,0x8bcc,0x942d,
0x41c5,0x8bab,0x8bac,0x8bac,0xa46e,0xa46e,0xa46e,0xa46e,0xacaf,0xacaf,0xa48f,0xacaf,0xacaf,0xacaf,0xb510,0xb510,
0xb510,0xb510,0xb510,0xb510,0xb510,0xa46e,0xa46e,0xa46e,0xa48f,0xacd0,0xacd0,0xa48f,0xa46e,0xa46e,0xa48e,0x7b8b,
0x7b2a,0x93ec,0x93ec,0xacaf,0xacaf,0xacaf,0xacaf,0xacaf,0xacaf,0xacaf,0x8bcc,0x83ab,0x83ab,0x83ab,0x732a,0x18c2,
0xa46e,0xa46e,0xa46e,0xa46e,0xa46e,0xacaf,0xacd0,0xacd0,0xacd0,0x8bec,0xa46e,0xa46e,0xacaf,0xacd0,0xacd0,0x5268,
0x2923,0x9c2d,0x9c0d,0xa46e,0xa46e,0x9c4d,0xacd0,0xacd0,0xbd52,0xbd72,0xa48e,0x9c2d,0x9c2d,0x9c2d,0x93ec,0x8bab,
0x2103,0x62a8,0x62a8,0x8bab,0x93ec,0x8bcc,0x7b6a,0x732a,0x4a06,0x838b,0x8bcb,0x93ec,0x8bcc,0x7b6a,0x7b6b,0x6ae9,
0x2103,0x4a06,0x9c2d,0x93ec,0x8bab,0x8bab,0x8bab,0x9c2d,0xa44e,0xa44e,0x9c2d,0x940c,0x940c,0x940c,0x940c,0x9c4d,
0xa44e,0xa44e,0xa44e,0xa44e,0xa44e,0x9c4d,0x93ec,0x8bcb,0x8bcb,0xacaf,0xacd0,0x9c4e,0x2944,0x6ac9,0x8bcc,0x940d,
0x41c5,0x8bab,0x8bab,0x8bac,0xa46e,0xa46e,0xa46e,0xa46e,0xacaf,0xacaf,0xa48f,0xacaf,0xacaf,0xa48f,0xb510,0xb510,
0xb510,0xb510,0xb510,0xb510,0xb510,0xa46e,0xa46e,0xa46e,0xa48f,0xacd0,0xacd0,0xa48f,0xa46e,0xa46e,0xa48e,0x8bed,
0x7b2a,0x93ec,0x93ec,0xacaf,0xacaf,0xacaf,0xacaf,0xacaf,0xacaf,0xacaf,0x8bcc,0x83ab,0x83ab,0x83ab,0x7b4a,0x18c2,
0xa46e,0xa46e,0xa46e,0xa46e,0xa46e,0xacaf,0xacd0,0xacd0,0xacd0,0x7b6b,0xa46e,0xa46e,0xacaf,0xacd0,0xacd0,0x5268,
0x2923,0x9c2d,0x9c0d,0xa44e,0xa46e,0x9c2d,0xacd0,0xacd0,0xbd52,0xbd72,0xa48e,0x9c2d,0x9c2d,0x9c2d,0x9c0c,0x93ec,
0x2103,0x62a8,0x62a8,0x8bab,0x93ec,0x8bcc,0x7b6a,0x8bcc,0x5247,0x41c5,0x8bcc,0x93ec,0x93ec,0x83ab,0x8bcc,0x93ec,
0x3164,0x18a2,0x2103,0xa44d,0x93ec,0x8bab,0x8bab,0x8bab,0x9c2d,0xa44e,0xa44e,0x9c2d,0x940c,0x940c,0x940c,0x940c,
0x9c0c,0xa44e,0xa44e,0xa44e,0xa44e,0xa44e,0x9c4d,0x93ec,0x8bcb,0x8bcc,0xacaf,0xacd0,0x9c4e,0x3164,0x7309,0x940d,
0x41c5,0x8bab,0x8bab,0x8bac,0xa46e,0xa46e,0xa46e,0xa46e,0xa46e,0xacaf,0xa48f,0xacaf,0xacaf,0xa48f,0xb510,0xb510,
0xb510,0xb510,0xb510,0xb510,0xb510,0xa46e,0xa46e,0xa46e,0xa48f,0xacd0,0xacd0,0xa48f,0xa46e,0xa46e,0xa48e,0x9c4e,
0x732a,0x93ec,0x93ec,0xacaf,0xacaf,0xacaf,0xacaf,0xacaf,0xacaf,0xacaf,0x8bcc,0x83ab,0x83ab,0x83ab,0x7b4a,0x18c2,
0xa46e,0xa46e,0xa46e,0xa46e,0xa46e,0xacaf,0xacd0,0xacd0,0xacd0,0x6ae9,0xa46e,0xa46e,0xaccf,0xacd0,0xacd0,0x5268,
0x2923,0x9c2d,0x9c0d,0xa44e,0xa46e,0x9c2d,0xacaf,0xacd0,0xbd52,0xbd72,0xa48e,0x9c2d,0x9c2d,0x9c2d,0x9c2d,0x8bcc,
0x2103,0x62a8,0x62c8,0x83ab,0x93ec,0x8bec,0x7b6a,0x8bab,0x39a5,0x4a06,0x41c5,0x8bcc,0x93ec,0x93ec,0x93ec,0x9c4e,
0x2943,0x5a47,0x0820,0x7b6a,0xa46e,0x93ec,0x8bab,0x8bab,0x8bab,0x9c2d,0xa44e,0xa44e,0x9c2d,0x940c,0x940c,0x940c,
0x940c,0x9c0c,0xa44e,0xa44e,0xa44e,0xa44e,0xa44e,0xa44d,0x93ec,0x8bcb,0x8bcb,0xa48f,0xacd0,0x9c4e,0x3164,0x7b4a,
0x5226,0x83ab,0x8bab,0x8bab,0x9c4e,0x9c2d,0xa46e,0xa46e,0xa46e,0xacaf,0xa48f,0xacaf,0xacaf,0xa48e,0xb510,0xb510,
0xb510,0xb510,0xb510,0xb510,0xb510,0xa46e,0xa46e,0xa46e,0xa48f,0xacd0,0xacd0,0xa48f,0xa46e,0xa46e,0xa46e,0xa4cf,
0x7309,0x93ec,0x93ec,0xacaf,0xacaf,0xacaf,0xacaf,0xacaf,0xacaf,0xacaf,0x8bcc,0x83ab,0x83ab,0x83ab,0x7b4a,0x18c2,
0xa46e,0xa46e,0xa46e,0xa46e,0xa46e,0xacaf,0xacd0,0xacaf,0x9c6e,0x62c9,0xa46e,0xa46e,0xacd0,0xacd0,0xacd0,0x5268,
0x2923,0x9c2d,0x9c0d,0xa44e,0xa46e,0x9c2d,0xac8f,0xacd0,0xbd52,0xbd72,0xa46e,0x9c2d,0x9c2d,0x9c2d,0x9c2d,0x9c2d,
0x2103,0x62a8,0x62c8,0x83ab,0x93ec,0x93ec,0x7b6a,0x8bab,0x5a88,0x2903,0x732a,0x4a06,0x8bab,0x93ec,0x940d,0xacaf,
0x3144,0x6288,0x49e5,0x2923,0x8bcc,0xa46e,0x93ec,0x8bab,0x8bab,0x8bab,0x940c,0x9c4d,0xa44e,0x9c2d,0x940c,0x940c,
0x940c,0x940c,0x9c0c,0xa44d,0xa44e,0xa44e,0xa44e,0xa44e,0xa44d,0x940c,0x8bcb,0x8bab,0xa46e,0xacd0,0xa46e,0x39a5,
0x6ae9,0x6ae9,0x838b,0x8bab,0x9c2d,0x93ec,0xa46e,0x9c2d,0xa46e,0xa48f,0xa48e,0xacaf,0xacaf,0xa48e,0xb510,0xb510,
0xb510,0xb510,0xb510,0xb510,0xb510,0xa46e,0xa46e,0xa46e,0xa48f,0xacd0,0xacd0,0xa48f,0xa46e,0xa46e,0xa46e,0xacf0,
0x7309,0x93ec,0x93ec,0xacaf,0xacaf,0xacaf,0xacaf,0xacaf,0xacaf,0xacaf,0x8bcc,0x83ab,0x83ab,0x83ab,0x7b4a,0x18c2,
0xa46e,0xa46e,0xa46e,0xa46e,0xa46e,0xacaf,0xacd0,0xacaf,0x8bed,0x6ae9,0xa46e,0xa48e,0xacd0,0xacd0,0xacd0,0x5268,
0x2923,0x9c2d,0x9c0d,0xa44e,0xa46e,0x9c2d,0xa48e,0xacd0,0xbd52,0xbd72,0xa46e,0x9c2d,0x9c2d,0x9c2d,0x9c2d,0x9c2d,
0x2103,0x62a8,0x62c8,0x838b,0x93ec,0x93ec,0x7b6b,0x8bcc,0x62c8,0x4a06,0x5a88,0x93ec,0x6b09,0x8bcc,0x9c2d,0xaccf,
0x41c5,0x6ac8,0x6288,0x41c5,0x3144,0x83ab,0xa46e,0x93ec,0x8bab,0x8bab,0x8bab,0x8bcb,0xa44d,0xa44e,0x9c2d,0x940c,
0x940c,0x940c,0x940c,0x940c,0xa44d,0xa44e,0xa44e,0xa44e,0xa44e,0xa44e,0x940c,0x8bcb,0x8bab,0xa46e,0xacd0,0xa46e,
0x41c6,0x6ae9,0x7309,0x7b4a,0x93ec,0x93ec,0x9c4e,0x93ec,0xa46e,0xa46e,0xa46e,0xacaf,0xacaf,0xa46e,0xb510,0xb510,
0xb510,0xb510,0xb510,0xb510,0xb510,0xa46e,0xa46e,0xa46e,0xa48f,0xacd0,0xacd0,0xacaf,0xa46e,0xa46e,0xa46e,0xb531,
0x6ae9,0x93ec,0x93ec,0xacaf,0xacaf,0xacaf,0xacaf,0xacaf,0xacaf,0xacaf,0x8bcc,0x83ab,0x83ab,0x83ab,0x7b4a,0x18c2,
0xa46e,0xa46e,0xa46e,0xa46e,0xa46e,0xaccf,0xacd0,0xacaf,0x732a,0x7b4a,0xa46e,0xa48f,0xacd0,0xacd0,0xacd0,0x5268,
0x2923,0x9c2d,0x9c0d,0xa44e,0xa46e,0x9c2d,0xa48e,0xacd0,0xbd52,0xbd72,0xa46e,0x9c2d,0x9c2d,0x9c2d,0x9c2d,0x9c2d,
0x2103,0x62a8,0x62c8,0x838b,0x93ec,0x93ec,0x838b,0x93ec,0x838b,0x5a88,0x93ec,0x9c2d,0x9c4d,0x940d,0xa46e,0xacd0,
0x41c5,0x7309,0x6288,0x6288,0x5a67,0x20e2,0x732a,0xa46e,0x93cc,0x8bab,0x8bab,0x8bab,0x940c,0xa44e,0xa44e,0x9c2d,
0x940c,0x940c,0x940c,0x940c,0x940c,0xa44d,0xa44e,0xa44e,0xa44e,0xa44e,0xa44e,0x940c,0x8bcb,0x8bcb,0xacaf,0xacd0,
0xa46e,0x49e6,0x6ae9,0x7309,0x8bab,0x8bcc,0x940d,0x8bec,0xa46e,0xa46e,0xa46e,0xacaf,0xacaf,0xa46e,0xb510,0xb510,
0xb510,0xb510,0xb510,0xb510,0xb510,0xa46e,0xa46e,0xa46e,0xacaf,0xacd0,0xacd0,0xacaf,0xa46e,0xa46e,0xa46e,0xb531,
0x7309,0x93ec,0x93ec,0xacaf,0xacaf,0xacaf,0xacaf,0xacaf,0xacaf,0xacaf,0x8bcc,0x83ab,0x83ab,0x83ab,0x7b4a,0x18c2,
0xa46e,0xa46e,0xa46e,0xa46e,0xa46e,0xaccf,0xacd0,0xacaf,0x5a88,0x940d,0xa46e,0xa46e,0xacaf,0xacd0,0xacd0,0x5268,
0x2923,0x9c2d,0x9c0d,0xa44e,0xa46e,0x9c2d,0xa48f,0xacd0,0xbd52,0xbd72,0xa46e,0x9c2d,0x9c2d,0x9c2d,0x9c2d,0x9c2d,
0x2103,0x62a8,0x62c8,0x838b,0x93ec,0x93ec,0x7b6a,0x8bec,0x93ec,0x4a06,0x93ec,0x9c4d,0x9c4d,0x9c2d,0xa46e,0xb4f0,
0x41c5,0x7b6a,0x7309,0x62a8,0x7b4a,0x7b4a,0x41c5,0x5a68,0xa44d,0x8bcc,0x8bab,0x8bab,0x8bab,0x9c4d,0xa44e,0xa44e,
0x9c2d,0x940c,0x940c,0x940c,0x940c,0x940c,0x9c4d,0xa44e,0xa44e,0xa44e,0xa44e,0xa44d,0x93ec,0x8bcb,0x8bcb,0xa46e,
0xacd0,0xa48f,0x5a68,0x6ac9,0x8bab,0x8bab,0x8bac,0x8bac,0x9c4d,0xa46e,0xa46e,0xa48f,0xacaf,0xa46e,0xaccf,0xb4f0,
0xb510,0xb510,0xb510,0xb510,0xb510,0xa46e,0xa46e,0xa46e,0xacaf,0xacd0,0xacd0,0xacaf,0xa46e,0xa46e,0xa46e,0xb531,
0x7b2a,0x93ec,0x93ec,0xacaf,0xacaf,0xacaf,0xacaf,0xacaf,0xacaf,0xacaf,0x8bcc,0x83ab,0x83ab,0x83ab,0x7b4a,0x18c2,
0xa46e,0xa46e,0xa46e,0xa46e,0xa48e,0xaccf,0xacd0,0xacaf,0x4a06,0xa48e,0xa46e,0xa46e,0xacaf,0xacd0,0xacd0,0x5268,
0x2923,0x9c2d,0x9c0d,0xa44e,0xa46e,0x9c2d,0xac8f,0xacd0,0xbd52,0xbd72,0xa44d,0x9c2d,0x9c2d,0x9c2d,0x9c2d,0x9c2d,
0x2103,0x62a8,0x6ac8,0x838b,0x93ec,0x93ec,0x7b6a,0x8bcb,0x93ec,0x62a8,0x93ec,0xa46e,0xa46e,0xa46e,0xa46e,0xb510,
0x41e6,0x836a,0x7b2a,0x72e9,0x836a,0x836a,0x836a,0x5a88,0x41e6,0x9c4d,0x8bcc,0x8bab,0x8bab,0x8bcb,0x9c4d,0xa44e,
0xa44e,0x9c2d,0x940c,0x940c,0x940c,0x940c,0x940c,0x9c4d,0xa44e,0xa44e,0xa44e,0xa44e,0x9c4d,0x93ec,0x8bcb,0x8bab,
0x9c2d,0xacd0,0xa4af,0x39a5,0x6ae9,0x7b6b,0x8bab,0x8bab,0x8bcc,0xa46e,0xa46e,0xa46e,0xa48f,0x9c4e,0xacaf,0xaccf,
0xb510,0xb510,0xb510,0xb510,0xb510,0xa46e,0xa46e,0xa46e,0xacaf,0xacd0,0xacd0,0xa4af,0xa46e,0xa46e,0xa46e,0xb531,
0x7309,0x93ec,0x93ec,0xacaf,0xacaf,0xacaf,0xacaf,0xacaf,0xacaf,0xacaf,0x8bcc,0x83ab,0x83ab,0x83ab,0x7b6a,0x18c2,
0xa46e,0xa46e,0xa46e,0xa46e,0xacd0,0xacd0,0xacd0,0xacaf,0x4a27,0xa48e,0xa46e,0xa46e,0xacaf,0xacd0,0xacd0,0x5268,
0x2923,0x9c2d,0x9c0d,0xa44e,0xa46e,0x9c2d,0xac8f,0xacd0,0xbd32,0xbd72,0xa44d,0x9c2d,0x9c2d,0x9c2d,0x9c2d,0x9c2d,
0x2103,0x62a8,0x6ac8,0x838b,0x93ec,0x93ec,0x7b6a,0x8bcc,0x93ec,0x62c9,0x93ec,0xa46e,0xa46e,0xa46e,0xa46e,0xb511,
0x4a06,0x836a,0x7b4a,0x7b4a,0x836a,0x93ec,0x838b,0x836a,0x6ae9,0x39a5,0x9c4d,0x8bcc,0x8bab,0x8bab,0x8bab,0x93ec,
0xa44e,0xa44e,0x9c2d,0x940c,0x940c,0x940c,0x940c,0x940c,0xa44d,0xa44e,0xa44e,0xa44e,0xa44e,0x9c2d,0x93ec,0x8bcb,
0x8bab,0xa48e,0xacd0,0xa4af,0x2923,0x41c5,0x838b,0x8bab,0x8bab,0x9c2d,0x9c4d,0xa46e,0x9c4e,0x93ec,0xa48f,0xacaf,
0xb510,0xb510,0xb510,0xb510,0xb510,0xa46e,0xa46e,0xa46e,0xacaf,0xacd0,0xacd0,0xa48f,0xa46e,0xa46e,0xa46e,0xb531,
0x7309,0x93ec,0x93ec,0xacaf,0xacaf,0xacaf,0xacaf,0xacaf,0xacaf,0xacaf,0x8bcc,0x83ab,0x83ab,0x83ab,0x7b6a,0x18c2,
0xa46e,0xa46e,0xa46e,0xa46e,0xaccf,0xacd0,0xacd0,0xac8f,0x5267,0xa48e,0xa46e,0xa46e,0xacd0,0xacd0,0xacd0,0x5268,
0x2923,0x9c2d,0x9c0d,0xa44e,0xa46e,0x9c2d,0xa48f,0xacd0,0xbd31,0xbd72,0xa44d,0x9c2d,0x9c2d,0x9c2d,0x9c2d,0x9c2d,
0x2103,0x62a8,0x6ac8,0x838b,0x93ec,0x93ec,0x7b6a,0x8bec,0x93ec,0x8bcc,0x940c,0xa46e,0xa46e,0xa46e,0xa46e,0xbd51,
0x5247,0x836a,0x836a,0x836a,0x836a,0x9c2d,0x8bcc,0x836a,0x836a,0x7309,0x3985,0x9c4d,0x8bcc,0x8bab,0x8bab,0x8bab,
0x8bcc,0xa44d,0xa44e,0x9c2d,0x940c,0x940c,0x940c,0x940c,0x940c,0xa44e,0xa44e,0xa44e,0xa44e,0xa44e,0x9c4d,0x93ec,
0x93cb,0x8bcc,0xaccf,0xacd0,0xa48f,0x20e3,0x2944,0x7b4a,0x8bab,0x8bcc,0x8bcc,0x9c4e,0x9c4d,0x8bec,0xa48f,0xacaf,
0xb510,0xb510,0xb510,0xb510,0xb510,0xa46e,0xa46e,0xa46e,0xacaf,0xacd0,0xacd0,0xa48f,0xa46e,0xa46e,0xa46e,0xb531,
0x6ae9,0x93ec,0x93ec,0xacaf,0xacaf,0xacaf,0xacaf,0xacaf,0xacaf,0xacaf,0x8bcc,0x83ab,0x83ab,0x83ab,0x7b6a,0x18c2,
0xa46e,0xa46e,0xa46e,0xacaf,0xaccf,0xacd0,0xacd0,0xac8f,0x62a9,0xa48e,0xa46e,0xa46e,0xacd0,0xacd0,0xacd0,0x5268,
0x2923,0x9c2d,0x9c0d,0xa44e,0xa46e,0x9c2d,0xa48e,0xacd0,0xb531,0xbd72,0xa44d,0x9c2d,0x9c2d,0x9c2d,0x9c2d,0x9c2d,
0x2103,0x62a8,0x6ac8,0x838b,0x93ec,0x93ec,0x7b6b,0x93ec,0x93ec,0x93ec,0x940d,0xa46e,0xa46e,0xa46e,0xa46e,0xbd72,
0x5a67,0x836a,0x836a,0x836a,0x838b,0x9c2d,0x93ec,0x836a,0x836a,0x836a,0x6ae9,0x3184,0x9c4d,0x93ec,0x8bab,0x8bab,
0x8bab,0x8bcc,0xa44d,0xa44e,0x9c0d,0x940c,0x940c,0x940c,0x940c,0x9c2d,0xa44e,0xa44e,0xa44e,0xa44e,0xa44e,0x9c4d,
0x93ec,0x93cc,0x93ec,0xacd0,0xacd0,0xa46e,0x18c2,0x18a2,0x7b4a,0x8bab,0x8bab,0x93ec,0x9c4d,0x8bec,0xa48f,0xacaf,
0xb510,0xb510,0xb510,0xb510,0xb510,0xa46e,0xa46e,0xa46e,0xacaf,0xacd0,0xacd0,0xa4af,0xa46e,0xa46e,0xa46e,0xb531,
0x6ac8,0x93ec,0x940c,0xacaf,0xacaf,0xacaf,0xacaf,0xacaf,0xacaf,0xacaf,0x8bcc,0x83ab,0x83ab,0x83ab,0x7b6a,0x18c2,
0xa46e,0xa46e,0xa48e,0xacd0,0xacaf,0xacd0,0xacd0,0xac8f,0x5a88,0xa48e,0xa46e,0xa46e,0xacd0,0xacd0,0xacd0,0x5268,
0x2923,0x9c2d,0x9c0d,0xa44e,0xa48e,0x9c2d,0xa48f,0xacd0,0xb531,0xbd72,0xa44d,0x9c2d,0x9c2d,0x9c2d,0x9c2d,0x9c2d,
0x2103,0x62a8,0x6ac8,0x838b,0x93ec,0x93ec,0x838b,0x93ec,0x93ec,0x93ec,0x940d,0xa46e,0xa46e,0xa46e,0xa46e,0xc593,
0x5247,0x836a,0x836a,0x836a,0x838b,0xa48f,0x940d,0x836a,0x836a,0x836a,0x836a,0x5a88,0x3164,0x9c4d,0x93ec,0x8bab,
0x8bab,0x8bab,0x8bcb,0xa44d,0xa44e,0x9c0d,0x940c,0x940c,0x940c,0x940c,0x9c0c,0xa44d,0xa44e,0xa44e,0xa44e,0xa44e,
0xa44d,0x940c,0x93cc,0x93ec,0xa48f,0xacd0,0x9c4e,0x18a2,0x1061,0x732a,0x8bab,0x8bab,0x940d,0x8bec,0xa46e,0xa48f,
0xaccf,0xb510,0xb510,0xb510,0xb510,0xa46e,0xa46e,0xa46e,0xacaf,0xacd0,0xacd0,0xacaf,0xa46e,0xa46e,0xa46e,0xb531,
0x5a88,0x93ec,0x9c0d,0xacaf,0xacaf,0xacaf,0xacaf,0xacaf,0xacaf,0xacaf,0x8bcc,0x83ab,0x83ab,0x83ab,0x7b6b,0x18c2,
0xa46e,0xa46e,0xa48e,0xacd0,0xacaf,0xaccf,0xacd0,0xa48f,0x49e6,0xa48e,0xa46e,0xa46e,0xacaf,0xacd0,0xacd0,0x5268,
0x2923,0x9c2d,0x9c0d,0xa44e,0xa48e,0x9c2d,0xa48f,0xacd0,0xb531,0xbd72,0xa44d,0x9c2d,0x9c2d,0x9c2d,0x9c2d,0x9c2d,
0x2103,0x62a8,0x6ac8,0x838b,0x93ec,0x93ec,0x838b,0x93ec,0x93ec,0x93ec,0x942d,0xa46e,0xa46e,0xa46e,0xa48e,0xc593,
0x5226,0x836a,0x836a,0x836a,0x8bcc,0xacd0,0x9c4e,0x8bab,0x836a,0x836a,0x836a,0x836a,0x4a06,0x41c5,0xa46e,0x93ec,
0x8bab,0x8bab,0x8bab,0x8bcb,0xa44d,0xa44e,0x9c0c,0x940c,0x940c,0x940c,0x940c,0x940c,0xa44d,0xa44e,0xa44e,0xa44e,
0xa44e,0xa44e,0x940c,0x93cc,0x8bab,0x9c4e,0xacd0,0x942e,0x1081,0x0840,0x62a8,0x8bab,0x8bac,0x93ec,0xa46e,0xa46e,
0xa48e,0xb510,0xb4f0,0xb510,0xb4f0,0xa46e,0xa46e,0xa46e,0xacaf,0xacd0,0xacd0,0xacaf,0xa46e,0xa46e,0xa46e,0xb510,
0x5247,0x93ec,0x9c0d,0xacaf,0xacaf,0xacaf,0xacaf,0xacaf,0xacaf,0xacaf,0x8bcc,0x83ab,0x83ab,0x83ab,0x7b6b,0x18c2,
0xa46e,0xa46e,0xa48f,0xacaf,0xacaf,0xaccf,0xacd0,0xa48f,0x3144,0xa48f,0xa46e,0xa46e,0xaccf,0xacd0,0xacd0,0x5268,
0x2923,0x9c2d,0x9c0d,0xa44e,0xa48e,0x9c2d,0xa48f,0xacd0,0xb511,0xbd72,0xa44d,0x9c2d,0x9c2d,0x9c2d,0x9c2d,0x9c2d,
0x2103,0x62a8,0x6ae9,0x7b6b,0x93ec,0x93ec,0x838b,0x93ec,0x93ec,0x9c2d,0x9c2d,0xa46e,0xa46e,0xa46e,0xa48e,0xc593,
0x5226,0x836a,0x836a,0x836a,0x93ec,0xacd0,0xa46e,0x9c2d,0x836b,0x8bcc,0x836b,0x836a,0x836b,0x3164,0x5a68,0xa46e,
0x93ec,0x8bab,0x8bab,0x8bab,0x8bcb,0xa44d,0xa44e,0x9c0c,0x940c,0x940c,0x940c,0x940c,0x940c,0x9c4d,0xa44e,0xa44e,
0xa44e,0xa44e,0xa44e,0x940c,0x93cb,0x8bab,0xa48e,0xacd0,0x940d,0x0861,0x0020,0x5a68,0x8bab,0x8bab,0xa46e,0xa46e,
0xa46e,0xacaf,0xacd0,0xb510,0xb4f0,0xa46e,0xa46e,0xa46e,0xacaf,0xacd0,0xacd0,0xacaf,0xa46e,0xa46e,0xa46e,0xa48f,
0x5226,0x93ec,0x9c0d,0xacaf,0xacaf,0xacaf,0xacaf,0xacaf,0xacaf,0xacaf,0x8bcc,0x83ab,0x83ab,0x83ab,0x7b6b,0x18c2,
0xa46e,0xa46e,0xa48f,0xacaf,0xacaf,0xaccf,0xacd0,0xa48f,0x18a2,0xa48e,0xa46e,0xa46e,0xaccf,0xacd0,0xacd0,0x5268,
0x2923,0x9c2d,0x9c0d,0xa44e,0xa48e,0x9c2d,0xac8f,0xacd0,0xb511,0xbd72,0xa44d,0x9c2d,0x9c2d,0x9c2d,0x9c2d,0x9c2d,
0x2103,0x62a8,0x6ae9,0x7b6a,0x8bec,0x93ec,0x83ab,0x93ec,0x93ec,0x9c2d,0xa46e,0xa46e,0xa46e,0xa46e,0xa48e,0xc593,
0x4a06,0x836a,0x836a,0x836a,0x940d,0xacd0,0xa46e,0x9c2d,0x838b,0x9c2d,0x8bab,0x836a,0x8bab,0x7b6a,0x20e2,0x7b6b,
0xa46e,0x93ec,0x8bab,0x8bab,0x8bab,0x8bcb,0x9c4d,0xa44d,0x9c0c,0x940c,0x940c,0x93ec,0x8bab,0x940c,0x9c4d,0xa44e,
0xa44e,0xa44e,0xa44e,0xa44e,0x940c,0x8bcb,0x8bab,0xacaf,0xacd0,0x8bed,0x0861,0x0000,0x4a06,0x732a,0xa46e,0xa46e,
0xa46e,0xa46e,0xacaf,0xb4f0,0xb4f0,0xa46e,0xa46e,0xa46e,0xacaf,0xacd0,0xacd0,0xacaf,0xa46e,0xa46e,0xa46e,0x9c6e,
0x4a06,0x93ec,0x9c0d,0xacaf,0xacaf,0xacaf,0xacaf,0xacaf,0xacaf,0xacaf,0x8bcc,0x83ab,0x83ab,0x83ab,0x7b6b,0x18c2,
0xa46e,0xa46e,0xa48e,0xacaf,0xacaf,0xaccf,0xacd0,0xa48e,0x20e3,0x8bac,0xa46e,0xa46e,0xaccf,0xacd0,0xacd0,0x5268,
0x2923,0x9c2d,0x9c0d,0xa46e,0xa48e,0x9c2d,0xac8f,0xacd0,0xb511,0xbd72,0xa44d,0x9c2d,0x9c2d,0x9c2d,0x9c2d,0x9c2d,
0x2103,0x62a8,0x6ae9,0x7b6a,0x8bcc,0x93ec,0x8bcc,0x93ec,0x93ec,0x9c4d,0xa46e,0xa46e,0xa46e,0xa46e,0xacaf,0xc593,
0x49e6,0x836a,0x836a,0x836a,0x9c2d,0xacd0,0xa48f,0x9c2d,0x83ab,0x9c2d,0x93ec,0x836a,0x8bcc,0x836a,0x7329,0x2103,
0x9c4d,0xa46e,0x940c,0x8bab,0x8bab,0x8bab,0x8bcb,0xa44d,0xa44d,0x940c,0x940c,0x940c,0x5a67,0x7329,0x940c,0x9c4d,
0xa44e,0xa44e,0xa44e,0xa44e,0xa44e,0x940c,0x8bcb,0x8bcb,0xacaf,0xacd0,0x8bed,0x0861,0x0000,0x3164,0x9c4e,0xa46e,
0xa46e,0xa46e,0xa48e,0xacd0,0xacd0,0xa46e,0xa46e,0xa46e,0xa48f,0xacd0,0xacd0,0xacaf,0xa46e,0xa46e,0xa46e,0x9c6e,
0x49e6,0x93ec,0x9c0d,0xacaf,0xacaf,0xacaf,0xacaf,0xacaf,0xacaf,0xacaf,0x8bcc,0x83ab,0x83ab,0x83ab,0x7b6b,0x18c2,
0xa46e,0xa46e,0xa48f,0xaccf,0xacaf,0xaccf,0xacd0,0xa48e,0x3144,0x62c8,0xa46e,0xa46e,0xacaf,0xacd0,0xacd0,0x5268,
0x2923,0x9c2d,0x9c0d,0xa46e,0xa48f,0x9c2d,0xacaf,0xacd0,0xb511,0xbd72,0xa44d,0x9c2d,0x9c2d,0x9c2d,0x9c2d,0x9c2d,
0x2103,0x62a8,0x6ae9,0x7b6a,0x8bcc,0x93ec,0x93ec,0x93ec,0x93ec,0x9c4d,0xa46e,0xa46e,0xa46e,0xa46e,0xacaf,0xbd72,
0x3985,0x836a,0x836a,0x836a,0x9c2d,0xacd0,0xa48f,0x9c2d,0x8bab,0xa46e,0x9c2d,0x838b,0x9c0d,0x838b,0x836b,0x6ac8,
0x49e6,0xa46e,0xa46e,0x940d,0x8bab,0x8bab,0x8bab,0x8bcb,0x9c4d,0xa44d,0x940c,0x940c,0x940c,0x5a67,0x7b4a,0x940c,
0x9c4d,0xa44e,0xa44e,0xa44e,0xa44e,0xa44d,0x940c,0x8bcb,0x93ec,0xacd0,0xacd0,0x940d,0x1081,0x0000,0x41c5,0xa46e,
0xa46e,0xa46e,0xa46e,0xa48f,0xacaf,0xa46e,0xa46e,0xa46e,0xa48f,0xacd0,0xacd0,0xacaf,0xa46e,0xa46e,0xa46e,0x9c6e,
0x49e6,0x93ec,0x940c,0xacaf,0xacaf,0xacaf,0xacaf,0xacaf,0xacaf,0xacaf,0x8bcc,0x83ab,0x83ab,0x83ab,0x7b6b,0x18c2,
0xa46e,0xa46e,0xacaf,0xacd0,0xacaf,0xaccf,0xacd0,0xa48e,0x41c5,0x5247,0xa46e,0xa46e,0xacaf,0xacd0,0xacd0,0x5268,
0x2923,0x9c2d,0x9c0d,0xa46e,0xa48f,0x9c2d,0xacaf,0xacd0,0xb511,0xbd72,0xa44d,0x9c2d,0x9c2d,0x9c2d,0x9c2d,0x9c2d,
0x2103,0x62a8,0x6b09,0x7b6a,0x838b,0x93ec,0x93ec,0x93ec,0x93ec,0x9c4d,0xa46e,0xa46e,0xa46e,0xa46e,0xacaf,0xb531,
0x3144,0x836a,0x836a,0x838b,0x9c4d,0xacd0,0xac8f,0x9c2d,0x8bac,0xacaf,0x9c2d,0x9c2d,0x9c2d,0x93ec,0x8bcc,0x836a,
0x5a47,0x5a67,0xa46e,0xa46e,0x9c2d,0x8bab,0x8bab,0x8bab,0x8bcb,0x9c4d,0xa44d,0x940c,0x940c,0x940c,0x940c,0x940c,
0x940c,0xa44d,0xa44e,0xa44e,0xa44e,0xa44e,0xa44d,0x93ec,0x8bcb,0x940c,0xacaf,0xacd0,0x9c4e,0x20e3,0x0000,0x41c5,
0x9c4e,0xa46e,0xa46e,0xa46e,0xa46e,0xa46e,0xa46e,0xa46e,0xa48f,0xacd0,0xacd0,0xacaf,0xa46e,0xa46e,0xa46e,0x9c6e,
0x49e6,0x93ec,0x940c,0xacaf,0xacaf,0xacaf,0xacaf,0xacaf,0xacaf,0xacaf,0x8bcc,0x83ab,0x83ab,0x83ab,0x7b6b,0x18c2,
0xa46e,0xa48e,0xacd0,0xacd0,0xacaf,0xaccf,0xacd0,0xa48e,0x4a27,0x5a67,0xa46e,0xa46e,0xacaf,0xacd0,0xacd0,0x5268,
0x2923,0x9c2d,0x9c0d,0xa46e,0xacaf,0x9c2d,0xacaf,0xacd0,0xb511,0xbd72,0xa44d,0x9c2d,0x9c2d,0x9c2d,0x9c2d,0x9c2d,
0x2103,0x62a8,0x7309,0x7b6a,0x838b,0x93ec,0x93ec,0x93ec,0x93ec,0x9c4d,0xa46e,0xa46e,0xa46e,0xa46e,0xacaf,0xb531,
0x3144,0x836a,0x836a,0x838b,0x9c4d,0xacd0,0xacaf,0x9c2d,0x8bac,0xacaf,0x9c2d,0x9c2d,0xa46e,0x9c2d,0x93ec,0x836a,
0x836a,0x4a06,0x62a8,0xa46e,0xa46e,0x9c2d,0x8bab,0x8bab,0x8bab,0x8bcb,0x9c4d,0x9c4d,0x940c,0x940c,0x940c,0x940c,
0x940c,0x940c,0xa44d,0xa44e,0xa44e,0xa44e,0xa44e,0xa44d,0x93ec,0x8bcb,0x8bcb,0xa46e,0xacd0,0xa48f,0x3185,0x0000,
0x39a5,0xa46e,0xa46e,0xa46e,0xa46e,0xa46e,0xa46e,0xa46e,0xa46e,0xacd0,0xacd0,0xa4af,0xa46e,0xa46e,0xa46e,0x9c6e,
0x41c5,0x93ec,0x93ec,0xacaf,0xacaf,0xacaf,0xacaf,0xacaf,0xacaf,0xacaf,0x8bcc,0x83ab,0x83ab,0x83ab,0x7b6b,0x18c2,
0xa46e,0xa48e,0xacd0,0xacd0,0xacaf,0xacaf,0xacd0,0xa48e,0x5a88,0x7309,0xa46e,0xa46e,0xacaf,0xacd0,0xacd0,0x5268,
0x2923,0x9c2d,0x9c0d,0xa46e,0xacaf,0x9c2d,0xacaf,0xacd0,0xb511,0xbd72,0xa44d,0x9c2d,0x7b4a,0x9c0d,0x9c2d,0x9c2d,
0x2103,0x62a8,0x7309,0x7b6a,0x8bab,0x93ec,0x93ec,0x93ec,0x93ec,0x9c2d,0xa46e,0xa46e,0xa46e,0xa46e,0xacaf,0xb531,
0x3144,0x836a,0x836a,0x838b,0x9c4d,0xacd0,0xacaf,0x9c2d,0x8bac,0xacaf,0x9c2d,0x9c2d,0xacaf,0x9c2d,0x93ec,0x836a,
0x8bcc,0x838b,0x41a5,0x6288,0xa46e,0xa46e,0x9c4d,0x8bab,0x8bab,0x8bab,0x8bcb,0x9c4d,0x9c4d,0x940c,0x940c,0x940c,
0x940c,0x940c,0x940c,0xa44d,0xa44e,0xa44e,0xa44e,0xa44e,0x9c4d,0x93ec,0x8bcb,0x8bcb,0xa44e,0xacd0,0xacd0,0x5247,
0x0000,0x41c5,0xa46e,0xa46e,0xa46e,0xa46e,0xa46e,0xa46e,0xa46e,0xacd0,0xacd0,0xa48f,0xa46e,0xa46e,0xa46e,0x9c4e,
0x41c5,0x93ec,0x93ec,0xacaf,0xacaf,0xacaf,0xacaf,0xacaf,0xacaf,0xacaf,0x8bcc,0x83ab,0x83ab,0x83ab,0x7b6b,0x18c2,
0xa46e,0xa46e,0xacd0,0xacd0,0xacaf,0xacaf,0xacd0,0xa48e,0x6b0a,0x940d,0xa46e,0xa46e,0xac8f,0xacd0,0xacd0,0x5268,
0x2923,0x9c2d,0x9c0d,0xa46e,0xacaf,0x9c2d,0xacaf,0xacd0,0xb511,0xbd72,0xa46e,0x9c2d,0x5a47,0x7b2a,0x9c2d,0x9c2d,
0x2103,0x62a8,0x7309,0x7b6a,0x8bcc,0x93ec,0x93ec,0x93ec,0x93ec,0x9c4d,0xa46e,0xa46e,0xa46e,0xa46e,0xacaf,0xb531,
0x3144,0x836a,0x836a,0x838b,0x9c4e,0xacd0,0xacaf,0x9c2d,0x8bac,0xacaf,0x9c4e,0x9c2d,0xacaf,0x9c2d,0x940d,0x836a,
0x940d,0x9c2d,0x836a,0x39a5,0x5247,0xa46e,0xa46e,0x9c2d,0x8bab,0x8bab,0x8bab,0x8bcb,0x9c4d,0x9c4d,0x940c,0x940c,
0x940c,0x940c,0x940c,0x940c,0xa44d,0xa44e,0xa44e,0xa44e,0xa44e,0x9c4d,0x93ec,0x8bcb,0x8bcb,0xa48e,0xacd0,0xacd0,
0x6ae9,0x0020,0x41c6,0xa46e,0xa46e,0xa46e,0xa46e,0xa46e,0xa46e,0xacaf,0xacd0,0xa46e,0xa46e,0xa46e,0xa46e,0x9c4e,
0x41c5,0x93ec,0x93ec,0xa48f,0xacaf,0xacaf,0xacaf,0xacaf,0xacaf,0xacaf,0x8bcc,0x83ab,0x83ab,0x83ab,0x838b,0x18c2,
0xa46e,0xa46e,0xacd0,0xacd0,0xacaf,0xacaf,0xacd0,0xa48e,0x940d,0xa46e,0xa46e,0xa46e,0xacaf,0xacd0,0xacd0,0x5268,
0x2923,0x9c2d,0x9c0d,0xa46e,0xacaf,0x9c2d,0xacaf,0xacd0,0xb511,0xbd72,0xa46e,0x9c2d,0x5a67,0x7b4a,0x9c2d,0x9c2d,
0x2103,0x62a8,0x7329,0x7b6a,0x8bcc,0x93ec,0x93ec,0x93ec,0x93ec,0x9c4d,0xa46e,0xa46e,0xa46e,0xa46e,0xaccf,0xacf0,
0x3144,0x836a,0x836a,0x838b,0x9c4e,0xacd0,0xacaf,0x9c2d,0x8bcc,0xaccf,0x9c4e,0x9c2d,0xacaf,0x9c4d,0xa44e,0x8bab,
0x9c2d,0x9c2d,0x838b,0x836a,0x41a5,0x3985,0x9c4d,0xa46e,0x9c2d,0x8bab,0x8bab,0x8bab,0x8bcb,0xa44e,0x9c4d,0x940c,
0x940c,0x940c,0x940c,0x940c,0x940c,0xa44d,0xa44e,0xa44e,0xa44e,0xa44e,0x9c4d,0x93ec,0x8bcb,0x6ae9,0xa46e,0xacd0,
0xacd0,0x7b6b,0x0861,0x4a06,0xa46e,0xa46e,0xa46e,0xa46e,0xa46e,0xa48e,0xa48f,0xa46e,0xa46e,0xa46e,0xa46e,0x944e,
0x41c5,0x93ec,0x93ec,0xa48f,0xacaf,0xacaf,0xacaf,0xacaf,0xacaf,0xacaf,0x8bcc,0x83ab,0x83ab,0x83ab,0x838b,0x18c2,
0xa46e,0xa46e,0xacd0,0xacd0,0xacaf,0xacaf,0xacd0,0xa48e,0xaccf,0xa46e,0xa46e,0xa46e,0xacaf,0xacd0,0xacd0,0x5268,
0x2923,0x9c2d,0x9c0d,0xa46e,0xacaf,0x9c2d,0xacaf,0xacd0,0xb511,0xbd72,0xa46e,0x9c2d,0x5226,0x7309,0x9c2d,0x9c2d,
0x2103,0x62a8,0x7329,0x7b6a,0x8bcc,0x93ec,0x93ec,0x93ec,0x93ec,0x9c4d,0xa46e,0xa46e,0xa46e,0xa46e,0xaccf,0xa4b0,
0x3144,0x836a,0x836a,0x838b,0x9c4e,0xacd0,0xacaf,0x9c2d,0x93ec,0xaccf,0xa46e,0x9c2d,0xacaf,0xa48f,0xa46e,0x940d,
0x9c2d,0x9c2d,0x838b,0x836a,0x836a,0x4a06,0x2923,0x9c2d,0xa46e,0x9c2d,0x8bab,0x8bab,0x8bab,0x940c,0xa44e,0x9c2d,
0x940c,0x940c,0x940c,0x940c,0x940c,0x9c0c,0xa44d,0xa44e,0xa44e,0xa44e,0xa44e,0x9c4d,0x93ec,0x5a67,0x6ac8,0xa44e,
0xacd0,0xacd0,0x83ac,0x18a2,0x5247,0x83ab,0x732a,0x942d,0xa46e,0xa46e,0xa46e,0xa46e,0xa46e,0xa46e,0xa46e,0x944e,
0x41c5,0x93ec,0x93ec,0xa48f,0xacaf,0xacaf,0xacaf,0xacaf,0xacaf,0xacaf,0x8bcc,0x83ab,0x83ab,0x83ab,0x838b,0x18c2,
0xa46e,0xac8f,0xacd0,0xacd0,0xacaf,0xacaf,0xacd0,0xa48e,0xaccf,0xa46e,0xa46e,0xa46e,0xacaf,0xacaf,0xacd0,0x5268,
0x2923,0x9c2d,0x9c0d,0xa46e,0xacaf,0x9c2d,0xacaf,0xacd0,0xb511,0xbd72,0xa46e,0x9c2d,0x4a26,0x6ae9,0x9c2d,0x9c2d,
0x2103,0x62a8,0x732a,0x7b6a,0x93ec,0x93ec,0x93ec,0x93ec,0x93ec,0x9c4d,0xa46e,0xa46e,0xa46e,0xa46e,0xaccf,0xa4b0,
0x3144,0x836a,0x836a,0x838b,0x9c4e,0xacd0,0xacd0,0x9c2d,0x940d,0xaccf,0xa48e,0x9c4d,0xacaf,0xaccf,0xa48e,0x9c2d,
0x9c2d,0xa46e,0x838b,0x836a,0x836a,0x836a,0x6288,0x2923,0x93ec,0xa46e,0x9c0d,0x8bab,0x8bab,0x8bab,0x940c,0xa44e,
0x9c2d,0x940c,0x940c,0x940c,0x940c,0x940c,0x940c,0xa44d,0xa44e,0xa44e,0xa44e,0xa44e,0x9c4d,0x93ec,0x83ab,0x93ec,
0xacaf,0xacd0,0xacd0,0x8bec,0x2103,0x41e6,0x6ae9,0x7b4a,0xa46e,0xa46e,0xa46e,0xa46e,0xa46e,0xa46e,0xa46e,0x9c4e,
0x41c5,0x93ec,0x93ec,0xa48f,0xacaf,0xacaf,0xacaf,0xacaf,0xacaf,0xacaf,0x8bcc,0x83ab,0x83ab,0x83ab,0x838b,0x18c2,
0xa46e,0xac8f,0xacd0,0xacd0,0xacaf,0xacaf,0xacd0,0xa48e,0xaccf,0xa46e,0xa46e,0xa46e,0xacaf,0xacaf,0xacd0,0x5268,
0x2923,0x9c2d,0x9c0d,0xa46e,0xaccf,0x9c2d,0xacaf,0xacd0,0xb511,0xbd72,0xa46e,0x9c2d,0x5a47,0x7b2a,0x9c2d,0x9c2d,
0x2103,0x62a8,0x7b4a,0x7b6b,0x93ec,0x93ec,0x93ec,0x93ec,0x93ec,0x9c4d,0xa46e,0xa46e,0xa46e,0xa46e,0xaccf,0xa4b0,
0x3144,0x836a,0x836a,0x838b,0xa44e,0xacd0,0xacd0,0x9c2d,0x9c4d,0xaccf,0xa48e,0xa46e,0xaccf,0xaccf,0xa48f,0x9c2d,
0x9c2d,0xacaf,0x8bab,0x8bab,0x836a,0x836a,0x836a,0x732a,0x39a5,0x8bcc,0xa46e,0x940c,0x8bab,0x8bab,0x8bab,0x93ec,
0xa44e,0x9c2d,0x940c,0x940c,0x940c,0x940c,0x940c,0x940c,0xa44d,0xa44e,0xa44e,0xa44e,0xa44e,0x9c4d,0x93ec,0x93ec,
0x940c,0xa46e,0xacd0,0xacd0,0x93ed,0x3144,0x4a06,0x6ae9,0x940d,0xa46e,0xa46e,0xa46e,0xa46e,0xa46e,0xa46e,0xacf0,
0x41c5,0x93ec,0x9c2d,0xacaf,0xacaf,0xacaf,0xacaf,0xacaf,0xacaf,0xacaf,0x8bcc,0x83ab,0x83ab,0x83ab,0x838b,0x18c2,
0xa46e,0xac8f,0xacd0,0xacaf,0xacaf,0xacaf,0xacd0,0xa48e,0xacaf,0xa48e,0xa46e,0xa46e,0xacaf,0xac8f,0xacd0,0x5268,
0x2923,0x9c2d,0x9c0d,0xa46e,0xaccf,0x9c2d,0xacaf,0xacd0,0xb511,0xbd72,0xa46e,0x93ec,0x6ae9,0x6ae9,0x940c,0x9c2d,
0x20e3,0x62a8,0x7b4a,0x838b,0x93ec,0x93ec,0x93ec,0x93ec,0x93ec,0xa46e,0xa46e,0xa46e,0xa46e,0xa46e,0xaccf,0xa4b0,
0x3144,0x836a,0x836a,0x838b,0xa44e,0xacd0,0xacd0,0x9c2d,0x9c0d,0xaccf,0xa48f,0xa46e,0xaccf,0xaccf,0xacaf,0x9c2d,
0x9c4d,0xaccf,0x9c2d,0x9c2d,0x836a,0x836a,0x836a,0x836a,0x836a,0x5a67,0x93ec,0xa46e,0x940c,0x8bab,0x8bab,0x8bab,
0x8bcb,0x9c4d,0x9c4d,0x9c2d,0x940c,0x940c,0x940c,0x9c2d,0x9c2d,0xa44e,0xa44e,0xa44e,0xa44e,0xa44e,0x9c2d,0x93ec,
0x93ec,0x93ec,0xa46e,0xacd0,0xacd0,0x93ed,0x3184,0x5247,0x838b,0xa46e,0xa46e,0xa46e,0xa46e,0xa46e,0xa46e,0xacd0,
0x4a06,0x93ec,0x940c,0xacaf,0xacaf,0xacaf,0xacaf,0xacaf,0xacaf,0xacaf,0x8bcc,0x83ab,0x83ab,0x83ab,0x838b,0x18c2,
0xa46e,0xac8f,0xaccf,0xacaf,0xacaf,0xacaf,0xacd0,0xa48e,0xacaf,0xa48e,0xa46e,0xa46e,0xacaf,0xac8f,0xacd0,0x5268,
0x2903,0x9c0d,0x9c0d,0xa46e,0xaccf,0x9c2d,0xacaf,0xacd0,0xb511,0xbd72,0xa46e,0x9c2d,0x9c2d,0x838b,0x9c2d,0x9c2d,
0x20e3,0x62a8,0x7b4a,0x838b,0x93ec,0x93ec,0x93ec,0x93ec,0x93ec,0xa46e,0xa46e,0xa46e,0xa46e,0xa46e,0xaccf,0xa4b0,
0x3144,0x836a,0x836a,0x838b,0xa44e,0xacd0,0xacd0,0x9c2d,0x940c,0xaccf,0xacaf,0xa48e,0xaccf,0xaccf,0xacaf,0x9c2d,
0xa46e,0xaccf,0x9c4d,0x9c2d,0x838b,0x838b,0x836a,0x836a,0x836a,0x836a,0x5a67,0x9c4d,0xa46e,0x940c,0x8bab,0x8bab,
0x8bab,0x8bcc,0xa44e,0xa44e,0x9c2d,0x940c,0x940c,0x940c,0x9c4d,0xa44e,0xa44e,0xa44e,0xa44e,0xa44e,0xa44e,0x9c2d,
0x93ec,0x93ec,0x93ec,0xa48e,0xacd0,0xacd0,0x93ed,0x3164,0x62a8,0x9c4e,0xa46e,0xa46e,0xa46e,0xa46e,0xa46e,0xaccf,
0x4a06,0x93ec,0xa46e,0xacaf,0xacaf,0xacaf,0xacaf,0xacaf,0xacaf,0xacaf,0x8bcc,0x83ab,0x83ab,0x83ab,0x838b,0x18c2,
0xa46e,0xac8f,0xaccf,0xacaf,0xacaf,0xacaf,0xacd0,0xa48e,0xacaf,0xa48e,0xa46e,0xa46e,0xacaf,0xac8f,0xaccf,0x5268,
0x2103,0x9c0d,0x9c0d,0xa46e,0xaccf,0x9c2d,0xacaf,0xacd0,0xb511,0xbd72,0xa48e,0x9c2d,0x9c2d,0x9c2d,0x9c2d,0x9c2d,
0x20e3,0x62a8,0x732a,0x838b,0x93ec,0x93ec,0x93ec,0x93ec,0x93ec,0xa46e,0xa46e,0xa46e,0xa46e,0xa46e,0xaccf,0xacf1,
0x3144,0x836a,0x836a,0x838b,0xa44e,0xacd0,0xacd0,0x9c2d,0x940d,0xaccf,0xaccf,0xaccf,0xaccf,0xaccf,0xaccf,0x9c2d,
0xa48e,0xaccf,0x9c4d,0x9c2d,0x8bab,0x8bcc,0x836a,0x836a,0x836a,0x836a,0x7b6a,0x4a26,0x9c4d,0xa46e,0x940c,0x8bab,
0x8bab,0x8bab,0x93ec,0xa44e,0xa44e,0x940c,0x940c,0x940c,0x940c,0x9c4d,0xa44e,0xa44e,0xa44e,0xa44e,0xa44e,0xa44e,
0x9c2d,0x93ec,0x93ec,0x93ec,0xa48f,0xacd0,0xacd0,0x8bec,0x2103,0x7b4a,0x9c4e,0xa46e,0xa46e,0xa46e,0xa46e,0xa4af,
0x4a06,0x93ec,0xa44e,0xacaf,0xacaf,0xacaf,0xacaf,0xacaf,0xacaf,0xacaf,0x8bac,0x83ab,0x83ab,0x83ab,0x838b,0x18c2,
0xa46e,0xacaf,0xaccf,0xacaf,0xacaf,0xacaf,0xacd0,0xa48e,0xacaf,0xa48f,0xa46e,0xa46e,0xacaf,0xac8f,0xaccf,0x5268,
0x2103,0x9c0d,0x9c0d,0xa46e,0xaccf,0x9c4d,0xacaf,0xacd0,0xb511,0xbd72,0xa48e,0x9c2d,0x9c2d,0x9c2d,0x9c2d,0x9c2d,
0x20e3,0x62a8,0x732a,0x8bab,0x93ec,0x93ec,0x93ec,0x93ec,0x93ec,0xa46e,0xa46e,0xa46e,0xa46e,0xa46e,0xaccf,0xb531,
0x3144,0x836a,0x836a,0x838b,0xa44e,0xacd0,0xacd0,0x9c2d,0x940d,0xaccf,0xaccf,0xaccf,0xaccf,0xaccf,0xaccf,0x9c4d,
0xa48e,0xaccf,0x9c4d,0x9c2d,0x93ec,0x8bcc,0x8bcc,0x838b,0x838b,0x8bcc,0x836a,0x7b2a,0x4a06,0x9c4d,0xa46e,0x940c,
0x8bab,0x8bab,0x8bab,0x93cc,0xa44e,0x9c4d,0x940c,0x940c,0x940c,0x940c,0x9c4d,0xa44e,0xa44e,0xa44e,0xa44e,0xa44e,
0xa44e,0x9c2d,0x93ec,0x93ec,0x93ec,0xacaf,0xacd0,0xacd0,0x7b4b,0x18a2,0x7b6b,0xa46e,0x8bec,0xa46e,0xa46e,0x9c6e,
0x41c5,0x93ec,0x93ec,0xa48f,0xacaf,0xacaf,0xacaf,0xacaf,0xacaf,0xacaf,0x83ac,0x83ab,0x83ab,0x83ab,0x838b,0x18c2,
0xa46e,0xacaf,0xacaf,0xa48f,0xacaf,0xacaf,0xacd0,0xa48e,0xacd0,0xa48f,0xa46e,0xa46e,0xacaf,0xac8f,0xaccf,0x5268,
0x2903,0x9c2d,0x9c0d,0xa46e,0xaccf,0x9c4d,0xacaf,0xacd0,0xb511,0xbd72,0xa48e,0x9c2d,0x9c2d,0x9c2d,0x9c2d,0x9c2d,
0x20e3,0x62a8,0x7329,0x838b,0x8bec,0x93ec,0x93ec,0x93ec,0x93ec,0x9c4e,0xa46e,0xa46e,0xa46e,0xa46e,0xaccf,0xb531,
0x3984,0x836a,0x836a,0x838b,0xa44e,0xacd0,0xacd0,0x9c2d,0x93ec,0xaccf,0xaccf,0xaccf,0xaccf,0xaccf,0xaccf,0x9c4e,
0xa48f,0xaccf,0x9c4d,0x9c2d,0x93ec,0x93ec,0x940d,0x9c2d,0x9c2d,0x9c2d,0x836a,0x836a,0x7309,0x41c6,0xa46e,0xa46e,
0x940c,0x8bab,0x8bab,0x8bab,0x8bcc,0xa44e,0xa44d,0x9c0c,0x940c,0x940c,0x940c,0x9c4d,0xa44e,0xa44e,0xa44e,0xa44e,
0xa44e,0xa44e,0x9c2d,0x93ec,0x93ec,0x940c,0xacaf,0xacd0,0xacd0,0x4a06,0x2923,0x8bcc,0x6ae9,0x940d,0x8bec,0x940d,
0x41c5,0x93ec,0x93ec,0xa46e,0xacaf,0xacaf,0xacaf,0xacaf,0xacaf,0xacaf,0x83ac,0x83ab,0x83ab,0x83ab,0x838b,0x18c2,
0xa46e,0xacaf,0xacaf,0xa48f,0xacaf,0xacaf,0xacd0,0xa48e,0xacd0,0xa48f,0xa46e,0xa46e,0xacaf,0xac8f,0xaccf,0x5268,
0x2923,0x9c2d,0x9c0d,0xa46e,0xaccf,0x9c4d,0xacaf,0xacd0,0xb511,0xbd72,0xa48e,0x9c2d,0x9c2d,0x9c2d,0x9c2d,0x9c2d,
0x20e3,0x62a8,0x7329,0x7b6a,0x8bec,0x93ec,0x93ec,0x93ec,0x93ec,0x9c4e,0xa46e,0xa46e,0xa46e,0xa46e,0xacaf,0xb531,
0x41a5,0x836a,0x836a,0x838b,0xa44e,0xacd0,0xacd0,0x9c2d,0x93ec,0xaccf,0xaccf,0xaccf,0xaccf,0xaccf,0xaccf,0x9c4e,
0xa48f,0xaccf,0x9c4d,0x9c2d,0x940c,0x9c2d,0x9c2d,0x9c4d,0xa46e,0xa46e,0x836a,0x836a,0x836a,0x62c8,0x41e6,0xa44d,
0xa46e,0x940c,0x8bab,0x8bab,0x8bab,0x8bcc,0xa44d,0xa44e,0x9c2d,0x940c,0x940c,0x940c,0x9c4d,0xa44e,0xa44e,0xa44e,
0xa44e,0xa44e,0xa44e,0x9c2d,0x93ec,0x93ec,0x940c,0xacaf,0xacd0,0xa48f,0x1082,0x39a5,0x6ae9,0x7b6a,0x7309,0x8bcc,
0x41c5,0x8bab,0x93ec,0xa46e,0xacaf,0xacaf,0xacaf,0xacaf,0xacaf,0xacaf,0x83ac,0x83ab,0x83ab,0x83ab,0x7b6b,0x18c2,
0xa46e,0xacaf,0xacaf,0xa48f,0xacaf,0xacaf,0xacd0,0xa48e,0xacd0,0xa48f,0xa46e,0xa46e,0xacaf,0xac8f,0xaccf,0x5268,
0x2903,0x9c0d,0x9c0d,0xa46e,0xaccf,0x9c4d,0xacaf,0xacd0,0xb511,0xbd72,0xa48e,0x9c2d,0x9c2d,0x9c2d,0x9c2d,0x9c2d,
0x20e3,0x62a8,0x7309,0x7b6a,0x93ec,0x93ec,0x93ec,0x93ec,0x93ec,0x9c4e,0xa46e,0xa46e,0xa46e,0xa46e,0xacaf,0xbd72,
0x41c5,0x836a,0x836a,0x838b,0xa44e,0xacd0,0xacd0,0x9c2d,0x93ec,0xaccf,0xaccf,0xaccf,0xaccf,0xaccf,0xaccf,0x9c4e,
0xa48f,0xaccf,0x9c4d,0x9c2d,0x9c2d,0x9c2d,0x9c2d,0x9c4e,0xac8f,0xac8f,0x838b,0x8bab,0x836a,0x836a,0x5a87,0x41e6,
0xa46e,0xa46e,0x940c,0x8bab,0x5a67,0x838b,0x8bcc,0xa44e,0xa44e,0x9c0d,0x940c,0x940c,0x940c,0x9c4d,0xa44e,0xa44e,
0xa44e,0xa44e,0xa44e,0xa44e,0x9c2d,0x93ec,0x93ec,0x940c,0xacaf,0xacd0,0x83ac,0x0020,0x4a26,0x7309,0x7309,0x8bcc,
0x41a5,0x836b,0x93ec,0x9c4e,0xacaf,0xacaf,0xa46e,0xacaf,0xacaf,0xacaf,0x83ab,0x83ab,0x83ab,0x83ab,0x7b6b,0x18c2,
0xa46e,0xacaf,0xacaf,0xa48e,0xac8f,0xacaf,0xacd0,0xa48e,0xacd0,0xa48e,0xa46e,0xa46e,0xac8f,0xac8f,0xacd0,0x5268,
0x2103,0x9c0d,0x9c0d,0xa46e,0xaccf,0x9c4d,0xacaf,0xacd0,0xb511,0xbd72,0xa48e,0x9c2d,0x9c2d,0x9c2d,0x9c2d,0x9c2d,
0x20e3,0x62a8,0x7309,0x7b6a,0x93ec,0x93ec,0x93ec,0x93ec,0x93ec,0xa46e,0xa46e,0xa46e,0xa46e,0xa46e,0xacaf,0xc593,
0x49e6,0x836a,0x836a,0x838b,0xa44e,0xacd0,0xacd0,0x9c2d,0x93ec,0xaccf,0xaccf,0xaccf,0xaccf,0xaccf,0xaccf,0x9c4d,
0xa4af,0xaccf,0x9c4d,0x9c2d,0x9c2d,0x9c2d,0x9c2d,0x9c4e,0xac8f,0xac8f,0x8bcc,0x93ec,0x836a,0x836a,0x836a,0x5226,
0x41c5,0xa46e,0xa46e,0x940c,0x6ae9,0x62a8,0x8bab,0x93cc,0xa44e,0xa44d,0x940c,0x940c,0x940c,0x940c,0x9c4d,0xa44e,
0xa44e,0xa44e,0xa44e,0xa44e,0xa44e,0x9c0d,0x93ec,0x93ec,0x940c,0xacaf,0xacd0,0x62c9,0x0020,0x5a88,0x6ae9,0x8bcc,
0x3984,0x7b6a,0x93cc,0x9c4d,0xacaf,0xacaf,0x9c2e,0xacaf,0xacaf,0xacaf,0x83ab,0x83ab,0x83ab,0x83ab,0x7b6b,0x18c2,
0xa46e,0xacaf,0xac8f,0xa46e,0xa48e,0xacaf,0xacd0,0xa48e,0xaccf,0xa48e,0xa46e,0xa46e,0xa46e,0xa48f,0xacd0,0x5268,
0x2103,0x9c0d,0x9c0d,0xa46e,0xaccf,0x9c4d,0xacaf,0xacd0,0xb511,0xbd72,0xa48e,0x9c2d,0x9c2d,0x9c2d,0x9c2d,0x9c2d,
0x20e3,0x62a8,0x7309,0x7b6a,0x93ec,0x93ec,0x93ec,0x93ec,0x93ec,0xa46e,0xa46e,0xa46e,0xa46e,0xa46e,0xacaf,0xc593,
0x49e6,0x836a,0x836a,0x838b,0xa44e,0xacd0,0xacd0,0x9c2d,0x93ec,0xaccf,0xaccf,0xaccf,0xaccf,0xaccf,0xacaf,0x9c4d,
0xacaf,0xaccf,0x9c4d,0x9c2d,0x9c2d,0x9c2d,0x9c2d,0x9c2d,0xac8f,0xac8f,0xa48e,0xa46e,0x9c2d,0x836a,0x836a,0x6ac9,
0x18a2,0x41c5,0xa46e,0xa46e,0x940d,0x8bab,0x8bab,0x8bab,0x93ec,0xa44e,0xa44d,0x940c,0x940c,0x940c,0x940c,0x9c4d,
0xa44e,0xa44e,0xa44e,0xa44e,0xa44e,0xa44e,0x9c0c,0x93ec,0x93ec,0x93ec,0xa48f,0xacd0,0x4a07,0x0861,0x62a8,0x8bcc,
0x3984,0x732a,0x838b,0x9c2d,0xacaf,0xa4af,0x9c2e,0xacaf,0xacaf,0xacaf,0x83ab,0x83ab,0x83ab,0x83ab,0x7b6b,0x18c2,
0xa46e,0xacaf,0xac8f,0xa46e,0xa46e,0xacaf,0xacd0,0xa48e,0xacaf,0xa46e,0xa46e,0xa46e,0xa46e,0xa46e,0xacd0,0x5268,
0x2903,0x9c0d,0x9c0d,0xa46e,0xacd0,0x9c4d,0xacaf,0xacd0,0xb511,0xbd72,0xacaf,0x9c2d,0x9c2d,0x9c2d,0x9c2d,0x9c2d,
0x20e3,0x62a8,0x7309,0x7b6a,0x93ec,0x93ec,0x93ec,0x93ec,0x93ec,0xa46e,0xa46e,0xa46e,0xa46e,0xa46e,0xac8f,0xc593,
0x5247,0x836a,0x836a,0x838b,0xa44e,0xacd0,0xacd0,0x9c2d,0x93ec,0xaccf,0xaccf,0xaccf,0xaccf,0xaccf,0xacaf,0x9c2d,
0xaccf,0xaccf,0x9c4e,0x9c2d,0x9c2d,0x9c2d,0x9c2d,0xa46e,0xac8f,0xac8f,0xac8f,0xac8f,0xa48f,0x836a,0x836a,0x7b6b,
0x41c5,0x3984,0x41a5,0xa44d,0xa46e,0x9c2d,0x8bab,0x8bab,0x8bab,0x93ec,0xa44e,0x9c4d,0x940c,0x940c,0x940c,0x940c,
0x9c4d,0xa44e,0xa44e,0xa44e,0xa44e,0xa44e,0xa44e,0x9c0c,0x93ec,0x93ec,0x93ec,0xa46e,0xacd0,0x41c5,0x1081,0x734a,
0x4a26,0x6b09,0x838b,0x93ed,0x9c4e,0xa46e,0x9c2e,0xacaf,0xacaf,0xacaf,0x83ab,0x83ab,0x83ab,0x83ab,0x7b6b,0x18c2,
0xa46e,0xacaf,0xac8f,0xa46e,0xa46e,0xacaf,0xacd0,0xa48e,0xacaf,0xa46e,0xa46e,0xa46e,0xa46e,0xa46e,0xacd0,0x5268,
0x2903,0x9c0d,0x9c0d,0xa46e,0xacd0,0x9c4d,0xacaf,0xacd0,0xb511,0xbd72,0xacaf,0x9c2d,0x9c2d,0x9c2d,0x9c2d,0x9c2d,
0x20e3,0x62a8,0x7309,0x7b6a,0x93ec,0x93ec,0x93ec,0x93ec,0x93ec,0x9c4d,0xa46e,0xa46e,0xa46e,0xa46e,0xa48e,0xc593,
0x5247,0x836a,0x836a,0x838b,0xa44e,0xacd0,0xacaf,0x9c2d,0x8bec,0xaccf,0xaccf,0xaccf,0xaccf,0xaccf,0xacaf,0x9c2d,
0xacaf,0xaccf,0x9c4e,0x9c2d,0x9c2d,0x9c2d,0x9c2d,0xa46e,0xac8f,0xac8f,0xac8f,0xac8f,0xac8f,0x8bab,0x836a,0x8bec,
0x49e5,0x836a,0x3144,0x39a5,0xa44d,0xa46e,0x9c2d,0x8bab,0x8bab,0x8bab,0x93ec,0xa44e,0x9c4d,0x9c0c,0x940c,0x940c,
0x940c,0x9c4d,0xa44e,0xa44e,0xa44e,0xa44e,0xa44e,0xa44e,0x9c0c,0x93ec,0x93ec,0x93ec,0xa48e,0xacd0,0x41e6,0x18a2,
0x62c8,0x6ae9,0x7b6b,0x8bcc,0x940d,0x942d,0x940d,0xa48f,0xacaf,0xacaf,0x83ab,0x83ab,0x83ab,0x83ab,0x7b6b,0x18c2,
0xa46e,0xacaf,0xac8f,0xa46e,0xa46e,0xacaf,0xacd0,0xa48e,0xacaf,0xa46e,0xa46e,0xa46e,0xa46e,0xa46e,0xaccf,0x5268,
0x2903,0x9c2d,0x9c0d,0xa46e,0xacd0,0x9c4d,0xacaf,0xacd0,0xb531,0xbd72,0xacaf,0x9c2d,0x9c2d,0x9c2d,0x9c2d,0x9c2d,
0x20e3,0x62a8,0x7309,0x7b6b,0x93ec,0x93ec,0x93ec,0x93ec,0x93ec,0x9c2d,0xa46e,0xa46e,0xa46e,0xa46e,0xa48e,0xc593,
0x5247,0x836a,0x836a,0x838b,0xa44e,0xacd0,0xacaf,0x9c2d,0x8bcc,0xaccf,0xaccf,0xaccf,0xaccf,0xaccf,0xaccf,0x9c4d,
0xacaf,0xaccf,0x9c4e,0x9c2d,0x9c2d,0x9c2d,0x9c2d,0xa46e,0xac8f,0xac8f,0xac8f,0xac8f,0xac8f,0x93ec,0x838b,0x9c4e,
0x4a06,0x836a,0x7b4a,0x2903,0x39a5,0xa46e,0xa46e,0x9c2d,0x8bab,0x8bab,0x8bab,0x940c,0xa44e,0xa44e,0x9c2d,0x940c,
0x940c,0x940c,0x9c4d,0xa44e,0xa44e,0xa44e,0xa44e,0xa44e,0xa44e,0x9c0c,0x93ec,0x93ec,0x93ec,0xa48f,0xacd0,0x5a88,
0x1081,0x6288,0x732a,0x83ab,0x940d,0x940d,0x940d,0x9c4e,0xacaf,0xacaf,0x83ab,0x83ab,0x83ab,0x83ab,0x7b6a,0x18c2,
0xa46e,0xacaf,0xac8f,0xa46e,0xa46e,0xacaf,0xacd0,0xa48e,0xa48f,0xa46e,0xa46e,0xa46e,0xa46e,0xa46e,0xaccf,0x5268,
0x2903,0x9c0d,0x9c0d,0xa46e,0xacaf,0xa44d,0xacaf,0xacd0,0xbd31,0xbd72,0xacaf,0x9c2d,0x9c2d,0x9c2d,0x9c2d,0x9c2d,
0x20e3,0x62a8,0x6b09,0x838b,0x93ec,0x93ec,0x93ec,0x93ec,0x93ec,0x9c2d,0xa46e,0xa46e,0xa46e,0xa46e,0xa48e,0xc593,
0x62a8,0x836a,0x836a,0x838b,0xa44e,0xacd0,0xacaf,0x9c2d,0x8bcc,0xaccf,0xaccf,0xaccf,0xaccf,0xaccf,0xaccf,0xa46e,
0xaccf,0xaccf,0x9c4e,0x9c2d,0x9c2d,0x9c2d,0x9c2d,0xa44e,0xac8f,0xac8f,0xac8f,0xac8f,0xac8f,0x93ec,0x8bec,0x9c6e,
0x5226,0x836a,0x836a,0x7b4a,0x2923,0x41c5,0xa46e,0xa46e,0x9c2d,0x8bab,0x8bab,0x8bab,0x940c,0xa44e,0xa44e,0x9c2d,
0x940c,0x940c,0x940c,0x9c4d,0xa44e,0xa44e,0xa44e,0xa44e,0xa44e,0xa44e,0x9c0c,0x93ec,0x93ec,0x93ec,0xa48f,0xacd0,
0x7b6b,0x18a2,0x5227,0x838b,0x83ac,0x940d,0x940d,0x9c2e,0xacaf,0xacaf,0x83ab,0x83ab,0x83ab,0x83ab,0x7b4a,0x18c2,
0xa46e,0xacaf,0xa48f,0xa46e,0xa46e,0xacaf,0xacd0,0xa48e,0xa46e,0xa46e,0xa46e,0xa46e,0xa46e,0xa46e,0xaccf,0x5268,
0x2923,0x9c2d,0x9c0d,0xa46e,0xacaf,0xa44d,0xacaf,0xacd0,0xb511,0xbd72,0xacaf,0x9c2d,0x9c2d,0x9c2d,0x9c2d,0x9c2d,
0x20e3,0x62a8,0x6b09,0x838b,0x93ec,0x93ec,0x93ec,0x93ec,0x93ec,0x9c4d,0xa46e,0xa46e,0xa46e,0xa46e,0xa46e,0xc593,
0x62a8,0x836a,0x836a,0x838b,0x9c4e,0xacd0,0xacaf,0x9c2d,0x8bcc,0xaccf,0xaccf,0xaccf,0xaccf,0xaccf,0xaccf,0xa46e,
0xaccf,0xaccf,0x9c4e,0x9c2d,0x9c2d,0x9c2d,0x9c4d,0xa44e,0xac8f,0xac8f,0xac8f,0xac8f,0xac8f,0x93ec,0x9c2d,0x9c6e,
0x5247,0x836a,0x836a,0x836a,0x7b6a,0x2103,0x41c5,0xa46e,0xa46e,0x9c4d,0x8bab,0x8bab,0x8bab,0x940c,0xa44e,0xa44e,
0x9c2d,0x940c,0x940c,0x940c,0xa44d,0xa44e,0xa44e,0xa44e,0xa44e,0xa44e,0xa44e,0x9c0c,0x93ec,0x93ec,0x93ec,0xacaf,
0xacd0,0x9c6e,0x3985,0x39a5,0x838b,0x83ab,0x8bcc,0x940d,0x9c4e,0x9c4e,0x83ab,0x83ab,0x83ab,0x7b6b,0x7b4a,0x18c2,
0xa46e,0xacaf,0xac8f,0xa46e,0xa46e,0xacaf,0xacd0,0xa48e,0xa46e,0xa46e,0xa46e,0xa46e,0xa46e,0xa46e,0xaccf,0x5268,
0x2923,0x9c4d,0x9c0d,0xa46e,0xacaf,0xa46e,0xacaf,0xacd0,0xb4f0,0xbd72,0xacaf,0x9c2d,0x9c2d,0x9c2d,0x9c2d,0x9c2d,
0x20e3,0x62a8,0x6b09,0x838b,0x93ec,0x93ec,0x93ec,0x93ec,0x93ec,0xa46e,0xa46e,0xa46e,0xa46e,0xa46e,0xa48e,0xc593,
0x62a8,0x836a,0x836a,0x838b,0x9c4e,0xacd0,0xacaf,0x9c2d,0x8bec,0xaccf,0xaccf,0xaccf,0xaccf,0xaccf,0xaccf,0xa46e,
0xaccf,0xaccf,0x9c4e,0x9c2d,0x9c2d,0x9c2d,0xa46e,0xa44e,0xac8f,0xac8f,0xac8f,0xac8f,0xac8f,0x940d,0x9c6e,0x942d,
0x5247,0x8bcc,0x836a,0x836a,0x836a,0x7b4a,0x2103,0x41c5,0xa46e,0xa46e,0x9c4d,0x8bab,0x8bab,0x8bab,0x9c0d,0xa44e,
0xa44e,0x9c2d,0x940c,0x838b,0x7309,0x9c4d,0xa44e,0xa44e,0xa44e,0xa44e,0xa44e,0xa44e,0x9c0c,0x93ec,0x93ec,0x93ec,
0xacaf,0xacd0,0xacd0,0x6ae9,0x2103,0x6ae9,0x83ab,0x940d,0x940d,0x940d,0x83ab,0x83ab,0x83ab,0x7b4a,0x7b4a,0x18c2,
0xa46e,0xacaf,0xac8f,0xa46e,0xa46e,0xacaf,0xacd0,0xa48e,0xa46e,0xa46e,0xa46e,0xa46e,0xa46e,0xa46e,0xaccf,0x5268,
0x2923,0x9c4d,0x9c0d,0xa46e,0xacaf,0xa46e,0xacaf,0xacd0,0xb4f0,0xbd72,0xacaf,0x9c2d,0x9c2d,0x9c2d,0x9c2d,0x9c2d,
0x2103,0x62a8,0x6b09,0x838b,0x93ec,0x93ec,0x93ec,0x93ec,0x940c,0xa46e,0xa46e,0xa46e,0xa46e,0xa46e,0xa48e,0xc593,
0x5a88,0x836a,0x836a,0x838b,0x9c4e,0xacd0,0xacaf,0x9c2d,0x8bec,0xaccf,0xaccf,0xaccf,0xaccf,0xaccf,0xaccf,0xa46e,
0xaccf,0xaccf,0x9c4e,0x9c2d,0x9c2d,0x9c2d,0xa46e,0xa46e,0xac8f,0xac8f,0xac8f,0xac8f,0xa48f,0x9c2d,0x9c6e,0x940d,
0x5247,0x9c2d,0x8bab,0x836a,0x838b,0x8bab,0x7b6a,0x2103,0x41c5,0xa46e,0xa46e,0x9c4d,0x8bcb,0x8bab,0x8bab,0x9c2d,
0xa44e,0xa44e,0x9c2d,0x9c2d,0x836a,0x5247,0xa44e,0xa44e,0xa44e,0xa44e,0xa44e,0xa44e,0xa44e,0x9c0c,0x93ec,0x93ec,
0x940c,0xacaf,0xacd0,0xacd0,0x83ac,0x20e2,0x41e6,0x8bac,0x940d,0x940d,0x83ab,0x83ab,0x83ab,0x7309,0x6b09,0x18c2,
0xa46e,0xacaf,0xac8f,0xa46e,0xa46e,0xacaf,0xacd0,0xa48e,0xa46e,0xa46e,0xa46e,0xa46e,0xa46e,0xa46e,0xaccf,0x5268,
0x2923,0x9c4d,0x9c0d,0xa46e,0xacaf,0xa46e,0xacaf,0xacd0,0xb4f0,0xbd72,0xacaf,0x9c2d,0x9c2d,0x9c2d,0x9c2d,0x9c2d,
0x2103,0x62a8,0x6b09,0x838b,0x93ec,0x93ec,0x93ec,0x93ec,0x93ec,0xa46e,0xa46e,0xa46e,0xa46e,0xa46e,0xa48e,0xc593,
0x5a68,0x836a,0x836a,0x838b,0x9c4e,0xacd0,0xacaf,0x9c2d,0x8bec,0xaccf,0xaccf,0xaccf,0xaccf,0xaccf,0xaccf,0x9c4d,
0xaccf,0xaccf,0xa46e,0x9c2d,0x9c2d,0x9c2d,0xa44e,0xa46e,0xac8f,0xac8f,0xac8f,0xac8f,0xa48f,0x9c2d,0x9c4e,0x8c0d,
0x5a47,0x9c4e,0x93ec,0x836a,0x8bec,0x8bcc,0x836b,0x7b6a,0x2103,0x49e6,0xa46e,0xa46e,0x9c4d,0x8bcb,0x8bab,0x8bab,
0x9c0d,0xa44e,0xa44e,0xa44e,0x9c4d,0x83ab,0x41e6,0x9c4d,0xa44e,0xa44e,0xa44e,0xa44e,0xa44e,0xa44e,0x9c2d,0x93ec,
0x93ec,0x940c,0xacaf,0xacd0,0xacd0,0x8bcc,0x2103,0x3184,0x83ab,0x8bec,0x83ab,0x83ab,0x7b4a,0x6ae9,0x6ae9,0x18c2,
0xa46e,0xacaf,0xac8f,0xa46e,0xa46e,0xaccf,0xacd0,0xa48e,0xa46e,0xa46e,0xa46e,0xa46e,0xa46e,0xa46e,0xaccf,0x5268,
0x2923,0x9c2d,0x9c0d,0xa46e,0xacaf,0xa46e,0xaccf,0xacd0,0xb4f0,0xbd72,0xacaf,0x9c2d,0x9c2d,0x9c2d,0x9c2d,0x9c2d,
0x2103,0x62a8,0x6b09,0x838b,0x93ec,0x93ec,0x93ec,0x93ec,0x93ec,0xa46e,0xa46e,0xa46e,0xa46e,0xa46e,0xa48e,0xc593,
0x5a67,0x836a,0x836a,0x838b,0x9c4e,0xacd0,0xacaf,0x9c2d,0x8bac,0xaccf,0xaccf,0xaccf,0xaccf,0xaccf,0xacaf,0x9c4d,
0xaccf,0xaccf,0xa46e,0x9c2d,0x9c2d,0x9c2d,0x9c4e,0xa48e,0xac8f,0xac8f,0xac8f,0xac8f,0xa48f,0x9c2d,0x9c4d,0x83cc,
0x5a67,0x9c4e,0x9c2d,0x836a,0x942d,0x93ec,0x8bcc,0x836a,0x7b6a,0x20e3,0x4a06,0xa46e,0xa46e,0xa44e,0x93ec,0x8bab,
0x8bab,0x9c0d,0xa44e,0xa44e,0xa44e,0xa44e,0x8bcc,0x39a5,0x9c2d,0xa44e,0xa44e,0xa44e,0xa44e,0xa44e,0xa44e,0x9c2d,
0x93ec,0x93ec,0x940c,0xacaf,0xacd0,0xacd0,0x8bcc,0x20c2,0x4a06,0x83ab,0x732a,0x7309,0x6ae9,0x6ae9,0x6ae9,0x18c2,
0xa46e,0xacaf,0xac8f,0xa46e,0xa46e,0xaccf,0xacd0,0xa48e,0xa46e,0xa46e,0xa46e,0xa46e,0xa46e,0xa46e,0xaccf,0x5268,
0x2923,0x9c2d,0x9c0d,0xa46e,0xacaf,0xa46e,0xaccf,0xacd0,0xb4f0,0xbd72,0xacaf,0x9c2d,0x9c2d,0x9c2d,0x9c2d,0x9c2d,
0x2103,0x62a8,0x6b09,0x838b,0x93ec,0x93ec,0x93ec,0x93ec,0x93ec,0xa46e,0xa46e,0xa46e,0xa46e,0xa46e,0xa48e,0xc593,
0x5a67,0x836a,0x836a,0x838b,0x9c4e,0xacd0,0xacaf,0x9c2d,0x6288,0xaccf,0xaccf,0xaccf,0xaccf,0xaccf,0xacaf,0x9c2d,
0xaccf,0xaccf,0xa46e,0x9c2d,0x9c2d,0x9c2d,0x9c4e,0xa48f,0xac8f,0xac8f,0xac8f,0xac8f,0xac8f,0x9c2d,0x9c4d,0x83ab,
0x5a67,0x9c4e,0x9c4e,0x838b,0x9c4e,0x940c,0x9c2d,0x836b,0x836a,0x7b4a,0x20e2,0x5247,0xa46e,0xa46e,0xa46e,0x93ec,
0x8bab,0x8bab,0x940d,0xa44e,0xa44e,0xa44e,0xa44e,0x8bcc,0x3985,0x9c2d,0xa44e,0xa44e,0xa44e,0xa44e,0xa44e,0xa44e,
0x9c2d,0x93ec,0x93ec,0x940c,0xaccf,0xacd0,0xacd0,0x83ac,0x18a2,0x6b09,0x7309,0x6ae9,0x6ae9,0x6ae9,0x6ae9,0x18c2,
0xa46e,0xacaf,0xac8f,0xa46e,0xa46e,0xaccf,0xacd0,0xa48e,0xa46e,0xa46e,0xa46e,0xa46e,0xa46e,0xa46e,0xaccf,0x5268,
0x2923,0x9c0d,0x9c0d,0xa46e,0xacaf,0xa46e,0xacaf,0xacd0,0xb4f0,0xbd72,0xacaf,0x9c2d,0x9c2d,0x9c2d,0x9c2d,0x9c2d,
0x2103,0x62a8,0x6b09,0x838b,0x93ec,0x93ec,0x93ec,0x93ec,0x93ec,0xa46e,0xa46e,0xa46e,0xa46e,0xa46e,0xa48e,0xc592,
0x5227,0x836a,0x836a,0x838b,0x9c4d,0xacd0,0xacaf,0x9c2d,0x5226,0xaccf,0xaccf,0xaccf,0xaccf,0xaccf,0xacaf,0x9c2d,
0xacaf,0xaccf,0xa46e,0x9c2d,0x9c2d,0x9c2d,0xa46e,0xac8f,0xac8f,0xac8f,0xac8f,0xac8f,0xac8f,0xa44e,0xa46e,0x7b6b,
0x5a67,0x9c4e,0x9c4e,0x93ec,0x9c4e,0x940d,0x9c4e,0x8bcc,0x836a,0x836a,0x7b4a,0x20e2,0x5a67,0xa46e,0xa46e,0xa44e,
0x8bcb,0x8bab,0x8bab,0x940c,0xa44e,0xa44e,0xa44e,0xa44e,0x8bcc,0x41c5,0x9c4d,0xa44e,0xa44e,0xa44e,0xa44e,0xa44e,
0xa44e,0x940c,0x93ec,0x93ec,0x940c,0xaccf,0xacd0,0xacd0,0x7b6b,0x2923,0x6ae9,0x6ae9,0x6ae9,0x6ae9,0x6ae9,0x18c2,
0xa46e,0xacaf,0xac8f,0xa46e,0xa46e,0xaccf,0xacd0,0xa48e,0xa46e,0xa46e,0xa46e,0xa46e,0xa46e,0xa46e,0xaccf,0x5268,
0x2903,0x9c0d,0x9c0d,0xa46e,0xacaf,0xa46e,0xacaf,0xacd0,0xb4f0,0xbd72,0xacaf,0x9c2d,0x9c2d,0x9c2d,0x9c2d,0x9c2d,
0x2103,0x62a8,0x7309,0x838b,0x93ec,0x93ec,0x93ec,0x93ec,0x93ec,0x9c4e,0xa46e,0xa46e,0xa46e,0xa46e,0xa48e,0xbd72,
0x5247,0x836a,0x836a,0x838b,0x9c4d,0xacd0,0xacaf,0x940d,0x3164,0xaccf,0xaccf,0xaccf,0xaccf,0xaccf,0xacaf,0x9c2d,
0xa48f,0xaccf,0xa46e,0x9c2d,0x9c2d,0x9c2d,0xa48e,0xac8f,0xac8f,0xac8f,0xac8f,0xac8f,0xac8f,0xa44e,0xa46e,0x732a,
0x5a67,0x9c4d,0x9c4e,0x9c4d,0x9c4e,0x940d,0x9c4e,0x9c2d,0x836b,0x838b,0x836a,0x7b4a,0x20e2,0x6288,0xa46e,0xa46e,
0x9c4d,0x8bab,0x8bab,0x8bab,0x940c,0xa44e,0xa44e,0xa44e,0xa44e,0x8bcc,0x4a06,0xa44e,0xa44e,0xa44e,0xa44e,0xa44e,
0xa44e,0xa44e,0x9c4d,0x9c2d,0x7b6a,0x93ec,0xacd0,0xacd0,0xacd0,0x6b0a,0x5226,0x6ae9,0x6ae9,0x6ae9,0x6ae9,0x18c2,
0xa46e,0xacaf,0xac8f,0xa46e,0xa46e,0xaccf,0xacd0,0xa48e,0xa46e,0xa46e,0xa46e,0xa46e,0xa46e,0xa46e,0xaccf,0x5268,
0x2103,0x9c0d,0x9c0d,0xa46e,0xacaf,0xa46e,0xacaf,0xacd0,0xb4f0,0xbd72,0xacaf,0x9c2d,0x9c2d,0x9c2d,0x9c2d,0x9c2d,
0x2103,0x62a8,0x7309,0x838b,0x93ec,0x93ec,0x93ec,0x93ec,0x93ec,0xa46e,0xa46e,0xa46e,0xa46e,0xa46e,0xa48e,0xbd72,
0x4a27,0x836a,0x836a,0x838b,0x9c4d,0xacd0,0xacaf,0x7b4a,0x3144,0xaccf,0xaccf,0xaccf,0xaccf,0xaccf,0xacaf,0x9c2d,
0xa48e,0xaccf,0xa46e,0x9c2d,0x9c2d,0x9c2d,0xa46e,0xac8f,0xac8f,0xac8f,0xac8f,0xac8f,0xac8f,0xa44e,0xa46e,0x734b,
0x5247,0x9c4e,0x9c4e,0x9c4e,0x9c4e,0x940d,0x9c4e,0x9c4e,0x8bab,0x9c4d,0x838b,0x836a,0x7b4a,0x20e3,0x62c9,0xa46e,
0xa46e,0x9c4d,0x8bcb,0x8bab,0x8bab,0x93ec,0xa44d,0xa44e,0xa44e,0xa44e,0x838b,0x5a88,0xa44e,0xa44e,0xa44e,0xa44e,
0xa44e,0xa44e,0xa44e,0xa44e,0x6ae9,0x5a47,0x93ec,0xacaf,0xacd0,0xacd0,0x62a8,0x5a67,0x6ae9,0x6ae9,0x6ae9,0x18c2,
0xa46e,0xacaf,0xac8f,0xa46e,0xa46e,0xaccf,0xacd0,0xa48e,0xa46e,0xa46e,0xa46e,0xa46e,0xa46e,0xa46e,0xaccf,0x5268,
0x2103,0x9c2d,0x9c0d,0xa46e,0xacaf,0xa46e,0xacaf,0xacd0,0xb4f0,0xbd72,0xacaf,0x9c2d,0x9c2d,0x9c2d,0x9c2d,0x9c2d,
0x2103,0x62a8,0x7309,0x838b,0x93ec,0x93ec,0x93ec,0x93ec,0x93ec,0xa46e,0xa46e,0xa46e,0xa46e,0xa46e,0xa48e,0xbd72,
0x4a06,0x836a,0x836a,0x838b,0x9c4d,0xacd0,0xacaf,0x7309,0x3144,0xaccf,0xaccf,0xaccf,0xaccf,0xaccf,0xacaf,0x9c2d,
0xa46e,0xaccf,0xa46e,0x9c2d,0x9c2d,0x9c2d,0xa46e,0xac8f,0xac8f,0xac8f,0xac8f,0xac8f,0xac8f,0xa44e,0xa46e,0x8c0d,
0x4a26,0x9c4e,0x9c4e,0x9c4e,0x9c4e,0x9c2d,0x9c4e,0x9c4e,0x9c4d,0x9c4e,0x8bec,0x836a,0x8bcc,0x7b4a,0x2923,0x6ae9,
0xa46e,0xa46e,0xa44d,0x8bcb,0x8bab,0x8bab,0x8bcb,0x9c4d,0xa44e,0xa44e,0xa44e,0x83ab,0x940d,0xa44e,0xa44e,0xa44e,
0xa44e,0xa44e,0xa44e,0xa44e,0xa44e,0x49e6,0x49e6,0x8bcb,0xa48e,0xacd0,0xacd0,0x5227,0x5247,0x6ae9,0x6ae9,0x18c2,
0xa46e,0xacaf,0xac8f,0xa46e,0xa46e,0xaccf,0xacd0,0xa48e,0xa46e,0xa46e,0xa46e,0xa46e,0xa46e,0xa46e,0xaccf,0x5268,
0x2103,0x9c2d,0x9c0d,0xa46e,0xacaf,0xa46e,0xacaf,0xacd0,0xb4f0,0xbd72,0xacaf,0x9c2d,0x9c2d,0x9c2d,0x9c2d,0x9c2d,
0x2103,0x62a8,0x7309,0x838b,0x93ec,0x93ec,0x93ec,0x9c4d,0x9c2d,0xa46e,0xa46e,0xa46e,0xa46e,0xa46e,0xa48e,0xbd72,
0x4a06,0x836a,0x836a,0x836a,0x9c4d,0xacd0,0xacaf,0x93ec,0x20e3,0xaccf,0xaccf,0xaccf,0xaccf,0xaccf,0xacaf,0x9c2d,
0xa46e,0xaccf,0xa46e,0x9c2d,0x9c2d,0x9c2d,0xa46e,0xac8f,0xac8f,0xac8f,0xac8f,0xac8f,0xac8f,0xa44e,0xa46e,0xacaf,
0x41e6,0x9c4e,0x9c4e,0x9c4e,0x9c4e,0x9c4e,0x9c4e,0x9c4e,0x9c4e,0x9c4e,0x9c4e,0x940d,0x940d,0x836a,0x7b6a,0x2923,
0x6ae9,0xa46e,0xa46e,0xa44d,0x8bcc,0x8bab,0x8bab,0x8bcb,0xa44e,0xa44e,0xa44e,0xa44e,0xa44e,0xa44e,0xa44e,0xa44e,
0xa44e,0xa44e,0xa44e,0xa44e,0xa44e,0x9c2d,0x2923,0x5226,0x8bab,0x9c2d,0xacd0,0xaccf,0x3985,0x41e6,0x6ae9,0x18c2,
0xa46e,0xacaf,0xacaf,0xa46e,0xa46e,0xaccf,0xacd0,0xa48e,0xa46e,0xa46e,0xa46e,0xa46e,0xa46e,0xa46e,0xaccf,0x5268,
0x2903,0x9c2d,0x9c0d,0xa46e,0xacaf,0xa46e,0xacaf,0xacd0,0xb4f0,0xbd72,0xaccf,0x9c2d,0x9c2d,0x9c2d,0x9c2d,0x9c2d,
0x2103,0x62a8,0x7309,0x838b,0x93ec,0x93ec,0x93ec,0x9c4d,0xa46e,0xa46e,0xa46e,0xa46e,0xa46e,0xa46e,0xa48e,0xbd72,
0x4a06,0x836a,0x836a,0x836a,0x9c4d,0xacd0,0xacaf,0x838b,0x39a5,0xaccf,0xaccf,0xaccf,0xaccf,0xaccf,0xacaf,0x9c2d,
0xa46e,0xaccf,0xa48f,0x9c2d,0x9c2d,0x9c2d,0xa46e,0xac8f,0xac8f,0xac8f,0xac8f,0xac8f,0xac8f,0xa44e,0xa46e,0xb510,
0x3144,0x9c4e,0x9c4e,0x9c4e,0x9c4e,0x9c4e,0x9c4e,0x9c4e,0x9c4e,0x9c4e,0x9c4e,0x9c4e,0x9c2d,0x836a,0x836a,0x7b6a,
0x2923,0x62c8,0xa46e,0xa46e,0xa46e,0x93ec,0x8bab,0x8bab,0x93ec,0x9c2d,0xa44e,0xa44e,0xa44e,0xa44e,0xa44e,0xa44e,
0xa44e,0xa44e,0xa44e,0xa44e,0xa44e,0xa44e,0x93ec,0x18c2,0x62a8,0x8bab,0x8bcc,0xa48e,0x9c4e,0x3164,0x3164,0x18a2,
0xa46e,0xacaf,0xacaf,0xa46e,0xa46e,0xaccf,0xacd0,0xa48e,0xa46e,0xa46e,0xa46e,0xa46e,0xa46e,0xa46e,0xaccf,0x5268,
0x2923,0x9c2d,0x9c0d,0xa46e,0xacaf,0xa46e,0xacaf,0xacd0,0xb4f0,0xbd72,0xacd0,0x9c2d,0x9c2d,0x9c2d,0x9c2d,0x9c2d,
0x2103,0x62a8,0x7309,0x838b,0x93ec,0x93ec,0x93ec,0x9c4d,0xa46e,0xa46e,0xa46e,0xa46e,0xa46e,0xa46e,0xa48e,0xbd72,
0x41e6,0x836a,0x836a,0x836a,0x9c4d,0xacd0,0xacaf,0x7b4a,0x20e3,0xaccf,0xaccf,0xacaf,0xaccf,0xaccf,0xa4af,0x9c2d,
0x9c4e,0xaccf,0xa48f,0x9c2d,0x9c2d,0x9c2d,0x9c4d,0xac8f,0xac8f,0xac8f,0xac8f,0xac8f,0xac8f,0xa44e,0xa46e,0xb510,
0x2103,0x9c4e,0x9c4e,0x9c4e,0x9c4e,0x9c4e,0x9c4e,0x9c4e,0x9c4e,0x9c4e,0x9c4e,0x9c4e,0x9c4e,0x93ec,0x940d,0x8bab,
0x836a,0x2944,0x6288,0xa46e,0xa46e,0xa46e,0x93ec,0x8bab,0x8bab,0x8bab,0x9c0d,0xa44e,0xa44e,0xa44e,0xa44e,0xa44e,
0xa44e,0xa44e,0xa44e,0xa44e,0xa44e,0xa44e,0xa44e,0x8bab,0x18a2,0x7309,0x8bab,0x8bcb,0xa46e,0xa46e,0x4a06,0x0841,
0xa46e,0xacaf,0xac8f,0xa46e,0xa46e,0xaccf,0xacd0,0xa48e,0xa46e,0xa46e,0xa46e,0xa46e,0xa46e,0xa46e,0xaccf,0x5268,
0x2923,0x9c2d,0x9c0d,0xa46e,0xacaf,0xa46e,0xacaf,0xacd0,0xb4f0,0xbd72,0xacd0,0x9c2d,0x9c2d,0x9c2d,0x9c2d,0x9c2d,
0x2903,0x62a8,0x7309,0x838b,0x93ec,0x93ec,0x93ec,0x9c4d,0xa46e,0xa46e,0xa46e,0xa46e,0xa46e,0xa46e,0xa48e,0xbd72,
0x41e6,0x836a,0x836a,0x836a,0x9c4d,0xacd0,0xacaf,0x83ab,0x41a5,0xaccf,0xacaf,0xa46e,0xaccf,0xaccf,0xacaf,0x9c2d,
0xa48f,0xaccf,0xa46e,0x9c2d,0x9c2d,0x9c2d,0x9c2d,0xa46e,0xac8f,0xac8f,0xac8f,0xac8f,0xac8f,0xa44e,0xa46e,0xb510,
0x2923,0x8bcc,0x9c4e,0x9c4e,0x9c4e,0x9c4e,0x9c4e,0x9c4e,0x9c4e,0x9c4e,0x9c4e,0x9c4e,0x9c4e,0x9c4e,0x9c4e,0x942d,
0x940d,0x838b,0x2943,0x5a88,0xa46e,0xa46e,0xa46e,0x93ec,0x8bab,0x8bab,0x8bab,0x9c2d,0xa44e,0xa44e,0xa44e,0xa44e,
0xa44e,0xa44e,0xa44e,0xa44e,0xa44e,0xa44e,0xa44e,0xa44e,0x7b6a,0x20e3,0x7b4a,0x8bab,0x8bcc,0xa46e,0xa46e,0x20e3,
0xa46e,0xacaf,0xac8f,0xa46e,0xa46e,0xaccf,0xacd0,0xa48e,0xa46e,0xa46e,0xa46e,0xa46e,0xa46e,0xa46e,0xaccf,0x5268,
0x2923,0x9c2d,0x9c0d,0xa44e,0xacaf,0xa46e,0xacaf,0xacd0,0xb4f0,0xbd72,0xacd0,0x9c2d,0x9c2d,0x9c2d,0x9c2d,0x9c2d,
0x2923,0x62a8,0x7309,0x838b,0x93ec,0x93ec,0x93ec,0x9c4e,0xa46e,0xa46e,0xa46e,0xa46e,0xa46e,0xa46e,0xa46e,0xbd72,
0x39a5,0x836a,0x836a,0x836a,0x9c4d,0xacd0,0xacd0,0x93ec,0x39a5,0xaccf,0xa48f,0xa46e,0xaccf,0xaccf,0xacaf,0x9c2d,
0xacaf,0xaccf,0x9c4e,0x9c2d,0x9c2d,0x9c2d,0xa46e,0xac8f,0xac8f,0xac8f,0xac8f,0xac8f,0xac8f,0xa44e,0xa46e,0xb510,
0x3984,0x7b6b,0x9c4e,0x9c4e,0x9c4e,0x9c4e,0x9c4e,0x9c4e,0x9c4e,0x9c4e,0x9c4e,0x9c4e,0x9c4e,0x9c4e,0x9c4e,0x9c4e,
0x9c4e,0x9c4e,0x83ab,0x3144,0x5227,0xa46e,0xa46e,0xa46e,0x93ec,0x8bab,0x8bab,0x8bab,0xa44d,0xa44e,0xa44e,0xa44e,
0xa44e,0xa44e,0xa44e,0xa44e,0xa44e,0xa44e,0xa44e,0xa44e,0xa44e,0x838b,0x41a5,0x8bab,0x8bab,0x93ec,0xa46e,0x2923,
0xa46e,0xacaf,0xac8f,0xa46e,0xa46e,0xaccf,0xacd0,0xa48e,0xa46e,0xa46e,0xa46e,0xa46e,0xa46e,0xa46e,0xaccf,0x5268,
0x2923,0x9c2d,0x9c0d,0xa44e,0xacaf,0xa46e,0xacaf,0xacd0,0xb4f0,0xbd72,0xacd0,0x9c2d,0x9c2d,0x9c2d,0x9c2d,0x9c2d,
0x2923,0x62a8,0x7309,0x838b,0x93ec,0x93ec,0x93ec,0xa46e,0xa46e,0x9c4d,0xa46e,0xa46e,0xa46e,0xa46e,0xa46e,0xbd52,
0x3164,0x836a,0x836a,0x836a,0x9c4d,0xacd0,0xacd0,0x9c2d,0x5226,0xacaf,0xa46e,0xa46e,0xaccf,0xaccf,0xacaf,0x9c2d,
0xacaf,0xaccf,0xa46e,0x9c2d,0x9c2d,0x9c2d,0xa46e,0xac8f,0xac8f,0xac8f,0xac8f,0xac8f,0xac8f,0xa44e,0xa46e,0xb510,
0x41c5,0x734a,0x9c4e,0x9c4e,0x9c4e,0x9c4e,0x9c4e,0x9c4e,0x9c4e,0x9c4e,0x9c4e,0x9c4e,0x9c4e,0x9c4e,0x9c4e,0x9c4e,
0x9c4e,0x9c4e,0x9c4e,0x8bcc,0x3164,0x41e6,0xa46e,0xa46e,0xa44e,0x8bcc,0x8bab,0x8bab,0x93ec,0xa44e,0xa44e,0xa44e,
0xa44e,0xa44e,0xa44e,0xa44e,0xa44e,0xa44e,0xa44e,0xa44e,0xa44e,0xa44e,0x93ec,0x8bab,0x8bab,0x8bab,0x93ec,0x2923,
0xa46e,0xacaf,0xac8f,0xa46e,0xa46e,0xaccf,0xacd0,0xa48e,0xa46e,0xa46e,0xa46e,0xa46e,0xa46e,0xa46e,0xaccf,0x5268,
0x2923,0x9c2d,0x9c0d,0xa46e,0xacaf,0xa46e,0xacaf,0xacd0,0xb4f0,0xbd72,0xacd0,0x9c2d,0x9c2d,0x9c2d,0x9c2d,0x9c2d,
0x2923,0x62a8,0x7309,0x838b,0x93ec,0x93ec,0x93ec,0x9c4d,0xa46e,0x9c2d,0xa46e,0xa46e,0xa46e,0xa46e,0xa46e,0xbd51,
0x2924,0x836a,0x836a,0x836a,0x9c2d,0xacd0,0xacd0,0x9c2d,0x5247,0xacaf,0x9c2d,0xa46e,0xaccf,0xaccf,0xacaf,0x9c2d,
0xa48f,0xaccf,0xa4af,0x9c2d,0x9c2d,0x9c2d,0x9c2d,0xac8f,0xac8f,0xac8f,0xac8f,0xac8f,0xac8f,0xa44e,0xa46e,0xb510,
0x41c5,0x734a,0x9c4e,0x9c4e,0x9c4e,0x9c4e,0x9c4e,0x9c4e,0x9c4e,0x9c4e,0x9c4e,0x9c4e,0x9c4e,0x7b4a,0x734a,0x9c4e,
0x9c4e,0x9c4e,0x9c4e,0x9c4e,0x8bab,0x3164,0x39a5,0x9c4d,0xa46e,0xa44d,0x8bcb,0x8bab,0x8bab,0x9c0d,0xa44e,0xa44e,
0xa44e,0xa44e,0x9c4d,0x940c,0xa44e,0xa44e,0xa44e,0xa44e,0x9c2d,0x940c,0xa44d,0x8bcb,0x8bab,0x8bab,0x8bab,0x20e3,
0xa46e,0xacaf,0xac8f,0xa46e,0xa46e,0xaccf,0xacd0,0xa48e,0xa46e,0xa46e,0xa46e,0xa46e,0xa46e,0xa46e,0xaccf,0x5268,
0x2923,0x9c2d,0x9c0d,0xa46e,0xacaf,0xa46e,0xacaf,0xacd0,0xb4f0,0xbd72,0xacd0,0x9c2d,0x9c2d,0x9c2d,0x9c2d,0x9c2d,
0x2923,0x62a8,0x7309,0x7b6b,0x93ec,0x93ec,0x93ec,0x93ec,0xa46e,0x9c2d,0xa46e,0xa46e,0xa46e,0xa46e,0xa46e,0xb531,
0x2103,0x836a,0x836a,0x836a,0x9c2d,0xacd0,0xacd0,0x9c2d,0x62a8,0xa4af,0x9c2d,0x9c4e,0xaccf,0xaccf,0xacaf,0x9c2d,
0xa48e,0xaccf,0xa4af,0x9c2d,0x9c2d,0x9c2d,0x9c2d,0xa48e,0xac8f,0xac8f,0xac8f,0xac8f,0xac8f,0x9c4e,0xa46e,0xb510,
0x39a5,0x838b,0x9c4e,0x9c4e,0x9c4e,0x9c4e,0x9c4e,0x9c4e,0x9c4e,0x9c4e,0x9c4e,0x9c4e,0x9c4e,0x8bec,0x8bac,0x9c4e,
0x9c4e,0x9c4e,0x9c4e,0x9c4e,0x9c2d,0x836a,0x39a5,0x3164,0x9c4d,0xa46e,0x9c4d,0x8bcb,0x8bab,0x8bab,0x9c0d,0xa44e,
0xa44e,0xa44e,0xa44e,0x9c2d,0x93ec,0x9c4d,0xa44e,0xa44e,0xa44e,0x93ec,0x8bcb,0x9c2d,0x8bab,0x8bab,0x8bab,0x20e2,
0xa46e,0xacaf,0xac8f,0xa46e,0xa46e,0xaccf,0xacd0,0xa48e,0xa46e,0xa46e,0xa46e,0xa46e,0xa46e,0xa46e,0xaccf,0x5268,
0x2923,0x9c2d,0x9c0d,0xa46e,0xacaf,0xa46e,0xacaf,0xacd0,0xb4f0,0xbd72,0xacd0,0x9c2d,0x9c2d,0x9c2d,0x9c2d,0x9c2d,
0x2923,0x62a8,0x7309,0x7b6a,0x93ec,0x93ec,0x93ec,0x93ec,0xa46e,0x9c2d,0xa46e,0xa46e,0xa46e,0x9c4d,0xa46e,0xb510,
0x1081,0x836a,0x836a,0x836a,0x9c2d,0xacd0,0xacaf,0x940d,0x62a8,0xacaf,0x9c2d,0x9c4d,0xaccf,0xacaf,0xacaf,0x9c2d,
0xa46e,0xaccf,0xa48f,0x9c2d,0x9c2d,0x9c2d,0x9c2d,0xa46e,0xac8f,0xac8f,0xac8f,0xac8f,0xac8f,0x9c4e,0x9c4e,0xb510,
0x3144,0x8bcc,0x9c4e,0x9c4e,0x9c4e,0x9c4e,0x9c4e,0x9c4e,0x9c4e,0x9c4e,0x9c4e,0x9c4e,0x9c4e,0x83ab,0x62a8,0x9c4e,
0x9c4e,0x9c4e,0x9c4e,0x9c4e,0x9c4e,0x838b,0x836a,0x39a5,0x2923,0x9c2d,0xa46e,0x9c4d,0x8bab,0x8bab,0x8bab,0x8bcc,
0x9c2d,0xa44e,0xa44e,0xa44e,0x9c2d,0x8bcb,0x9c2d,0xa44e,0xa44e,0x9c4d,0x8bcb,0x8bab,0x8bab,0x8bab,0x8bab,0x20e2,
0xa46e,0xacaf,0xac8f,0xa46e,0xa46e,0xaccf,0xacd0,0xa48e,0xa46e,0xa46e,0xa46e,0xa46e,0xa46e,0xa46e,0xaccf,0x5268,
0x2923,0x9c2d,0x9c0d,0xa46e,0xacaf,0xa46e,0xacaf,0xacd0,0xb4f0,0xbd72,0xacd0,0x9c2d,0x9c2d,0x9c2d,0x9c2d,0x9c2d,
0x2923,0x62a8,0x7309,0x7b6a,0x8bcc,0x93ec,0x93ec,0x93ec,0xa46e,0x940d,0xa46e,0xa46e,0xa46e,0x9c2d,0xa46e,0xa46f,
0x18a2,0x836a,0x836a,0x836a,0x9c0d,0xacd0,0xa46e,0x940d,0x8bcc,0xacaf,0x9c2d,0x9c2d,0xaccf,0xacaf,0xacaf,0x9c2d,
0xa48e,0xacaf,0xa48e,0x9c2d,0x9c2d,0x9c2d,0x9c2d,0xa44e,0xac8f,0xac8f,0xa48f,0xac8f,0xac8f,0x9c4d,0x9c2d,0xb510,
0x2103,0x942d,0x9c4e,0x9c4e,0x9c4e,0x9c4e,0x9c4e,0x9c4e,0x9c4e,0x9c4e,0x9c4e,0x9c4e,0x9c4e,0x9c4e,0x6ac9,0x9c4e,
0x9c4e,0x9c4e,0x9c4e,0x9c4e,0x9c4e,0x838b,0x836a,0x836a,0x39a5,0x20e3,0x9c2d,0xa46e,0x9c4d,0x8bab,0x8bab,0x8bab,
0x8bab,0x93ec,0xa44e,0xa44e,0xa44e,0x9c2d,0x8bab,0x93cc,0x9c2d,0x9c2d,0x8bab,0x8bab,0x8bab,0x8bab,0x8bab,0x20e2,
0xa46e,0xaccf,0xac8f,0xa46e,0xa46e,0xaccf,0xacd0,0xa48e,0xa46e,0xa46e,0xa46e,0xa46e,0xa46e,0xa46e,0xaccf,0x5268,
0x2923,0x9c2d,0x9c0d,0xa46e,0xacaf,0xa46e,0xacaf,0xacd0,0xb4f0,0xbd72,0xacd0,0x9c2d,0x9c2d,0x9c2d,0x9c2d,0x9c2d,
0x2923,0x62a8,0x6ae9,0x7b6a,0x8bcc,0x93ec,0x83ab,0x93ec,0x940d,0x940c,0xa46e,0xa46e,0xa46e,0x9c2d,0xa46e,0xa48f,
0x18a1,0x836a,0x836a,0x836a,0x940d,0xacaf,0x9c4e,0x940c,0x8bcc,0xacaf,0x9c2d,0x9c2d,0xacaf,0xa4af,0xa4af,0x9c2d,
0xa46e,0xa46e,0xa46e,0x9c2d,0x9c2d,0x9c2d,0x9c2d,0x9c4d,0xac8f,0xac8f,0xa46e,0xac8f,0xac8f,0x9c2d,0x9c2d,0xaccf,
0x2103,0x942d,0x9c4e,0x93ec,0x9c4e,0x9c4e,0x9c4e,0x9c4e,0x9c4e,0x9c4e,0x9c4e,0x9c4e,0x9c4e,0x838b,0x62a8,0x9c4e,
0x9c4e,0x9c4e,0x9c4e,0x9c4e,0x9c4e,0x838b,0x836a,0x836a,0x836a,0x3984,0x20e2,0x940d,0xa46e,0x9c4d,0x8bab,0x8bab,
0x8bab,0x8bab,0x93cc,0xa44d,0x9c2d,0x93cc,0x8bab,0x8bab,0x8bab,0x8bab,0x8bab,0x8bab,0x8bab,0x8bab,0x8bab,0x20e2,
0xa46e,0xaccf,0xa48f,0xa46e,0xa46e,0xaccf,0xacd0,0xa48e,0xa46e,0xa46e,0xa46e,0xa46e,0xa46e,0xa46e,0xaccf,0x5268,
0x2923,0x9c2d,0x9c0d,0xa46e,0xacaf,0xa46e,0xacaf,0xacd0,0xb4f0,0xbd72,0xaccf,0x9c2d,0x9c2d,0x9c2d,0x9c2d,0x9c2d,
0x2923,0x62a8,0x6ae9,0x7b6a,0x83ab,0x8bcc,0x838b,0x93ec,0x93ec,0x93ec,0xa46e,0xa46e,0x9c4d,0x940c,0x9c4d,0xaccf,
0x18c2,0x7b4a,0x836a,0x836a,0x93ec,0xa48f,0x9c2d,0x93ec,0x8bab,0xacaf,0x9c2d,0x9c2d,0xacaf,0xa48f,0xa4af,0x9c2d,
0xa46e,0xa46e,0x9c4d,0x9c2d,0x9c2d,0x93ec,0x9c2d,0x9c2d,0xa48f,0xac8f,0x9c2d,0xa44e,0xa48f,0x9c2d,0x9c2d,0xa48f,
0x2923,0x940d,0x9c4e,0x83ab,0x9c4e,0x9c4e,0x9c4e,0x9c4e,0x9c4e,0x9c4e,0x9c4e,0x9c4e,0x9c4e,0x5a88,0x5a88,0x9c4e,
0x9c4e,0x9c4e,0x9c4e,0x9c4e,0x9c4e,0x838b,0x836a,0x836a,0x836a,0x836a,0x3164,0x18c2,0x9c2d,0xa46e,0x9c2d,0x8bab,
0x8bab,0x8bab,0x8bab,0x8bcb,0x9c2d,0x8bcb,0x8bab,0x8bab,0x8bab,0x8bab,0x8bab,0x8bab,0x8bab,0x8bab,0x8bab,0x20e2,
0xa46e,0xacaf,0xa48f,0xa46e,0xa46e,0xaccf,0xacd0,0xa48e,0xa46e,0xa46e,0xa46e,0xa46e,0xa46e,0xa46e,0xaccf,0x5268,
0x2923,0x9c2d,0x9c0d,0xa46e,0xacaf,0xa46e,0xacaf,0xacd0,0xb4f0,0xbd72,0xacaf,0x9c2d,0x9c2d,0x9c2d,0x9c2d,0x9c2d,
0x2924,0x62a8,0x6b09,0x7b6a,0x838b,0x83ab,0x7b6a,0x93ec,0x93ec,0x93ec,0x9c2d,0x9c4d,0x93ec,0x93ec,0x9c2d,0xaccf,
0x2903,0x7b2a,0x836a,0x836a,0x8bcc,0xa44e,0x9c2d,0x838b,0x83ab,0x9c4d,0x9c2d,0x940c,0xa48f,0xa46e,0xa48f,0x93ec,
0xa46e,0x9c4d,0x9c2d,0x940c,0x9c2d,0x8bcb,0x93ec,0x9c2d,0x9c4d,0x9c4d,0x9c2d,0x9c2d,0x9c4d,0x93ec,0x9c0d,0xa46e,
0x2923,0x93ec,0x9c4e,0x836b,0x9c2d,0x9c4e,0x9c4e,0x9c4e,0x9c4e,0x9c4e,0x9c4e,0x9c4e,0x9c4e,0x62a9,0x9c4e,0x9c4e,
0x9c4e,0x9c4e,0x9c4e,0x9c4e,0x9c4e,0x838b,0x836a,0x836a,0x836a,0x836a,0x836a,0x3164,0x20e3,0x9c2d,0xa46e,0x9c2d,
0x8bab,0x8bab,0x8bab,0x8bab,0x8bab,0x93ec,0x8bab,0x8bab,0x8bab,0x8bab,0x8bab,0x8bab,0x8bab,0x5a87,0x7b6a,0x20e2,
0xa46e,0xacaf,0xa48f,0xa46e,0xa46e,0xaccf,0xacd0,0xa48e,0xa46e,0xa46e,0xa46e,0xa46e,0xa46e,0xa46e,0xaccf,0x5268,
0x2923,0x9c2d,0x9c0d,0xa46e,0xacaf,0xa46e,0xacaf,0xacd0,0xb4f0,0xbd72,0xacaf,0x9c2d,0x9c2d,0x9c2d,0x9c2d,0x9c2d,
0x2924,0x62a8,0x6ae8,0x7b6a,0x7b6a,0x7b6a,0x7b6a,0x83ab,0x93ec,0x8bab,0x93ec,0x940c,0x93ec,0x8bec,0x93ec,0xacaf,
0x3164,0x7309,0x836a,0x836a,0x8bab,0x9c2d,0x8bcc,0x836a,0x838b,0x9c2d,0x940c,0x8bcc,0xa46e,0x9c4e,0x9c4d,0x838b,
0x9c4e,0x9c2d,0x940c,0x8bab,0x8bab,0x838b,0x838b,0x9c2d,0x9c2d,0x9c2d,0x9c2d,0x940d,0x9c2d,0x8bab,0x93ec,0x9c2d,
0x2944,0x83ab,0x8bab,0x836a,0x940d,0x8bec,0x9c2d,0x9c4e,0x9c4e,0x9c4e,0x9c2d,0x9c4e,0x9c4e,0x5247,0x9c4e,0x9c4e,
0x9c4e,0x9c4e,0x9c4e,0x9c4e,0x9c4e,0x836b,0x836a,0x836a,0x836a,0x836a,0x836a,0x7b6a,0x2923,0x2923,0x93ec,0x8bcb,
0x8bab,0x8bab,0x8bab,0x8bab,0x8bab,0x8bab,0x8bab,0x8bab,0x8bab,0x8bab,0x8bab,0x8bab,0x62a8,0x836a,0x8bab,0x20e2,
0xa46e,0xa48f,0xa48e,0xa46e,0xa46e,0xaccf,0xacd0,0xa48e,0xa46e,0xa46e,0xa46e,0xa46e,0xa46e,0xa46e,0xaccf,0x5268,
0x2923,0x9c0d,0x9c0d,0xa46e,0xacaf,0xa46e,0xacaf,0xacd0,0xb4f0,0xbd72,0xacaf,0x9c2d,0x9c2d,0x9c2d,0x9c2d,0x9c2d,
0x2923,0x62a8,0x62a8,0x7329,0x7b6a,0x7b6a,0x7b6a,0x7b6a,0x7b6a,0x7b6a,0x8bec,0x93ec,0x93ec,0x838b,0x838b,0xa46e,
0x39a5,0x6ac8,0x7b29,0x7b6a,0x838b,0x9c2d,0x838b,0x836a,0x838b,0x9c2d,0x838b,0x838b,0x9c2d,0x9c2d,0x940c,0x836a,
0x93ec,0x9c2d,0x838b,0x838b,0x836a,0x836a,0x836a,0x838b,0x9c0d,0x9c2d,0x838b,0x8bcc,0x940d,0x838b,0x838b,0x940d,
0x3144,0x836a,0x836a,0x836a,0x93ec,0x8bab,0x8bab,0x8bcc,0x838b,0x8bab,0x836a,0x93ec,0x940d,0x5247,0x9c2d,0x9c2d,
0x9c4e,0x9c4e,0x9c4d,0x9c2d,0x940d,0x836a,0x836a,0x836a,0x836a,0x836a,0x836a,0x836a,0x5a88,0x2903,0x3984,0x8bab,
0x8bab,0x8bab,0x8bab,0x8bab,0x8bab,0x8bab,0x8bab,0x8bab,0x8bab,0x8bab,0x8bab,0x7309,0x5a67,0x838b,0x8bab,0x20e2,
0xa46e,0xa46e,0xa46e,0xa46e,0xa46e,0xaccf,0xacd0,0xa48e,0xa46e,0xa46e,0xa46e,0xa46e,0xa46e,0xa46e,0xaccf,0x5268,
0x2903,0x9c0d,0x9c0d,0xa46e,0xacaf,0xa46e,0xacaf,0xacd0,0xb4f0,0xbd72,0xacaf,0x9c2d,0x9c2d,0x9c2d,0x9c2d,0x9c2d,
0x2923,0x62a8,0x62a8,0x62a8,0x7b4a,0x7b6a,0x7b4a,0x7b6a,0x7b6a,0x7b6a,0x838b,0x83ab,0x838b,0x7b6a,0x7b6a,0x940c,
0x41c5,0x6aa8,0x6aa8,0x6ac8,0x836a,0x8bcc,0x836a,0x836a,0x836a,0x8bcc,0x836a,0x836a,0x93ec,0x8bcc,0x8bcc,0x836a,
0x8bab,0x8bcc,0x836a,0x836a,0x836a,0x836a,0x836a,0x836a,0x838b,0x8bab,0x836a,0x836a,0x838b,0x836a,0x836a,0x93ec,
0x3164,0x836a,0x836a,0x7b6a,0x838b,0x836a,0x836a,0x836a,0x836a,0x836a,0x836a,0x836a,0x836a,0x836a,0x836a,0x836a,
0x8bab,0x940d,0x8bab,0x838b,0x838b,0x836a,0x836a,0x836a,0x836a,0x836a,0x836a,0x732a,0x5a88,0x5a88,0x2103,0x4a06,
0x8bab,0x8bab,0x8bab,0x8bab,0x8bab,0x8bab,0x8bab,0x8bab,0x8bab,0x8bab,0x8bab,0x838b,0x5226,0x8bab,0x8bab,0x20e2,
0xa46e,0xa46e,0xa46e,0xa46e,0xa46e,0xacaf,0xacd0,0xa48e,0xa46e,0xa46e,0xa46e,0xa46e,0xa46e,0xa46e,0xaccf,0x5268,
0x2903,0x9c0d,0x9c0d,0xa44e,0xacaf,0xa46e,0xacaf,0xacd0,0xb4f0,0xbd72,0xacaf,0x838b,0x49e6,0x6288,0x9c2d,0x9c2d,
0x2923,0x62a8,0x62a8,0x62a8,0x6ac8,0x6ae9,0x62a8,0x7309,0x7b4a,0x7b4a,0x7b4a,0x7b6a,0x7b6a,0x7b6a,0x7b6a,0x8bab,
0x5206,0x6aa8,0x6aa8,0x6aa8,0x72e9,0x836a,0x836a,0x836a,0x836a,0x836a,0x836a,0x836a,0x836a,0x836a,0x836a,0x836a,
0x836b,0x836a,0x836a,0x836a,0x836a,0x836a,0x836a,0x836a,0x836a,0x836a,0x836a,0x836a,0x836a,0x836a,0x836a,0x838b,
0x41c5,0x7329,0x7b4a,0x6ae8,0x7309,0x836a,0x836a,0x836a,0x836a,0x836a,0x836a,0x836a,0x836a,0x836a,0x836a,0x836a,
0x836a,0x836a,0x836a,0x836a,0x836a,0x7b6a,0x7b4a,0x7b4a,0x7b4a,0x7b2a,0x6ae9,0x5a88,0x5a88,0x5a88,0x5a68,0x20e3,
0x62a8,0x8bab,0x8bab,0x8bab,0x8bab,0x8bab,0x8bab,0x8bab,0x8bab,0x8bab,0x8bab,0x8bab,0x8bab,0x8bab,0x8bab,0x20e2,
0xa46e,0xa46e,0xa46e,0x4a06,0x4a06,0x9c6e,0xacd0,0xa48e,0xa46e,0xa46e,0xa46e,0xa46e,0xa46e,0xa46e,0xaccf,0x5268,
0x2903,0x9c0d,0x9c0d,0xa44e,0xacaf,0xa46e,0xacaf,0xacd0,0xacd0,0xbd72,0x9c6e,0x2903,0x732a,0x39a5,0x9c2d,0x9c2d,
0x3164,0x18a2,0x18a2,0x18a2,0x18a2,0x18a2,0x18a1,0x18c2,0x18c2,0x18c2,0x18c2,0x20e2,0x20e3,0x20e3,0x20e3,0x2103,
0x18c2,0x18c2,0x18c2,0x18c2,0x18c2,0x20e3,0x20e3,0x20e3,0x20e3,0x20e3,0x20e3,0x20e3,0x20e3,0x20e3,0x20e3,0x20e3,
0x20e3,0x20e3,0x20e3,0x20e3,0x20e3,0x20e3,0x20e3,0x20e3,0x20e3,0x20e3,0x20e3,0x20e2,0x20e2,0x20e2,0x20e2,0x20e2,
0x1081,0x18a2,0x18a2,0x18a2,0x18c2,0x20e2,0x20e2,0x20e2,0x20e2,0x20e2,0x20e2,0x20e2,0x20e2,0x20e2,0x20e2,0x20e2,
0x20e2,0x20e2,0x20e2,0x20e2,0x20e2,0x18a2,0x10a2,0x10a2,0x10a2,0x10a2,0x10a2,0x10a2,0x10a2,0x10a2,0x10a2,0x1082,
0x0841,0x20e2,0x20e2,0x20e2,0x20e2,0x20e2,0x20e2,0x20e2,0x20e2,0x20e2,0x20e2,0x20e2,0x20e2,0x20e2,0x20e2,0x0841,
0x9c4d,0xa46e,0xa46e,0x62c9,0x8bcc,0x39a5,0xacd0,0xa48e,0xa46e,0xa46e,0xa46e,0xa46e,0xa46e,0xa46e,0xaccf,0x5268,
0x2103,0x9c0d,0x9c0d,0xa44e,0xacaf,0xa46e,0xacaf,0xacd0,0xacd0,0xbd72,0x9c2d,0x2923,0x2943,0x6ac9,0x838b,0x5247,
0xa48f,0xacd0,0xacd0,0xacd0,0xacd0,0xacd0,0xacd0,0xacd0,0xacd0,0xacd0,0xacd0,0xacd0,0xacd0,0xacd0,0xacd0,0xacd0,
0xacd0,0xacd0,0xacd0,0xacd0,0xacd0,0xacd0,0xacd0,0xacd0,0xacd0,0xacd0,0xacd0,0xacd0,0xacd0,0xacd0,0xacd0,0xacd0,
0xacd0,0xacd0,0xacd0,0xacd0,0xacd0,0xacd0,0xacd0,0xacd0,0xacd0,0xacd0,0xacd0,0xacd0,0xacd0,0xacd0,0xacd0,0xacd0,
0xacd0,0xacd0,0xacd0,0xacd0,0xacd0,0xacd0,0xacd0,0xacd0,0xacd0,0xacd0,0xacd0,0xacd0,0xacd0,0xacd0,0xacd0,0xacd0,
0xacd0,0xacd0,0xacd0,0xacd0,0xacd0,0xacd0,0xacd0,0xacd0,0xacd0,0xacd0,0xacd0,0xacd0,0xacd0,0xacd0,0xacd0,0xacd0,
0xacd0,0xacd0,0xacd0,0xacd0,0xacd0,0xacd0,0xacd0,0xacd0,0xacd0,0xacd0,0xacd0,0xacd0,0xacd0,0xacd0,0xacd0,0xacd0,
0x5a88,0x9c4e,0xa46e,0x5227,0x838b,0x4a06,0xaccf,0xa46e,0xa46e,0xa46e,0xa46e,0xa46e,0xa46e,0xa46e,0xaccf,0x5268,
0x2103,0x9c0d,0x9c0d,0x9c4d,0xacaf,0xa46e,0xacaf,0xacd0,0xacd0,0xbd52,0xa48e,0x6ac9,0x7329,0x7b6a,0x2944,0xacaf,
0x9c4e,0x9c4d,0x9c4d,0x9c4d,0xacaf,0xacd0,0xacd0,0xacd0,0xacd0,0xacd0,0xacd0,0xacd0,0xacd0,0xacd0,0xacd0,0xacd0,
0xacd0,0xacd0,0xacd0,0xacd0,0xacd0,0xacd0,0xacd0,0xacd0,0xacd0,0xacd0,0xacd0,0xacd0,0xacd0,0xacd0,0xacd0,0xacd0,
0xacd0,0xacd0,0xacd0,0xacd0,0xacd0,0xacd0,0xacd0,0xacd0,0xacd0,0xacd0,0xacd0,0xacd0,0xacd0,0xacd0,0xacd0,0xacd0,
0xacd0,0xacd0,0xacd0,0xacd0,0xacd0,0xacd0,0xacd0,0xacd0,0xacd0,0xacd0,0xacd0,0xacd0,0xacd0,0xacd0,0xacd0,0xacd0,
0xacd0,0xacd0,0xacd0,0xacd0,0xacd0,0xacd0,0xacd0,0xacd0,0xacd0,0xacd0,0xacd0,0xacd0,0xacd0,0xacd0,0xacd0,0xacd0,
0xacd0,0xacd0,0xacd0,0xacd0,0xacd0,0xacd0,0xacd0,0xacd0,0xacd0,0xacd0,0xacd0,0xacd0,0xa46e,0x732a,0x732a,0xacaf,
0x9c2e,0x41e6,0xa46e,0x93ec,0x730a,0x9c6e,0xa48e,0xa46e,0xa46e,0xa46e,0xa46e,0xa46e,0xa46e,0xa46e,0xaccf,0x5268,
0x2103,0x9c0d,0x9c0d,0x9c4d,0xacaf,0xa46e,0xacaf,0xacd0,0xacd0,0xbd52,0xa48e,0x9c2d,0x9c2d,0x5a67,0x8bcc,0x18c2,
0x41e6,0x18c2,0x9c2d,0x9c2d,0x9c2d,0x9c2d,0x9c2d,0x9c2d,0xa46e,0xa48e,0xa48e,0xa46e,0x9c2d,0x9c2d,0x9c2d,0x9c2d,
0x9c2d,0x9c2d,0x9c2d,0x9c2d,0x9c2d,0x9c2d,0x9c2d,0x9c2d,0x9c2d,0x9c2d,0x9c2d,0x9c2d,0x9c2d,0x9c2d,0x9c2d,0x9c2d,
0x9c2d,0x9c2d,0x9c2d,0x9c2d,0x9c2d,0x9c2d,0x9c2d,0x9c2d,0x9c2d,0x9c2d,0x9c2d,0x9c2d,0x9c2d,0x9c2d,0x9c2d,0x9c2d,
0x9c2d,0x9c2d,0x9c2d,0x9c2d,0x9c2d,0x9c2d,0x9c2d,0x9c2d,0x9c2d,0x9c2d,0x9c2d,0x9c2d,0x9c2d,0x9c2d,0x9c2d,0x9c2d,
0x9c2d,0x9c2d,0x9c2d,0x9c2d,0x9c2d,0x9c2d,0x9c2d,0x9c2d,0x9c2d,0x9c2d,0x9c2d,0x9c2d,0x9c2d,0x9c2d,0x9c2d,0x9c2d,
0x9c2d,0x9c2d,0x9c2d,0x9c2d,0x9c2d,0x9c2d,0x9c2d,0x9c2d,0x9c2d,0x9c2d,0x9c2d,0x9c2d,0x940c,0x41c5,0x7b4a,0x5247,
0xa46e,0x7309,0x41e6,0xa46e,0xa46e,0xacaf,0xa48e,0xa46e,0xa46e,0xa46e,0xa46e,0xa46e,0xa46e,0xa46e,0xaccf,0x5268,
0x2103,0x9c0d,0x9c0d,0x9c4d,0xacaf,0xa46e,0xacaf,0xacd0,0xacd0,0xbd72,0xa46e,0x940c,0x9c2d,0x9c2d,0x9c2d,0x39a5,
0x41c5,0x5247,0x9c2d,0x9c2d,0x9c2d,0x9c2d,0x9c2d,0x9c2d,0x9c2d,0x9c2d,0x9c2d,0x9c2d,0x9c2d,0x9c2d,0x9c2d,0x9c2d,
0x9c2d,0x9c2d,0x9c2d,0x9c2d,0x9c2d,0x9c2d,0x9c2d,0x9c2d,0x9c2d,0x9c2d,0x9c2d,0x9c2d,0x9c2d,0x9c2d,0x9c2d,0x9c2d,
0x9c2d,0x9c2d,0x9c2d,0x9c2d,0x9c2d,0x9c2d,0x9c2d,0x9c2d,0x9c2d,0x9c2d,0x9c2d,0x9c2d,0x9c2d,0x9c2d,0x9c2d,0x9c2d,
0x9c2d,0x9c2d,0x9c2d,0x9c2d,0x9c2d,0x9c2d,0x9c2d,0x9c2d,0x9c2d,0x9c2d,0x9c2d,0x9c2d,0x9c2d,0x9c2d,0x9c2d,0x9c2d,
0x9c2d,0x9c2d,0x9c2d,0x9c2d,0x9c2d,0x9c2d,0x9c4d,0xa46e,0xa46e,0xa46e,0xa46e,0xa46e,0xa46e,0xa46e,0xa46e,0xa46e,
0xa46e,0xa46e,0xa46e,0xa46e,0xa46e,0xa46e,0xa46e,0x9c2d,0x9c2d,0x9c2d,0x9c2d,0x9c2d,0x9c2d,0x4a26,0x732a,0x3985,
0x9c2d,0x9c2d,0x5a67,0x5247,0xa46e,0xacaf,0xacaf,0xa46e,0xa46e,0xa46e,0xa46e,0xa46e,0xa46e,0xa46e,0xaccf,0x5268,
0x2103,0x9c0d,0x9c0d,0x9c2d,0xacaf,0xa46e,0xacaf,0xacd0,0xacd0,0xbd72,0xa46e,0x4a06,0x5a88,0x9c2d,0x9c2d,0x9c2d,
0x9c2d,0x9c2d,0x9c2d,0x9c2d,0x9c2d,0x9c2d,0x9c2d,0x9c2d,0x9c2d,0x9c2d,0x9c2d,0x9c2d,0x9c2d,0x9c2d,0x9c2d,0x9c2d,
0x9c2d,0x9c2d,0x9c2d,0x9c2d,0x9c2d,0x9c2d,0x9c2d,0x9c2d,0x9c2d,0x9c2d,0x9c2d,0x9c2d,0x9c2d,0x9c2d,0x9c2d,0x9c2d,
0x9c2d,0x9c2d,0x9c2d,0x9c2d,0x9c2d,0x9c2d,0x9c2d,0x9c2d,0x9c2d,0x9c2d,0x9c2d,0x9c2d,0x9c2d,0x9c2d,0x9c2d,0x9c2d,
0x9c2d,0x9c2d,0x9c2d,0x9c4d,0x9c4d,0x9c4d,0x9c4d,0x9c4d,0x9c4d,0x9c4d,0x9c4d,0x9c4d,0x9c4d,0x9c4d,0xa44d,0xa46e,
0xa46e,0xa46e,0xa46e,0xa46e,0xa46e,0xa46e,0xa46e,0xa46e,0xa46e,0xa46e,0xa46e,0xa46e,0xa46e,0xa46e,0xa46e,0xa46e,
0xa46e,0xa46e,0xa46e,0xa46e,0xa46e,0xa46e,0xa46e,0xa44d,0xa44d,0xa44d,0xa44d,0xa44e,0xa44e,0x9c2d,0x7b4a,0x8bcc,
0xa44e,0xa44d,0xa44d,0x5267,0x62c8,0xacd0,0xacd0,0xa48f,0xacaf,0xa46e,0xa46e,0xa46e,0xa46e,0xa46e,0xaccf,0x5268,
0x2103,0x9c0d,0x9c0d,0x9c2d,0xacaf,0xa46e,0xacaf,0xacd0,0xb4f0,0xbd72,0x7309,0x41c5,0x9c2d,0x9c2d,0x9c2d,0x9c2d,
0x9c2d,0x9c2d,0x9c2d,0x9c2d,0x9c2d,0x9c2d,0x9c2d,0x9c2d,0x9c2d,0x9c2d,0x9c2d,0x9c2d,0x9c2d,0x9c2d,0x9c2d,0x9c2d,
0x9c2d,0x9c2d,0x9c2d,0x9c2d,0x9c2d,0x9c2d,0x9c2d,0x9c2d,0x9c2d,0x9c2d,0x9c2d,0x9c2d,0x9c2d,0x9c2d,0x9c2d,0x9c2d,
0x9c2d,0x9c2d,0x9c2d,0x9c2d,0x9c2d,0x9c2d,0x9c2d,0x9c2d,0x9c2d,0x9c2d,0x9c2d,0x9c2d,0x9c2d,0x9c2d,0x9c2d,0x9c2d,
0x9c2d,0x9c2d,0x9c2d,0x9c4d,0x9c4d,0x9c4d,0x9c4d,0x9c4d,0x9c4d,0x9c4d,0x9c4d,0x9c4d,0x9c4d,0x9c4d,0x9c4d,0x9c4d,
0x9c4d,0x9c4d,0x9c4d,0x9c4d,0x9c4d,0x9c4d,0x9c4d,0x9c4d,0x9c4d,0x9c4d,0x9c4d,0x9c4d,0x9c4d,0xa46e,0xa46e,0xa46e,
0xa46e,0xa46e,0xa46e,0xa46e,0xa46e,0xa46e,0xa46e,0xa46e,0xa46e,0xa46e,0xa46e,0xa46e,0xa46e,0xa46e,0xa46e,0xa46e,
0xa46e,0xa46e,0xa46e,0xa46e,0x5a67,0x7b6b,0xacd0,0xacaf,0xacaf,0xa46e,0xa46e,0xa46e,0xa46e,0xa46e,0xaccf,0x5268,
0x2103,0x9c0d,0x9c0d,0x7b2a,0x83ac,0xa46e,0xacaf,0xacd0,0xb511,0x6aea,0x5a88,0x9c4d,0x9c4d,0x9c2d,0x9c2d,0x9c2d,
0x9c2d,0x9c2d,0x9c2d,0x9c2d,0xa44d,0xa46e,0xa46e,0xa46e,0xa46e,0xa46e,0xa46e,0xa46e,0xa46e,0xa46e,0xa46e,0xa46e,
0xa46e,0xa46e,0xa46e,0xa46e,0xa46e,0xa46e,0xa46e,0xa44d,0xa44d,0xa44e,0xa46e,0x9c4d,0x9c2d,0x9c2d,0x9c2d,0x9c2d,
0x9c2d,0x9c2d,0x9c2d,0x9c2d,0x9c2d,0x9c2d,0x9c2d,0x9c2d,0x9c2d,0x9c2d,0x9c2d,0x9c2d,0x9c2d,0x9c2d,0x9c2d,0x9c2d,
0x9c2d,0x9c2d,0x9c2d,0x9c2d,0x9c2d,0x9c2d,0x9c2d,0x9c2d,0x9c2d,0x9c2d,0x9c2d,0x9c2d,0x9c2d,0x9c2d,0x9c2d,0x9c2d,
0x7b6a,0x9c0d,0x8bcc,0x9c0d,0x9c2d,0x9c2d,0x9c2d,0x9c2d,0x9c2d,0x9c2d,0x9c4d,0x9c4d,0x9c4d,0x9c4d,0x9c4d,0x9c4d,
0xa44d,0xa44d,0xa44d,0xa44d,0xa44d,0xa44d,0xa44d,0xa44d,0xa46e,0xa46e,0xa46e,0xa46e,0xa46e,0xa46e,0xa46e,0xa46e,
0xa46e,0xa46e,0xa46e,0xa46e,0xa46e,0x6288,0x8bcc,0xacaf,0xacaf,0xa46e,0xa46e,0x5247,0x49e6,0x93ec,0xaccf,0x5268,
0x2103,0x9c0d,0x93ec,0x2103,0x3985,0x732a,0xacaf,0xa48f,0x5227,0x838b,0xa46e,0xa44e,0x9c2d,0x9c2d,0x9c2d,0xa44d,
0xa46e,0xa46e,0xa46e,0xa46e,0xa46e,0xa46e,0xa46e,0xa46e,0xa46e,0xa46e,0xa46e,0xa46e,0xa46e,0xa46e,0xa46e,0xa46e,
0xa46e,0xa46e,0xa48e,0xacaf,0xacaf,0xa48e,0xa48e,0xa48f,0xa46e,0xa46e,0xa46e,0xa46e,0xa46e,0xacaf,0xa48e,0xa48e,
0xacaf,0xa48e,0xac8f,0xacaf,0xacaf,0xacaf,0xacaf,0xacaf,0xacaf,0xacaf,0xacaf,0xacaf,0xacaf,0xacaf,0xacaf,0xacaf,
0xacaf,0xacaf,0xacaf,0xacaf,0xacaf,0xacaf,0xacaf,0xacaf,0xacaf,0xacaf,0x83ac,0x8bac,0x8bac,0x83ac,0x732a,0x5a88,
0x5a88,0x3144,0x9c4e,0x4a27,0x3985,0x62c9,0x6b09,0x9c4e,0xacaf,0xacaf,0xacaf,0xacaf,0xacaf,0xacaf,0xacaf,0xac8f,
0xa48f,0xa48f,0xa48f,0xa48f,0xac8f,0xacaf,0xacaf,0xacaf,0xaccf,0xaccf,0xaccf,0xaccf,0xaccf,0xacaf,0xacaf,0xacaf,
0xa48e,0xa46e,0xa46e,0xa46e,0xacaf,0xacaf,0x730a,0x9c6e,0xacaf,0xa46e,0xa46e,0x730a,0xa46e,0x5247,0xaccf,0x5268,
0x2103,0x9c0d,0x9c0d,0x3985,0x2924,0x940d,0x8bed,0x41c6,0x940d,0xa46e,0xa46e,0xa46e,0x9c4d,0x9c2d,0xa44d,0xa46e,
0xa46e,0xa46e,0xa46e,0xa46e,0xa46e,0xa46e,0xa46e,0xa46e,0xa46e,0xa46e,0xa46e,0xa46e,0xa46e,0xa46e,0xa46e,0xa46e,
0xa46e,0xa48e,0xacd0,0xaccf,0xacaf,0xac8f,0xacaf,0xacd0,0xacaf,0xacaf,0xacaf,0xacaf,0xacaf,0xacaf,0xaccf,0xaccf,
0xacd0,0xacd0,0xacd0,0xacd0,0xacd0,0xacd0,0xacd0,0xacd0,0xacd0,0xacd0,0xacd0,0xacd0,0xacd0,0xacd0,0xacd0,0xacd0,
0xacd0,0xacd0,0xacd0,0xacd0,0xacd0,0xacd0,0xacd0,0xacd0,0xacd0,0xacd0,0xacd0,0xacd0,0xacd0,0xacd0,0xacaf,0x7b6b,
0x5247,0x41c6,0x3144,0x62a9,0x7b6b,0x8bec,0xa48f,0xacaf,0xacaf,0xacaf,0xacaf,0xacaf,0xacaf,0xacaf,0xacaf,0xacaf,
0xac8f,0xa48f,0xa48f,0xa48f,0xa48e,0xa48e,0xa48e,0xa48e,0xa48e,0xa48e,0xa48e,0xa48e,0xa48e,0xa48e,0xa46e,0xa46e,
0xa46e,0xa46e,0xa46e,0xa46e,0xa46e,0xa48e,0xa48e,0x942d,0xacd0,0xa48e,0xa46e,0x62c8,0x838b,0x41c5,0xaccf,0x5268,
0x2103,0x9c0d,0x9c2d,0x9c4d,0xacaf,0x62a8,0x4a06,0xa46e,0xa46e,0xa46e,0xa46e,0xa46e,0xa46e,0xa46e,0xa46e,0xa46e,
0xa46e,0xa46e,0xa46e,0xa46e,0xa46e,0xa46e,0xa46e,0xa46e,0xa46e,0xa46e,0xa46e,0xa46e,0xa46e,0xa46e,0xa46e,0xa46e,
0xa48e,0xacd0,0xacd0,0xacd0,0xacd0,0xacd0,0xaccf,0xaccf,0xaccf,0xaccf,0xacaf,0xacaf,0xacaf,0xacaf,0xacaf,0xacaf,
0xacaf,0xacaf,0xacaf,0xacaf,0xacaf,0xacaf,0xacaf,0xacaf,0xacaf,0xacaf,0xaccf,0xaccf,0xaccf,0xaccf,0xaccf,0xacd0,
0xacd0,0xacd0,0xaccf,0xacaf,0xacaf,0xacaf,0xaccf,0xacd0,0xacd0,0xacd0,0xacd0,0xacd0,0xacd0,0xacd0,0xacd0,0xacd0,
0xacd0,0xacd0,0xacd0,0xacd0,0xacd0,0xacd0,0xacd0,0xacd0,0xacd0,0xacd0,0xacd0,0xacd0,0xacd0,0xacd0,0xacd0,0xacd0,
0xacd0,0xacd0,0xacd0,0xacd0,0xacd0,0xacd0,0xacd0,0xacd0,0xacd0,0xacd0,0xacd0,0xacd0,0xacd0,0xacd0,0xacd0,0xacd0,
0xacd0,0xacd0,0xacd0,0xacd0,0xacd0,0xacd0,0xaccf,0xaccf,0xacd0,0xaccf,0xa46e,0x940d,0x5a88,0x93ec,0xaccf,0x5268,
0x2103,0x9c0d,0x9c2d,0xa44e,0x62c9,0x4a27,0x4a06,0x4a06,0x5267,0xa46e,0xa46e,0xa46e,0xa46e,0xa46e,0xa46e,0xa46e,
0xa46e,0xa46e,0xa46e,0xa46e,0xa46e,0xa46e,0xa46e,0xa46e,0xa46e,0xa46e,0xa46e,0xa46e,0xa46e,0xa46e,0xa46e,0xa46e,
0xa46e,0xacaf,0xa46e,0xa46e,0xa46e,0xa46e,0xa46e,0xa46e,0xa46e,0xa46e,0xa46e,0xa46e,0xa46e,0xa46e,0xa46e,0xa46e,
0xa46e,0xa46e,0xa46e,0xa46e,0xa46e,0xa46e,0xa46e,0xa46e,0xa46e,0xa46e,0xa46e,0xa46e,0xa46e,0xa46e,0xa46e,0xa48e,
0xac8f,0xa46e,0xa46e,0xa46e,0xa46e,0xa46e,0xa46e,0xa46e,0xa46e,0xa48e,0xacaf,0xacaf,0xacaf,0xacaf,0xacd0,0xacd0,
0xacd0,0xac8f,0xa46e,0xa46e,0xa46e,0xa46e,0xa46e,0xa46e,0xa46e,0xa46e,0xa46e,0xa46e,0xa46e,0xa46e,0xa46e,0xa46e,
0xa46e,0xa46e,0xa46e,0xa46e,0xa46e,0xa46e,0xa46e,0xa46e,0xa46e,0xa46e,0xa46e,0xa46e,0xa46e,0xa46e,0xa46e,0xa46e,
0xa46e,0xa46e,0xa46e,0xa46e,0xa46e,0xa46e,0x9c4e,0x7b6b,0x940d,0xa46e,0x6ae9,0xa48e,0xa48e,0xa46e,0xaccf,0x5268,
0x2103,0x9c0d,0x9c4d,0x732a,0x41c5,0x8bac,0x41c5,0x9c2d,0x41a5,0xa46e,0xa46e,0xa46e,0xa46e,0xa46e,0xa46e,0xa46e,
0xa46e,0xa46e,0xa46e,0xa46e,0xa46e,0xa46e,0xa46e,0xa46e,0xa46e,0xa46e,0xa46e,0xa46e,0xa46e,0xa46e,0xa46e,0xa46e,
0xa46e,0xa46e,0xa46e,0xa46e,0xa46e,0xa46e,0xa46e,0xa46e,0xa46e,0xa46e,0xa46e,0xa46e,0xa46e,0xa46e,0xa46e,0xa46e,
0xa46e,0xa46e,0xa46e,0xa46e,0xa46e,0xa46e,0xa46e,0xa46e,0xa46e,0xa46e,0xa46e,0xa46e,0xa46e,0xa46e,0xa46e,0xa48e,
0xa48f,0xa48f,0xac8f,0xacaf,0xa48e,0xa46e,0xa46e,0xa46e,0xa46e,0xa46e,0xa46e,0xa46e,0xa48e,0xa48f,0xacaf,0xacaf,
0xacaf,0xac8f,0xa46e,0xa46e,0xa46e,0xa46e,0xa46e,0xa46e,0xa46e,0xa46e,0xa46e,0xa46e,0xa46e,0xa46e,0xa46e,0xa46e,
0xa46e,0xa46e,0xa46e,0xa46e,0xa46e,0xa46e,0xa46e,0xa46e,0xa46e,0xa46e,0xa46e,0xa46e,0xa46e,0xa46e,0xa46e,0xa46e,
0xa46e,0xa46e,0xa46e,0xa46e,0xa46e,0xa46e,0x5247,0x41e6,0x20e3,0xa46e,0x940d,0x41e6,0xa48f,0xa46e,0xaccf,0x5268,
0x2103,0x9c0d,0x93ec,0x2103,0x9c4d,0xa46e,0x838b,0x5226,0x838b,0x9c2d,0xa46e,0xa46e,0xa46e,0xa46e,0xa46e,0xa46e,
0xa46e,0xa46e,0xa46e,0xa46e,0xa46e,0xa46e,0xa46e,0xa46e,0xa46e,0xa46e,0xa46e,0xa46e,0xa46e,0xa46e,0xa46e,0xa46e,
0xa46e,0xa46e,0xa46e,0xa46e,0xa46e,0xa46e,0xa44e,0xa46e,0xa46e,0xa46e,0xa46e,0xa46e,0xa46e,0xa46e,0xa46e,0xa46e,
0xa46e,0xa46e,0xa46e,0xa46e,0xa46e,0xa46e,0xa46e,0xa46e,0xa46e,0xa46e,0xa46e,0xa46e,0xa46e,0xa46e,0xa46e,0xa46e,
0xa46e,0xa46e,0xa46e,0xa46e,0xa46e,0xa46e,0xa46e,0xa46e,0xa46e,0xa46e,0xa46e,0xa46e,0xa46e,0xa46e,0xa46e,0xa46e,
0xa46e,0xa46e,0xa46e,0xa46e,0xa46e,0xa46e,0xa46e,0xa46e,0xa46e,0xa46e,0xa46e,0xa46e,0xa46e,0xa46e,0xa46e,0xa46e,
0xa46e,0xa46e,0xa46e,0xa46e,0xa46e,0xa46e,0xa46e,0xa46e,0xa46e,0xa46e,0xa46e,0xa46e,0xa46e,0xa46e,0xa46e,0xa46e,
0xa46e,0xa46e,0xa46e,0xa46e,0xa46e,0xa46e,0x5247,0x9c2d,0x5247,0xa46e,0xa46e,0x7b6a,0x39a5,0xacaf,0xacd0,0x5268,
0x2103,0x9c2d,0x3164,0x838b,0x9c2d,0x9c2d,0x9c2d,0x9c0c,0x9c0c,0x9c0c,0x9c0c,0x9c0c,0x9c0c,0x9c0c,0x9c0c,0x9c0c,
0x9c0c,0x9c0c,0x9c0c,0x9c0c,0x9c0c,0x9c0c,0x9c0c,0x9c0c,0x9c0c,0x9c0c,0x9c0c,0x9c0c,0x9c0c,0x9c0c,0x9c0c,0x9c0c,
0x9c0c,0x9c0c,0x9c0c,0x9c0c,0x9c0c,0x9c0c,0x9c0c,0x9c0c,0x9c0c,0x9c0c,0x9c0c,0x9c0c,0x9c0c,0x9c0c,0x9c0c,0x9c0c,
0x9c0c,0x9c0c,0x9c0c,0x9c0c,0x9c0c,0x9c0c,0x9c0c,0x9c0c,0x9c0c,0x9c0c,0x9c0c,0x9c0c,0x9c0c,0x9c0c,0x9c0c,0x9c0c,
0x9c0c,0x9c0c,0xa44d,0xa46e,0xa44d,0xa46e,0xa46e,0xa46e,0xa46e,0xa46e,0xa46e,0xa46e,0xa46e,0xa46e,0xa46e,0xa46e,
0xa46e,0xa46e,0xa46e,0xa46e,0xa46e,0xa46e,0xa46e,0xa46e,0xa46e,0xa46e,0xa46e,0xa46e,0xa46e,0xa46e,0xa46e,0xa46e,
0xa46e,0xa46e,0xa46e,0xa46e,0xa46e,0xa46e,0xa46e,0xa46e,0xa46e,0xa46e,0xa46e,0xa46e,0xa46e,0xa46e,0xa46e,0xa46e,
0xa46e,0xa46e,0xa46e,0xa46e,0xa46e,0xa46e,0x838b,0x3164,0x4a06,0xa46e,0xa46e,0xa46e,0x62c8,0x62a9,0xacd0,0x5268,
0x2103,0x5a68,0x730a,0xa46e,0xa46e,0xa46e,0xa46e,0x9c2d,0x9c0d,0x9c2d,0x9c4d,0xa44d,0x9c4d,0x9c2d,0x9c0c,0x9c0c,
0x9c0c,0x9c0c,0x9c0c,0x9c0c,0x9c0c,0x9c0c,0x9c0c,0x9c0c,0x9c0c,0x9c0c,0x9c0c,0x9c0c,0x9c0c,0x9c0c,0x9c0c,0x9c0c,
0x9c0c,0x9c0c,0x9c0c,0x9c0c,0x9c2d,0xa44d,0xa44d,0xa44d,0xa44d,0xa44d,0xa44d,0xa44d,0xa44d,0x9c4d,0x9c4d,0x9c4d,
0x9c2d,0x9c2d,0x9c2d,0x9c2d,0x9c0c,0x9c0c,0x9c0c,0x9c0c,0x9c0c,0x9c0c,0x9c0c,0x9c0c,0x9c0c,0x9c0c,0x9c0c,0x9c0c,
0x9c0c,0x9c0c,0x9c0c,0x9c0c,0x9c0c,0x9c0c,0x9c0c,0x9c0c,0x9c0c,0x9c4d,0x9c4d,0x9c4d,0xa46e,0xa46e,0xa46e,0xa46e,
0xa46e,0xa46e,0xa46e,0xa46e,0xa46e,0xa46e,0xa46e,0xa46e,0xa46e,0xa46e,0xa46e,0xa46e,0xa46e,0xa46e,0xa46e,0xa46e,
0xa46e,0xa46e,0xa46e,0xa46e,0xa46e,0xa46e,0xa46e,0xa46e,0xa46e,0xa46e,0xa46e,0xa46e,0xa46e,0xa46e,0xa46e,0xa46e,
0xa46e,0xa46e,0xa46e,0xa46e,0xa46e,0xa46e,0xa46e,0xa46e,0xa46e,0xa46e,0xa46e,0xa46e,0xa46e,0x5a88,0x83ac,0x5268,
0x0861,0x3144,0x5227,0x5227,0x5227,0x5227,0x5227,0x4a26,0x4a26,0x4a06,0x4a06,0x4a06,0x4a06,0x4a06,0x4a06,0x4a06,
0x4a06,0x4a06,0x4a06,0x4a06,0x4a06,0x4a06,0x4a06,0x4a06,0x4a06,0x4a06,0x4a06,0x4a06,0x4a06,0x4a06,0x4a06,0x4a06,
0x4a06,0x4a06,0x4a06,0x4a06,0x4a06,0x5226,0x5227,0x5227,0x5227,0x5227,0x5227,0x5227,0x5227,0x5227,0x5227,0x5227,
0x5227,0x5227,0x5227,0x5227,0x5227,0x5227,0x5227,0x5227,0x5227,0x5227,0x4a26,0x4a26,0x4a06,0x4a06,0x4a06,0x4a06,
0x4a06,0x4a06,0x4a06,0x4a06,0x4a06,0x4a06,0x4a06,0x4a06,0x4a06,0x4a26,0x4a26,0x5227,0x5227,0x5227,0x5227,0x5227,
0x5227,0x5227,0x5227,0x5227,0x5227,0x5227,0x5227,0x5227,0x5227,0x5227,0x5227,0x5227,0x5227,0x5227,0x5227,0x5227,
0x5227,0x5227,0x5227,0x5227,0x5227,0x5227,0x5227,0x5227,0x5227,0x5227,0x5227,0x5227,0x5227,0x5227,0x5227,0x5227,
0x5227,0x5227,0x5227,0x5227,0x5227,0x5227,0x5227,0x5227,0x5227,0x5227,0x5227,0x5227,0x5227,0x5227,0x2923,0x2923,
};
}
