/* From ~/picojet/app/assets (picojet tools/convert_assets.py). Shipped with
   Gustavo Pezzi's pikuma.com 3D graphics course; picojet keeps it "under
   whatever terms they arrived with" (picojet LICENSE). Copied as is, with
   <stdint.h> for C. */
// Generated from pikuma.png by tools/convert_assets.py
// RGB565, row-major. const so it stays in flash and is sampled in place.
#pragma once
#include <stdint.h>

#define TEX_PIKUMA_W 128
#define TEX_PIKUMA_H 128

static const uint16_t tex_pikuma_data[16384] = {
	0x3186, 0x31A6, 0x39A6, 0x39A6, 0x3986, 0x3986, 0x3986, 0x39A6, 0x3986, 0x3986, 0x3986, 0x3986,
	0x3986, 0x3986, 0x39A6, 0x3986, 0x3986, 0x3986, 0x3986, 0x39A6, 0x3986, 0x3986, 0x3986, 0x3986,
	0x3986, 0x39A6, 0x31A6, 0x31A6, 0x31A6, 0x31A6, 0x31A6, 0x31A6, 0x3986, 0x39A6, 0x39A6, 0x39A6,
	0x39A6, 0x3986, 0x3986, 0x3986, 0x3986, 0x3986, 0x3986, 0x3986, 0x3986, 0x3986, 0x3986, 0x3986,
	0x3986, 0x3986, 0x3986, 0x3986, 0x3986, 0x3986, 0x3986, 0x3986, 0x3986, 0x3986, 0x3986, 0x3986,
	0x3986, 0x3986, 0x3986, 0x3986, 0x3986, 0x3986, 0x3986, 0x3986, 0x3986, 0x3986, 0x3986, 0x3986,
	0x3986, 0x39A6, 0x31A6, 0x31A6, 0x31A6, 0x31A6, 0x31A6, 0x31A6, 0x3986, 0x3986, 0x3986, 0x3986,
	0x3986, 0x3986, 0x3986, 0x3986, 0x3986, 0x3986, 0x3986, 0x3986, 0x3986, 0x3986, 0x3986, 0x3986,
	0x3986, 0x3986, 0x3986, 0x3986, 0x3986, 0x39A6, 0x39A6, 0x39A6, 0x39A6, 0x39A6, 0x39A6, 0x39A6,
	0x39A6, 0x3986, 0x3986, 0x3986, 0x3986, 0x3986, 0x3986, 0x3986, 0x3986, 0x3986, 0x3986, 0x3986,
	0x3986, 0x3986, 0x3986, 0x3986, 0x3986, 0x39A6, 0x39C7, 0x39C7, 0x4208, 0x39E7, 0x31E7, 0x29E7,
	0x3208, 0x3208, 0x3208, 0x31E7, 0x31E7, 0x31E7, 0x31E7, 0x31E7, 0x31E7, 0x31E7, 0x31E7, 0x3208,
	0x3208, 0x3208, 0x3208, 0x31E7, 0x31E7, 0x31E7, 0x31E7, 0x31E7, 0x31E7, 0x31E7, 0x39E7, 0x39C7,
	0x39C7, 0x39E7, 0x39E7, 0x39E7, 0x31E7, 0x31E7, 0x29C7, 0x29C7, 0x31E7, 0x31E7, 0x31E7, 0x31E7,
	0x31E7, 0x31E7, 0x31E7, 0x31E7, 0x31E7, 0x31E7, 0x31E7, 0x31E7, 0x31E7, 0x3208, 0x3208, 0x3208,
	0x3208, 0x3208, 0x3208, 0x3208, 0x3208, 0x3208, 0x3208, 0x3208, 0x3208, 0x3208, 0x3208, 0x31E7,
	0x31E7, 0x31E7, 0x31E7, 0x31E7, 0x31E7, 0x31E7, 0x31E7, 0x31E7, 0x31E7, 0x31E7, 0x39E7, 0x39C7,
	0x39E7, 0x39C7, 0x39C7, 0x39E7, 0x3208, 0x3208, 0x3208, 0x3208, 0x3208, 0x3208, 0x3208, 0x3208,
	0x3208, 0x3208, 0x3208, 0x3208, 0x3208, 0x3208, 0x3208, 0x31E7, 0x31E7, 0x31E7, 0x31E7, 0x31E7,
	0x31E7, 0x31E7, 0x31E7, 0x29C7, 0x29C7, 0x29C7, 0x29C7, 0x31E7, 0x31E7, 0x31E7, 0x31E7, 0x31E7,
	0x3208, 0x3208, 0x3208, 0x3208, 0x31E7, 0x31E7, 0x31E7, 0x31E7, 0x31E7, 0x31E7, 0x31E7, 0x3207,
	0x3207, 0x31E7, 0x31C7, 0x31A6, 0x528A, 0x4269, 0x2A28, 0x2228, 0x328A, 0x3AAA, 0x3A69, 0x3249,
	0x3249, 0x3249, 0x3249, 0x3249, 0x3249, 0x3249, 0x3249, 0x3A69, 0x42AA, 0x3AAA, 0x3269, 0x3249,
	0x3249, 0x3249, 0x3249, 0x3249, 0x3249, 0x3A49, 0x4228, 0x4208, 0x4208, 0x4228, 0x4A49, 0x4A69,
	0x3A69, 0x2A28, 0x21E7, 0x21E7, 0x3228, 0x3269, 0x3269, 0x3249, 0x3249, 0x3249, 0x3249, 0x3249,
	0x3249, 0x3249, 0x3249, 0x3249, 0x3249, 0x3269, 0x3A8A, 0x42AA, 0x42AA, 0x3AAA, 0x42AA, 0x42AA,
	0x3AAA, 0x3AAA, 0x42AA, 0x42AA, 0x3AAA, 0x3A8A, 0x3A69, 0x3249, 0x3249, 0x3249, 0x3249, 0x3249,
	0x3249, 0x3249, 0x3249, 0x3249, 0x3A49, 0x3A49, 0x4228, 0x4208, 0x4228, 0x4228, 0x4208, 0x4228,
	0x3A8A, 0x3AAA, 0x3AAA, 0x3AAA, 0x3AAA, 0x3AAA, 0x3AAA, 0x3AAA, 0x3AAA, 0x3AAA, 0x3AAA, 0x3AAA,
	0x3AAA, 0x3A8A, 0x3269, 0x3249, 0x3249, 0x3249, 0x3249, 0x3269, 0x3269, 0x3249, 0x2A08, 0x21E7,
	0x29E7, 0x29E7, 0x21E7, 0x2A08, 0x3249, 0x3269, 0x3249, 0x3A69, 0x3A8A, 0x42AA, 0x42AA, 0x3A8A,
	0x3A69, 0x3249, 0x3249, 0x3A49, 0x3A49, 0x3A49, 0x3A49, 0x3A69, 0x3A89, 0x3A48, 0x31C7, 0x3186,
	0x52CA, 0x5229, 0x5126, 0x6105, 0x79E8, 0x7A48, 0x6A07, 0x69C7, 0x69C7, 0x69E7, 0x69E7, 0x69E7,
	0x69E7, 0x69C7, 0x69C7, 0x69E7, 0x7228, 0x7228, 0x71E7, 0x69C7, 0x69C7, 0x69E7, 0x69E7, 0x69E7,
	0x61E7, 0x5A08, 0x5249, 0x4A69, 0x4A49, 0x4A69, 0x52CB, 0x5AAA, 0x6A28, 0x69A6, 0x6165, 0x6186,
	0x69C7, 0x69E7, 0x69E7, 0x69E7, 0x69E7, 0x69E7, 0x69E7, 0x69E7, 0x69E7, 0x69E7, 0x69E7, 0x69C7,
	0x69C7, 0x71E7, 0x7228, 0x7249, 0x7A49, 0x7228, 0x7228, 0x7228, 0x7228, 0x7228, 0x7228, 0x7249,
	0x7A49, 0x7228, 0x69E7, 0x69C7, 0x69C7, 0x69E7, 0x69E7, 0x69E7, 0x69E7, 0x69E7, 0x69E7, 0x69E7,
	0x61E7, 0x5A08, 0x5249, 0x4A69, 0x4228, 0x4228, 0x4A69, 0x5A69, 0x7249, 0x7A49, 0x8249, 0x7A49,
	0x7A28, 0x7A28, 0x7A28, 0x7A28, 0x7A28, 0x7228, 0x7A28, 0x7A49, 0x7A49, 0x7228, 0x69E7, 0x69C7,
	0x71C7, 0x71E7, 0x69E7, 0x69E7, 0x71E7, 0x69C7, 0x5986, 0x5945, 0x5965, 0x5965, 0x5945, 0x5986,
	0x69C7, 0x69E7, 0x69E7, 0x69E7, 0x7228, 0x7249, 0x7A49, 0x7228, 0x69E7, 0x61C7, 0x61C7, 0x61E7,
	0x61C7, 0x61E7, 0x61E7, 0x61C7, 0x5967, 0x5167, 0x41C7, 0x3A07, 0x3268, 0x5986, 0xA002, 0xD001,
	0xD862, 0xC8C2, 0xC0A2, 0xB8A2, 0xB8A2, 0xB8A2, 0xB0A2, 0xB8A2, 0xB8A2, 0xC0A2, 0xC0A2, 0xB8A2,
	0xB8C3, 0xB8C3, 0xC0A2, 0xC0A2, 0xB8A2, 0xB8A2, 0xB8A2, 0xB8A2, 0xA8A2, 0x8904, 0x5A28, 0x4AAA,
	0x4A69, 0x4A8A, 0x4AEB, 0x7269, 0xB124, 0xD0A2, 0xD082, 0xC0A2, 0xC0A2, 0xB8A2, 0xB8A2, 0xB8A2,
	0xC0A2, 0xC0A2, 0xB8A2, 0xB8A2, 0xC0A2, 0xC0A2, 0xB8A2, 0xB8A2, 0xC0A2, 0xC0A2, 0xB8C3, 0xB8C3,
	0xC0C3, 0xC0C3, 0xB8C3, 0xB8C3, 0xC0C3, 0xC0C3, 0xB8C3, 0xC0C3, 0xC0C3, 0xC0C3, 0xB8A2, 0xB8A2,
	0xC0A2, 0xC0A2, 0xB8A2, 0xB8A2, 0xB8A2, 0xB8A2, 0xB8A2, 0xB8A2, 0xA8A2, 0x8904, 0x6228, 0x428A,
	0x3A08, 0x3A28, 0x42CB, 0x7269, 0xB924, 0xD8C3, 0xD8C3, 0xD0C3, 0xD0C3, 0xD0C3, 0xD0C3, 0xD0C3,
	0xC8C3, 0xC0C3, 0xC8C3, 0xC8C3, 0xC8C3, 0xC8C3, 0xC0A2, 0xC0A2, 0xC8A2, 0xC8A2, 0xC0A2, 0xC0A2,
	0xC0A2, 0xC0A2, 0xB082, 0xB082, 0xB082, 0xB082, 0xB082, 0xB882, 0xC0A2, 0xB8A2, 0xB0A2, 0xB0A2,
	0xB0C3, 0xB8C3, 0xB8C3, 0xB8C3, 0xB0A2, 0xA8A2, 0xA8A2, 0xA8A2, 0xA0A2, 0xA0A2, 0xA8A2, 0xA062,
	0x9802, 0x7023, 0x51A7, 0x42A9, 0x1148, 0x5186, 0xC9A1, 0xF940, 0xF800, 0xE800, 0xD800, 0xD000,
	0xD000, 0xD800, 0xE000, 0xE000, 0xD000, 0xC800, 0xD000, 0xD800, 0xE000, 0xD800, 0xD000, 0xD000,
	0xD800, 0xE000, 0xD800, 0xC800, 0xB000, 0x8000, 0x4945, 0x3208, 0x3A08, 0x3A28, 0x3AAA, 0x71C7,
	0xD800, 0xF800, 0xF800, 0xE000, 0xD000, 0xD000, 0xD800, 0xD800, 0xD000, 0xD000, 0xD800, 0xD800,
	0xD000, 0xD000, 0xD800, 0xD800, 0xC800, 0xC800, 0xD800, 0xD800, 0xD000, 0xD000, 0xD800, 0xD800,
	0xD000, 0xD000, 0xD800, 0xD800, 0xC800, 0xC800, 0xD800, 0xD800, 0xC800, 0xC800, 0xD800, 0xE000,
	0xE000, 0xE000, 0xD800, 0xC800, 0xB000, 0x8000, 0x4945, 0x29E7, 0x3186, 0x29C7, 0x3249, 0x69A6,
	0xD000, 0xF800, 0xF000, 0xE000, 0xF000, 0xF000, 0xF000, 0xE800, 0xE800, 0xE800, 0xE000, 0xE000,
	0xE000, 0xE000, 0xE800, 0xE000, 0xD000, 0xD800, 0xE800, 0xE000, 0xD000, 0xC800, 0xD800, 0xE000,
	0xD800, 0xD800, 0xE000, 0xD800, 0xD000, 0xC800, 0xC800, 0xD000, 0xC800, 0xC000, 0xB800, 0xC000,
	0xD000, 0xD000, 0xC000, 0xB800, 0xC800, 0xC800, 0xB800, 0xC000, 0xD120, 0xA1C1, 0x5A06, 0x29EA,
	0x10AA, 0x5AA7, 0xD582, 0xFD40, 0xF900, 0xC800, 0xC000, 0xB800, 0xB000, 0xC800, 0xD800, 0xD000,
	0xA800, 0x9000, 0xA000, 0xC000, 0xD800, 0xC800, 0xA000, 0xA000, 0xC000, 0xD800, 0xC000, 0xA000,
	0x8000, 0x5000, 0x2882, 0x2165, 0x31A6, 0x3A28, 0x328A, 0x71A6, 0xD800, 0xF800, 0xE800, 0xB800,
	0x9800, 0xA000, 0xC000, 0xC000, 0xA000, 0xA000, 0xC000, 0xC000, 0xA000, 0xA000, 0xC000, 0xB800,
	0x9800, 0x9000, 0xB800, 0xC000, 0xA800, 0xA800, 0xC000, 0xC000, 0xA800, 0xA800, 0xC000, 0xB800,
	0x9000, 0x9800, 0xC000, 0xC000, 0x9800, 0x9000, 0xB000, 0xD000, 0xD000, 0xC800, 0xB800, 0xA800,
	0x8800, 0x6000, 0x2882, 0x2165, 0x31A6, 0x29C7, 0x19C7, 0x5904, 0xC000, 0xE800, 0xC800, 0xB000,
	0xD000, 0xD000, 0xC000, 0xC000, 0xD000, 0xD000, 0xC000, 0xB800, 0xB800, 0xC800, 0xD800, 0xC000,
	0x9000, 0x9000, 0xC800, 0xC800, 0x9800, 0x9000, 0xC000, 0xD000, 0xC000, 0xC000, 0xD000, 0xC800,
	0xA000, 0x9800, 0xB000, 0xC000, 0xB800, 0xA000, 0x8800, 0x9800, 0xC000, 0xC800, 0xA800, 0xA000,
	0xC000, 0xC000, 0xA000, 0xC0E0, 0xFD20, 0xCD61, 0x52A5, 0x0887, 0x5A87, 0x8CC5, 0xD7A2, 0xEF40,
	0xCAC0, 0xA901, 0xA944, 0xA9A6, 0xA965, 0xB965, 0xC965, 0xC145, 0x9945, 0x8145, 0x9165, 0xB165,
	0xC965, 0xB965, 0x9165, 0x8965, 0xB165, 0xC165, 0xB165, 0x9165, 0x7965, 0x6186, 0x4A08, 0x4A8A,
	0x5AEB, 0x634D, 0x5B8E, 0x82EB, 0xC9C7, 0xE145, 0xC945, 0xA165, 0x8965, 0x9165, 0xB165, 0xB165,
	0x9165, 0x9165, 0xB165, 0xB165, 0x8965, 0x9165, 0xB165, 0xA965, 0x8165, 0x8165, 0xA965, 0xB165,
	0x9965, 0x9965, 0xB165, 0xB165, 0x9965, 0x9965, 0xB165, 0xA965, 0x8165, 0x8165, 0xA965, 0xA965,
	0x8965, 0x8165, 0xA165, 0xC165, 0xC165, 0xB965, 0xA965, 0x9965, 0x8165, 0x6986, 0x49E7, 0x4A8A,
	0x630C, 0x5B2C, 0x4AEB, 0x6A49, 0xB186, 0xC965, 0xA965, 0xA165, 0xB965, 0xB965, 0xA965, 0xA965,
	0xB965, 0xB965, 0xB165, 0xA165, 0xA165, 0xB165, 0xC165, 0xA965, 0x7965, 0x7965, 0xB165, 0xB965,
	0x8965, 0x8165, 0xB145, 0xC145, 0xB145, 0xB145, 0xC145, 0xB145, 0x9165, 0x8965, 0xA165, 0xB165,
	0xA965, 0x9165, 0x7965, 0x8965, 0xB965, 0xC165, 0xA165, 0xA165, 0xB986, 0xC164, 0xA161, 0xC340,
	0xFFA0, 0xCF40, 0x6363, 0x18A4, 0xC5E1, 0xCE81, 0xDF21, 0xC620, 0xA400, 0x9384, 0xAC4E, 0xBCF4,
	0xBCD3, 0xBCB2, 0xC4B2, 0xBCB2, 0xACB2, 0xACB2, 0xACB2, 0xBCB2, 0xC4B2, 0xBCB2, 0xACB2, 0xACB2,
	0xBCB2, 0xBCB2, 0xBCB2, 0xACB2, 0xACB2, 0xA4B2, 0x9CD3, 0x9CF3, 0xA514, 0xA534, 0xA555, 0xAD14,
	0xC4D3, 0xC4B2, 0xBCB2, 0xB4B2, 0xACB2, 0xACB2, 0xBCB2, 0xBCB2, 0xACB2, 0xACB2, 0xBCB2, 0xBCB2,
	0xACB2, 0xACB2, 0xBCB2, 0xB4B2, 0xACB2, 0xACB2, 0xB4B2, 0xBCB2, 0xB4B2, 0xB4B2, 0xBCB2, 0xBCB2,
	0xB4B2, 0xB4B2, 0xBCB2, 0xB4B2, 0xACB2, 0xACB2, 0xB4B2, 0xB4B2, 0xACB2, 0xACB2, 0xB4B2, 0xBCB2,
	0xBCB2, 0xBCB2, 0xB4B2, 0xB4B2, 0xACB2, 0xA4B2, 0x9CD3, 0x9CF3, 0xA534, 0xA534, 0x9D14, 0xA4F3,
	0xBCB2, 0xBCB2, 0xB4B2, 0xB4B2, 0xBCB2, 0xBCB2, 0xB4B2, 0xB4B2, 0xBCB2, 0xBCB2, 0xBCB2, 0xB4B2,
	0xB4B2, 0xBCB2, 0xBCB2, 0xB4B2, 0xA4B2, 0xACB2, 0xBCB2, 0xBCB2, 0xACB2, 0xACB2, 0xBCB2, 0xBCB2,
	0xBCB2, 0xBCB2, 0xBCB2, 0xBCB2, 0xACB2, 0xACB2, 0xB4B2, 0xBCB2, 0xBCB2, 0xB4B2, 0xACB2, 0xACB2,
	0xBCB2, 0xBCB2, 0xB4B2, 0xB4B3, 0xBCB4, 0xC4CE, 0xC4E4, 0xD5C0, 0xE720, 0xBE20, 0x7BC0, 0x5241,
	0xEE80, 0xEE60, 0xD600, 0xAD20, 0x7C60, 0x7464, 0x9552, 0xADF9, 0xADD8, 0xA5B6, 0xA5D7, 0xADD7,
	0xADD7, 0xB5D7, 0xADD7, 0xA5D7, 0xA5D7, 0xA5D7, 0xADD7, 0xADD7, 0xA5D7, 0xA5D7, 0xA5D7, 0xADD7,
	0xADD7, 0xB5B6, 0xB5B6, 0xB596, 0xB596, 0xB575, 0xB575, 0xAD96, 0xA5B6, 0xA5D7, 0xA5D7, 0xADD7,
	0xADD7, 0xADD7, 0xA5D7, 0xA5D7, 0xADD7, 0xADD7, 0xA5D7, 0xA5D7, 0xADD7, 0xADD7, 0xA5D7, 0xADD7,
	0xADD7, 0xADD7, 0xADD7, 0xA5D7, 0xADD7, 0xADD7, 0xA5D7, 0xA5D7, 0xADD7, 0xADD7, 0xA5D7, 0xADD7,
	0xADD7, 0xADD7, 0xA5D7, 0xA5D7, 0xADD7, 0xADD7, 0xADD7, 0xA5D7, 0xA5D7, 0xA5D7, 0xADD7, 0xADD7,
	0xADD7, 0xB5D7, 0xB5B6, 0xB596, 0xB596, 0xB596, 0xB596, 0xB5B6, 0xA5B6, 0xA5D7, 0xADD7, 0xADD7,
	0xA5D7, 0xA5D7, 0xADD7, 0xADD7, 0xA5D7, 0xA5D7, 0xA5D7, 0xADD7, 0xADD7, 0xA5D7, 0xA5D7, 0xADD7,
	0xADD7, 0xADD7, 0xA5D7, 0xA5D7, 0xADD7, 0xADD7, 0xA5D7, 0xA5D7, 0xADD7, 0xADD7, 0xA5D7, 0xA5D7,
	0xADD7, 0xADD7, 0xADD7, 0xA5D7, 0xA5D7, 0xADD7, 0xB5D7, 0xADD7, 0xA5D7, 0xA5D6, 0xADD6, 0xADB8,
	0xA5B9, 0xA5D1, 0xB624, 0xCE60, 0xDDE2, 0xBCC2, 0x83C0, 0x6B40, 0xCC26, 0xCCA4, 0xBD21, 0x94E0,
	0x63C0, 0x5363, 0x73ED, 0x8472, 0x8452, 0x7C50, 0x8471, 0x8C92, 0x8C92, 0x8C71, 0x8471, 0x8451,
	0x8451, 0x8471, 0x8471, 0x8471, 0x8471, 0x8451, 0x8451, 0x8451, 0x8C51, 0x8C51, 0x8C51, 0x8C51,
	0x8C30, 0x8C30, 0x8C30, 0x8430, 0x8451, 0x8451, 0x8451, 0x8451, 0x8451, 0x8451, 0x8451, 0x8451,
	0x8451, 0x8451, 0x8451, 0x8451, 0x8451, 0x8451, 0x8451, 0x8451, 0x8451, 0x8451, 0x8451, 0x8451,
	0x8451, 0x8451, 0x8451, 0x8451, 0x8451, 0x8451, 0x8451, 0x8451, 0x8451, 0x8451, 0x8451, 0x8451,
	0x8451, 0x8451, 0x8451, 0x8451, 0x8451, 0x8451, 0x8451, 0x8451, 0x8451, 0x8C51, 0x8C51, 0x8C51,
	0x8C30, 0x8C30, 0x8C30, 0x8C51, 0x8451, 0x8451, 0x8451, 0x8451, 0x8451, 0x8451, 0x8451, 0x8451,
	0x8451, 0x8451, 0x8451, 0x8451, 0x8451, 0x8451, 0x8451, 0x8451, 0x8C51, 0x8C51, 0x8451, 0x8451,
	0x8C51, 0x8C51, 0x8451, 0x8451, 0x8C51, 0x8C51, 0x8451, 0x8471, 0x8471, 0x8471, 0x8471, 0x8451,
	0x8451, 0x8471, 0x8C71, 0x8471, 0x8451, 0x7C51, 0x8450, 0x8452, 0x7C33, 0x744C, 0x7C62, 0xA4C1,
	0xE4E7, 0xCC27, 0x8341, 0x52C0, 0x8A2A, 0x8B07, 0x8423, 0x7BE0, 0x6A40, 0x61C2, 0x6AAA, 0x6B4D,
	0x6B2D, 0x6B4C, 0x6B8E, 0x6BCF, 0x73CF, 0x73CF, 0x7C10, 0x8410, 0x8410, 0x83EF, 0x83EF, 0x7BEF,
	0x7C10, 0x8410, 0x7C10, 0x7C10, 0x7C10, 0x7C10, 0x7C10, 0x7C10, 0x7C10, 0x7C30, 0x7C30, 0x7C10,
	0x8410, 0x8410, 0x8410, 0x7C10, 0x7C10, 0x7C10, 0x7C10, 0x7C10, 0x7C10, 0x7C10, 0x7C10, 0x7C10,
	0x7C10, 0x7C10, 0x7C10, 0x7C10, 0x7C10, 0x7C10, 0x7C10, 0x7C10, 0x7C10, 0x7C10, 0x7C10, 0x7C10,
	0x7C10, 0x7C10, 0x7C10, 0x7C10, 0x7C10, 0x7C10, 0x7C10, 0x7C10, 0x7C10, 0x7C10, 0x7C10, 0x8410,
	0x8410, 0x7C10, 0x7C10, 0x7C10, 0x7C10, 0x7C10, 0x7C10, 0x7C10, 0x7C10, 0x7C10, 0x7C10, 0x7C10,
	0x7C10, 0x8410, 0x7C10, 0x7C10, 0x7C10, 0x8410, 0x7C10, 0x7C10, 0x8410, 0x8410, 0x7C10, 0x7C10,
	0x7C10, 0x7C10, 0x8410, 0x7C10, 0x7C10, 0x7C10, 0x8410, 0x7C10, 0x7C10, 0x7C10, 0x7C10, 0x7C10,
	0x7410, 0x7410, 0x7410, 0x7BEF, 0x7BCF, 0x7BCF, 0x83EF, 0x8410, 0x8410, 0x8410, 0x7BEF, 0x738E,
	0x6B2C, 0x6AEB, 0x62EB, 0x6B2D, 0x734E, 0x62E9, 0x5221, 0x8281, 0xDBE9, 0xCBEA, 0x6AA4, 0x31E1,
	0x5A0A, 0x5268, 0x4AC5, 0x61E0, 0x8880, 0x90C2, 0x7ACB, 0x6BEF, 0x73CF, 0x738E, 0x6BEF, 0x6410,
	0x6C30, 0x7C92, 0x94F3, 0x9D34, 0x9D34, 0x9CF3, 0x9CD3, 0x94D3, 0x94F3, 0x9514, 0x9514, 0x9514,
	0x9514, 0x9514, 0x9514, 0x9514, 0x9514, 0x9514, 0x9514, 0x9514, 0x9514, 0x9514, 0x9514, 0x9514,
	0x9514, 0x9514, 0x9514, 0x9514, 0x9514, 0x9514, 0x9514, 0x9514, 0x9514, 0x9514, 0x9514, 0x9514,
	0x9514, 0x9514, 0x9514, 0x9514, 0x9514, 0x9514, 0x9514, 0x9514, 0x9514, 0x9514, 0x9514, 0x9514,
	0x9514, 0x9514, 0x9514, 0x9514, 0x9514, 0x9514, 0x9514, 0x9514, 0x9514, 0x9514, 0x9514, 0x9514,
	0x9514, 0x9514, 0x9514, 0x9514, 0x9514, 0x9514, 0x9514, 0x9514, 0x9514, 0x9514, 0x9514, 0x9514,
	0x9514, 0x9514, 0x9514, 0x9514, 0x9514, 0x9514, 0x9514, 0x9514, 0x9514, 0x9514, 0x9514, 0x9514,
	0x9514, 0x9514, 0x9514, 0x9514, 0x8D14, 0x8D14, 0x8D14, 0x8D14, 0x8514, 0x8514, 0x8514, 0x8CF3,
	0x94B2, 0x94B2, 0x9CF3, 0x9D34, 0x9D34, 0x94F3, 0x8C92, 0x7BEF, 0x736D, 0x6B0C, 0x6B2C, 0x73AE,
	0x7C10, 0x6ACB, 0x48C2, 0x70E0, 0xBB07, 0xAB8A, 0x5226, 0x1923, 0x3A49, 0x4228, 0x51A5, 0x78A0,
	0x9800, 0xA083, 0x8B2D, 0x7CB2, 0x7C51, 0x83CF, 0x9B8E, 0x9B2C, 0x8ACB, 0x82EB, 0x836D, 0x83AE,
	0x838E, 0x83AE, 0x8430, 0x8C30, 0x8BCF, 0x938E, 0x938E, 0x938E, 0x938E, 0x938E, 0x938E, 0x938E,
	0x938E, 0x938E, 0x938E, 0x938E, 0x938E, 0x938E, 0x938E, 0x938E, 0x938E, 0x938E, 0x938E, 0x938E,
	0x938E, 0x938E, 0x938E, 0x938E, 0x938E, 0x938E, 0x938E, 0x938E, 0x938E, 0x938E, 0x938E, 0x938E,
	0x938E, 0x938E, 0x938E, 0x938E, 0x938E, 0x938E, 0x938E, 0x938E, 0x938E, 0x938E, 0x938E, 0x938E,
	0x938E, 0x938E, 0x938E, 0x938E, 0x938E, 0x938E, 0x938E, 0x938E, 0x938E, 0x938E, 0x938E, 0x938E,
	0x938E, 0x938E, 0x938E, 0x938E, 0x938E, 0x938E, 0x938E, 0x938E, 0x938E, 0x938E, 0x938E, 0x938E,
	0x938E, 0x938E, 0x938E, 0x938E, 0x938E, 0x938E, 0x938E, 0x938E, 0x938E, 0x8B8E, 0x8B8E, 0x938E,
	0x9B8E, 0x9B8E, 0x9B8E, 0xA38E, 0xB38E, 0xB38E, 0xB38E, 0xABCF, 0x9C92, 0x8C92, 0x83CF, 0x838E,
	0x83AE, 0x7B6D, 0x730C, 0x6AEB, 0x636D, 0x7410, 0x8C71, 0x94D2, 0x8C92, 0x6ACB, 0x5042, 0x6000,
	0x89E3, 0x7286, 0x39A6, 0x1905, 0x326A, 0x51E7, 0x88E3, 0xA000, 0x8800, 0x80E4, 0x938E, 0x8D14,
	0x7492, 0x934D, 0xD249, 0xE924, 0xB861, 0x7820, 0x5061, 0x4082, 0x4082, 0x4924, 0x528A, 0x628A,
	0x6924, 0x7061, 0x7061, 0x7082, 0x7082, 0x7061, 0x7061, 0x7061, 0x7061, 0x7061, 0x7061, 0x7061,
	0x7061, 0x7061, 0x7061, 0x7061, 0x7061, 0x7061, 0x7061, 0x7061, 0x7061, 0x7061, 0x7061, 0x7061,
	0x7061, 0x7061, 0x7061, 0x7061, 0x7061, 0x7061, 0x7061, 0x7061, 0x7061, 0x7061, 0x7061, 0x7061,
	0x7061, 0x7061, 0x7061, 0x7061, 0x7061, 0x7061, 0x7061, 0x7061, 0x7061, 0x7061, 0x7061, 0x7061,
	0x7061, 0x7061, 0x7061, 0x7061, 0x7061, 0x7061, 0x7061, 0x7061, 0x7061, 0x7061, 0x7061, 0x7061,
	0x7061, 0x7061, 0x7061, 0x7061, 0x7061, 0x7061, 0x7061, 0x7061, 0x7061, 0x7061, 0x7061, 0x7061,
	0x7061, 0x7061, 0x7061, 0x7061, 0x7061, 0x7061, 0x6861, 0x7861, 0x9861, 0xA061, 0xA061, 0xB882,
	0xE082, 0xF061, 0xE861, 0xC165, 0x938E, 0x6B8E, 0x4965, 0x4082, 0x4082, 0x4861, 0x4061, 0x4904,
	0x5B0C, 0x84F3, 0xB5D7, 0xB5B6, 0x8C92, 0x628A, 0x5062, 0x5000, 0x5060, 0x48E3, 0x3145, 0x2166,
	0x328A, 0x69C7, 0xB0A2, 0xC800, 0x9000, 0x7924, 0x9BEF, 0x9575, 0x74B2, 0x92CB, 0xE104, 0xF841,
	0xC882, 0x88E3, 0x58C3, 0x40A2, 0x48A2, 0x5145, 0x5ACB, 0x6ACB, 0x7145, 0x78A2, 0x78A2, 0x78C3,
	0x78A2, 0x78A2, 0x78A2, 0x78A2, 0x78A2, 0x78A2, 0x78A2, 0x78A2, 0x78A2, 0x78A2, 0x78A2, 0x78A2,
	0x78A2, 0x78A2, 0x78A2, 0x78A2, 0x78A2, 0x78A2, 0x78A2, 0x78A2, 0x78A2, 0x78A2, 0x78A2, 0x78A2,
	0x78A2, 0x78A2, 0x78A2, 0x78A2, 0x78A2, 0x78A2, 0x78A2, 0x78A2, 0x78A2, 0x78A2, 0x78A2, 0x78A2,
	0x78A2, 0x78A2, 0x78A2, 0x78A2, 0x78A2, 0x78A2, 0x78A2, 0x78A2, 0x78A2, 0x78A2, 0x78A2, 0x78A2,
	0x78A2, 0x78A2, 0x78A2, 0x78A2, 0x78A2, 0x78A2, 0x78A2, 0x78A2, 0x78A2, 0x78A2, 0x78A2, 0x78A2,
	0x78A2, 0x78A2, 0x78A2, 0x78A2, 0x78A2, 0x78A2, 0x78A2, 0x78A2, 0x78A2, 0x78A2, 0x78A2, 0x78A2,
	0x78A2, 0x70A2, 0x70A2, 0x80A2, 0x98A2, 0xA8A2, 0xA8A2, 0xC0A2, 0xE8C3, 0xF8A2, 0xE8A2, 0xC9A6,
	0x9BCF, 0x73CF, 0x51A6, 0x48A2, 0x50A2, 0x48A2, 0x4082, 0x50E3, 0x8269, 0xB451, 0xC596, 0xADB6,
	0x8471, 0x6269, 0x58C2, 0x5000, 0x3800, 0x3021, 0x2904, 0x29A6, 0x328A, 0x61C7, 0xA8A2, 0xC800,
	0xA800, 0x9945, 0xAC30, 0x9DB6, 0x7CF3, 0x8269, 0xB041, 0xC882, 0xC32C, 0xACD3, 0x9C92, 0x9410,
	0x9430, 0x9C71, 0x9CD3, 0x9CD3, 0xA471, 0xA430, 0xA430, 0xA430, 0xA430, 0xA430, 0xA430, 0xA430,
	0xA430, 0xA430, 0xA430, 0xA430, 0xA430, 0xA430, 0xA430, 0xA430, 0xA430, 0xA430, 0xA430, 0xA430,
	0xA430, 0xA430, 0xA430, 0xA430, 0xA430, 0xA430, 0xA430, 0xA430, 0xA430, 0xA430, 0xA430, 0xA430,
	0xA430, 0xA430, 0xA430, 0xA430, 0xA430, 0xA430, 0xA430, 0xA430, 0xA430, 0xA430, 0xA430, 0xA430,
	0xA430, 0xA430, 0xA430, 0xA430, 0xA430, 0xA430, 0xA430, 0xA430, 0xA430, 0xA430, 0xA430, 0xA430,
	0xA430, 0xA430, 0xA430, 0xA430, 0xA430, 0xA430, 0xA430, 0xA430, 0xA430, 0xA430, 0xA430, 0xA430,
	0xA430, 0xA430, 0xA430, 0xA430, 0xA430, 0xA430, 0xA430, 0xA430, 0xA430, 0xA430, 0xA430, 0xAC30,
	0xB430, 0xB430, 0xB430, 0xBC30, 0xC430, 0xCC30, 0xCC30, 0xBC92, 0xAD34, 0xA534, 0x9C71, 0x9C51,
	0x9C30, 0x8C30, 0x73CF, 0x92AA, 0xD1A6, 0xE228, 0xABCF, 0x7CD3, 0x7430, 0x6A8A, 0x60C2, 0x5000,
	0x4000, 0x3041, 0x2904, 0x2986, 0x3A8A, 0x59C7, 0x90A2, 0xB800, 0xA000, 0xA124, 0xAC30, 0xA5F7,
	0x8D55, 0x7A8A, 0x7800, 0x88E3, 0xACD3, 0xBF3C, 0xC6DB, 0xC659, 0xC679, 0xC659, 0xC618, 0xC618,
	0xBE59, 0xBE79, 0xBE79, 0xBE79, 0xBE79, 0xBE79, 0xBE79, 0xBE79, 0xBE79, 0xBE79, 0xBE79, 0xBE79,
	0xBE79, 0xBE79, 0xBE79, 0xBE79, 0xBE79, 0xBE79, 0xBE79, 0xBE79, 0xBE79, 0xBE79, 0xBE79, 0xBE79,
	0xBE79, 0xBE79, 0xBE79, 0xBE79, 0xBE79, 0xBE79, 0xBE79, 0xBE79, 0xBE79, 0xBE79, 0xBE79, 0xBE79,
	0xBE79, 0xBE79, 0xBE79, 0xBE79, 0xBE79, 0xBE79, 0xBE79, 0xBE79, 0xBE79, 0xBE79, 0xBE79, 0xBE79,
	0xBE79, 0xBE79, 0xBE79, 0xBE79, 0xBE79, 0xBE79, 0xBE79, 0xBE79, 0xBE79, 0xBE79, 0xBE79, 0xBE79,
	0xBE79, 0xBE79, 0xBE79, 0xBE79, 0xBE79, 0xBE79, 0xBE79, 0xBE79, 0xBE79, 0xBE79, 0xBE79, 0xBE79,
	0xBE79, 0xBE79, 0xBE79, 0xBE79, 0xBE79, 0xBE79, 0xBE79, 0xBE79, 0xBE79, 0xB679, 0xB679, 0xB679,
	0xAE79, 0xAE79, 0xAE79, 0xB659, 0xBDF7, 0xC5F7, 0xC659, 0xC679, 0xCE59, 0xBEBA, 0xAE9A, 0xCC92,
	0xF945, 0xE082, 0x9269, 0x6430, 0x6C30, 0x72AA, 0x58A2, 0x5000, 0x4800, 0x3881, 0x3124, 0x2986,
	0x3A8A, 0x51C7, 0x7882, 0x9000, 0x7800, 0x8124, 0xA451, 0xB638, 0xA5B6, 0x7AEB, 0x5041, 0x58E3,
	0x9C92, 0xC6DB, 0xC679, 0xBDF7, 0xBE18, 0xBE18, 0xBDF7, 0xBDF7, 0xBE18, 0xBE18, 0xBE18, 0xBE18,
	0xBE18, 0xBE18, 0xBE18, 0xBE18, 0xBE18, 0xBE18, 0xBE18, 0xBE18, 0xBE18, 0xBE18, 0xBE18, 0xBE18,
	0xBE18, 0xBE18, 0xBE18, 0xBE18, 0xBE18, 0xBE18, 0xBE18, 0xBE18, 0xBE18, 0xBE18, 0xBE18, 0xBE18,
	0xBE18, 0xBE18, 0xBE18, 0xBE18, 0xBE18, 0xBE18, 0xBE18, 0xBE18, 0xBE18, 0xBE18, 0xBE18, 0xBE18,
	0xBE18, 0xBE18, 0xBE18, 0xBE18, 0xBE18, 0xBE18, 0xBE18, 0xBE18, 0xBE18, 0xBE18, 0xBE18, 0xBE18,
	0xBE18, 0xBE18, 0xBE18, 0xBE18, 0xBE18, 0xBE18, 0xBE18, 0xBE18, 0xBE18, 0xBE18, 0xBE18, 0xBE18,
	0xBE18, 0xBE18, 0xBE18, 0xBE18, 0xBE18, 0xBE18, 0xBE18, 0xBE18, 0xBE18, 0xBE18, 0xBE18, 0xBE18,
	0xBE18, 0xBE18, 0xBE18, 0xBE18, 0xBE18, 0xB618, 0xB618, 0xB618, 0xB618, 0xB618, 0xB618, 0xB618,
	0xBDD7, 0xBDD7, 0xBE18, 0xBE18, 0xBDD7, 0xC6BA, 0xCF5D, 0xDD34, 0xD124, 0xB000, 0x7A28, 0x6C51,
	0x7451, 0x72EB, 0x50A2, 0x4000, 0x4000, 0x4061, 0x3124, 0x2986, 0x4269, 0x51E7, 0x6924, 0x6061,
	0x4820, 0x6165, 0xA492, 0xC69A, 0xBE38, 0x7B4D, 0x3841, 0x4882, 0x9410, 0xC659, 0xBDF7, 0xAD75,
	0xB596, 0xB596, 0xB596, 0xB596, 0xB596, 0xB596, 0xB596, 0xB596, 0xB596, 0xB596, 0xB596, 0xB596,
	0xB596, 0xB596, 0xB596, 0xB596, 0xB596, 0xB596, 0xB596, 0xB596, 0xB596, 0xB596, 0xB596, 0xB596,
	0xB596, 0xB596, 0xB596, 0xB596, 0xB596, 0xB596, 0xB596, 0xB596, 0xB596, 0xB596, 0xB596, 0xB596,
	0xB596, 0xB596, 0xB596, 0xB596, 0xB596, 0xB596, 0xB596, 0xB596, 0xB596, 0xB596, 0xB596, 0xB596,
	0xB596, 0xB596, 0xB596, 0xB576, 0xB576, 0xB576, 0xB576, 0xB576, 0xB576, 0xB576, 0xB576, 0xB576,
	0xB576, 0xB576, 0xB576, 0xB576, 0xB576, 0xB596, 0xB596, 0xB596, 0xB596, 0xB596, 0xB596, 0xB596,
	0xB596, 0xB596, 0xB596, 0xB596, 0xB596, 0xB596, 0xB596, 0xB596, 0xB596, 0xB596, 0xB596, 0xB596,
	0xB596, 0xB596, 0xB596, 0xB596, 0xBD96, 0xBD96, 0xBD96, 0xB596, 0xB5B6, 0xB5B6, 0xB596, 0xB575,
	0xAD55, 0xBE18, 0xC6BA, 0xBC92, 0x90C3, 0x7000, 0x6A49, 0x7C92, 0x84B2, 0x732C, 0x4104, 0x3020,
	0x3020, 0x3882, 0x3124, 0x2986, 0x4A28, 0x5228, 0x5A08, 0x4165, 0x28A2, 0x5208, 0xAD14, 0xDF1C,
	0xC69A, 0x7B6D, 0x3800, 0x4861, 0x9410, 0xC679, 0xBE18, 0xB575, 0xB5B6, 0xB5B6, 0xB5B6, 0xB5B6,
	0xB5B6, 0xB5B6, 0xB5B6, 0xB5B6, 0xB5B6, 0xB5B6, 0xB5B6, 0xB5B6, 0xB5B6, 0xB5B6, 0xB5B6, 0xB5B6,
	0xB5B6, 0xB5B6, 0xB5B6, 0xB5B6, 0xB5B6, 0xB5B6, 0xB5B6, 0xB5B6, 0xB5B6, 0xB5B6, 0xB5B6, 0xB5B6,
	0xB5B6, 0xB5B6, 0xB5B6, 0xB5B6, 0xB5B6, 0xB5B6, 0xB5B6, 0xB5B6, 0xB5B6, 0xB5B6, 0xB5B6, 0xB5B6,
	0xB5B6, 0xB5B6, 0xB5B6, 0xB5B6, 0xB5B6, 0xB5B6, 0xB5B6, 0xB5B6, 0xB5B6, 0xB5B6, 0xB5B6, 0xB596,
	0xB597, 0xB597, 0xB597, 0xAD97, 0xAD97, 0xAD97, 0xAD97, 0xAD97, 0xB597, 0xB597, 0xB597, 0xB596,
	0xB596, 0xB5B6, 0xB5B6, 0xBDB6, 0xB5B6, 0xB5B6, 0xB5B6, 0xB5B6, 0xB5B6, 0xB5B6, 0xB5B6, 0xB5B6,
	0xB5B6, 0xB5B6, 0xB5B6, 0xB5B6, 0xB5B6, 0xB5B6, 0xB5B6, 0xB5B6, 0xB5B6, 0xB5B6, 0xB5B6, 0xB5B6,
	0xB5B6, 0xB5B6, 0xB5B6, 0xB5B6, 0xB5B6, 0xB5B6, 0xB5B6, 0xB5B6, 0xB596, 0xB5D7, 0xA575, 0x7B2C,
	0x5020, 0x4800, 0x6269, 0x8CB2, 0x9D14, 0x7BAE, 0x3986, 0x1861, 0x1882, 0x28E3, 0x3145, 0x3165,
	0x4269, 0x428A, 0x42AA, 0x21E7, 0x1124, 0x42AA, 0xAD96, 0xE73C, 0xCE9A, 0x83CF, 0x4904, 0x5145,
	0x9C71, 0xC659, 0xBE18, 0xB596, 0xB5B6, 0xB5B6, 0xB5B6, 0xB5B6, 0xB5B6, 0xB5B6, 0xB5B6, 0xB5B6,
	0xB5B6, 0xB5B6, 0xB5B6, 0xB5B6, 0xB5B6, 0xB5B6, 0xB5B6, 0xB5B6, 0xB5B6, 0xB5B6, 0xB5B6, 0xB5B6,
	0xB5B6, 0xB5B6, 0xB5B6, 0xB5B6, 0xB5B6, 0xB5B6, 0xB5B6, 0xB5B6, 0xB5B6, 0xB5B6, 0xB5B6, 0xB5B6,
	0xB5B6, 0xB5B6, 0xB5B6, 0xB5B6, 0xB5B6, 0xB5B6, 0xB5B6, 0xB5B6, 0xB5B6, 0xB5B6, 0xB5B6, 0xB5B6,
	0xB5B6, 0xB5B6, 0xB5B7, 0xB5B7, 0xB5B7, 0xB5B7, 0xBDD6, 0xBDD6, 0xBDD5, 0xC5F5, 0xC5F5, 0xC5F5,
	0xC5F4, 0xC5F4, 0xC5F4, 0xC5F4, 0xC5F5, 0xC5F5, 0xBDD5, 0xBDD6, 0xBDD6, 0xB5B6, 0xB5B7, 0xB5B7,
	0xB5B7, 0xB5B6, 0xB5B6, 0xB5B6, 0xB5B6, 0xB5B6, 0xB5B6, 0xB5B6, 0xB5B6, 0xB5B6, 0xB5B6, 0xB5B6,
	0xB5B6, 0xB5B6, 0xB5B6, 0xB5B6, 0xB5B6, 0xB5B6, 0xB5B6, 0xB5B6, 0xB5B6, 0xB5B6, 0xB5B6, 0xB5B6,
	0xB5B6, 0xB5B6, 0xB5B6, 0xBDD7, 0xBDD7, 0xAD75, 0x8430, 0x5269, 0x38C3, 0x4124, 0x6AEB, 0x94D3,
	0xAD55, 0x8430, 0x31E7, 0x08A2, 0x10E3, 0x2165, 0x2165, 0x2186, 0x42EB, 0x3ACB, 0x3269, 0x11A6,
	0x0945, 0x4AEB, 0xADB6, 0xE71C, 0xCE79, 0x8C51, 0x5A8A, 0x62CB, 0x9CD3, 0xC638, 0xBDF7, 0xB596,
	0xB5B6, 0xB5B6, 0xB5B6, 0xB5B6, 0xB5B6, 0xB5B6, 0xB5B6, 0xB5B6, 0xB5B6, 0xB5B6, 0xB5B6, 0xB5B6,
	0xB5B6, 0xB5B6, 0xB5B6, 0xB5B6, 0xB5B6, 0xB5B6, 0xB5B6, 0xB5B6, 0xB5B6, 0xB5B6, 0xB5B6, 0xB5B6,
	0xB5B6, 0xB5B6, 0xB5B6, 0xB5B6, 0xB5B6, 0xB5B6, 0xB5B6, 0xB5B6, 0xB5B6, 0xB5B6, 0xB5B6, 0xB5B6,
	0xB5B6, 0xB5B6, 0xB5B6, 0xB5B6, 0xB5B6, 0xB5B6, 0xB5B6, 0xB5B6, 0xB5B6, 0xB5B6, 0xB5B7, 0xB597,
	0xB5B7, 0xBDD6, 0xC615, 0xD634, 0xDE52, 0xDE71, 0xE690, 0xEEB0, 0xEEAF, 0xEEAF, 0xEEAF, 0xEEAF,
	0xE690, 0xE691, 0xDE72, 0xD653, 0xCE14, 0xC5F6, 0xB5B7, 0xAD97, 0xB597, 0xB5B6, 0xB5B6, 0xBDB6,
	0xB5B6, 0xB5B6, 0xB5B6, 0xB5B6, 0xB5B6, 0xB5B6, 0xB5B6, 0xB5B6, 0xB5B6, 0xB5B6, 0xB5B6, 0xB5B6,
	0xB5B6, 0xB5B6, 0xB5B6, 0xB5B6, 0xB5B6, 0xB5B6, 0xB5B6, 0xB5B6, 0xB5B6, 0xB5B6, 0xB5B6, 0xBDD7,
	0xBDF7, 0xA534, 0x73AE, 0x528A, 0x4228, 0x52AA, 0x73AE, 0x9CF3, 0xB596, 0x8C71, 0x3208, 0x08A2,
	0x1924, 0x21A6, 0x1986, 0x1986, 0x7A49, 0x71E7, 0x6186, 0x50E3, 0x50E3, 0x7A69, 0xB534, 0xDEFB,
	0xD6BA, 0x9CB2, 0x5AAA, 0x5AAA, 0x9CD3, 0xC638, 0xBDF7, 0xB596, 0xB5B6, 0xB5B6, 0xB5B6, 0xB5B6,
	0xB5B6, 0xB5B6, 0xB5B6, 0xB5B6, 0xB5B6, 0xB5B6, 0xB5B6, 0xB5B6, 0xB5B6, 0xB5B6, 0xB5B6, 0xB5B6,
	0xB5B6, 0xB5B6, 0xB5B6, 0xB5B6, 0xB5B6, 0xB5B6, 0xB5B6, 0xB5B6, 0xB5B6, 0xB5B6, 0xB5B6, 0xB5B6,
	0xB5B6, 0xB5B6, 0xB5B6, 0xB5B6, 0xB5B6, 0xB5B6, 0xB5B6, 0xB5B6, 0xB5B6, 0xB5B6, 0xB5B6, 0xB5B6,
	0xB5B6, 0xB5B6, 0xB5B7, 0xB5B7, 0xB5B7, 0xBDD6, 0xBDD6, 0xC5F5, 0xCE14, 0xD633, 0xDE71, 0xEEB0,
	0xF6CF, 0xF6EE, 0xFF0D, 0xFF0C, 0xFF2C, 0xFF2B, 0xFF2B, 0xFF0C, 0xFF0D, 0xFEEE, 0xF6CF, 0xEEB0,
	0xE691, 0xD652, 0xCE14, 0xC5F5, 0xBDD5, 0xBDD6, 0xB5B7, 0xB5B7, 0xB5B7, 0xB5B6, 0xB5B6, 0xB5B6,
	0xB5B6, 0xB5B6, 0xB5B6, 0xB5B6, 0xB5B6, 0xB5B6, 0xB5B6, 0xB5B6, 0xB5B6, 0xB5B6, 0xB5B6, 0xB5B6,
	0xB5B6, 0xB5B6, 0xB5B6, 0xB5B6, 0xB5B6, 0xB5B6, 0xB5B6, 0xBDD7, 0xBDF7, 0xA555, 0x7BEF, 0x5AAA,
	0x4A28, 0x5AAA, 0x7BCF, 0xA534, 0xB5B6, 0x8C51, 0x49A6, 0x1861, 0x28C3, 0x4145, 0x4924, 0x5104,
	0xD0A2, 0xC882, 0xC082, 0xB841, 0xB841, 0xB965, 0xB471, 0xC6DB, 0xDF5D, 0xACD3, 0x5165, 0x4924,
	0x9451, 0xC679, 0xBE18, 0xB596, 0xB5B6, 0xB5B6, 0xB5B6, 0xB5B6, 0xB5B6, 0xB5B6, 0xB5B6, 0xB5B6,
	0xB5B6, 0xB5B6, 0xB5B6, 0xB5B6, 0xB5B6, 0xB5B6, 0xB5B6, 0xB5B6, 0xB5B6, 0xB5B6, 0xB5B6, 0xB5B6,
	0xB5B6, 0xB5B6, 0xB5B6, 0xB5B6, 0xB5B6, 0xB5B6, 0xB5B6, 0xB5B6, 0xB5B6, 0xB5B6, 0xB5B6, 0xB5B6,
	0xB5B6, 0xB5B6, 0xB5B6, 0xB5B6, 0xB5B6, 0xB5B6, 0xB5B6, 0xB5B6, 0xBDB6, 0xB5B6, 0xB5B7, 0xB5B7,
	0xBDD6, 0xC615, 0xD653, 0xE691, 0xEECE, 0xF6ED, 0xF6ED, 0xFF0D, 0xFF0C, 0xFF0C, 0xFF2B, 0xFF2B,
	0xFF2B, 0xFF2B, 0xFF2B, 0xFF2B, 0xFF2B, 0xFF0C, 0xFF0C, 0xFF0C, 0xFEED, 0xF6ED, 0xEECE, 0xE6B0,
	0xDE72, 0xCE14, 0xBDD6, 0xB597, 0xB597, 0xB5B6, 0xB5B6, 0xBDB6, 0xB5B6, 0xB5B6, 0xB5B6, 0xB5B6,
	0xB5B6, 0xB5B6, 0xB5B6, 0xB5B6, 0xB5B6, 0xB5B6, 0xB5B6, 0xB5B6, 0xB5B6, 0xB5B6, 0xB5B6, 0xB5B6,
	0xB5B6, 0xB5B6, 0xB5B6, 0xBDD7, 0xBDD7, 0xAD75, 0x8C92, 0x62AA, 0x40C3, 0x5124, 0x7B6D, 0xA596,
	0xB5F7, 0x9430, 0x6145, 0x3820, 0x3820, 0x6861, 0xA041, 0xC041, 0xF000, 0xE800, 0xD800, 0xD000,
	0xD000, 0xC8E3, 0xB410, 0xBEDB, 0xDF9E, 0xB4B2, 0x5882, 0x4820, 0x9410, 0xC69A, 0xBE38, 0xB596,
	0xB5B6, 0xB5B6, 0xB5B6, 0xB5B6, 0xB5B6, 0xB5B6, 0xB5B6, 0xB5B6, 0xB5B6, 0xB5B6, 0xB5B6, 0xB5B6,
	0xB5B6, 0xB5B6, 0xB5B6, 0xB5B6, 0xB5B6, 0xB5B6, 0xB5B6, 0xB5B6, 0xB5B6, 0xB5B6, 0xB5B6, 0xB5B6,
	0xB5B6, 0xB5B6, 0xB5B6, 0xB5B6, 0xB5B6, 0xB5B6, 0xB5B6, 0xB5B6, 0xB5B6, 0xB5B6, 0xB5B6, 0xB5B6,
	0xB5B6, 0xB5B6, 0xB5B6, 0xB5B7, 0xB5B7, 0xB5B7, 0xBDD6, 0xC5F5, 0xCE33, 0xDE72, 0xEECF, 0xFF0D,
	0xFF2B, 0xFF2A, 0xFF2A, 0xFF2B, 0xFF2B, 0xFF0B, 0xFF0B, 0xFF0B, 0xFF0B, 0xFF0B, 0xFF0B, 0xFF0B,
	0xFF0B, 0xFF0B, 0xFF2B, 0xFF2B, 0xFF2B, 0xFF2A, 0xFF2B, 0xFF0C, 0xF6CF, 0xE691, 0xD633, 0xC5F4,
	0xBDD6, 0xB5B6, 0xB5B7, 0xB5B7, 0xB5B6, 0xB5B6, 0xB5B6, 0xB5B6, 0xB5B6, 0xB5B6, 0xB5B6, 0xB5B6,
	0xB5B6, 0xB5B6, 0xB5B6, 0xB5B6, 0xB5B6, 0xB5B6, 0xB5B6, 0xB5B6, 0xB5B6, 0xB5B6, 0xB5B6, 0xBDD7,
	0xBDB6, 0xADB6, 0x94F3, 0x628A, 0x3800, 0x4841, 0x834D, 0xB5F7, 0xB638, 0x9C10, 0x7104, 0x4800,
	0x4000, 0x8000, 0xC000, 0xF000, 0xC800, 0xC000, 0xA800, 0x9800, 0x9800, 0xA104, 0xAC10, 0xC6DB,
	0xDF9E, 0xB4B2, 0x68A2, 0x6041, 0x9C10, 0xC69A, 0xBE18, 0xB596, 0xB5B6, 0xB5B6, 0xB5B6, 0xB5B6,
	0xB5B6, 0xB5B6, 0xB5B6, 0xB5B6, 0xB5B6, 0xB5B6, 0xB5B6, 0xB5B6, 0xB5B6, 0xB5B6, 0xB5B6, 0xB5B6,
	0xB5B6, 0xB5B6, 0xB5B6, 0xB5B6, 0xB5B6, 0xB5B6, 0xB5B6, 0xB5B6, 0xB5B6, 0xB5B6, 0xB5B6, 0xB5B6,
	0xB5B6, 0xB5B6, 0xB5B6, 0xB5B6, 0xB5B6, 0xB5B6, 0xB5B6, 0xB5B6, 0xB5B6, 0xB5B6, 0xBDD6, 0xB5B7,
	0xB597, 0xBDD6, 0xCE34, 0xE691, 0xF6CE, 0xF6ED, 0xFF0C, 0xFF0C, 0xFF2B, 0xFF2B, 0xFF2B, 0xFF2B,
	0xFF2B, 0xFF0B, 0xFF0B, 0xFF0B, 0xFF0B, 0xFF0B, 0xFF0B, 0xFF0B, 0xFF0B, 0xFF0B, 0xFF2B, 0xFF2B,
	0xFF2B, 0xFF2B, 0xFF2B, 0xFF2B, 0xFF0C, 0xFF0D, 0xF6CD, 0xE690, 0xD633, 0xC5F6, 0xB5B7, 0xB597,
	0xB5B6, 0xBDD6, 0xB5B6, 0xB5B6, 0xB5B6, 0xB5B6, 0xB5B6, 0xB5B6, 0xB5B6, 0xB5B6, 0xB5B6, 0xB5B6,
	0xB5B6, 0xB5B6, 0xB5B6, 0xB5B6, 0xB5B6, 0xB5B6, 0xB5B6, 0xBDD7, 0xBDD7, 0xAD96, 0x94D3, 0x628A,
	0x3800, 0x4882, 0x838E, 0xBE59, 0xBE79, 0x9C51, 0x7104, 0x4800, 0x4000, 0x7800, 0xB000, 0xD000,
	0xA000, 0x9800, 0x8820, 0x7800, 0x7000, 0x8124, 0xA430, 0xC6DB, 0xDF9E, 0xBCD3, 0x90C3, 0x8082,
	0xA430, 0xBE79, 0xBE18, 0xB596, 0xB5B6, 0xB5B6, 0xB5B6, 0xB5B6, 0xB5B6, 0xB5B6, 0xB5B6, 0xB5B6,
	0xB5B6, 0xB5B6, 0xB5B6, 0xB5B6, 0xB5B6, 0xB5B6, 0xB5B6, 0xB5B6, 0xB5B6, 0xB5B6, 0xB5B6, 0xB5B6,
	0xB5B6, 0xB5B6, 0xB5B6, 0xB5B6, 0xB5B6, 0xB5B6, 0xB5B6, 0xB5B6, 0xB5B6, 0xB5B6, 0xB5B6, 0xB5B6,
	0xB5B6, 0xB5B6, 0xB5B6, 0xB5B6, 0xB5B6, 0xB5B7, 0xB5B7, 0xB5B6, 0xBDD5, 0xCE33, 0xE690, 0xFEED,
	0xFF2B, 0xFF2A, 0xFF2B, 0xFF0B, 0xFF0B, 0xFF0C, 0xFF0C, 0xFF0B, 0xFF0B, 0xFF0B, 0xFF0B, 0xFF0B,
	0xFF0B, 0xFF0B, 0xFF0B, 0xFF0B, 0xFF0B, 0xFF0B, 0xFF0B, 0xFF0B, 0xFF0C, 0xFF0C, 0xFF0C, 0xFF0B,
	0xFF2B, 0xFF2B, 0xFF2B, 0xFF0C, 0xEEB0, 0xD653, 0xC5F5, 0xBDD6, 0xB5B7, 0xB5B7, 0xB5B6, 0xB5B6,
	0xB5B6, 0xB5B6, 0xB5B6, 0xB5B6, 0xB5B6, 0xB5B6, 0xB5B6, 0xB5B6, 0xB5B6, 0xB5B6, 0xB5B6, 0xB5B6,
	0xB5B6, 0xB5B6, 0xB5B6, 0xBDD7, 0xBDD7, 0xADB6, 0x94F3, 0x6AAA, 0x4841, 0x58C3, 0x8BCF, 0xBE79,
	0xC69A, 0xA451, 0x6924, 0x4000, 0x4000, 0x6820, 0x9000, 0xA800, 0x8800, 0x9000, 0x9820, 0x9000,
	0x8000, 0x8104, 0xA430, 0xC6DB, 0xD79E, 0xCCD3, 0xB0C3, 0xA082, 0xB410, 0xBE79, 0xBE18, 0xB596,
	0xB5B6, 0xB5B6, 0xB5B6, 0xB5B6, 0xB5B6, 0xB5B6, 0xB5B6, 0xB5B6, 0xB5B6, 0xB5B6, 0xB5B6, 0xB5B6,
	0xB5B6, 0xB5B6, 0xB5B6, 0xB5B6, 0xB5B6, 0xB5B6, 0xB5B6, 0xB5B6, 0xB5B6, 0xB5B6, 0xB5B6, 0xB5B6,
	0xB5B6, 0xB5B6, 0xB5B6, 0xB5B6, 0xB5B6, 0xB5B6, 0xB5B6, 0xB5B6, 0xB5B6, 0xB5B6, 0xB5B6, 0xB5B6,
	0xB5B6, 0xB5B7, 0xB5B7, 0xC5F5, 0xDE71, 0xF6CE, 0xFF0D, 0xFF0C, 0xFF2B, 0xFF2B, 0xFF2B, 0xFF0B,
	0xFF0B, 0xFF0B, 0xFF0B, 0xFF0B, 0xFF0B, 0xFF0B, 0xFF0B, 0xFF0B, 0xFF0B, 0xFF0B, 0xFF0B, 0xFF0B,
	0xFF0B, 0xFF0B, 0xFF0B, 0xFF0B, 0xFF0B, 0xFF0B, 0xFF0B, 0xFF0B, 0xFF2B, 0xFF2B, 0xFF2B, 0xFF2B,
	0xFF0C, 0xF6EE, 0xE6B0, 0xD633, 0xBDD6, 0xB5B7, 0xB5B7, 0xBDB6, 0xB5B6, 0xB5B6, 0xB5B6, 0xB5B6,
	0xB5B6, 0xB5B6, 0xB5B6, 0xB5B6, 0xB5B6, 0xB5B6, 0xB5B6, 0xB5B6, 0xB5B6, 0xB5B6, 0xB5B6, 0xBDD7,
	0xBDB6, 0xADB6, 0x9534, 0x7AEB, 0x6041, 0x70A2, 0x93AE, 0xBE79, 0xC69A, 0xA451, 0x6924, 0x4800,
	0x4800, 0x6820, 0x9000, 0xA000, 0x7000, 0x8000, 0xA020, 0xA800, 0x9000, 0x9104, 0xAC30, 0xBEDB,
	0xCF5D, 0xC492, 0xB0C3, 0xA882, 0xB410, 0xBE79, 0xB618, 0xB596, 0xB5B6, 0xB5B6, 0xB5B6, 0xB5B6,
	0xB5B6, 0xB5B6, 0xB5B6, 0xB5B6, 0xB5B6, 0xB5B6, 0xB5B6, 0xB5B6, 0xB5B6, 0xB5B6, 0xB5B6, 0xB5B6,
	0xB5B6, 0xB5B6, 0xB5B6, 0xB5B6, 0xB5B6, 0xB5B6, 0xB5B6, 0xB5B6, 0xB5B6, 0xB5B6, 0xB5B6, 0xB5B6,
	0xB5B6, 0xB5B6, 0xB5B6, 0xB5B6, 0xB5B6, 0xB5B6, 0xB5B6, 0xB5B6, 0xB5B7, 0xBDD6, 0xCE14, 0xDE71,
	0xF6EE, 0xFF2C, 0xFF2B, 0xFF0B, 0xFF0B, 0xFF0C, 0xFF0C, 0xFF0B, 0xFF0B, 0xFF0B, 0xFF0B, 0xFF0B,
	0xFF0B, 0xFF0B, 0xFF0B, 0xFF0B, 0xFF0B, 0xFF0B, 0xFF0B, 0xFF0B, 0xFF0B, 0xFF0B, 0xFF0B, 0xFF0B,
	0xFF0B, 0xFF0B, 0xFF0B, 0xFF0B, 0xFF0B, 0xFF0C, 0xFF0C, 0xFF2B, 0xFF2B, 0xFF2B, 0xFF0D, 0xEEB0,
	0xD653, 0xBDF5, 0xB5B6, 0xB5B7, 0xB5B6, 0xB5B6, 0xB5B6, 0xB5B6, 0xB5B6, 0xB5B6, 0xB5B6, 0xB5B6,
	0xB5B6, 0xB5B6, 0xB5B6, 0xB5B6, 0xB5B6, 0xB5B6, 0xB5B6, 0xBDD7, 0xBDB6, 0xADB6, 0x9D55, 0x830C,
	0x7041, 0x78A2, 0x9BAE, 0xB659, 0xBE79, 0xA451, 0x6924, 0x4800, 0x4800, 0x6820, 0x8000, 0x9800,
	0x6000, 0x7800, 0x9820, 0xA800, 0xA000, 0xA124, 0xAC51, 0xBEBA, 0xBEFB, 0xB410, 0xA082, 0xA082,
	0xB430, 0xBE79, 0xBE18, 0xB596, 0xB5B6, 0xB5B6, 0xB5B6, 0xB5B6, 0xB5B6, 0xB5B6, 0xB5B6, 0xB5B6,
	0xB5B6, 0xB5B6, 0xB5B6, 0xB5B6, 0xB5B6, 0xB5B6, 0xB5B6, 0xB5B6, 0xB5B6, 0xB5B6, 0xB5B6, 0xB5B6,
	0xB5B6, 0xB5B6, 0xB5B6, 0xB5B6, 0xB5B6, 0xB5B6, 0xB5B6, 0xB5B6, 0xB5B6, 0xB5B6, 0xB5B6, 0xB5B6,
	0xB5B6, 0xB5B6, 0xB5B6, 0xB5B6, 0xBDD6, 0xCE34, 0xEEAF, 0xF70C, 0xFF2B, 0xFF2B, 0xFF2B, 0xFF0B,
	0xFF0B, 0xFF0B, 0xFF0B, 0xFF0B, 0xFF0B, 0xFF0B, 0xFF0B, 0xFF0B, 0xFF0B, 0xFF0B, 0xFF0B, 0xFF0B,
	0xFF0B, 0xFF0B, 0xFF0B, 0xFF0B, 0xFF0B, 0xFF0B, 0xFF0B, 0xFF0B, 0xFF0B, 0xFF0B, 0xFF0B, 0xFF0B,
	0xFF0B, 0xFF0B, 0xFF0B, 0xFF0B, 0xFF2B, 0xFF2B, 0xFF2B, 0xFF0C, 0xF6CE, 0xDE72, 0xBDD5, 0xB597,
	0xB5B7, 0xBDD6, 0xB5B6, 0xB5B6, 0xB5B6, 0xB5B6, 0xB5B6, 0xB5B6, 0xB5B6, 0xB5B6, 0xB5B6, 0xB5B6,
	0xB5B6, 0xB5B6, 0xB5B6, 0xBDD7, 0xBDB6, 0xADB6, 0x9D55, 0x830C, 0x7041, 0x78A2, 0x9BAE, 0xB659,
	0xBE79, 0xA451, 0x6924, 0x4800, 0x4800, 0x6020, 0x7800, 0x8000, 0x7800, 0x8000, 0x9020, 0xA000,
	0xA000, 0xA124, 0xB451, 0xBE9A, 0xB6BA, 0xABCF, 0x9082, 0x90A2, 0xAC30, 0xBE79, 0xBE18, 0xB596,
	0xB5B6, 0xB5B6, 0xB5B6, 0xB5B6, 0xB5B6, 0xB5B6, 0xB5B6, 0xB5B6, 0xB5B6, 0xB5B6, 0xB5B6, 0xB5B6,
	0xB5B6, 0xB5B6, 0xB5B6, 0xB5B6, 0xB5B6, 0xB5B6, 0xB5B6, 0xB5B6, 0xB5B6, 0xB5B6, 0xB5B6, 0xB5B6,
	0xB5B6, 0xB5B6, 0xB5B6, 0xB5B6, 0xB5B6, 0xB5B6, 0xB5B6, 0xB5B6, 0xB5B6, 0xB5B7, 0xB5B7, 0xBDD6,
	0xCE34, 0xE6B0, 0xFF0C, 0xFF2A, 0xFF2B, 0xFF0C, 0xFF0C, 0xFF0B, 0xFF0B, 0xFF0B, 0xFF0B, 0xFF0B,
	0xFF0B, 0xFF0B, 0xFF0B, 0xFF0B, 0xFF0B, 0xFF0B, 0xFF0B, 0xFF0B, 0xFF0B, 0xFF0B, 0xFF0B, 0xFF0B,
	0xFF0B, 0xFF0B, 0xFF0B, 0xFF0B, 0xFF0B, 0xFF0B, 0xFF0B, 0xFF0B, 0xFF0B, 0xFF0B, 0xFF0B, 0xFF0B,
	0xFF0C, 0xFF0B, 0xFF0B, 0xFF2B, 0xFF2C, 0xF6CE, 0xD633, 0xBDD6, 0xB5B7, 0xB5B6, 0xB5B6, 0xB5B6,
	0xB5B6, 0xB5B6, 0xB5B6, 0xB5B6, 0xB5B6, 0xB5B6, 0xB5B6, 0xB5B6, 0xB5B6, 0xB5B6, 0xB5B6, 0xBDD7,
	0xBDB6, 0xADB6, 0x9D34, 0x7AEB, 0x6841, 0x78A2, 0x93AE, 0xB659, 0xBE79, 0xA451, 0x6924, 0x4800,
	0x4800, 0x6020, 0x7000, 0x7800, 0xA000, 0x9800, 0x9020, 0x8800, 0x8800, 0x9924, 0xAC51, 0xBE9A,
	0xBEBA, 0xA3EF, 0x8882, 0x90A2, 0xAC30, 0xBE79, 0xBE18, 0xB596, 0xB5B6, 0xB5B6, 0xB5B6, 0xB5B6,
	0xB5B6, 0xB5B6, 0xB5B6, 0xB5B6, 0xB5B6, 0xB5B6, 0xB5B6, 0xB5B6, 0xB5B6, 0xB5B6, 0xB5B6, 0xB5B6,
	0xB5B6, 0xB5B6, 0xB5B6, 0xB5B6, 0xB5B6, 0xB5B6, 0xB5B6, 0xB5B6, 0xB5B6, 0xB5B6, 0xB5B6, 0xB5B6,
	0xB5B6, 0xB5B6, 0xB5B6, 0xB5B6, 0xB5B6, 0xB5B7, 0xB5B7, 0xC614, 0xE6B0, 0xFF0C, 0xFF2B, 0xFF2B,
	0xFF2B, 0xFF0B, 0xFF0B, 0xFF0B, 0xFF0B, 0xFF0B, 0xFF0B, 0xFF0B, 0xFF0B, 0xFF0B, 0xFF0B, 0xFF0B,
	0xFF0B, 0xFF0B, 0xFF0B, 0xFF0B, 0xFF0B, 0xFF0B, 0xFF0B, 0xFF0B, 0xFF0B, 0xFF0B, 0xFF0B, 0xFF0B,
	0xFF0B, 0xFF0B, 0xFF0B, 0xFF0B, 0xFF0B, 0xFF0B, 0xFF0B, 0xFF0B, 0xFF0B, 0xFF0B, 0xFF0B, 0xFF2B,
	0xFF2B, 0xFF0C, 0xEEB0, 0xD653, 0xBDD6, 0xB597, 0xB5B7, 0xBDB6, 0xB5B6, 0xB5B6, 0xB5B6, 0xB5B6,
	0xB5B6, 0xB5B6, 0xB5B6, 0xB5B6, 0xB5B6, 0xB5B6, 0xB5B6, 0xBDD7, 0xBDB6, 0xADB6, 0x9D34, 0x7AEB,
	0x6841, 0x78A2, 0x93AE, 0xB659, 0xBE79, 0xA451, 0x6924, 0x4800, 0x4800, 0x6020, 0x7000, 0x7800,
	0xA000, 0x9800, 0x9020, 0x8000, 0x7800, 0x8124, 0xA451, 0xBE9A, 0xBEDB, 0xA3EF, 0x8082, 0x88A2,
	0xAC30, 0xBE79, 0xBE18, 0xB596, 0xB5B6, 0xB5B6, 0xB5B6, 0xB5B6, 0xB5B6, 0xB5B6, 0xB5B6, 0xB5B6,
	0xB5B6, 0xB5B6, 0xB5B6, 0xB5B6, 0xB5B6, 0xB5B6, 0xB5B6, 0xB5B6, 0xB5B6, 0xB5B6, 0xB5B6, 0xB5B6,
	0xB5B6, 0xB5B6, 0xB5B6, 0xB5B6, 0xB5B6, 0xB5B6, 0xB5B6, 0xB5B6, 0xB5B6, 0xB5B6, 0xB5B6, 0xB5B6,
	0xB5B6, 0xB5B6, 0xC5F6, 0xDE52, 0xF6ED, 0xFF2A, 0xFF2B, 0xFF0C, 0xFF0B, 0xFF0B, 0xFF0B, 0xFF0B,
	0xFF0B, 0xFF0B, 0xFF0B, 0xFF0B, 0xFF0B, 0xFF0B, 0xFF0B, 0xFF0B, 0xFF0B, 0xFF0B, 0xFF0B, 0xFF0B,
	0xFF0B, 0xFF0B, 0xFF0B, 0xFF0B, 0xFF0B, 0xFF0B, 0xFF0B, 0xFF0B, 0xFF0B, 0xFF0B, 0xFF0B, 0xFF0B,
	0xFF0B, 0xFF0B, 0xFF0B, 0xFF0B, 0xFF0B, 0xFF0B, 0xFF0C, 0xFF0B, 0xFF0B, 0xFF0B, 0xFF0D, 0xEEB0,
	0xC5F5, 0xB5B7, 0xB5B7, 0xBDB6, 0xB5B6, 0xB5B6, 0xB5B6, 0xB5B6, 0xB5B6, 0xB5B6, 0xB5B6, 0xB5B6,
	0xB5B6, 0xB5B6, 0xB5B6, 0xBDD7, 0xBDB6, 0xB5B6, 0x9D55, 0x7B0C, 0x6841, 0x78A2, 0x9BCF, 0xBE79,
	0xC69A, 0xA451, 0x6924, 0x4800, 0x4800, 0x6020, 0x7800, 0x8000, 0x7800, 0x8000, 0x9820, 0x8800,
	0x6800, 0x7124, 0x9C51, 0xC69A, 0xC6BA, 0xA3EF, 0x7882, 0x78A2, 0xA430, 0xBE79, 0xBE18, 0xB596,
	0xB5B6, 0xB5B6, 0xB5B6, 0xB5B6, 0xB5B6, 0xB5B6, 0xB5B6, 0xB5B6, 0xB5B6, 0xB5B6, 0xB5B6, 0xB5B6,
	0xB5B6, 0xB5B6, 0xB5B6, 0xB5B6, 0xB5B6, 0xB5B6, 0xB5B6, 0xB5B6, 0xB5B6, 0xB5B6, 0xB5B6, 0xB5B6,
	0xB5B6, 0xB5B6, 0xB5B6, 0xB5B6, 0xB5B6, 0xB5B6, 0xBDD6, 0xB5B6, 0xB5B7, 0xBDD6, 0xD653, 0xEEAF,
	0xFF0C, 0xFF2B, 0xFF2B, 0xFF0C, 0xFF0B, 0xFF0B, 0xFF0B, 0xFF0B, 0xFF0B, 0xFF0B, 0xFF0B, 0xFF0B,
	0xFF0B, 0xFF0B, 0xFF0B, 0xFF0B, 0xFF0B, 0xFF0B, 0xFF0B, 0xFF0B, 0xFF0B, 0xFF0B, 0xFF0B, 0xFF0B,
	0xFF0B, 0xFF0B, 0xFF0B, 0xFF0B, 0xFF0B, 0xFF0B, 0xFF0B, 0xFF0B, 0xFF0B, 0xFF0B, 0xFF0B, 0xFF0B,
	0xFF0B, 0xFF0B, 0xFF0B, 0xFF0B, 0xFF0B, 0xFF2B, 0xFF2B, 0xF6EE, 0xD653, 0xBDD6, 0xB5B6, 0xB5B6,
	0xB5B6, 0xB5B6, 0xB5B6, 0xB5B6, 0xB5B6, 0xB5B6, 0xB5B6, 0xB5B6, 0xB5B6, 0xB5B6, 0xB5B6, 0xBDB6,
	0xBDB6, 0xB5D7, 0xA575, 0x832C, 0x6841, 0x78A2, 0x9BEF, 0xC6BA, 0xC69A, 0x9C51, 0x6924, 0x4800,
	0x4800, 0x6020, 0x7800, 0x8800, 0x6000, 0x7800, 0xA820, 0xA000, 0x6800, 0x6924, 0x9C51, 0xC69A,
	0xC6BA, 0x9BEF, 0x7082, 0x70A2, 0xA430, 0xBE79, 0xBE18, 0xB596, 0xB5B6, 0xB5B6, 0xB5B6, 0xB5B6,
	0xB5B6, 0xB5B6, 0xB5B6, 0xB5B6, 0xB5B6, 0xB5B6, 0xB5B6, 0xB5B6, 0xB5B6, 0xB5B6, 0xB5B6, 0xB5B6,
	0xB5B6, 0xB5B6, 0xB5B6, 0xB5B6, 0xB5B6, 0xB5B6, 0xB5B6, 0xB5B6, 0xB5B6, 0xB5B6, 0xB5B6, 0xB5B6,
	0xB5B7, 0xB5B7, 0xB5B6, 0xB597, 0xB597, 0xC5F5, 0xE690, 0xFF0D, 0xFF0C, 0xFF0B, 0xFF0B, 0xFF0B,
	0xFF0B, 0xFF0B, 0xFF0B, 0xFF0B, 0xFF0B, 0xFF0B, 0xFF0B, 0xFF0B, 0xFF0B, 0xFF0B, 0xFF0B, 0xFF0B,
	0xFF0B, 0xFF0B, 0xFF0B, 0xFF0B, 0xFF0B, 0xFF0B, 0xFF0B, 0xFF0B, 0xFF0B, 0xFF0B, 0xFF0B, 0xFF0B,
	0xFF0B, 0xFF0B, 0xFF0B, 0xFF0B, 0xFF0B, 0xFF0B, 0xFF0B, 0xFF0B, 0xFF0B, 0xFF0B, 0xFF0B, 0xFF0B,
	0xFF0C, 0xFF2B, 0xFF2B, 0xFF0C, 0xE690, 0xCE34, 0xBDD6, 0xB5B7, 0xB5B7, 0xB5B6, 0xB5B6, 0xB5B6,
	0xB5B6, 0xB5B6, 0xB5B6, 0xB5B6, 0xB5B6, 0xB5B6, 0xB5B6, 0xBDB6, 0xB5B6, 0xB5D7, 0xADB6, 0x8B6D,
	0x7061, 0x78A2, 0xA410, 0xC6BA, 0xC69A, 0x9C51, 0x6924, 0x4800, 0x4800, 0x6020, 0x7800, 0x8800,
	0x6000, 0x8000, 0xB020, 0xA800, 0x7000, 0x6924, 0x9C51, 0xC69A, 0xC6BA, 0x9BEF, 0x7082, 0x70A2,
	0xA430, 0xBE79, 0xBE18, 0xB596, 0xB5B6, 0xB5B6, 0xB5B6, 0xB5B6, 0xB5B6, 0xB5B6, 0xB5B6, 0xB5B6,
	0xB5B6, 0xB5B6, 0xB5B6, 0xB5B6, 0xB5B6, 0xB5B6, 0xB5B6, 0xB5B6, 0xB5B6, 0xB5B6, 0xB5B6, 0xB5B6,
	0xB5B6, 0xBDB6, 0xBDB6, 0xBDB6, 0xB5B6, 0xB5B6, 0xB5B6, 0xB5B6, 0xB5B7, 0xB5B7, 0xB5B7, 0xB597,
	0xB5B7, 0xCE34, 0xEECE, 0xFF2B, 0xFF2B, 0xFF0C, 0xFF0B, 0xFF0B, 0xFF0B, 0xFF0B, 0xFF0B, 0xFF0B,
	0xFF0B, 0xFF0B, 0xFF0B, 0xFF0B, 0xFF0B, 0xFF0B, 0xFF0B, 0xFF0B, 0xFF0B, 0xFF0B, 0xFF0B, 0xFF0B,
	0xFF0B, 0xFF0B, 0xFF0B, 0xFF0B, 0xFF0B, 0xFF0B, 0xFF0B, 0xFF0B, 0xFF0B, 0xFF0B, 0xFF0B, 0xFF0B,
	0xFF0B, 0xFF0B, 0xFF0B, 0xFF0B, 0xFF0B, 0xFF0B, 0xFF0B, 0xFF0B, 0xFF0C, 0xFF0B, 0xFF2B, 0xFF0C,
	0xF6EE, 0xDE72, 0xBDD5, 0xB597, 0xB5B7, 0xBDB6, 0xB5B6, 0xB5B6, 0xB5B6, 0xB5B6, 0xB5B6, 0xB5B6,
	0xB5B6, 0xB5B6, 0xB5B6, 0xB5B6, 0xB596, 0xB5F7, 0xB618, 0x93AE, 0x7061, 0x78A2, 0xA410, 0xC6BA,
	0xC69A, 0xA451, 0x6924, 0x4800, 0x4800, 0x6020, 0x7000, 0x7800, 0x6000, 0x7000, 0x9800, 0x9000,
	0x6800, 0x6904, 0x9C51, 0xC69A, 0xC6BA, 0x9BEF, 0x7082, 0x78A2, 0xA430, 0xBE79, 0xBE18, 0xB596,
	0xB5B6, 0xB5B6, 0xB5B6, 0xB5B6, 0xB5B6, 0xB5B6, 0xB5B6, 0xB5B6, 0xB5B6, 0xB5B6, 0xB5B6, 0xB5B6,
	0xB5B6, 0xB5B6, 0xB5B6, 0xB5B6, 0xB5B6, 0xB5B6, 0xB5B6, 0xB5B6, 0xB5B7, 0xB5B7, 0xB5B7, 0xB5B7,
	0xB5B7, 0xB5B7, 0xBDB6, 0xBDD6, 0xBDD6, 0xBDD6, 0xBDD5, 0xC5F5, 0xCE14, 0xDE71, 0xF6ED, 0xFF2A,
	0xFF2B, 0xFF0C, 0xFF0B, 0xFF0B, 0xFF0B, 0xFF0B, 0xFF0B, 0xFF0B, 0xFF0B, 0xFF0B, 0xFF0B, 0xFF0B,
	0xFF0B, 0xFF0B, 0xFF0B, 0xFF0B, 0xFF0B, 0xFF0B, 0xFF0B, 0xFF0B, 0xFF0B, 0xFF0B, 0xFF0B, 0xFF0B,
	0xFF0B, 0xFF0B, 0xFF0B, 0xFF0B, 0xFF0B, 0xFF0B, 0xFF0B, 0xFF0B, 0xFF0B, 0xFF0B, 0xFF0B, 0xFF0B,
	0xFF0B, 0xFF0B, 0xFF0B, 0xFF0B, 0xFF0B, 0xFF0B, 0xFF0B, 0xFF2B, 0xFF2C, 0xEEAF, 0xC614, 0xB597,
	0xB5B7, 0xBDB6, 0xB5B6, 0xB5B6, 0xB5B6, 0xB5B6, 0xB5B6, 0xB5B6, 0xB5B6, 0xB5B6, 0xB5B6, 0xB5B6,
	0xB596, 0xB5F7, 0xB618, 0x9BCF, 0x7082, 0x78A2, 0x9BEF, 0xC6BA, 0xC69A, 0x9C51, 0x6904, 0x4800,
	0x5000, 0x6000, 0x6000, 0x6000, 0x4800, 0x5000, 0x6000, 0x6000, 0x5000, 0x6104, 0x9C51, 0xC69A,
	0xC6BA, 0x9BEF, 0x7082, 0x78A2, 0xA430, 0xBE79, 0xBE18, 0xB596, 0xB5B6, 0xB5B6, 0xB5B6, 0xB5B6,
	0xB5B6, 0xB5B6, 0xB5B6, 0xB5B6, 0xB5B6, 0xB5B6, 0xB5B6, 0xB5B6, 0xB5B6, 0xB5B6, 0xB5B6, 0xB5B6,
	0xBDB6, 0xBDB6, 0xB5B6, 0xB5B6, 0xB5B7, 0xB597, 0xAD97, 0xB597, 0xB5B7, 0xBDD6, 0xC5F5, 0xCE15,
	0xCE34, 0xD653, 0xDE52, 0xDE71, 0xEEB0, 0xF6CE, 0xFF0C, 0xFF2B, 0xFF2B, 0xFF0B, 0xFF0B, 0xFF0B,
	0xFF0B, 0xFF0B, 0xFF0B, 0xFF0B, 0xFF0B, 0xFF0B, 0xFF0B, 0xFF0B, 0xFF0B, 0xFF0B, 0xFF0B, 0xFF0B,
	0xFF0B, 0xFF0B, 0xFF0B, 0xFF0B, 0xFF0B, 0xFF0B, 0xFF0B, 0xFF0B, 0xFF0B, 0xFF0B, 0xFF0B, 0xFF0B,
	0xFF0B, 0xFF0B, 0xFF0B, 0xFF0B, 0xFF0B, 0xFF0B, 0xFF0B, 0xFF0B, 0xFF0B, 0xFF0B, 0xFF0B, 0xFF0B,
	0xFF0B, 0xFF0B, 0xFF0C, 0xFF2B, 0xFF2B, 0xF6CD, 0xD653, 0xBDD6, 0xB5B7, 0xB5B6, 0xB5B6, 0xB5B6,
	0xB5B6, 0xB5B6, 0xB5B6, 0xB5B6, 0xB5B6, 0xB5B6, 0xB5B6, 0xB5B6, 0xB596, 0xB5F7, 0xB618, 0x9BCF,
	0x7082, 0x78A2, 0x9BEF, 0xC6BA, 0xC69A, 0x9C51, 0x5904, 0x4000, 0x5000, 0x5800, 0x5000, 0x4000,
	0x3020, 0x3041, 0x3841, 0x3020, 0x3020, 0x5945, 0x9C51, 0xC69A, 0xC6BA, 0x9BEF, 0x7082, 0x78A2,
	0xA430, 0xBE79, 0xBE18, 0xB596, 0xB5B6, 0xB5B6, 0xB5B6, 0xB5B6, 0xB5B6, 0xB5B6, 0xB5B6, 0xB5B6,
	0xB5B6, 0xB5B6, 0xB5B6, 0xB5B6, 0xB5B6, 0xB5B6, 0xB5B6, 0xB5B7, 0xB5B7, 0xB5B7, 0xB5B7, 0xBDB6,
	0xBDD6, 0xBDD5, 0xC5F5, 0xC5F4, 0xCE14, 0xD633, 0xDE72, 0xDE91, 0xE690, 0xEEB0, 0xF6CF, 0xF6EE,
	0xFF0D, 0xFF0C, 0xFF0B, 0xFF0B, 0xFF0B, 0xFF0B, 0xFF0B, 0xFF0B, 0xFF0B, 0xFF0B, 0xFF0B, 0xFF0B,
	0xFF0B, 0xFF0B, 0xFF0B, 0xFF0B, 0xFF0B, 0xFF0B, 0xFF0B, 0xFF0B, 0xFF0B, 0xFF0B, 0xFF0B, 0xFF0B,
	0xFF0B, 0xFF0B, 0xFF0B, 0xFF0B, 0xFF0B, 0xFF0B, 0xFF0B, 0xFF0B, 0xFF0B, 0xFF0B, 0xFF0B, 0xFF0B,
	0xFF0B, 0xFF0B, 0xFF0B, 0xFF0B, 0xFF0B, 0xFF0B, 0xFF0B, 0xFF0B, 0xFF0B, 0xFF0B, 0xFF0C, 0xFF2B,
	0xFF2A, 0xF6ED, 0xE691, 0xCE15, 0xBDD6, 0xB5B6, 0xB5B6, 0xB5B6, 0xB5B6, 0xB5B6, 0xB5B6, 0xB5B6,
	0xB5B6, 0xB5B6, 0xB5B6, 0xB5B6, 0xB596, 0xB5F7, 0xB618, 0x93CF, 0x7082, 0x78A2, 0x9BEF, 0xC6BA,
	0xC69A, 0x9451, 0x4945, 0x2800, 0x4020, 0x4841, 0x3841, 0x3041, 0x28E3, 0x28E3, 0x2904, 0x20A2,
	0x2082, 0x49E7, 0x9471, 0xC69A, 0xC6BA, 0x9BEF, 0x7082, 0x78A2, 0xA430, 0xBE79, 0xBE18, 0xB596,
	0xB5B6, 0xB5B6, 0xB5B6, 0xB5B6, 0xB5B6, 0xB5B6, 0xB5B6, 0xB5B6, 0xB5B6, 0xB5B6, 0xB5B6, 0xB5B6,
	0xBDB6, 0xB5B6, 0xB5B6, 0xB5B7, 0xB597, 0xB597, 0xBDB7, 0xC5F6, 0xCE34, 0xDE72, 0xE690, 0xEEAF,
	0xF6CE, 0xF6ED, 0xF6ED, 0xF6ED, 0xFEED, 0xFF0C, 0xFF0C, 0xFF0C, 0xFF2B, 0xFF2B, 0xFF0B, 0xFF0B,
	0xFF0B, 0xFF0B, 0xFF0B, 0xFF0B, 0xFF0B, 0xFF0B, 0xFF0B, 0xFF0B, 0xFF0B, 0xFF0B, 0xFF0B, 0xFF0B,
	0xFF0B, 0xFF0B, 0xFF0B, 0xFF0B, 0xFF0B, 0xFF0B, 0xFF0B, 0xFF0B, 0xFF0B, 0xFF0B, 0xFF0B, 0xFF0B,
	0xFF0B, 0xFF0B, 0xFF0B, 0xFF0B, 0xFF0B, 0xFF0B, 0xFF0B, 0xFF0B, 0xFF0B, 0xFF0B, 0xFF0B, 0xFF0B,
	0xFF0B, 0xFF0B, 0xFF0B, 0xFF0B, 0xFF0B, 0xFF0B, 0xFF0B, 0xFF2B, 0xFF2B, 0xFF0C, 0xEECF, 0xD653,
	0xBDD6, 0xB5B7, 0xB5B7, 0xBDB6, 0xB5B6, 0xB5B6, 0xB5B6, 0xB5B6, 0xB5B6, 0xB5B6, 0xB5B6, 0xB5B6,
	0xB596, 0xB5F7, 0xB618, 0x93CF, 0x7082, 0x78A2, 0x9C10, 0xC6BA, 0xC69A, 0x9471, 0x41C7, 0x1861,
	0x2061, 0x30E3, 0x2904, 0x2924, 0x31C7, 0x31C7, 0x3208, 0x19A6, 0x1165, 0x428A, 0x94B2, 0xC679,
	0xC69A, 0x9BEF, 0x7082, 0x78A2, 0xA430, 0xBE79, 0xBE18, 0xB596, 0xB5B6, 0xB5B6, 0xB5B6, 0xB5B6,
	0xB5B6, 0xB5B6, 0xB5B6, 0xB5B6, 0xB5B6, 0xB5B6, 0xB5B6, 0xB5B6, 0xB5B7, 0xB5B7, 0xB5B6, 0xBDD6,
	0xBDF5, 0xC5F5, 0xCE33, 0xDE52, 0xE690, 0xF6CF, 0xFF0D, 0xFF2C, 0xFF2A, 0xFF2A, 0xFF2A, 0xFF2B,
	0xFF2B, 0xFF2B, 0xFF2B, 0xFF0B, 0xFF0B, 0xFF0B, 0xFF0B, 0xFF0B, 0xFF0B, 0xFF0B, 0xFF0B, 0xFF0B,
	0xFF0B, 0xFF0B, 0xFF0B, 0xFF0B, 0xFF0B, 0xFF0B, 0xFF0B, 0xFF0B, 0xFF0B, 0xFF0B, 0xFF0B, 0xFF0B,
	0xFF0B, 0xFF0B, 0xFF0B, 0xFF0B, 0xFF0B, 0xFF0B, 0xFF0B, 0xFF0B, 0xFF0B, 0xFF0B, 0xFF0B, 0xFF0B,
	0xFF0B, 0xFF0B, 0xFF0B, 0xFF0B, 0xFF0B, 0xFF0B, 0xFF0B, 0xFF0B, 0xFF0B, 0xFF0B, 0xFF0B, 0xFF0B,
	0xFF0B, 0xFF0B, 0xFF0B, 0xFF2B, 0xFF0B, 0xFF0C, 0xF6EE, 0xE691, 0xC5F5, 0xB597, 0xB5B7, 0xBDB6,
	0xB5B6, 0xB5B6, 0xB5B6, 0xB5B6, 0xB5B6, 0xB5B6, 0xB5B6, 0xB5B6, 0xB596, 0xB5F7, 0xB618, 0x93CF,
	0x7082, 0x78A2, 0x9C10, 0xC6BA, 0xCE79, 0x9492, 0x3A08, 0x0882, 0x08C3, 0x2165, 0x2986, 0x2986,
	0x4A69, 0x4A8A, 0x42CB, 0x2A69, 0x2208, 0x42EB, 0x94B2, 0xC659, 0xC69A, 0x9BEF, 0x7082, 0x78A2,
	0xA430, 0xBE79, 0xBE18, 0xB596, 0xB5B6, 0xB5B6, 0xB5B6, 0xB5B6, 0xB5B6, 0xB5B6, 0xB5B6, 0xB5B6,
	0xB5B6, 0xB5B6, 0xBDB6, 0xB5B6, 0xB597, 0xB5B7, 0xC5D6, 0xCE34, 0xDE72, 0xE6B0, 0xF6CE, 0xF6ED,
	0xFEEC, 0xFF0C, 0xFF2B, 0xFF2B, 0xFF2B, 0xFF2B, 0xFF2B, 0xFF2B, 0xFF2B, 0xFF2B, 0xFF2B, 0xFF0B,
	0xFF0B, 0xFF0B, 0xFF0B, 0xFF0B, 0xFF0B, 0xFF0B, 0xFF0B, 0xFF0B, 0xFF0B, 0xFF0B, 0xFF0B, 0xFF0B,
	0xFF0B, 0xFF0B, 0xFF0B, 0xFF0B, 0xFF0B, 0xFF0B, 0xFF0B, 0xFF0B, 0xFF0B, 0xFF0B, 0xFF0B, 0xFF0B,
	0xFF0B, 0xFF0B, 0xFF0B, 0xFF0B, 0xFF0B, 0xFF0B, 0xFF0B, 0xFF0B, 0xFF0B, 0xFF0B, 0xFF0B, 0xFF0B,
	0xFF0B, 0xFF0B, 0xFF0B, 0xFF0B, 0xFF0B, 0xFF0B, 0xFF0B, 0xFF0B, 0xFF0B, 0xFF0B, 0xFF0B, 0xFF0B,
	0xFF0B, 0xFF2B, 0xFF0C, 0xEEAF, 0xC5F5, 0xAD97, 0xB597, 0xBDB6, 0xB5B6, 0xB5B6, 0xB5B6, 0xB5B6,
	0xB5B6, 0xB5B6, 0xB5B6, 0xB5B6, 0xB596, 0xB5F7, 0xB618, 0x93CF, 0x7082, 0x78A2, 0x9C10, 0xC6BA,
	0xCE79, 0x9492, 0x3A08, 0x08A2, 0x1104, 0x29A6, 0x2986, 0x2965, 0x52CB, 0x5AAA, 0x7269, 0x79E7,
	0x71A6, 0x828A, 0xA4B2, 0xC679, 0xC6BA, 0xA410, 0x7082, 0x78A2, 0xA430, 0xBE79, 0xBE18, 0xB596,
	0xB5B6, 0xB5B6, 0xB5B6, 0xB5B6, 0xB5B6, 0xB5B6, 0xB5B6, 0xB5B6, 0xB5B6, 0xB5B7, 0xB5B7, 0xB5B6,
	0xBDF5, 0xCE14, 0xD652, 0xE690, 0xF6EE, 0xFF0C, 0xFF2B, 0xFF2A, 0xFF2B, 0xFF2B, 0xFF0B, 0xFF0B,
	0xFF0C, 0xFF0C, 0xFF0C, 0xFF0C, 0xFF0C, 0xFF0C, 0xFF0B, 0xFF0B, 0xFF0B, 0xFF0B, 0xFF0B, 0xFF0B,
	0xFF0B, 0xFF0B, 0xFF0B, 0xFF0B, 0xFF0B, 0xFF0B, 0xFF0B, 0xFF0B, 0xFF0B, 0xFF0B, 0xFF0B, 0xFF0B,
	0xFF0B, 0xFF0B, 0xFF0B, 0xFF0B, 0xFF0B, 0xFF0B, 0xFF0B, 0xFF0B, 0xFF0B, 0xFF0B, 0xFF0B, 0xFF0B,
	0xFF0B, 0xFF0B, 0xFF0B, 0xFF0B, 0xFF0B, 0xFF0B, 0xFF0B, 0xFF0B, 0xFF0B, 0xFF0B, 0xFF0B, 0xFF0B,
	0xFF0B, 0xFF0B, 0xFF0B, 0xFF0B, 0xFF0B, 0xFF0B, 0xFF0B, 0xFF0B, 0xFF0B, 0xFF2B, 0xFF2B, 0xEECE,
	0xC614, 0xB597, 0xB597, 0xBDB6, 0xB5B6, 0xB5B6, 0xB5B6, 0xB5B6, 0xB5B6, 0xB5B6, 0xB5B6, 0xB5B6,
	0xB596, 0xB5F7, 0xB618, 0x93CF, 0x7082, 0x70A2, 0x9C10, 0xC6BA, 0xC69A, 0x9471, 0x41A6, 0x2061,
	0x30C3, 0x3945, 0x3145, 0x2965, 0x42EB, 0x6A49, 0xA945, 0xD882, 0xE061, 0xC9A6, 0xBC92, 0xBEDB,
	0xC6FB, 0xAC30, 0x7882, 0x7882, 0xA430, 0xBE79, 0xBE18, 0xB596, 0xB5B6, 0xB5B6, 0xB5B6, 0xB5B6,
	0xB5B6, 0xB5B6, 0xB5B6, 0xB5B6, 0xB5B6, 0xB5B7, 0xB5B7, 0xC5F5, 0xDE72, 0xEEAF, 0xF6ED, 0xFEEC,
	0xFF0C, 0xFF2B, 0xFF2B, 0xFF2B, 0xFF2B, 0xFF2B, 0xFF0B, 0xFF0B, 0xFF0B, 0xFF0B, 0xFF0B, 0xFF0B,
	0xFF0B, 0xFF0B, 0xFF0B, 0xFF0B, 0xFF0B, 0xFF0B, 0xFF0B, 0xFF0B, 0xFF0B, 0xFF0B, 0xFF0B, 0xFF0B,
	0xFF0B, 0xFF0B, 0xFF0B, 0xFF0B, 0xFF0B, 0xFF0B, 0xFF0B, 0xFF0B, 0xFF0B, 0xFF0B, 0xFF0B, 0xFF0B,
	0xFF0B, 0xFF0B, 0xFF0B, 0xFF0B, 0xFF0B, 0xFF0B, 0xFF0B, 0xFF0B, 0xFF0B, 0xFF0B, 0xFF0B, 0xFF0B,
	0xFF0B, 0xFF0B, 0xFF0B, 0xFF0B, 0xFF0B, 0xFF0B, 0xFF0B, 0xFF0B, 0xFF0B, 0xFF0B, 0xFF0B, 0xFF0B,
	0xFF0B, 0xFF0B, 0xFF0B, 0xFF0B, 0xFF0C, 0xFF2B, 0xFF2A, 0xF6CD, 0xCE13, 0xB5B7, 0xB5B7, 0xB5B6,
	0xB5B6, 0xB5B6, 0xB5B6, 0xB5B6, 0xB5B6, 0xB5B6, 0xB5B6, 0xB5B6, 0xB596, 0xB5F7, 0xB618, 0x93CF,
	0x7082, 0x70A2, 0x9BEF, 0xC6BA, 0xC69A, 0x9C51, 0x6145, 0x4020, 0x5020, 0x48A2, 0x3124, 0x2186,
	0x3B0C, 0x7228, 0xD0A2, 0xF800, 0xF000, 0xD124, 0xC4B2, 0xC75D, 0xCF7D, 0xB451, 0x88A2, 0x8882,
	0xAC30, 0xBE79, 0xBE18, 0xB596, 0xB5B6, 0xB5B6, 0xB5B6, 0xB5B6, 0xB5B6, 0xB5B6, 0xB5B6, 0xB5B6,
	0xB5B7, 0xBDD6, 0xCE14, 0xDE71, 0xF6CE, 0xFF0C, 0xFF2B, 0xFF2B, 0xFF0B, 0xFF0B, 0xFF0C, 0xFF0C,
	0xFF0C, 0xFF0B, 0xFF0B, 0xFF0B, 0xFF0B, 0xFF0B, 0xFF0B, 0xFF0B, 0xFF0B, 0xFF0B, 0xFF0B, 0xFF0B,
	0xFF0B, 0xFF0B, 0xFF0B, 0xFF0B, 0xFF0B, 0xFF0B, 0xFF0B, 0xFF0B, 0xFF0B, 0xFF0B, 0xFF0B, 0xFF0B,
	0xFF0B, 0xFF0B, 0xFF0B, 0xFF0B, 0xFF0B, 0xFF0B, 0xFF0B, 0xFF0B, 0xFF0B, 0xFF0B, 0xFF0B, 0xFF0B,
	0xFF0B, 0xFF0B, 0xFF0B, 0xFF0B, 0xFF0B, 0xFF0B, 0xFF0B, 0xFF0B, 0xFF0B, 0xFF0B, 0xFF0B, 0xFF0B,
	0xFF0B, 0xFF0B, 0xFF0B, 0xFF0B, 0xFF0B, 0xFF0B, 0xFF0B, 0xFF0B, 0xFF0B, 0xFF0B, 0xFF0B, 0xFF2B,
	0xFF2C, 0xFF2B, 0xFF4A, 0xF6CD, 0xD633, 0xBDD6, 0xB5B7, 0xB5B6, 0xB5B6, 0xB5B6, 0xB5B6, 0xB5B6,
	0xB5B6, 0xB5B6, 0xB5B6, 0xB5B6, 0xB596, 0xB5F7, 0xB618, 0x9BCF, 0x7082, 0x78A2, 0xA3EF, 0xC6BA,
	0xC69A, 0xA451, 0x6924, 0x5000, 0x5800, 0x4861, 0x3124, 0x2186, 0x3B0C, 0x7A28, 0xD0C3, 0xF000,
	0xB000, 0x9945, 0xBCF3, 0xDF9E, 0xDFBE, 0xBC92, 0x98A2, 0x9082, 0xAC10, 0xBE79, 0xBE18, 0xB596,
	0xB5B6, 0xB5B6, 0xB5B6, 0xB5B6, 0xB5B6, 0xB5B6, 0xB5B6, 0xB5B6, 0xBDD6, 0xD634, 0xEEB0, 0xF6ED,
	0xFF0C, 0xFF2B, 0xFF2B, 0xFF2B, 0xFF2B, 0xFF0B, 0xFF0B, 0xFF0B, 0xFF0B, 0xFF0B, 0xFF0B, 0xFF0B,
	0xFF0B, 0xFF0B, 0xFF0B, 0xFF0B, 0xFF0B, 0xFF0B, 0xFF0B, 0xFF0B, 0xFF0B, 0xFF0B, 0xFF0B, 0xFF0B,
	0xFF0B, 0xFF0B, 0xFF0B, 0xFF0B, 0xFF0B, 0xFF0B, 0xFF0B, 0xFF0B, 0xFF0B, 0xFF0B, 0xFF0B, 0xFF0B,
	0xFF0B, 0xFF0B, 0xFF0B, 0xFF0B, 0xFF0B, 0xFF0B, 0xFF0B, 0xFF0B, 0xFF0B, 0xFF0B, 0xFF0B, 0xFF0B,
	0xFF0B, 0xFF0B, 0xFF0B, 0xFF0B, 0xFF0B, 0xFF0B, 0xFF0B, 0xFF0B, 0xFF0B, 0xFF0B, 0xFF0B, 0xFF0B,
	0xFF0B, 0xFF0B, 0xFF0B, 0xFF0B, 0xFF0B, 0xFF0B, 0xFF0B, 0xFF2C, 0xFF2C, 0xFF4B, 0xFF2B, 0xF6ED,
	0xD652, 0xBDD6, 0xB5B6, 0xB5B6, 0xB5B6, 0xB5B6, 0xB5B6, 0xB5B6, 0xB5B6, 0xB5B6, 0xB5B6, 0xB5B6,
	0xB596, 0xB5F7, 0xB618, 0x9BCF, 0x7882, 0x80A2, 0xA3EF, 0xC6BA, 0xC69A, 0xA451, 0x6924, 0x5000,
	0x4800, 0x4061, 0x3124, 0x2986, 0x32AA, 0x7208, 0xC8C3, 0xE000, 0x9800, 0x8165, 0xB4F3, 0xDF9E,
	0xDFBE, 0xBC92, 0xA0A2, 0x9882, 0xAC10, 0xBE79, 0xBE18, 0xB596, 0xB5B6, 0xB5B6, 0xB5B6, 0xB5B6,
	0xB5B6, 0xB5B7, 0xB5B7, 0xBDD6, 0xCE34, 0xE6B0, 0xFF0C, 0xFF2A, 0xFF2B, 0xFF0C, 0xFF0C, 0xFF0C,
	0xFF0B, 0xFF0B, 0xFF0B, 0xFF0B, 0xFF0B, 0xFF0B, 0xFF0B, 0xFF0B, 0xFF0B, 0xFF0B, 0xFF0B, 0xFF0B,
	0xFF0B, 0xFF0B, 0xFF0B, 0xFF0B, 0xFF0B, 0xFF0B, 0xFF0B, 0xFF0B, 0xFF0B, 0xFF0B, 0xFF0B, 0xFF0B,
	0xFF0B, 0xFF0B, 0xFF0B, 0xFF0B, 0xFF0B, 0xFF0B, 0xFF0B, 0xFF0B, 0xFF0B, 0xFF0B, 0xFF0B, 0xFF0B,
	0xFF0B, 0xFF0B, 0xFF0B, 0xFF0B, 0xFF0B, 0xFF0B, 0xFF0B, 0xFF0B, 0xFF0B, 0xFF0B, 0xFF0B, 0xFF0B,
	0xFF0B, 0xFF0B, 0xFF0B, 0xFF0B, 0xFF0B, 0xFF0B, 0xFF0B, 0xFF0B, 0xFF0B, 0xFF0B, 0xFF0B, 0xFF0B,
	0xFF0B, 0xFF0B, 0xFF2B, 0xFF0B, 0xF6EB, 0xFEEA, 0xFF2A, 0xF6ED, 0xDE52, 0xC5F5, 0xB5B6, 0xB5B6,
	0xB5B6, 0xB5B6, 0xB5B6, 0xB5B6, 0xB5B6, 0xB5B6, 0xB5B6, 0xB5B6, 0xB596, 0xB5F7, 0xB618, 0x9BAE,
	0x7882, 0x80A2, 0xA3EF, 0xC6BA, 0xC69A, 0xA451, 0x6924, 0x4800, 0x3800, 0x3882, 0x2924, 0x2986,
	0x2228, 0x6186, 0xC8A2, 0xF800, 0xC000, 0xA145, 0xBCB2, 0xCF3C, 0xCF5D, 0xB451, 0x90A2, 0x9082,
	0xAC30, 0xBE79, 0xBE18, 0xB596, 0xB5B6, 0xB5B6, 0xB5B6, 0xB5B6, 0xBDB6, 0xB5B7, 0xB5B7, 0xCE14,
	0xE6AF, 0xFF0C, 0xFF2B, 0xFF2B, 0xFF2B, 0xFF0B, 0xFF0B, 0xFF0B, 0xFF0B, 0xFF0B, 0xFF0B, 0xFF0B,
	0xFF0B, 0xFF0B, 0xFF0B, 0xFF0B, 0xFF0B, 0xFF0B, 0xFF0B, 0xFF0B, 0xFF0B, 0xFF0B, 0xFF0B, 0xFF0B,
	0xFF0B, 0xFF0B, 0xFF0B, 0xFF0B, 0xFF0B, 0xFF0B, 0xFF0B, 0xFF0B, 0xFF0B, 0xFF0B, 0xFF0B, 0xFF0B,
	0xFF0B, 0xFF0B, 0xFF0B, 0xFF0B, 0xFF0B, 0xFF0B, 0xFF0B, 0xFF0B, 0xFF0B, 0xFF0B, 0xFF0B, 0xFF0B,
	0xFF0B, 0xFF0B, 0xFF0B, 0xFF0B, 0xFF0B, 0xFF0B, 0xFF0B, 0xFF0B, 0xFF0B, 0xFF0B, 0xFF0B, 0xFF0B,
	0xFF0B, 0xFF0B, 0xFF0B, 0xFF0B, 0xFF0B, 0xFF0B, 0xFF0B, 0xFF0B, 0xFF0B, 0xFF2B, 0xFF2C, 0xF6CB,
	0xDE29, 0xE649, 0xF6CA, 0xFEED, 0xDE72, 0xC5F5, 0xBDB6, 0xB5B6, 0xB5B6, 0xB5B6, 0xB5B6, 0xB5B6,
	0xB5B6, 0xB5B6, 0xB5B6, 0xB5B6, 0xB596, 0xB5F7, 0xB618, 0x9BAE, 0x7882, 0x80A2, 0xA3EF, 0xC6BA,
	0xC69A, 0xA451, 0x6924, 0x4800, 0x4000, 0x3882, 0x2924, 0x2986, 0x2208, 0x5965, 0xB8A2, 0xE800,
	0xB800, 0x9945, 0xAC71, 0xC6FB, 0xC6FB, 0xAC10, 0x8882, 0x8882, 0xAC30, 0xBE79, 0xBE18, 0xB596,
	0xB5B6, 0xB5B6, 0xB5B6, 0xB5B6, 0xB5B6, 0xB5B6, 0xC5F5, 0xDE71, 0xFEED, 0xFF2A, 0xFF2B, 0xFF0C,
	0xFF0C, 0xFF0B, 0xFF0B, 0xFF0B, 0xFF0B, 0xFF0B, 0xFF0B, 0xFF0B, 0xFF0B, 0xFF0B, 0xFF0B, 0xFF0B,
	0xFF0B, 0xFF0B, 0xFF0B, 0xFF0B, 0xFF0B, 0xFF0B, 0xFF0B, 0xFF0B, 0xFF0B, 0xFF0B, 0xFF0B, 0xFF0B,
	0xFF0B, 0xFF0B, 0xFF0B, 0xFF0B, 0xFF0B, 0xFF0B, 0xFF0B, 0xFF0B, 0xFF0B, 0xFF0B, 0xFF0B, 0xFF0B,
	0xFF0B, 0xFF0B, 0xFF0B, 0xFF0B, 0xFF0B, 0xFF0B, 0xFF0B, 0xFF0B, 0xFF0B, 0xFF0B, 0xFF0B, 0xFF0B,
	0xFF0B, 0xFF0B, 0xFF0B, 0xFF0B, 0xFF0B, 0xFF0B, 0xFF0B, 0xFF0B, 0xFF0B, 0xFF0B, 0xFF0B, 0xFF0B,
	0xFF0B, 0xFF0B, 0xFF0B, 0xFF0B, 0xFF0B, 0xFF2B, 0xFF4B, 0xEEAB, 0xC58B, 0xC56A, 0xE66A, 0xF6CD,
	0xDE72, 0xC5F5, 0xBDB6, 0xB5B6, 0xB5B6, 0xB5B6, 0xB5B6, 0xB5B6, 0xB5B6, 0xB5B6, 0xB5B6, 0xB5B6,
	0xB596, 0xB5F7, 0xB638, 0x9BCF, 0x8082, 0x80A2, 0xA3EF, 0xC6BA, 0xBE9A, 0xA451, 0x6924, 0x4800,
	0x4000, 0x3882, 0x2924, 0x2986, 0x2A69, 0x61A6, 0xA8A2, 0xC000, 0x8000, 0x6924, 0x9C51, 0xC6BA,
	0xC6DB, 0xA3EF, 0x8082, 0x80A2, 0xA430, 0xBE79, 0xBE18, 0xB596, 0xB5B6, 0xB5B6, 0xBDB6, 0xB5B7,
	0xB597, 0xBDD5, 0xDE72, 0xF6CE, 0xFF0C, 0xFF2B, 0xFF2B, 0xFF0C, 0xFF0B, 0xFF0B, 0xFF0B, 0xFF0B,
	0xFF0B, 0xFF0B, 0xFF0B, 0xFF0B, 0xFF0B, 0xFF0B, 0xFF0B, 0xFF0B, 0xFF0B, 0xFF0B, 0xFF0B, 0xFF0B,
	0xFF0B, 0xFF0B, 0xFF0B, 0xFF0B, 0xFF0B, 0xFF0B, 0xFF0B, 0xFF0B, 0xFF0B, 0xFF0B, 0xFF0B, 0xFF0B,
	0xFF0B, 0xFF0B, 0xFF0B, 0xFF0B, 0xFF0B, 0xFF0B, 0xFF0B, 0xFF0B, 0xFF0B, 0xFF0B, 0xFF0B, 0xFF0B,
	0xFF0B, 0xFF0B, 0xFF0B, 0xFF0B, 0xFF0B, 0xFF0B, 0xFF0B, 0xFF0B, 0xFF0B, 0xFF0B, 0xFF0B, 0xFF0B,
	0xFF0B, 0xFF0B, 0xFF0B, 0xFF0B, 0xFF0B, 0xFF0B, 0xFF0B, 0xFF0B, 0xFF0B, 0xFF0B, 0xFF0B, 0xFF0B,
	0xFF0B, 0xFF4B, 0xFF6B, 0xE66C, 0xA4EF, 0xA4CE, 0xD5CB, 0xEE8C, 0xDE51, 0xC5F6, 0xBDD6, 0xB5B6,
	0xB5B6, 0xB5B6, 0xB5B6, 0xB5B6, 0xB5B6, 0xB5B6, 0xB5B6, 0xB5B6, 0xB596, 0xBE18, 0xBE59, 0xA410,
	0x8882, 0x8882, 0xA3EF, 0xBEBA, 0xBE9A, 0xA451, 0x6924, 0x4800, 0x4000, 0x3882, 0x2924, 0x2986,
	0x3A8A, 0x61E7, 0xA0C3, 0xB000, 0x7800, 0x7124, 0x9C51, 0xC69A, 0xC6BA, 0xA3EF, 0x7882, 0x78A2,
	0xA430, 0xBE79, 0xBE18, 0xB596, 0xB5B6, 0xB5B6, 0xBDB6, 0xB5B7, 0xB5B7, 0xCE14, 0xEECF, 0xFF0C,
	0xFF0B, 0xFF0C, 0xFF0B, 0xFF0B, 0xFF0B, 0xFF0B, 0xFF0B, 0xFF0B, 0xFF0B, 0xFF0B, 0xFF0B, 0xFF0B,
	0xFF0B, 0xFF0B, 0xFF0B, 0xFF0B, 0xFF0B, 0xFF0B, 0xFF0B, 0xFF0B, 0xFF0B, 0xFF0B, 0xFF0B, 0xFF0B,
	0xFF0B, 0xFF0B, 0xFF0B, 0xFF0B, 0xFF0B, 0xFF0B, 0xFF0B, 0xFF0B, 0xFF0B, 0xFF0B, 0xFF0B, 0xFF0B,
	0xFF0B, 0xFF0B, 0xFF0B, 0xFF0B, 0xFF0B, 0xFF0B, 0xFF0B, 0xFF0B, 0xFF0B, 0xFF0B, 0xFF0B, 0xFF0B,
	0xFF0B, 0xFF0B, 0xFF0B, 0xFF0B, 0xFF0B, 0xFF0B, 0xFF2B, 0xFF2C, 0xFF2B, 0xFF0B, 0xFF0B, 0xFF0B,
	0xFF0B, 0xFF0B, 0xFF0B, 0xFF0B, 0xFF0B, 0xFF0B, 0xFF0B, 0xFF0B, 0xFF0C, 0xFF2B, 0xFF2A, 0xDE2D,
	0x9CD2, 0x9490, 0xC58B, 0xE66B, 0xD631, 0xC5F6, 0xBDD7, 0xB5B6, 0xB5B6, 0xB5B6, 0xB5B6, 0xB5B6,
	0xB5B6, 0xB5B6, 0xB5B6, 0xB5B6, 0xB596, 0xBE18, 0xBE79, 0xAC30, 0x90A2, 0x9082, 0xA3EF, 0xC6DB,
	0xC6BA, 0xA451, 0x6924, 0x4800, 0x4000, 0x3882, 0x2924, 0x2986, 0x328A, 0x59C7, 0x98C3, 0xC000,
	0xA800, 0xA124, 0xAC51, 0xBEBA, 0xBEDB, 0xA3EF, 0x7882, 0x78A2, 0xA430, 0xBE79, 0xBE18, 0xB596,
	0xB5B6, 0xB5B6, 0xB5B6, 0xBDD6, 0xC5F5, 0xDE72, 0xF6ED, 0xFF2B, 0xFF2B, 0xFF0C, 0xFF0B, 0xFF0B,
	0xFF0B, 0xFF0B, 0xFF0B, 0xFF0B, 0xFF0B, 0xFF0B, 0xFF0B, 0xFF0B, 0xFF0B, 0xFF0B, 0xFF0B, 0xFF0B,
	0xFF0B, 0xFF0B, 0xFF0B, 0xFF0B, 0xFF0B, 0xFF0B, 0xFF0B, 0xFF0B, 0xFF0B, 0xFF0B, 0xFF0B, 0xFF0B,
	0xFF0B, 0xFF0B, 0xFF0B, 0xFF0B, 0xFF0B, 0xFF0B, 0xFF0B, 0xFF0B, 0xFF0B, 0xFF0B, 0xFF0B, 0xFF0B,
	0xFF0B, 0xFF0B, 0xFF0B, 0xFF0B, 0xFF0B, 0xFF0B, 0xFF0B, 0xFF0B, 0xFF0B, 0xFF0B, 0xFF0B, 0xFF0B,
	0xFEEB, 0xFF0B, 0xFF2C, 0xFF2C, 0xFF0C, 0xFF0B, 0xFF0B, 0xFF0B, 0xFF0B, 0xFF0B, 0xFF0B, 0xFF0B,
	0xFF0B, 0xFF0B, 0xFF0B, 0xFF2B, 0xFF0C, 0xFF2B, 0xFEEA, 0xCDEC, 0x94B1, 0x9490, 0xC58B, 0xE64B,
	0xD632, 0xBDF6, 0xBDD7, 0xB5B6, 0xB5B6, 0xB5B6, 0xB5B6, 0xB5B6, 0xB5B6, 0xB5B6, 0xB5B6, 0xB5B6,
	0xB596, 0xBE38, 0xC69A, 0xB451, 0x98A2, 0x9882, 0xAC10, 0xC71C, 0xCEFB, 0xA471, 0x6924, 0x4800,
	0x4000, 0x3882, 0x2924, 0x2986, 0x3AAA, 0x61E7, 0xA0C3, 0xC000, 0xB000, 0xA124, 0xAC30, 0xB69A,
	0xBEBA, 0x9BEF, 0x7082, 0x78A2, 0xA430, 0xBE79, 0xBE18, 0xB596, 0xB5B6, 0xB5B7, 0xB5B7, 0xBDD6,
	0xD653, 0xEEB0, 0xFF0C, 0xFF2B, 0xFF2B, 0xFF0C, 0xFF0B, 0xFF0B, 0xFF0B, 0xFF0B, 0xFF0B, 0xFF0B,
	0xFF0B, 0xFF0B, 0xFF0B, 0xFF0B, 0xFF0B, 0xFF0B, 0xFF0B, 0xFF0B, 0xFF0B, 0xFF0B, 0xFF0B, 0xFF0B,
	0xFF0B, 0xFF0B, 0xFF0B, 0xFF0B, 0xFF0B, 0xFF0B, 0xFF0B, 0xFF0B, 0xFF0B, 0xFF0B, 0xFF0B, 0xFF0B,
	0xFF0B, 0xFF0B, 0xFF0B, 0xFF0B, 0xFF0B, 0xFF0B, 0xFF0B, 0xFF0B, 0xFF0B, 0xFF0B, 0xFF0B, 0xFF0B,
	0xFF0B, 0xFF0B, 0xFF0B, 0xFF0B, 0xFF0B, 0xFF0B, 0xFF0B, 0xFF2B, 0xFF4C, 0xFF2B, 0xFEEA, 0xF6CA,
	0xFF0B, 0xFF2B, 0xFF2B, 0xFF2B, 0xFF0B, 0xFF0B, 0xFF0B, 0xFF0B, 0xFF0B, 0xFF0B, 0xFF0B, 0xFF2B,
	0xFF0B, 0xFF2B, 0xFEEA, 0xBD4B, 0x6B4C, 0x736B, 0xC569, 0xEEAC, 0xD633, 0xBDB7, 0xB5B7, 0xB5B6,
	0xB5B6, 0xB5B6, 0xB5B6, 0xB5B6, 0xB5B6, 0xB5B6, 0xB5B6, 0xB5B6, 0xB575, 0xBE38, 0xCEFB, 0xBC92,
	0x98A2, 0x9882, 0xB451, 0xD77D, 0xD75D, 0xACB2, 0x7145, 0x4800, 0x4000, 0x3882, 0x2924, 0x2986,
	0x42EB, 0x6A28, 0xA0C3, 0xB800, 0x8800, 0x7924, 0x9C10, 0xB638, 0xB659, 0x9BAE, 0x7082, 0x78A2,
	0xA430, 0xBE79, 0xBE18, 0xB596, 0xB5B6, 0xB5B7, 0xAD97, 0xC5F5, 0xE691, 0xFF0D, 0xFF0B, 0xFF0B,
	0xFF0B, 0xFF0B, 0xFF0B, 0xFF0B, 0xFF0B, 0xFF0B, 0xFF0B, 0xFF0B, 0xFF0B, 0xFF0B, 0xFF0B, 0xFF0B,
	0xFF0B, 0xFF0B, 0xFF0B, 0xFF0B, 0xFF0B, 0xFF0B, 0xFF0B, 0xFF0B, 0xFF0B, 0xFF0B, 0xFF0B, 0xFF0B,
	0xFF0B, 0xFF0B, 0xFF0B, 0xFF0B, 0xFF0B, 0xFF0B, 0xFF0B, 0xFF0B, 0xFF0B, 0xFF0B, 0xFF0B, 0xFF0B,
	0xFF0B, 0xFF0B, 0xFF0B, 0xFF0B, 0xFF0B, 0xFF0B, 0xFF0B, 0xFF0B, 0xFF0B, 0xFF0B, 0xFF0B, 0xFF0B,
	0xFF0B, 0xFF0B, 0xFF0B, 0xFF2C, 0xFF4C, 0xFEEB, 0xDE29, 0xDE08, 0xF6AA, 0xFF2B, 0xFF2B, 0xFF2B,
	0xFF2B, 0xFF0B, 0xFF0B, 0xFF0B, 0xFF0B, 0xFF0B, 0xFF0B, 0xFF0B, 0xFF0B, 0xFF4B, 0xFF2B, 0xACE9,
	0x39C6, 0x4205, 0xC548, 0xFF2E, 0xD654, 0xAD97, 0xB5B7, 0xB5B6, 0xB5B6, 0xB5B6, 0xB5B6, 0xB5B6,
	0xB5B6, 0xB5B6, 0xB5B6, 0xB596, 0xB575, 0xBE59, 0xD73C, 0xC4D3, 0xA0C3, 0x98A2, 0xBC92, 0xDFBE,
	0xDF9E, 0xB4F3, 0x7165, 0x4800, 0x4000, 0x3882, 0x2924, 0x2986, 0x42EB, 0x6A28, 0xA8C3, 0xB800,
	0x8000, 0x7124, 0x9410, 0xB638, 0xB659, 0x93AE, 0x7061, 0x78A2, 0xA430, 0xBE79, 0xBE18, 0xB596,
	0xB5B6, 0xB5B7, 0xB597, 0xC614, 0xEECF, 0xFF2B, 0xFF2B, 0xFF0C, 0xFF0B, 0xFF0B, 0xFF0B, 0xFF0B,
	0xFF0B, 0xFF0B, 0xFF0B, 0xFF0B, 0xFF0B, 0xFF0B, 0xFF0B, 0xFF0B, 0xFF0B, 0xFF0B, 0xFF0B, 0xFF0B,
	0xFF0B, 0xFF0B, 0xFF0B, 0xFF0B, 0xFF0B, 0xFF0B, 0xFF0B, 0xFF0B, 0xFF0B, 0xFF0B, 0xFF0B, 0xFF0B,
	0xFF0B, 0xFF0B, 0xFF0B, 0xFF0B, 0xFF0B, 0xFF0B, 0xFF0B, 0xFF0B, 0xFF0B, 0xFF0B, 0xFF0B, 0xFF0B,
	0xFF0B, 0xFF0B, 0xFF0B, 0xFF0B, 0xFF0B, 0xFF0B, 0xFF0B, 0xFF0B, 0xFF0B, 0xFF2B, 0xFF2C, 0xF6CB,
	0xD5E9, 0xC569, 0xBD6B, 0xC58C, 0xC5AB, 0xD60B, 0xF6CB, 0xFF2B, 0xFF2B, 0xFF0B, 0xFF0B, 0xFF0B,
	0xFF0B, 0xFF0B, 0xFF0B, 0xFF0B, 0xFF0B, 0xFF4C, 0xFF4C, 0xBD48, 0x5264, 0x6284, 0xCDA9, 0xFF4F,
	0xD655, 0xAD77, 0xB597, 0xBDB6, 0xB5B6, 0xB5B6, 0xB5B6, 0xB5B6, 0xB5B6, 0xB5B6, 0xB5B6, 0xB596,
	0xB575, 0xBE59, 0xD73C, 0xC4D3, 0xA0C3, 0x98A2, 0xBC92, 0xDFBE, 0xDF9E, 0xB4F3, 0x7165, 0x4800,
	0x4000, 0x3882, 0x2924, 0x2986, 0x3AAA, 0x61E7, 0xA8C3, 0xC800, 0xA000, 0x8924, 0x9C10, 0xB638,
	0xB659, 0x93AE, 0x6861, 0x70A2, 0xA430, 0xC679, 0xBE18, 0xB596, 0xB5B6, 0xB5B7, 0xBDD6, 0xD633,
	0xF6ED, 0xFF2A, 0xFF2B, 0xFF0C, 0xFF0B, 0xFF0B, 0xFF0B, 0xFF0B, 0xFF0B, 0xFF0B, 0xFF0B, 0xFF0B,
	0xFF0B, 0xFF0B, 0xFF0B, 0xFF0B, 0xFF0B, 0xFF0B, 0xFF0B, 0xFF0B, 0xFF0B, 0xFF0B, 0xFF0B, 0xFF0B,
	0xFF0B, 0xFF0B, 0xFF0B, 0xFF0B, 0xFF0B, 0xFF0B, 0xFF0B, 0xFF0B, 0xFF0B, 0xFF0B, 0xFF0B, 0xFF0B,
	0xFF0B, 0xFF0B, 0xFF0B, 0xFF0B, 0xFF0B, 0xFF0B, 0xFF0B, 0xFF0B, 0xFF0B, 0xFF0B, 0xFF0B, 0xFF0B,
	0xFF0B, 0xFF0B, 0xFF0B, 0xFF0B, 0xFF0B, 0xFF4C, 0xFF6C, 0xCDC9, 0x7B45, 0x62E8, 0x9CAF, 0xAD32,
	0x840E, 0x942A, 0xD5CA, 0xFF0B, 0xFF2B, 0xFF0B, 0xFF0B, 0xFF0B, 0xFF0B, 0xFF0B, 0xFF0B, 0xFF0B,
	0xFF0B, 0xFF2B, 0xFF2C, 0xE64A, 0xB4E8, 0xBD08, 0xE66B, 0xEEF0, 0xC615, 0xAD97, 0xB5B7, 0xBDB6,
	0xB5B6, 0xB5B6, 0xB5B6, 0xB5B6, 0xB5B6, 0xB5B6, 0xB5B6, 0xB5B6, 0xB575, 0xBE38, 0xC6DB, 0xBC92,
	0x98A2, 0x9882, 0xB451, 0xD75D, 0xD73C, 0xACB2, 0x6945, 0x4800, 0x3800, 0x3882, 0x2924, 0x2986,
	0x328A, 0x61C7, 0xA882, 0xD000, 0xB800, 0xA104, 0xA3EF, 0xAE18, 0xAE38, 0x938E, 0x6061, 0x68A2,
	0x9C30, 0xC679, 0xBE18, 0xB596, 0xB5B6, 0xBDD6, 0xC615, 0xDE71, 0xF6ED, 0xFF2A, 0xFF2B, 0xFF0C,
	0xFF0B, 0xFF0B, 0xFF0B, 0xFF0B, 0xFF0B, 0xFF0B, 0xFF0B, 0xFF0B, 0xFF0B, 0xFF0B, 0xFF0B, 0xFF0B,
	0xFF0B, 0xFF0B, 0xFF0B, 0xFF0B, 0xFF0B, 0xFF0B, 0xFF0B, 0xFF0B, 0xFF0B, 0xFF0B, 0xFF0B, 0xFF0B,
	0xFF0B, 0xFF0B, 0xFF0B, 0xFF0B, 0xFF0B, 0xFF0B, 0xFF0B, 0xFF0B, 0xFF0B, 0xFF0B, 0xFF0B, 0xFF0B,
	0xFF0B, 0xFF0B, 0xFF0B, 0xFF0B, 0xFF0B, 0xFF0B, 0xFF0B, 0xFF0B, 0xFF0B, 0xFF0B, 0xFF0B, 0xFF2B,
	0xFF0B, 0xFF4C, 0xFF0C, 0xACC7, 0x3982, 0x2966, 0x7BF1, 0x94B4, 0x5AEE, 0x5AC9, 0xACE9, 0xEE8A,
	0xFF0B, 0xFF2C, 0xFF2B, 0xFF0B, 0xFF0B, 0xFF0B, 0xFF0B, 0xFF0B, 0xFF0B, 0xFF2B, 0xFF2C, 0xFF2B,
	0xFF0B, 0xF6EC, 0xF6EF, 0xDE92, 0xC5F5, 0xB597, 0xB5B7, 0xBDB6, 0xB5B6, 0xB5B6, 0xB5B6, 0xB5B6,
	0xB5B6, 0xB5B6, 0xB5B6, 0xB5B6, 0xB575, 0xBE38, 0xC6BA, 0xB471, 0x98A2, 0x9882, 0xB430, 0xCF1C,
	0xCEFB, 0xAC92, 0x7124, 0x4800, 0x4000, 0x3882, 0x2924, 0x2986, 0x3A8A, 0x59C7, 0x9882, 0xC000,
	0xB000, 0xA0E3, 0x9BAE, 0x9DB6, 0xA5D7, 0x834D, 0x5061, 0x58A2, 0x9C30, 0xC679, 0xBE18, 0xB576,
	0xB596, 0xBDD6, 0xD634, 0xEEB0, 0xFF0C, 0xFF2B, 0xFF2B, 0xFF0B, 0xFF0B, 0xFF0B, 0xFF0B, 0xFF0B,
	0xFF0B, 0xFF0B, 0xFF0B, 0xFF0B, 0xFF0B, 0xFF0B, 0xFF0B, 0xFF0B, 0xFF0B, 0xFF0B, 0xFF0B, 0xFF0B,
	0xFF0B, 0xFF0B, 0xFF0B, 0xFF0B, 0xFF0B, 0xFF0B, 0xFF0B, 0xFF0B, 0xFF0B, 0xFF0B, 0xFF0B, 0xFF0B,
	0xFF0B, 0xFF0B, 0xFF0B, 0xFF0B, 0xFF0B, 0xFF0B, 0xFF0B, 0xFF0B, 0xFF0B, 0xFF0B, 0xFF0B, 0xFF0B,
	0xFF0B, 0xFF0B, 0xFF0B, 0xFF0B, 0xFF0B, 0xFF0B, 0xFF0B, 0xFF2B, 0xFF0B, 0xFF0B, 0xEE8B, 0x9C47,
	0x3163, 0x2125, 0x632D, 0x73AF, 0x4A6B, 0x5267, 0x9C48, 0xDE09, 0xFEEB, 0xFF2C, 0xFF2B, 0xFF0B,
	0xFF0B, 0xFF0B, 0xFF0B, 0xFF0B, 0xFF0B, 0xFF2B, 0xFF2C, 0xFF4B, 0xFF4B, 0xFF2D, 0xEEB0, 0xD634,
	0xBDD6, 0xB5B7, 0xB5B6, 0xB5B6, 0xB5B6, 0xB5B6, 0xB5B6, 0xB5B6, 0xB5B6, 0xB5B6, 0xB5B6, 0xB5B6,
	0xB575, 0xBE38, 0xC6BA, 0xB471, 0x90A2, 0x9082, 0xAC30, 0xCF3C, 0xCF1C, 0xAC92, 0x7124, 0x5000,
	0x4000, 0x3861, 0x3124, 0x2986, 0x3A69, 0x51E7, 0x7904, 0x9041, 0x8041, 0x8145, 0x93AE, 0xA596,
	0xA5D7, 0x834D, 0x5061, 0x58A2, 0x9C30, 0xC679, 0xBE18, 0xB576, 0xB597, 0xBDD6, 0xDE53, 0xEECF,
	0xFF0C, 0xFF0B, 0xFF2B, 0xFF0B, 0xFF0B, 0xFF0B, 0xFF0B, 0xFF0B, 0xFF0B, 0xFF0B, 0xFF0B, 0xFF0B,
	0xFF0B, 0xFF0B, 0xFF0B, 0xFF0B, 0xFF0B, 0xFF0B, 0xFF0B, 0xFF0B, 0xFF0B, 0xFF0B, 0xFF0B, 0xFF0B,
	0xFF0B, 0xFF0B, 0xFF0B, 0xFF0B, 0xFF0B, 0xFF0B, 0xFF0B, 0xFF0B, 0xFF0B, 0xFF0B, 0xFF0B, 0xFF0B,
	0xFF0B, 0xFF0B, 0xFF0B, 0xFF0B, 0xFF0B, 0xFF0B, 0xFF0B, 0xFF0B, 0xFF0B, 0xFF0B, 0xFF0B, 0xFF0B,
	0xFF0B, 0xFF0B, 0xFF0B, 0xFF2B, 0xFF0B, 0xFF0B, 0xEE8A, 0xA467, 0x39C4, 0x18E4, 0x39E7, 0x4208,
	0x2966, 0x4A05, 0x9C47, 0xDE2A, 0xFEEB, 0xFF2B, 0xFF2B, 0xFF0B, 0xFF0B, 0xFF2B, 0xFF2B, 0xFF2B,
	0xFF2B, 0xFF0B, 0xFEEB, 0xFEAA, 0xF64A, 0xEE2C, 0xDE11, 0xCDF5, 0xBDD6, 0xB5B6, 0xB5B6, 0xB5B6,
	0xB5B6, 0xB5B6, 0xB5B6, 0xB5B6, 0xB5B6, 0xB5B6, 0xB5B6, 0xB5B6, 0xB575, 0xBE38, 0xC6BA, 0xB451,
	0x88A2, 0x8882, 0xAC30, 0xCF1C, 0xCEFB, 0xA492, 0x6165, 0x3800, 0x3020, 0x30A2, 0x2924, 0x2986,
	0x4228, 0x4A08, 0x59E7, 0x5165, 0x4104, 0x59E7, 0x8C30, 0xB5F7, 0xB618, 0x8B8E, 0x5861, 0x60A2,
	0x9C30, 0xC679, 0xBE18, 0xB576, 0xB597, 0xC5F5, 0xDE72, 0xF6EE, 0xFF0C, 0xFF0B, 0xFF0B, 0xFF0B,
	0xFF0B, 0xFF0B, 0xFF0B, 0xFF0B, 0xFF0B, 0xFF0B, 0xFF0B, 0xFF0B, 0xFF0B, 0xFF0B, 0xFF0B, 0xFF0B,
	0xFF0B, 0xFF0B, 0xFF0B, 0xFF0B, 0xFF0B, 0xFF0B, 0xFF0B, 0xFF0B, 0xFF0B, 0xFF0B, 0xFF0B, 0xFF0B,
	0xFF0B, 0xFF0B, 0xFF0B, 0xFF0B, 0xFF0B, 0xFF0B, 0xFF0B, 0xFF0B, 0xFF0B, 0xFF0B, 0xFF0B, 0xFF0B,
	0xFF0B, 0xFF0B, 0xFF0B, 0xFF0B, 0xFF0B, 0xFF0B, 0xFF0B, 0xFF0B, 0xFF0B, 0xFF0B, 0xFF0B, 0xFF2B,
	0xFF0B, 0xFF2B, 0xFF0B, 0xBD29, 0x5245, 0x18A3, 0x18C4, 0x18C4, 0x1083, 0x4A05, 0xACC8, 0xF6AB,
	0xFF2B, 0xFF0B, 0xFF2B, 0xFF0B, 0xFF0B, 0xFF2B, 0xFF4B, 0xFF2B, 0xFEEB, 0xF68B, 0xF60B, 0xED6A,
	0xE4E9, 0xE4CB, 0xD510, 0xC574, 0xBDB6, 0xB5B7, 0xB5B6, 0xB5B6, 0xB5B6, 0xB5B6, 0xB5B6, 0xB5B6,
	0xB5B6, 0xB5B6, 0xB5B6, 0xB5B6, 0xB596, 0xBE18, 0xBE79, 0xAC30, 0x8082, 0x8082, 0xA410, 0xC6DB,
	0xCEBA, 0x9C92, 0x49C7, 0x1861, 0x1861, 0x2904, 0x2945, 0x3165, 0x4269, 0x428A, 0x42CB, 0x3269,
	0x21E7, 0x42CB, 0x8C71, 0xBE18, 0xBE38, 0x93CF, 0x6082, 0x60A2, 0x9C30, 0xC679, 0xBE18, 0xB576,
	0xB597, 0xC5F5, 0xE691, 0xF6EE, 0xFF0C, 0xFF0B, 0xFF0B, 0xFF0B, 0xFF0B, 0xFF0B, 0xFF0B, 0xFF0B,
	0xFF0B, 0xFF0B, 0xFF0B, 0xFF0B, 0xFF0B, 0xFF0B, 0xFF0B, 0xFF0B, 0xFF0B, 0xFF0B, 0xFF0B, 0xFF0B,
	0xFF0B, 0xFF0B, 0xFF0B, 0xFF0B, 0xFF0B, 0xFF0B, 0xFF0B, 0xFF0B, 0xFF0B, 0xFF0B, 0xFF0B, 0xFF0B,
	0xFF0B, 0xFF0B, 0xFF0B, 0xFF0B, 0xFF0B, 0xFF0B, 0xFF0B, 0xFF0B, 0xFF0B, 0xFF0B, 0xFF0B, 0xFF0B,
	0xFF0B, 0xFF0B, 0xFF0B, 0xFF0B, 0xFF0B, 0xFF0B, 0xFF0B, 0xFF0B, 0xFF0B, 0xFF4C, 0xFF4C, 0xDE2A,
	0x8BE7, 0x5244, 0x39A4, 0x3984, 0x41E4, 0x7B86, 0xCDC9, 0xFF2B, 0xFF4B, 0xFF0B, 0xFF0B, 0xFF2B,
	0xFF2B, 0xFF0B, 0xFECB, 0xFE6B, 0xF60A, 0xEDAA, 0xE52A, 0xE489, 0xDC09, 0xDC0A, 0xD44D, 0xCCF1,
	0xBD95, 0xB5D7, 0xB5B7, 0xB5B6, 0xB5B6, 0xB5B6, 0xB5B6, 0xB5B6, 0xB5B6, 0xB5B6, 0xB5B6, 0xB5B6,
	0xB596, 0xBE18, 0xBE59, 0xA410, 0x7882, 0x7882, 0x9BEF, 0xC69A, 0xC679, 0x9492, 0x3208, 0x0082,
	0x10C3, 0x2165, 0x2165, 0x2186, 0x42CB, 0x42EB, 0x430C, 0x3AAA, 0x328A, 0x534D, 0x8C92, 0xBDD7,
	0xBE38, 0x93AE, 0x6082, 0x68A2, 0xA430, 0xC679, 0xBE18, 0xB576, 0xB597, 0xC5F5, 0xE691, 0xFEEE,
	0xFF0C, 0xFF0B, 0xFF0B, 0xFF0B, 0xFF0B, 0xFF0B, 0xFF0B, 0xFF0B, 0xFF0B, 0xFF0B, 0xFF0B, 0xFF0B,
	0xFF0B, 0xFF0B, 0xFF0B, 0xFF0B, 0xFF0B, 0xFF0B, 0xFF0B, 0xFF0B, 0xFF0B, 0xFF0B, 0xFF0B, 0xFF0B,
	0xFF0B, 0xFF0B, 0xFF0B, 0xFF0B, 0xFF0B, 0xFF0B, 0xFF0B, 0xFF0B, 0xFF0B, 0xFF0B, 0xFF0B, 0xFF0B,
	0xFF0B, 0xFF0B, 0xFF0B, 0xFF0B, 0xFF0B, 0xFF0B, 0xFF0B, 0xFF0B, 0xFF0B, 0xFF0B, 0xFF0B, 0xFF0B,
	0xFF0B, 0xFF0B, 0xFF0B, 0xFF0B, 0xFF0B, 0xFF2B, 0xFF2B, 0xF6EB, 0xDE0A, 0xBD28, 0x9C47, 0x9C47,
	0xACE8, 0xD5EA, 0xF6AB, 0xFF2B, 0xFF2B, 0xFF0B, 0xFF0B, 0xFF2B, 0xFF4C, 0xFECB, 0xF5CA, 0xED0A,
	0xE4AA, 0xE48A, 0xDC69, 0xDC49, 0xDC29, 0xDC09, 0xDC29, 0xD4AD, 0xC554, 0xB5D7, 0xB5B7, 0xB5B6,
	0xB5B6, 0xB5B6, 0xB5B6, 0xB5B6, 0xB5B6, 0xB5B6, 0xB5B6, 0xB5B6, 0xB596, 0xBE18, 0xBE59, 0xA410,
	0x7882, 0x7082, 0x9BEF, 0xC69A, 0xCE79, 0x8C71, 0x3208, 0x08A2, 0x1104, 0x21A6, 0x2186, 0x1986,
	0x6A28, 0x6A28, 0x6A28, 0x69E7, 0x69E7, 0x7ACB, 0x9C71, 0xB618, 0xB638, 0x93CF, 0x6882, 0x70A2,
	0xA430, 0xC679, 0xBE18, 0xB576, 0xB597, 0xC5F5, 0xE691, 0xFEEE, 0xFF0C, 0xFF0B, 0xFF0B, 0xFF0B,
	0xFF0B, 0xFF0B, 0xFF0B, 0xFF0B, 0xFF0B, 0xFF0B, 0xFF0B, 0xFF0B, 0xFF0B, 0xFF0B, 0xFF0B, 0xFF0B,
	0xFF0B, 0xFF0B, 0xFF0B, 0xFF0B, 0xFF0B, 0xFF0B, 0xFF0B, 0xFF0B, 0xFF0B, 0xFF0B, 0xFF0B, 0xFF0B,
	0xFF0B, 0xFF0B, 0xFF0B, 0xFF0B, 0xFF0B, 0xFF0B, 0xFF0B, 0xFF0B, 0xFF0B, 0xFF0B, 0xFF0B, 0xFF0B,
	0xFF0B, 0xFF0B, 0xFF0B, 0xFF0B, 0xFF0B, 0xFF0B, 0xFF0B, 0xFF0B, 0xFF0B, 0xFF0B, 0xFF0B, 0xFF0B,
	0xFF0B, 0xFF0B, 0xFF0B, 0xFF2B, 0xFF4B, 0xFEEB, 0xE66A, 0xE66A, 0xF6EB, 0xFF4C, 0xFF2B, 0xFF0B,
	0xFF2B, 0xFF2B, 0xFF2B, 0xFF0B, 0xFECB, 0xFE0A, 0xF509, 0xEC49, 0xDC09, 0xDC09, 0xDC29, 0xDC49,
	0xDC4A, 0xE449, 0xE428, 0xDC6B, 0xCD32, 0xBD96, 0xB5B7, 0xB5B6, 0xB5B6, 0xB5B6, 0xB5B6, 0xB5B6,
	0xB5B6, 0xB5B6, 0xB5B6, 0xB5B6, 0xB596, 0xBE18, 0xBE79, 0xA430, 0x7082, 0x7082, 0x9BEF, 0xC6BA,
	0xCE9A, 0x9471, 0x49A6, 0x2061, 0x28C3, 0x4145, 0x4924, 0x4904, 0xA882, 0xA882, 0xA8A2, 0xA882,
	0xA882, 0xA986, 0xAC51, 0xB679, 0xBE9A, 0x9BEF, 0x7082, 0x70A2, 0xA430, 0xC679, 0xBE18, 0xB576,
	0xB597, 0xC5F5, 0xE691, 0xFEEE, 0xFF0C, 0xFF0B, 0xFF0B, 0xFF0B, 0xFF0B, 0xFF0B, 0xFF0B, 0xFF0B,
	0xFF0B, 0xFF0B, 0xFF0B, 0xFF0B, 0xFF0B, 0xFF0B, 0xFF0B, 0xFF0B, 0xFF0B, 0xFF0B, 0xFF0B, 0xFF0B,
	0xFF0B, 0xFF0B, 0xFF0B, 0xFF0B, 0xFF0B, 0xFF0B, 0xFF0B, 0xFF0B, 0xFF0B, 0xFF0B, 0xFF0B, 0xFF0B,
	0xFF0B, 0xFF0B, 0xFF0B, 0xFF0B, 0xFF0B, 0xFF0B, 0xFF0B, 0xFF0B, 0xFF0B, 0xFF0B, 0xFF0B, 0xFF0B,
	0xFF0B, 0xFF0B, 0xFF0B, 0xFF0B, 0xFF0B, 0xFF0B, 0xFF0B, 0xFF0B, 0xFF0B, 0xFF0B, 0xFF0B, 0xFF2B,
	0xFF4C, 0xFF2B, 0xFF0B, 0xFF0B, 0xFF2B, 0xFF4C, 0xFF2B, 0xFF0B, 0xFF0B, 0xFF2B, 0xFF2B, 0xFEAB,
	0xFDCA, 0xFD09, 0xF4A8, 0xEC69, 0xE429, 0xDC29, 0xDC29, 0xDC49, 0xDC4A, 0xDC29, 0xDC28, 0xDC6B,
	0xD4F0, 0xC554, 0xBDB6, 0xB5B6, 0xB5B6, 0xB5B6, 0xB5B6, 0xB5B6, 0xB5B6, 0xB5B6, 0xB5B6, 0xB5B6,
	0xB596, 0xBE18, 0xBE79, 0xA430, 0x7082, 0x7082, 0x9BEF, 0xC6DB, 0xC69A, 0x9C51, 0x6145, 0x3820,
	0x3820, 0x6061, 0x9041, 0xA841, 0xC000, 0xC000, 0xC000, 0xC800, 0xC000, 0xB8E3, 0xB451, 0xBEBA,
	0xBEDB, 0xA3EF, 0x7882, 0x78A2, 0xA430, 0xC679, 0xBE18, 0xB576, 0xB597, 0xC5F5, 0xE671, 0xF6EE,
	0xFF0C, 0xFF0B, 0xFF0B, 0xFF0B, 0xFF0B, 0xFF0B, 0xFF0B, 0xFF0B, 0xFF0B, 0xFF0B, 0xFF0B, 0xFF0B,
	0xFF0B, 0xFF0B, 0xFF0B, 0xFF0B, 0xFF0B, 0xFF0B, 0xFF0B, 0xFF0B, 0xFF0B, 0xFF0B, 0xFF0B, 0xFF0B,
	0xFF0B, 0xFF0B, 0xFF0B, 0xFF0B, 0xFF0B, 0xFF0B, 0xFF0B, 0xFF0B, 0xFF0B, 0xFF0B, 0xFF0B, 0xFF0B,
	0xFF0B, 0xFF0B, 0xFF0B, 0xFF0B, 0xFF0B, 0xFF0B, 0xFF0B, 0xFF0B, 0xFF0B, 0xFF0B, 0xFF0B, 0xFF0B,
	0xFF0B, 0xFF0B, 0xFF0B, 0xFF0B, 0xFF0B, 0xFF0B, 0xFF0B, 0xFF0B, 0xFF0B, 0xFF0B, 0xFF2B, 0xFF0B,
	0xFF0B, 0xFF0B, 0xFF0B, 0xFF2B, 0xFF2B, 0xFEEB, 0xFE8B, 0xFDCA, 0xFCE9, 0xFC88, 0xFC88, 0xF489,
	0xEC69, 0xE449, 0xDC49, 0xDC49, 0xDC4A, 0xDC29, 0xDC29, 0xDC4A, 0xD4AD, 0xCD12, 0xBD95, 0xB5D7,
	0xB5B7, 0xB5B6, 0xB5B6, 0xB5B6, 0xB5B6, 0xB5B6, 0xB5B6, 0xB5B6, 0xB596, 0xBE18, 0xBE59, 0x9C10,
	0x7082, 0x7082, 0x9BEF, 0xC6BA, 0xC69A, 0x9C30, 0x7104, 0x4800, 0x4800, 0x7800, 0xB000, 0xD000,
	0xA800, 0xB000, 0xB800, 0xB800, 0xB000, 0xB104, 0xB451, 0xBEBA, 0xBEDB, 0xA3EF, 0x7882, 0x78A2,
	0xA430, 0xC679, 0xBE18, 0xB576, 0xB597, 0xC5D5, 0xDE72, 0xF6CE, 0xFF0C, 0xFF2B, 0xFF2B, 0xFF0B,
	0xFF0B, 0xFF0B, 0xFF0B, 0xFF0B, 0xFF0B, 0xFF0B, 0xFF0B, 0xFF0B, 0xFF0B, 0xFF0B, 0xFF0B, 0xFF0B,
	0xFF0B, 0xFF0B, 0xFF0B, 0xFF0B, 0xFF0B, 0xFF0B, 0xFF0B, 0xFF0B, 0xFF0B, 0xFF0B, 0xFF0B, 0xFF0B,
	0xFF0B, 0xFF0B, 0xFF0B, 0xFF0B, 0xFF0B, 0xFF0B, 0xFF0B, 0xFF0B, 0xFF0B, 0xFF0B, 0xFF0B, 0xFF0B,
	0xFF0B, 0xFF0B, 0xFF0B, 0xFF0B, 0xFF0B, 0xFF0B, 0xFF0B, 0xFF0B, 0xFF0B, 0xFF0B, 0xFF0B, 0xFF0B,
	0xFF0B, 0xFF0B, 0xFF0B, 0xFF0B, 0xFF0B, 0xFF2B, 0xFF2B, 0xFF2B, 0xFF0B, 0xFF0B, 0xFF2B, 0xFF2B,
	0xFEEB, 0xFE4A, 0xFD69, 0xF4C9, 0xF488, 0xF488, 0xFC88, 0xF488, 0xF469, 0xEC69, 0xDC49, 0xDC29,
	0xDC49, 0xDC49, 0xDC49, 0xDC4A, 0xDC6B, 0xCCCF, 0xBD75, 0xB5D7, 0xB5D7, 0xB5B6, 0xB5B6, 0xB5B6,
	0xB5B6, 0xB5B6, 0xB5B6, 0xB5B6, 0xB596, 0xBDF7, 0xB638, 0x9BEF, 0x6882, 0x6882, 0x93CF, 0xBE79,
	0xBE59, 0x9C10, 0x6904, 0x4800, 0x4800, 0x7000, 0xA000, 0xC000, 0xA000, 0xA020, 0xA020, 0x9800,
	0x9000, 0x9924, 0xAC51, 0xBE9A, 0xBEBA, 0xA3EF, 0x7082, 0x78A2, 0xA430, 0xC679, 0xBE18, 0xB576,
	0xB597, 0xBDD6, 0xD653, 0xEECF, 0xFF0C, 0xFF2B, 0xFF2B, 0xFF0B, 0xFF0B, 0xFF0B, 0xFF0B, 0xFF0B,
	0xFF0B, 0xFF0B, 0xFF0B, 0xFF0B, 0xFF0B, 0xFF0B, 0xFF0B, 0xFF0B, 0xFF0B, 0xFF0B, 0xFF0B, 0xFF0B,
	0xFF0B, 0xFF0B, 0xFF0B, 0xFF0B, 0xFF0B, 0xFF0B, 0xFF0B, 0xFF0B, 0xFF0B, 0xFF0B, 0xFF0B, 0xFF0B,
	0xFF0B, 0xFF0B, 0xFF0B, 0xFF0B, 0xFF0B, 0xFF0B, 0xFF0B, 0xFF0B, 0xFF0B, 0xFF0B, 0xFF0B, 0xFF0B,
	0xFF0B, 0xFF0B, 0xFF0B, 0xFF0B, 0xFF0B, 0xFF0B, 0xFF0B, 0xFF0B, 0xFF0B, 0xFF0B, 0xFF0B, 0xFF0B,
	0xFF0B, 0xFF0B, 0xFF0B, 0xFF0B, 0xFF2B, 0xFF2B, 0xFF0B, 0xFECB, 0xFE2A, 0xFD89, 0xF4A8, 0xF468,
	0xF468, 0xF4A8, 0xF488, 0xF488, 0xF488, 0xF469, 0xE449, 0xDC49, 0xDC49, 0xDC49, 0xDC49, 0xDC29,
	0xDC29, 0xD4AE, 0xBD74, 0xB5D7, 0xB5D7, 0xB5B6, 0xB5B6, 0xB5B6, 0xB5B6, 0xB5B6, 0xB5B6, 0xB5B6,
	0xB596, 0xB5F7, 0xB5F7, 0x93AE, 0x6082, 0x6882, 0x938E, 0xB638, 0xB618, 0x93EF, 0x6904, 0x4800,
	0x4800, 0x6820, 0x8800, 0x9800, 0xA800, 0xA000, 0x8820, 0x7800, 0x8000, 0x9124, 0xAC51, 0xBE9A,
	0xC6BA, 0xA3EF, 0x7082, 0x78A2, 0xA430, 0xC679, 0xBE18, 0xB576, 0xB596, 0xBDD6, 0xD634, 0xE6B0,
	0xFEED, 0xFF2B, 0xFF2B, 0xFF0C, 0xFF0B, 0xFF0B, 0xFF0B, 0xFF0B, 0xFF0B, 0xFF0B, 0xFF0B, 0xFF0B,
	0xFF0B, 0xFF0B, 0xFF0B, 0xFF0B, 0xFF0B, 0xFF0B, 0xFF0B, 0xFF0B, 0xFF0B, 0xFF0B, 0xFF0B, 0xFF0B,
	0xFF0B, 0xFF0B, 0xFF0B, 0xFF0B, 0xFF0B, 0xFF0B, 0xFF0B, 0xFF0B, 0xFF0B, 0xFF0B, 0xFF0B, 0xFF0B,
	0xFF0B, 0xFF0B, 0xFF0B, 0xFF0B, 0xFF0B, 0xFF0B, 0xFF0B, 0xFF0B, 0xFF0B, 0xFF0B, 0xFF0B, 0xFF0B,
	0xFF0B, 0xFF0B, 0xFF0B, 0xFF0B, 0xFF0B, 0xFF0B, 0xFF0B, 0xFF0B, 0xFF0B, 0xFF0B, 0xFF0B, 0xFF2B,
	0xFF4C, 0xFF2B, 0xFEAB, 0xFDEA, 0xFD29, 0xFCA8, 0xF468, 0xF468, 0xF488, 0xF488, 0xF488, 0xF488,
	0xF488, 0xF488, 0xEC69, 0xE449, 0xDC49, 0xDC29, 0xDC4A, 0xE429, 0xE428, 0xD48C, 0xBD74, 0xB5D8,
	0xB5D7, 0xB5B6, 0xB5B6, 0xB5B6, 0xB5B6, 0xB5B6, 0xB5B6, 0xB5B6, 0xB5B6, 0xB5D7, 0xADB6, 0x8B6D,
	0x6061, 0x6082, 0x8B6D, 0xADD7, 0xADB6, 0x8BAE, 0x6104, 0x4800, 0x4800, 0x6020, 0x7000, 0x7800,
	0xA000, 0x9000, 0x7820, 0x7000, 0x8000, 0x9924, 0xAC51, 0xBE9A, 0xC6BA, 0xA3EF, 0x7082, 0x78A2,
	0xA430, 0xC679, 0xBE18, 0xB576, 0xB596, 0xBDD6, 0xC615, 0xDE71, 0xF6ED, 0xFF2A, 0xFF2B, 0xFF0C,
	0xFF0B, 0xFF0B, 0xFF0B, 0xFF0B, 0xFF0B, 0xFF0B, 0xFF0B, 0xFF0B, 0xFF0B, 0xFF0B, 0xFF0B, 0xFF0B,
	0xFF0B, 0xFF0B, 0xFF0B, 0xFF0B, 0xFF0B, 0xFF0B, 0xFF0B, 0xFF0B, 0xFF0B, 0xFF0B, 0xFF0B, 0xFF0B,
	0xFF0B, 0xFF0B, 0xFF0B, 0xFF0B, 0xFF0B, 0xFF0B, 0xFF0B, 0xFF0B, 0xFF0B, 0xFF0B, 0xFF2B, 0xFF2B,
	0xFF0B, 0xFF0B, 0xFF0B, 0xFF0B, 0xFF0B, 0xFF0B, 0xFF0B, 0xFF0B, 0xFF0B, 0xFF0B, 0xFF0B, 0xFF0B,
	0xFF0B, 0xFF0B, 0xFF0B, 0xFF0B, 0xFF0B, 0xFF2B, 0xFF0B, 0xFF0B, 0xFEEB, 0xFE8B, 0xFDEA, 0xFD29,
	0xF488, 0xF468, 0xF488, 0xF4A8, 0xF488, 0xF488, 0xF488, 0xF488, 0xF488, 0xF488, 0xF488, 0xEC69,
	0xE449, 0xDC49, 0xDC4A, 0xDC29, 0xE408, 0xD48C, 0xBD74, 0xB5D8, 0xB5D7, 0xB5B6, 0xB5B6, 0xB5B6,
	0xB5B6, 0xB5B6, 0xB5B6, 0xB5B6, 0xB5B6, 0xB5D7, 0xA575, 0x7B4D, 0x5861, 0x5882, 0x832C, 0x9D96,
	0x9D75, 0x836D, 0x60E3, 0x5000, 0x5000, 0x5820, 0x6000, 0x6800, 0x8800, 0x8000, 0x7820, 0x7800,
	0x9000, 0xA924, 0xB451, 0xBE9A, 0xBEBA, 0xA3EF, 0x7082, 0x78A2, 0xA430, 0xBE79, 0xBE18, 0xB596,
	0xB5B6, 0xB5B7, 0xBDD6, 0xD633, 0xF6ED, 0xFF2A, 0xFF2B, 0xFF0C, 0xFF0B, 0xFF0B, 0xFF0B, 0xFF0B,
	0xFF0B, 0xFF0B, 0xFF0B, 0xFF0B, 0xFF0B, 0xFF0B, 0xFF0B, 0xFF0B, 0xFF0B, 0xFF0B, 0xFF0B, 0xFF0B,
	0xFF0B, 0xFF0B, 0xFF0B, 0xFF0B, 0xFF0B, 0xFF0B, 0xFF0B, 0xFF0B, 0xFF0B, 0xFF0B, 0xFF0B, 0xFF0B,
	0xFF0B, 0xFF0B, 0xFF2B, 0xFF0B, 0xFF0B, 0xFF0B, 0xFF2B, 0xFF2C, 0xFF0B, 0xFF0B, 0xFF0B, 0xFF0B,
	0xFF0B, 0xFF0B, 0xFF0B, 0xFF0B, 0xFF0B, 0xFF0B, 0xFF0B, 0xFF0B, 0xFF0B, 0xFF0B, 0xFF0B, 0xFF0B,
	0xFF0B, 0xFF2B, 0xFF2B, 0xFECB, 0xFE2A, 0xFD89, 0xFD09, 0xF4A8, 0xF468, 0xF488, 0xF488, 0xF488,
	0xF488, 0xF488, 0xF488, 0xF488, 0xF488, 0xF488, 0xF488, 0xF488, 0xF469, 0xEC69, 0xE469, 0xDC29,
	0xDC29, 0xD48D, 0xBD74, 0xB5D8, 0xB5D7, 0xB5B6, 0xB5B6, 0xB5B6, 0xB5B6, 0xB5B6, 0xB5B6, 0xBDD7,
	0xBDB6, 0xB5B6, 0x9D55, 0x730C, 0x5061, 0x5061, 0x7B0C, 0x9D34, 0x9534, 0x7B4D, 0x60E3, 0x5000,
	0x5000, 0x5820, 0x6000, 0x6800, 0x8800, 0x8000, 0x8020, 0x8000, 0x9000, 0xA124, 0xB451, 0xBE9A,
	0xBEBA, 0xA3EF, 0x7082, 0x70A2, 0xA430, 0xBE79, 0xBE18, 0xB596, 0xB5B6, 0xB5B7, 0xB5B7, 0xCE14,
	0xEECE, 0xFF2B, 0xFF2B, 0xFF0C, 0xFF0B, 0xFF0B, 0xFF0B, 0xFF0B, 0xFF0B, 0xFF0B, 0xFF0B, 0xFF0B,
	0xFF0B, 0xFF0B, 0xFF0B, 0xFF0B, 0xFF0B, 0xFF0B, 0xFF0B, 0xFF0B, 0xFF0B, 0xFF0B, 0xFF0B, 0xFF0B,
	0xFF0B, 0xFF0B, 0xFF0B, 0xFF0B, 0xFF0B, 0xFF0B, 0xFF0B, 0xFF0B, 0xFF0B, 0xFF0B, 0xFF2B, 0xFF0B,
	0xFEEB, 0xF6EB, 0xFEEB, 0xFF0B, 0xFF0B, 0xFF2B, 0xFF2B, 0xFF0B, 0xFF0B, 0xFF0B, 0xFF0B, 0xFF0B,
	0xFF0B, 0xFF0B, 0xFF0B, 0xFF0B, 0xFF0B, 0xFF0B, 0xFF0B, 0xFF0B, 0xFF0B, 0xFF2B, 0xFF0B, 0xFE6A,
	0xFD69, 0xF4A8, 0xF468, 0xF468, 0xF488, 0xF4A8, 0xF488, 0xF488, 0xF488, 0xF488, 0xF488, 0xF488,
	0xF488, 0xF488, 0xF488, 0xFC88, 0xF489, 0xF488, 0xEC69, 0xE449, 0xDC6B, 0xD4CF, 0xBD74, 0xB5D7,
	0xB5D7, 0xB5B6, 0xB5B6, 0xB5B6, 0xB5B6, 0xB5B6, 0xB5B6, 0xBDD7, 0xBDB6, 0xB5B6, 0x9D55, 0x7B2C,
	0x5061, 0x5061, 0x7B0C, 0x9D55, 0x9D34, 0x834D, 0x60E3, 0x5000, 0x5000, 0x6020, 0x7000, 0x7800,
	0x9800, 0x9000, 0x8820, 0x8000, 0x8000, 0x9124, 0xAC51, 0xBE9A, 0xC6BA, 0xA3EF, 0x7082, 0x70A2,
	0xA430, 0xBE79, 0xBE18, 0xB596, 0xB5B6, 0xB5B7, 0xB597, 0xC5F5, 0xE6B0, 0xFF0C, 0xFF2B, 0xFF0B,
	0xFF0B, 0xFF0B, 0xFF0B, 0xFF0B, 0xFF0B, 0xFF0B, 0xFF0B, 0xFF0B, 0xFF0B, 0xFF0B, 0xFF0B, 0xFF0B,
	0xFF0B, 0xFF0B, 0xFF0B, 0xFF0B, 0xFF0B, 0xFF0B, 0xFF0B, 0xFF0B, 0xFF0B, 0xFF0B, 0xFF0B, 0xFF0B,
	0xFF0B, 0xFF0B, 0xFF0B, 0xFF0B, 0xFF0B, 0xFF0B, 0xFF0B, 0xFF0B, 0xFF0B, 0xF6EB, 0xF6CA, 0xF6CA,
	0xFF0B, 0xFF2B, 0xFF2B, 0xFF0B, 0xFF0B, 0xFF0B, 0xFF0B, 0xFF0B, 0xFF0B, 0xFF0B, 0xFF0B, 0xFF0B,
	0xFF0B, 0xFF0B, 0xFF0B, 0xFF2B, 0xFF0B, 0xFF0B, 0xFECB, 0xFE0A, 0xFD09, 0xF468, 0xF448, 0xF488,
	0xF488, 0xF4A8, 0xF4A8, 0xF488, 0xF488, 0xF488, 0xF488, 0xF488, 0xF488, 0xF488, 0xF488, 0xFCA8,
	0xF4A9, 0xFC88, 0xF468, 0xEC6A, 0xE4AE, 0xCD32, 0xBD95, 0xB5D7, 0xB5B7, 0xB5B6, 0xB5B6, 0xB5B6,
	0xB5B6, 0xB5B6, 0xB5B6, 0xB5B6, 0xB5B6, 0xB5D7, 0xA596, 0x834D, 0x5861, 0x5882, 0x834D, 0xA596,
	0xA575, 0x838E, 0x60E3, 0x4800, 0x4800, 0x6020, 0x7800, 0x8800, 0xA800, 0xA000, 0x9020, 0x7800,
	0x7000, 0x8124, 0xA451, 0xC69A, 0xC6BA, 0xA3EF, 0x7882, 0x78A2, 0xA430, 0xBE79, 0xBE18, 0xB596,
	0xB5B6, 0xB5B7, 0xB597, 0xC5F5, 0xDE72, 0xF6EE, 0xFF0C, 0xFF2B, 0xFF0B, 0xFF0B, 0xFF0B, 0xFF0B,
	0xFF0B, 0xFF0B, 0xFF0B, 0xFF0B, 0xFF0B, 0xFF0B, 0xFF0B, 0xFF0B, 0xFF0B, 0xFF0B, 0xFF0B, 0xFF0B,
	0xFF0B, 0xFF0B, 0xFF0B, 0xFF0B, 0xFF0B, 0xFF0B, 0xFF0B, 0xFF0B, 0xFF0B, 0xFF0B, 0xFF0B, 0xFF0B,
	0xFF0B, 0xFF0B, 0xFF0B, 0xFF0B, 0xFF0B, 0xFEEB, 0xF6CA, 0xEEAA, 0xF6CA, 0xF6EB, 0xFF0B, 0xFF0B,
	0xFF2B, 0xFF2B, 0xFF2B, 0xFF2B, 0xFF0B, 0xFF0B, 0xFF0B, 0xFF0B, 0xFF0B, 0xFF0B, 0xFF0B, 0xFF2B,
	0xFF0B, 0xFF0B, 0xFECB, 0xFE4A, 0xFD89, 0xFD09, 0xFCC9, 0xF4A8, 0xF468, 0xF468, 0xF468, 0xF468,
	0xF468, 0xF488, 0xF488, 0xF488, 0xF488, 0xF488, 0xF488, 0xF468, 0xF468, 0xFC68, 0xFCA7, 0xF4EA,
	0xDD30, 0xC575, 0xBDB6, 0xB5B6, 0xB5B6, 0xB5B6, 0xB5B6, 0xB5B6, 0xB5B6, 0xB5B6, 0xB5B6, 0xB5B6,
	0xB5B6, 0xB5D7, 0xA5B6, 0x836D, 0x6061, 0x6082, 0x834D, 0xA5B6, 0xA596, 0x8B8E, 0x60E3, 0x4800,
	0x4800, 0x6020, 0x7800, 0x8800, 0xA800, 0xA000, 0x9020, 0x7800, 0x7000, 0x8124, 0xA451, 0xBE9A,
	0xC6BA, 0xA3EF, 0x7882, 0x80A2, 0xA430, 0xBE79, 0xBE18, 0xB596, 0xB5B6, 0xB5B6, 0xB5B7, 0xBDD6,
	0xD633, 0xEEB0, 0xFF0D, 0xFF2B, 0xFF2B, 0xFF0B, 0xFF0B, 0xFF0B, 0xFF0B, 0xFF0B, 0xFF0B, 0xFF0B,
	0xFF0B, 0xFF0B, 0xFF0B, 0xFF0B, 0xFF0B, 0xFF0B, 0xFF0B, 0xFF0B, 0xFF0B, 0xFF0B, 0xFF0B, 0xFF0B,
	0xFF0B, 0xFF0B, 0xFF0B, 0xFF0B, 0xFF0B, 0xFF0B, 0xFF0B, 0xFF0B, 0xFF0B, 0xFF0B, 0xFF0B, 0xFF0B,
	0xFF0B, 0xFF0B, 0xFEEB, 0xF6CA, 0xEE8A, 0xEE8A, 0xF6CA, 0xFF0B, 0xFF2B, 0xFF2C, 0xFF2B, 0xFF2B,
	0xFF2B, 0xFF0B, 0xFF0B, 0xFF0B, 0xFF0B, 0xFF0B, 0xFF0B, 0xFF0B, 0xFF0B, 0xFF0B, 0xFEEB, 0xFEEB,
	0xFEAB, 0xFE4A, 0xFDA9, 0xFD09, 0xF488, 0xF448, 0xF448, 0xF468, 0xF468, 0xF468, 0xF468, 0xF468,
	0xF468, 0xF468, 0xF468, 0xF468, 0xF448, 0xFC88, 0xFD08, 0xED8C, 0xCD93, 0xB5B7, 0xB5B7, 0xB5B6,
	0xB5B6, 0xB5B6, 0xB5B6, 0xB5B6, 0xB5B6, 0xB5B6, 0xB5B6, 0xB5B6, 0xBDB6, 0xB5D7, 0xA596, 0x836D,
	0x6061, 0x6882, 0x834D, 0xA5B6, 0xA596, 0x8B8E, 0x60E3, 0x5000, 0x5000, 0x6020, 0x7000, 0x7800,
	0x9800, 0x9800, 0x8820, 0x7800, 0x7800, 0x8924, 0xAC51, 0xBE9A, 0xBEBA, 0xA3EF, 0x8082, 0x80A2,
	0xA430, 0xBE79, 0xBE18, 0xB596, 0xB5B6, 0xB5B6, 0xB5B6, 0xBDD6, 0xC5F5, 0xDE71, 0xF6EC, 0xFF2A,
	0xFF2B, 0xFF0C, 0xFF0B, 0xFF0B, 0xFF0B, 0xFF0B, 0xFF0B, 0xFF0B, 0xFF0B, 0xFF0B, 0xFF0B, 0xFF0B,
	0xFF0B, 0xFF0B, 0xFF0B, 0xFF0B, 0xFF0B, 0xFF0B, 0xFF0B, 0xFF0B, 0xFF0B, 0xFF0B, 0xFF0B, 0xFF0B,
	0xFF0B, 0xFF0B, 0xFF0B, 0xFF0B, 0xFF0B, 0xFF0B, 0xFF0B, 0xFF0B, 0xFF0B, 0xFF2B, 0xFF0B, 0xF6EB,
	0xEEAA, 0xEE8A, 0xEEAA, 0xF6CA, 0xFEEB, 0xFF0B, 0xFF0B, 0xFF0B, 0xFF0B, 0xFF0B, 0xFF0B, 0xFF0B,
	0xFF0B, 0xFF0B, 0xFF0B, 0xFF0B, 0xFF0B, 0xFF0B, 0xFF0B, 0xFF2B, 0xFF4B, 0xFF0B, 0xFE6A, 0xFDCA,
	0xFD49, 0xFCE9, 0xFCE9, 0xFCE9, 0xFCC9, 0xFCC9, 0xF4C9, 0xF4C9, 0xF4C9, 0xF4C9, 0xFCC9, 0xF4C9,
	0xF4C9, 0xFD48, 0xFDE9, 0xEE2D, 0xC5F4, 0xADB8, 0xB5B7, 0xBDB6, 0xB5B6, 0xB5B6, 0xB5B6, 0xB5B6,
	0xB5B6, 0xB5B6, 0xB5B6, 0xB5B6, 0xBDB6, 0xB5D7, 0xA5B6, 0x8B6D, 0x6861, 0x6882, 0x8B6D, 0xA5D7,
	0xA5B6, 0x8BAE, 0x6104, 0x4800, 0x5000, 0x6020, 0x6800, 0x7000, 0x8000, 0x7800, 0x7820, 0x7800,
	0x8000, 0x9124, 0xAC51, 0xBE9A, 0xBEBA, 0xA3EF, 0x8082, 0x80A2, 0xA430, 0xBE79, 0xBE18, 0xB596,
	0xB5B6, 0xB5B6, 0xB5B6, 0xB5B7, 0xBDD6, 0xD633, 0xEEAD, 0xFF0A, 0xFF2B, 0xFF0C, 0xFF0B, 0xFF0B,
	0xFF0B, 0xFF0B, 0xFF0B, 0xFF0B, 0xFF0B, 0xFF0B, 0xFF0B, 0xFF0B, 0xFF0B, 0xFF0B, 0xFF0B, 0xFF0B,
	0xFF0B, 0xFF0B, 0xFF0B, 0xFF0B, 0xFF0B, 0xFF0B, 0xFF0B, 0xFF0B, 0xFF0B, 0xFF0B, 0xFF0B, 0xFF0B,
	0xFF0B, 0xFF0B, 0xFF0B, 0xFF0B, 0xFF0B, 0xFF0B, 0xFF0B, 0xFF0B, 0xFEEB, 0xF6CA, 0xEEAA, 0xEEAA,
	0xEEAA, 0xEEAA, 0xF6CA, 0xF6CB, 0xF6EB, 0xFEEB, 0xFF0B, 0xFF0B, 0xFF0B, 0xFF0B, 0xFF0B, 0xFF0B,
	0xFF0B, 0xFF0B, 0xFF0B, 0xFF0B, 0xFF2B, 0xFF0B, 0xFEEB, 0xFECB, 0xFE8B, 0xFE4A, 0xFE0A, 0xFDCA,
	0xFDAA, 0xFD89, 0xFD69, 0xFD69, 0xFD69, 0xFD69, 0xFD89, 0xFDCA, 0xFE0A, 0xFE6A, 0xFECA, 0xEEAE,
	0xC614, 0xAD98, 0xB5B7, 0xBDB6, 0xB5B6, 0xB5B6, 0xB5B6, 0xB5B6, 0xB5B6, 0xB5B6, 0xB5B6, 0xB5B6,
	0xB596, 0xB5F7, 0xADF7, 0x93AE, 0x6882, 0x6882, 0x938E, 0xB618, 0xB5F7, 0x93EF, 0x6104, 0x4800,
	0x4800, 0x5820, 0x6800, 0x7000, 0x6000, 0x6000, 0x6000, 0x6000, 0x7000, 0x8904, 0xAC51, 0xBE9A,
	0xBEBA, 0xA3EF, 0x8082, 0x80A2, 0xA430, 0xBE79, 0xBE18, 0xB596, 0xB5B6, 0xB5B6, 0xB5B6, 0xB5B7,
	0xB5B7, 0xC5F4, 0xE68E, 0xF6EB, 0xFF0B, 0xFF0C, 0xFF0B, 0xFF0B, 0xFF0B, 0xFF0B, 0xFF0B, 0xFF0B,
	0xFF0B, 0xFF0B, 0xFF0B, 0xFF0B, 0xFF0B, 0xFF0B, 0xFF0B, 0xFF0B, 0xFF0B, 0xFF0B, 0xFF0B, 0xFF0B,
	0xFF0B, 0xFF0B, 0xFF0B, 0xFF0B, 0xFF0B, 0xFF0B, 0xFF0B, 0xFF0B, 0xFF0B, 0xFF0B, 0xFF0B, 0xFF0B,
	0xFF0B, 0xFF0B, 0xFF0B, 0xFF2B, 0xFF2B, 0xFF0B, 0xF6CB, 0xEEAA, 0xEEAA, 0xEEAA, 0xEEAA, 0xF6CA,
	0xF6CA, 0xF6CB, 0xF6EB, 0xF6EB, 0xF6EB, 0xF6EB, 0xFEEB, 0xFEEB, 0xFF0B, 0xFF0B, 0xFF0B, 0xFEEB,
	0xFEEB, 0xFF0B, 0xFF2B, 0xFF4C, 0xFF4B, 0xFF0B, 0xFECB, 0xFE8B, 0xFE6B, 0xFE4A, 0xFE4A, 0xFE2A,
	0xFE2A, 0xFE4A, 0xFE6A, 0xFE8B, 0xFECB, 0xFF2B, 0xFF4B, 0xEECF, 0xC614, 0xB597, 0xB597, 0xBDB6,
	0xB5B6, 0xB5B6, 0xB5B6, 0xB5B6, 0xB5B6, 0xB5B6, 0xB5B6, 0xB5B6, 0xB596, 0xBDF7, 0xBE38, 0x93EF,
	0x6882, 0x6882, 0x93CF, 0xBE79, 0xBE59, 0x9C10, 0x6904, 0x5000, 0x5000, 0x6000, 0x6000, 0x6800,
	0x4800, 0x4800, 0x4800, 0x4800, 0x5000, 0x7104, 0xA451, 0xBE9A, 0xBEBA, 0xA3EF, 0x8882, 0x88A2,
	0xAC30, 0xBE79, 0xBE18, 0xB596, 0xB5B6, 0xB5B6, 0xB5B6, 0xB5B7, 0xB5B7, 0xBDD5, 0xD651, 0xEEAD,
	0xF6EB, 0xFF0B, 0xFF0B, 0xFF0B, 0xFF0B, 0xFF0B, 0xFF0B, 0xFF0B, 0xFF0B, 0xFF0B, 0xFF0B, 0xFF0B,
	0xFF0B, 0xFF0B, 0xFF0B, 0xFF0B, 0xFF0B, 0xFF0B, 0xFF0B, 0xFF0B, 0xFF0B, 0xFF0B, 0xFF0B, 0xFF0B,
	0xFF0B, 0xFF0B, 0xFF0B, 0xFF0B, 0xFF0B, 0xFF0B, 0xFF0B, 0xFF0B, 0xFF0B, 0xFF0B, 0xFF0B, 0xFF2B,
	0xFF2B, 0xFF0B, 0xFF0B, 0xFEEB, 0xF6EB, 0xF6EB, 0xF6CA, 0xF6CA, 0xF6CA, 0xF6AA, 0xF6AA, 0xF6AA,
	0xF6AA, 0xF6AA, 0xF6CA, 0xF6CA, 0xF6CA, 0xF6EB, 0xFEEB, 0xFEEB, 0xFF0B, 0xFF0B, 0xFF2B, 0xFF2B,
	0xFF2B, 0xFF2B, 0xFF0B, 0xFF0B, 0xFEEB, 0xFEEB, 0xFEEB, 0xFEEB, 0xFEEB, 0xFEEB, 0xFEEB, 0xFF0B,
	0xFF0B, 0xFF2B, 0xFF2C, 0xEECF, 0xC5F4, 0xB597, 0xB5B7, 0xBDB6, 0xB5B6, 0xB5B6, 0xB5B6, 0xB5B6,
	0xB5B6, 0xB5B6, 0xB5B6, 0xB5B6, 0xB596, 0xBE18, 0xBE59, 0x9C10, 0x6882, 0x6882, 0x9BEF, 0xC6BA,
	0xC69A, 0x9C30, 0x6904, 0x5000, 0x5800, 0x5800, 0x5000, 0x4800, 0x3020, 0x3041, 0x3861, 0x3020,
	0x3000, 0x5145, 0x9C51, 0xC6BA, 0xC6DB, 0xA3EF, 0x8882, 0x88A2, 0xAC30, 0xBE79, 0xBE18, 0xB596,
	0xB5B6, 0xB5B6, 0xB5B6, 0xB5B7, 0xB5B7, 0xBDD6, 0xCE13, 0xDE50, 0xEEAB, 0xFEEA, 0xFF0B, 0xFF0C,
	0xFF0C, 0xFF0B, 0xFF0B, 0xFF0B, 0xFF0B, 0xFF0B, 0xFF0B, 0xFF0B, 0xFF0B, 0xFF0B, 0xFF0B, 0xFF0B,
	0xFF0B, 0xFF0B, 0xFF0B, 0xFF0B, 0xFF0B, 0xFF0B, 0xFF0B, 0xFF0B, 0xFF0B, 0xFF0B, 0xFF0B, 0xFF0B,
	0xFF0B, 0xFF0B, 0xFF0B, 0xFF0B, 0xFF0B, 0xFF0B, 0xFF0B, 0xFF0B, 0xFF0B, 0xFF0B, 0xFF2B, 0xFF2B,
	0xFF2B, 0xFF0B, 0xFEEB, 0xF6EB, 0xF6CB, 0xF6CA, 0xF6CA, 0xF6CA, 0xF6CA, 0xF6CA, 0xF6CA, 0xF6CA,
	0xF6CB, 0xF6EB, 0xFEEB, 0xFF0B, 0xFF0B, 0xFF0B, 0xFF0B, 0xFF0B, 0xFF0B, 0xFF0B, 0xFF0B, 0xFF2B,
	0xFF2B, 0xFF2B, 0xFF2B, 0xFF2B, 0xFF2B, 0xFF2B, 0xFF2C, 0xFF2B, 0xFF0B, 0xFF0B, 0xFF0C, 0xE690,
	0xC5F5, 0xB597, 0xB5B7, 0xBDB6, 0xB5B6, 0xB5B6, 0xB5B6, 0xB5B6, 0xB5B6, 0xB5B6, 0xB5B6, 0xB5B6,
	0xB596, 0xBE18, 0xBE79, 0x9C30, 0x6882, 0x6882, 0x9BEF, 0xC6DB, 0xC69A, 0x9C51, 0x6145, 0x4000,
	0x4820, 0x4841, 0x3841, 0x3041, 0x28E3, 0x28E3, 0x3104, 0x28A2, 0x2082, 0x49E7, 0x9CB2, 0xCEDB,
	0xCEFB, 0xAC30, 0x88A2, 0x8882, 0xAC30, 0xBE79, 0xBE18, 0xB596, 0xB5B6, 0xB5B6, 0xB5B6, 0xB5B6,
	0xB5B6, 0xB5B6, 0xBDD6, 0xCE12, 0xE66C, 0xF6C9, 0xFF0A, 0xFF0C, 0xFF0C, 0xFF0B, 0xFF0B, 0xFF0B,
	0xFF0B, 0xFF0B, 0xFF0B, 0xFF0B, 0xFF0B, 0xFF0B, 0xFF0B, 0xFF0B, 0xFF0B, 0xFF0B, 0xFF0B, 0xFF0B,
	0xFF0B, 0xFF0B, 0xFF0B, 0xFF0B, 0xFF0B, 0xFF0B, 0xFF0B, 0xFF0B, 0xFF0B, 0xFF0B, 0xFF0B, 0xFF0B,
	0xFF0B, 0xFF0B, 0xFF0B, 0xFF0B, 0xFF0B, 0xFF0B, 0xFF2B, 0xFF2B, 0xFF2B, 0xFF0B, 0xFF0B, 0xFF0B,
	0xFF0B, 0xFF0B, 0xFF0B, 0xFF0B, 0xFF0B, 0xFF0B, 0xFF0B, 0xFF0B, 0xFF0B, 0xFF0B, 0xFF0B, 0xFF0B,
	0xFF0B, 0xFF0B, 0xFF0B, 0xFF0B, 0xFF0B, 0xFF0B, 0xFF2B, 0xFF2B, 0xFF2B, 0xFF2B, 0xFF2B, 0xFF2B,
	0xFF2B, 0xFF2B, 0xFF2C, 0xFF2B, 0xFF0B, 0xFF0C, 0xFEED, 0xE691, 0xC5F5, 0xB597, 0xB5B7, 0xBDB6,
	0xB5B6, 0xB5B6, 0xB5B6, 0xB5B6, 0xB5B6, 0xB5B6, 0xB5B6, 0xB5B6, 0xB596, 0xBE18, 0xBE79, 0xA430,
	0x7082, 0x7082, 0x9BEF, 0xC6BA, 0xCE9A, 0x9471, 0x49C7, 0x1861, 0x2061, 0x30E3, 0x2904, 0x2924,
	0x39C7, 0x31E7, 0x29E7, 0x1986, 0x1965, 0x4ACB, 0xA514, 0xDF1C, 0xD73C, 0xB471, 0x90A2, 0x9082,
	0xAC30, 0xBE79, 0xBE18, 0xB596, 0xB5B6, 0xB5B6, 0xB5B6, 0xB5B6, 0xB5B6, 0xB5B7, 0xB5B7, 0xC5F3,
	0xDE4D, 0xEE8A, 0xF6CA, 0xFEEB, 0xFF0B, 0xFF0B, 0xFF2B, 0xFF0B, 0xFF0B, 0xFF0B, 0xFF0B, 0xFF0B,
	0xFF0B, 0xFF0B, 0xFF0B, 0xFF0B, 0xFF0B, 0xFF0B, 0xFF0B, 0xFF0B, 0xFF0B, 0xFF0B, 0xFF0B, 0xFF0B,
	0xFF0B, 0xFF0B, 0xFF0B, 0xFF0B, 0xFF0B, 0xFF0B, 0xFF0B, 0xFF0B, 0xFF0B, 0xFF0B, 0xFF0B, 0xFF0B,
	0xFF0B, 0xFF0B, 0xFF0B, 0xFF0B, 0xFF0B, 0xFF0B, 0xFF0B, 0xFF2B, 0xFF2B, 0xFF2B, 0xFF2B, 0xFF2B,
	0xFF2B, 0xFF2B, 0xFF2B, 0xFF2B, 0xFF2B, 0xFF2B, 0xFF2B, 0xFF0B, 0xFF0B, 0xFF0B, 0xFF0B, 0xFF0B,
	0xFF0B, 0xFF0B, 0xFF0B, 0xFF0B, 0xFF0B, 0xFF0B, 0xFF0B, 0xFF0B, 0xFF0B, 0xFF0B, 0xFF0B, 0xFF0B,
	0xFF0B, 0xFF0C, 0xF6CE, 0xDE72, 0xBDF5, 0xB597, 0xB5B7, 0xBDB6, 0xB5B6, 0xB5B6, 0xB5B6, 0xB5B6,
	0xB5B6, 0xB5B6, 0xB5B6, 0xB5B6, 0xB596, 0xBE18, 0xBE59, 0xA410, 0x7082, 0x7082, 0x9BEF, 0xC69A,
	0xCE79, 0x9492, 0x3208, 0x0082, 0x08C3, 0x2165, 0x2986, 0x2986, 0x528A, 0x4A8A, 0x3A8A, 0x2228,
	0x2A28, 0x5B8E, 0xAD75, 0xE75D, 0xDF9E, 0xBCB2, 0xA0C3, 0x9882, 0xAC10, 0xBE79, 0xB618, 0xB596,
	0xB5B6, 0xB5B6, 0xB5B6, 0xB5B6, 0xB5B6, 0xB5B7, 0xB5B7, 0xBDD5, 0xD630, 0xE66C, 0xEE8A, 0xF6CA,
	0xFEEB, 0xFF0B, 0xFF2B, 0xFF0B, 0xFF0B, 0xFF0B, 0xFF0B, 0xFF0B, 0xFF0B, 0xFF0B, 0xFF0B, 0xFF0B,
	0xFF0B, 0xFF0B, 0xFF0B, 0xFF0B, 0xFF0B, 0xFF0B, 0xFF0B, 0xFF0B, 0xFF0B, 0xFF2B, 0xFF0B, 0xFF0B,
	0xFF0B, 0xFF0B, 0xFF0B, 0xFF0B, 0xFF0B, 0xFF0B, 0xFF0B, 0xFF0B, 0xFF0B, 0xFF0B, 0xFF0B, 0xFF0B,
	0xFF0B, 0xFF0B, 0xFF0B, 0xFF0B, 0xFF2B, 0xFF2B, 0xFF2B, 0xFF2B, 0xFF2B, 0xFF2B, 0xFF2B, 0xFF2B,
	0xFF2B, 0xFF0B, 0xFF0B, 0xFF0B, 0xFF0B, 0xFF0B, 0xFF0B, 0xFF0B, 0xFF0B, 0xFF0B, 0xFF0B, 0xFF0B,
	0xFF0B, 0xFF0B, 0xFF0B, 0xFF0B, 0xFF0B, 0xFF0B, 0xFF0C, 0xFF0B, 0xFF2B, 0xFF0C, 0xEEB0, 0xD653,
	0xBDD6, 0xB5B7, 0xB5B7, 0xB5B6, 0xB5B6, 0xB5B6, 0xB5B6, 0xB5B6, 0xB5B6, 0xB5B6, 0xB5B6, 0xB5B6,
	0xB596, 0xBE18, 0xBE59, 0x9C10, 0x7082, 0x7082, 0x9BEF, 0xC69A, 0xC679, 0x8C71, 0x3208, 0x08A2,
	0x1104, 0x29A6, 0x2986, 0x2965, 0x4A8A, 0x5269, 0x6A08, 0x69A6, 0x69C7, 0x8B0C, 0xBD75, 0xDF5D,
	0xDF9E, 0xC4B2, 0xA8A2, 0xA082, 0xB410, 0xBE79, 0xB618, 0xB596, 0xB5B6, 0xB5B6, 0xB5B6, 0xB5B6,
	0xB5B6, 0xB5B7, 0xB5B6, 0xBDD6, 0xC5F4, 0xD630, 0xE66B, 0xEE89, 0xF6CA, 0xF6EB, 0xFF0B, 0xFF0B,
	0xFF2B, 0xFF2B, 0xFF2B, 0xFF0B, 0xFF0B, 0xFF0B, 0xFF0B, 0xFF0B, 0xFF0B, 0xFF0B, 0xFF0B, 0xFF2B,
	0xFF2B, 0xFF0B, 0xFEEB, 0xF6EB, 0xFF0B, 0xFF2B, 0xFF0B, 0xFF0B, 0xFF0B, 0xFF0B, 0xFF0B, 0xFF0B,
	0xFF0B, 0xFF0B, 0xFF0B, 0xFF0B, 0xFF0B, 0xFF0B, 0xFF0B, 0xFF0B, 0xFF0B, 0xFF0B, 0xFF0B, 0xFF0B,
	0xFF0B, 0xFF0B, 0xFF0B, 0xFF0B, 0xFF0B, 0xFF0B, 0xFF0B, 0xFF0B, 0xFF0B, 0xFF0B, 0xFF0B, 0xFF0B,
	0xFF0B, 0xFF0B, 0xFF0B, 0xFF0B, 0xFF0B, 0xFF0B, 0xFF0B, 0xFF0B, 0xFF0B, 0xFF0B, 0xFF0B, 0xFF0B,
	0xFF0B, 0xFF0B, 0xFF0C, 0xFF2B, 0xFF2B, 0xFF0D, 0xE691, 0xCE14, 0xBDD6, 0xB5B6, 0xB5B7, 0xB5B6,
	0xB5B6, 0xB5B6, 0xB5B6, 0xB5B6, 0xB5B6, 0xB5B6, 0xB5B6, 0xB5B6, 0xB596, 0xBE18, 0xBE79, 0xA430,
	0x7882, 0x7882, 0xA410, 0xCEDB, 0xCEBA, 0x9471, 0x49C7, 0x2061, 0x30C3, 0x3945, 0x3145, 0x2965,
	0x2A08, 0x59A6, 0xA904, 0xD861, 0xC882, 0xB9C7, 0xC4D3, 0xCF3C, 0xCF5D, 0xBC71, 0xA0A2, 0x9882,
	0xAC30, 0xBE79, 0xBE18, 0xB596, 0xB5B6, 0xB5B6, 0xB5B6, 0xB5B6, 0xB5B6, 0xB5B6, 0xB5B6, 0xB5B7,
	0xBDB6, 0xCDF2, 0xDE4C, 0xEE89, 0xEE89, 0xEEAA, 0xF6CB, 0xFEEB, 0xFF0B, 0xFF2C, 0xFF2B, 0xFF0B,
	0xFF0B, 0xFF0B, 0xFF0B, 0xFF0B, 0xFF0B, 0xFF0B, 0xFF2B, 0xFF2B, 0xFF2C, 0xFF0B, 0xF6CA, 0xF6AA,
	0xFEEB, 0xFF0B, 0xFF0B, 0xFF0B, 0xFF0B, 0xFF0B, 0xFF0B, 0xFF0B, 0xFF0B, 0xFF0B, 0xFF0B, 0xFF0B,
	0xFF0B, 0xFF0B, 0xFF0B, 0xFF0B, 0xFF0B, 0xFF0B, 0xFF0B, 0xFF0B, 0xFF0B, 0xFF0B, 0xFF0B, 0xFF0B,
	0xFF0B, 0xFF0B, 0xFF0B, 0xFF0B, 0xFF0B, 0xFF0B, 0xFF0B, 0xFF0B, 0xFF0B, 0xFF0B, 0xFF0B, 0xFF0B,
	0xFF0B, 0xFF0B, 0xFF0B, 0xFF0B, 0xFF0B, 0xFF0B, 0xFF0B, 0xFF0B, 0xFF0B, 0xFF0B, 0xFF0C, 0xFF2B,
	0xFF2B, 0xF6ED, 0xDE52, 0xC5F5, 0xB5B6, 0xB5B6, 0xB5B6, 0xB5B6, 0xB5B6, 0xB5B6, 0xB5B6, 0xB5B6,
	0xB5B6, 0xB5B6, 0xB5B6, 0xB5B6, 0xB575, 0xBE38, 0xC6BA, 0xAC51, 0x88A2, 0x8882, 0xAC30, 0xCF1C,
	0xCEFB, 0xA492, 0x6165, 0x4020, 0x5020, 0x48C3, 0x3124, 0x2186, 0x2208, 0x6186, 0xC861, 0xF800,
	0xE800, 0xC104, 0xBC71, 0xBEFB, 0xBF1C, 0xB410, 0x9882, 0x9882, 0xAC30, 0xBE79, 0xBE18, 0xB596,
	0xB5B6, 0xB5B6, 0xB5B6, 0xB5B6, 0xB5B6, 0xB5B6, 0xBDB6, 0xB5B7, 0xB5B7, 0xBDD4, 0xD62F, 0xE66B,
	0xEE89, 0xEE89, 0xEEAA, 0xF6CB, 0xFEEB, 0xFF0B, 0xFF0B, 0xFF0B, 0xFF0B, 0xFF0B, 0xFF0B, 0xFF0B,
	0xFF0B, 0xFF0B, 0xFF0B, 0xFF0B, 0xFF0B, 0xF6CA, 0xEE8A, 0xEEAA, 0xF6EB, 0xFF0B, 0xFF0B, 0xFF0B,
	0xFF0B, 0xFF0B, 0xFF0B, 0xFF0B, 0xFF0B, 0xFF0B, 0xFF0B, 0xFF0B, 0xFF0B, 0xFF0B, 0xFF0B, 0xFF0B,
	0xFF0B, 0xFF0B, 0xFF0B, 0xFF0B, 0xFF0B, 0xFF0B, 0xFF0B, 0xFF0B, 0xFF0B, 0xFF0B, 0xFF0B, 0xFF0B,
	0xFF0B, 0xFF0B, 0xFF0B, 0xFF0B, 0xFF0B, 0xFF0B, 0xFF0B, 0xFF0B, 0xFF0B, 0xFF0B, 0xFF0B, 0xFF0B,
	0xFF0B, 0xFF0B, 0xFF0B, 0xFF0B, 0xFF0B, 0xFF0B, 0xFF0C, 0xFF2B, 0xFF2A, 0xEECD, 0xCE33, 0xBDB6,
	0xB5B7, 0xB5B6, 0xB5B6, 0xB5B6, 0xB5B6, 0xB5B6, 0xB5B6, 0xB5B6, 0xB5B6, 0xB5B6, 0xB5B6, 0xB5B6,
	0xB575, 0xBE38, 0xC6BA, 0xB471, 0x90A2, 0x8882, 0xAC30, 0xCF3C, 0xCF1C, 0xAC92, 0x7124, 0x5000,
	0x5800, 0x4861, 0x3124, 0x2186, 0x3ACB, 0x69E7, 0xC0A2, 0xE800, 0xC800, 0xA904, 0xB451, 0xBEBA,
	0xBEDB, 0xABEF, 0x9882, 0x98A2, 0xAC30, 0xBE79, 0xBE18, 0xB596, 0xB5B6, 0xB5B6, 0xB5B6, 0xB5B6,
	0xB5B6, 0xB5B6, 0xB5B6, 0xB5B7, 0xB5B7, 0xBDD6, 0xCDF3, 0xDE2F, 0xE66A, 0xEE88, 0xEE89, 0xEE8A,
	0xEEAA, 0xF6CA, 0xF6CB, 0xFEEB, 0xFF0B, 0xFF0B, 0xFF0B, 0xFF0B, 0xFF0B, 0xFEEB, 0xF6EB, 0xF6CA,
	0xF6CA, 0xEE8A, 0xE669, 0xEEAA, 0xFEEB, 0xFF2B, 0xFF2B, 0xFF0B, 0xFF0B, 0xFF0B, 0xFF0B, 0xFF0B,
	0xFF0B, 0xFF0B, 0xFF0B, 0xFF0B, 0xFF0B, 0xFF0B, 0xFF0B, 0xFF0B, 0xFF0B, 0xFF0B, 0xFF0B, 0xFF0B,
	0xFF0B, 0xFF0B, 0xFF0B, 0xFF0B, 0xFF0B, 0xFF0B, 0xFF0B, 0xFF0B, 0xFF0B, 0xFF0B, 0xFF0B, 0xFF0B,
	0xFF0B, 0xFF0B, 0xFF0B, 0xFF0B, 0xFF0B, 0xFF0B, 0xFF0B, 0xFF0B, 0xFF0B, 0xFF0B, 0xFF0B, 0xFF0B,
	0xFF0B, 0xFF2B, 0xFF2C, 0xFF0B, 0xFEEB, 0xE68E, 0xC5F4, 0xB5B7, 0xB5B7, 0xBDB6, 0xB5B6, 0xB5B6,
	0xB5B6, 0xB5B6, 0xB5B6, 0xB5B6, 0xB5B6, 0xB5B6, 0xB5B6, 0xB5B6, 0xB575, 0xBE38, 0xC6BA, 0xB471,
	0x88A2, 0x8882, 0xAC30, 0xCF1C, 0xCEFB, 0xAC92, 0x7124, 0x4800, 0x4800, 0x4061, 0x3124, 0x2986,
	0x430C, 0x6A28, 0xB0E3, 0xD000, 0xA800, 0x9945, 0xAC51, 0xBE9A, 0xBEBA, 0xABEF, 0x9882, 0x98A2,
	0xAC30, 0xBE79, 0xBE18, 0xB596, 0xB5B6, 0xB5B6, 0xB5B6, 0xB5B6, 0xB5B6, 0xB5B6, 0xB5B6, 0xB5B6,
	0xB5B6, 0xB5B7, 0xBDD6, 0xCE12, 0xDE4D, 0xEE89, 0xEE89, 0xE669, 0xE669, 0xEE8A, 0xEEAA, 0xF6CA,
	0xF6CA, 0xF6CA, 0xF6CB, 0xF6CB, 0xF6CB, 0xF6CA, 0xF6AA, 0xEEAA, 0xEE8A, 0xE669, 0xE669, 0xEEAA,
	0xFEEB, 0xFF2B, 0xFF2B, 0xFF0B, 0xFF0B, 0xFF0B, 0xFF0B, 0xFF0B, 0xFF0B, 0xFF0B, 0xFF0B, 0xFF0B,
	0xFF0B, 0xFF0B, 0xFF0B, 0xFF0B, 0xFF0B, 0xFF0B, 0xFF0B, 0xFF0B, 0xFF0B, 0xFF0B, 0xFF0B, 0xFF0B,
	0xFF0B, 0xFF0B, 0xFF0B, 0xFF0B, 0xFF0B, 0xFF0B, 0xFF0B, 0xFF0B, 0xFF0B, 0xFF0B, 0xFF0B, 0xFF0B,
	0xFF0B, 0xFF0B, 0xFF0B, 0xFF0B, 0xFF0B, 0xFF0B, 0xFF0B, 0xFF0B, 0xFF0B, 0xFF2B, 0xFF2B, 0xFF0B,
	0xF6AC, 0xDE4F, 0xBDD5, 0xB597, 0xB5B7, 0xBDB6, 0xB5B6, 0xB5B6, 0xB5B6, 0xB5B6, 0xB5B6, 0xB5B6,
	0xB5B6, 0xB5B6, 0xB5B6, 0xB5B6, 0xB575, 0xBE38, 0xCEDB, 0xB492, 0x90A2, 0x8882, 0xB451, 0xD75D,
	0xD73C, 0xACB2, 0x6945, 0x4000, 0x3800, 0x3882, 0x2924, 0x2986, 0x3AAA, 0x69E7, 0xB0C3, 0xD800,
	0xB000, 0x9924, 0xAC51, 0xBE9A, 0xBEBA, 0xA3EF, 0x8882, 0x90A2, 0xAC30, 0xBE79, 0xBE18, 0xB596,
	0xB5B6, 0xB5B6, 0xB5B6, 0xB5B6, 0xB5B6, 0xB5B6, 0xB5B6, 0xB5B6, 0xB5B6, 0xB5B7, 0xB5B7, 0xC5D5,
	0xD630, 0xE66C, 0xEE8A, 0xEE89, 0xE669, 0xE66A, 0xEE8A, 0xEE8A, 0xEE8A, 0xEE8A, 0xEE8A, 0xEE8A,
	0xEE8A, 0xEE8A, 0xEE8A, 0xEE8A, 0xEE89, 0xE669, 0xEE69, 0xEEAA, 0xFF0B, 0xFF2B, 0xFF2B, 0xFF0B,
	0xFF0B, 0xFF0B, 0xFF0B, 0xFF0B, 0xFF0B, 0xFF0B, 0xFF0B, 0xFF0B, 0xFF0B, 0xFF0B, 0xFF0B, 0xFF0B,
	0xFF0B, 0xFF0B, 0xFF0B, 0xFF0B, 0xFF0B, 0xFF0B, 0xFF0B, 0xFF0B, 0xFF0B, 0xFF0B, 0xFF0B, 0xFF0B,
	0xFF0B, 0xFF0B, 0xFF0B, 0xFF0B, 0xFF0B, 0xFF0B, 0xFF0B, 0xFF0B, 0xFF0B, 0xFF0B, 0xFF0B, 0xFF0B,
	0xFF0B, 0xFF0B, 0xFF0B, 0xFF0B, 0xFF0B, 0xFF0B, 0xFF0B, 0xF6EC, 0xE66E, 0xCE12, 0xBDD5, 0xB5B7,
	0xB5B7, 0xB5B6, 0xB5B6, 0xB5B6, 0xB5B6, 0xB5B6, 0xB5B6, 0xB5B6, 0xB5B6, 0xB5B6, 0xB5B6, 0xB596,
	0xB575, 0xBE59, 0xD73C, 0xC4D3, 0x98C3, 0x98A2, 0xBC92, 0xDFBE, 0xDF9E, 0xB4F3, 0x7165, 0x4000,
	0x3800, 0x3882, 0x2924, 0x2986, 0x328A, 0x61C7, 0xB0C3, 0xD800, 0xB000, 0x9924, 0xAC51, 0xBE9A,
	0xBEBA, 0xA3EF, 0x8882, 0x88A2, 0xAC30, 0xBE79, 0xBE18, 0xB596, 0xB5B6, 0xB5B6, 0xB5B6, 0xB5B6,
	0xB5B6, 0xB5B6, 0xB5B6, 0xB5B6, 0xB5B6, 0xB5B7, 0xB5B7, 0xBDB6, 0xC5F3, 0xD62F, 0xE64B, 0xEE69,
	0xEE89, 0xEE89, 0xEE89, 0xE669, 0xE669, 0xE669, 0xE669, 0xE669, 0xE669, 0xE669, 0xE669, 0xE669,
	0xEE89, 0xEE89, 0xEE8A, 0xF6CA, 0xFF0B, 0xFF2B, 0xFF2B, 0xFF0B, 0xFF0B, 0xFF0B, 0xFF0B, 0xFF0B,
	0xFF0B, 0xFF0B, 0xFF0B, 0xFF0B, 0xFF0B, 0xFF0B, 0xFF0B, 0xFF0B, 0xFF0B, 0xFF0B, 0xFF0B, 0xFF0B,
	0xFF0B, 0xFF0B, 0xFF0B, 0xFF0B, 0xFF0B, 0xFF0B, 0xFF0B, 0xFF0B, 0xFF0B, 0xFF0B, 0xFF0B, 0xFF0B,
	0xFF0B, 0xFF0B, 0xFF0B, 0xFF0B, 0xFF0B, 0xFF0B, 0xFF0B, 0xFF0B, 0xFF0B, 0xFF0B, 0xFF0B, 0xFF0C,
	0xFF2C, 0xFF0B, 0xFEEA, 0xEEAC, 0xD630, 0xC5F4, 0xBDB6, 0xB5B6, 0xB5B6, 0xB5B6, 0xB5B6, 0xB5B6,
	0xB5B6, 0xB5B6, 0xB5B6, 0xB5B6, 0xB5B6, 0xB5B6, 0xB5B6, 0xB596, 0xB575, 0xBE59, 0xD73C, 0xC4D3,
	0xA0C3, 0x98A2, 0xBC92, 0xDFBE, 0xDF9E, 0xB4F3, 0x7165, 0x4800, 0x4000, 0x3882, 0x2924, 0x2986,
	0x328A, 0x69E7, 0xB8C3, 0xD000, 0xA000, 0x8924, 0xA451, 0xBE9A, 0xBEBA, 0xA3EF, 0x8882, 0x88A2,
	0xAC30, 0xBE79, 0xBE18, 0xB596, 0xB5B6, 0xB5B6, 0xB5B6, 0xB5B6, 0xB5B6, 0xB5B6, 0xB5B6, 0xB5B6,
	0xB5B6, 0xB5B6, 0xB5B6, 0xB5B7, 0xBDB6, 0xC5D3, 0xCDED, 0xDE2A, 0xEE89, 0xEEA9, 0xEE89, 0xE66A,
	0xE669, 0xE669, 0xE669, 0xE669, 0xE669, 0xE669, 0xE669, 0xE669, 0xE669, 0xEE8A, 0xEEAA, 0xF6EB,
	0xFF0B, 0xFF0B, 0xFF0B, 0xFF0B, 0xFF0B, 0xFF0B, 0xFF0B, 0xFF0B, 0xFF0B, 0xFF0B, 0xFF0B, 0xFF0B,
	0xFF0B, 0xFF0B, 0xFF0B, 0xFF0B, 0xFF0B, 0xFF0B, 0xFF0B, 0xFF0B, 0xFF0B, 0xFF0B, 0xFF0B, 0xFF0B,
	0xFF0B, 0xFF0B, 0xFF0B, 0xFF0B, 0xFF0B, 0xFF0B, 0xFF0B, 0xFF0B, 0xFF0B, 0xFF0B, 0xFF0B, 0xFF0B,
	0xFF0B, 0xFF0B, 0xFF0B, 0xFF0B, 0xFF0B, 0xFF0B, 0xFF0B, 0xFF0C, 0xFF0C, 0xFF0B, 0xF6C9, 0xE66C,
	0xCDF2, 0xBDB6, 0xB5B7, 0xB5B6, 0xB5B6, 0xB5B6, 0xB5B6, 0xB5B6, 0xB5B6, 0xB5B6, 0xB5B6, 0xB5B6,
	0xB5B6, 0xB5B6, 0xB5B6, 0xB5B6, 0xB575, 0xBE38, 0xC6DB, 0xBC92, 0x98A2, 0x9882, 0xB451, 0xD75D,
	0xD73C, 0xACB2, 0x7145, 0x4800, 0x4000, 0x3882, 0x2924, 0x2986, 0x2A49, 0x61A6, 0xB0A2, 0xD000,
	0xA000, 0x8924, 0xA451, 0xBEBA, 0xBEDB, 0xA3EF, 0x8882, 0x88A2, 0xAC30, 0xBE79, 0xBE18, 0xB596,
	0xB5B6, 0xB5B6, 0xB5B6, 0xB5B6, 0xB5B6, 0xB5B6, 0xB5B6, 0xB5B6, 0xB5B6, 0xB5B6, 0xB5B6, 0xB5B6,
	0xB597, 0xB595, 0xBDB1, 0xCDEE, 0xDE2B, 0xE66A, 0xEE89, 0xEE89, 0xEE89, 0xEE8A, 0xEE8A, 0xEE89,
	0xEE89, 0xEE89, 0xEE89, 0xE669, 0xEE89, 0xEEAA, 0xF6CA, 0xFF0B, 0xFF0B, 0xFF0B, 0xFF0B, 0xFF0B,
	0xFF0B, 0xFF0B, 0xFF0B, 0xFF0B, 0xFF0B, 0xFF0B, 0xFF0B, 0xFF0B, 0xFF0B, 0xFF0B, 0xFF0B, 0xFF0B,
	0xFF0B, 0xFF0B, 0xFF0B, 0xFF0B, 0xFF0B, 0xFF0B, 0xFF0B, 0xFF0B, 0xFF0B, 0xFF0B, 0xFF0B, 0xFF0B,
	0xFF0B, 0xFF0B, 0xFF0B, 0xFF0B, 0xFF0B, 0xFF0B, 0xFF0B, 0xFF0B, 0xFF0B, 0xFF0B, 0xFF0B, 0xFF0B,
	0xFF0B, 0xFF2B, 0xFF0C, 0xFF0B, 0xFF0B, 0xF6CA, 0xEE8B, 0xDE2E, 0xC5D4, 0xB5B7, 0xB5B7, 0xB5B6,
	0xB5B6, 0xB5B6, 0xB5B6, 0xB5B6, 0xB5B6, 0xB5B6, 0xB5B6, 0xB5B6, 0xB5B6, 0xB5B6, 0xB5B6, 0xB5B6,
	0xB575, 0xBE38, 0xC6BA, 0xB471, 0x98A2, 0x9882, 0xB430, 0xCF1C, 0xCEFB, 0xAC92, 0x6945, 0x4800,
	0x4000, 0x3882, 0x2924, 0x2986, 0x21E7, 0x5965, 0xB082, 0xD800, 0xB000, 0x9124, 0xAC51, 0xBEBA,
	0xBEDB, 0xA3EF, 0x8082, 0x80A2, 0xA430, 0xBE79, 0xBE18, 0xB596, 0xB5B6, 0xB5B6, 0xB5B6, 0xB5B6,
	0xB5B6, 0xB5B6, 0xB5B6, 0xB5B6, 0xB5B6, 0xB5B6, 0xB5B6, 0xB596, 0xB596, 0xB596, 0xB5B5, 0xBDB3,
	0xC5D0, 0xD60C, 0xE669, 0xEEA9, 0xEE89, 0xE66A, 0xE66A, 0xEE89, 0xEE89, 0xEE89, 0xEE89, 0xEE89,
	0xEE8A, 0xF6CA, 0xFF0B, 0xFF2B, 0xFF2B, 0xFF0B, 0xFF0B, 0xFF0B, 0xFF0B, 0xFF0B, 0xFF0B, 0xFF0B,
	0xFF0B, 0xFF0B, 0xFF0B, 0xFF0B, 0xFF0B, 0xFF0B, 0xFF0B, 0xFF0B, 0xFF0B, 0xFF0B, 0xFF0B, 0xFF0B,
	0xFF0B, 0xFF0B, 0xFF0B, 0xFF0B, 0xFF0B, 0xFF0B, 0xFF0B, 0xFF0B, 0xFF0B, 0xFF0B, 0xFF0B, 0xFF0B,
	0xFF0B, 0xFF0B, 0xFF0B, 0xFF0B, 0xFF0B, 0xFF0B, 0xFF0B, 0xFF0B, 0xFF0B, 0xFF2C, 0xFF0C, 0xFEEA,
	0xF6C9, 0xEE8A, 0xDE6F, 0xCE33, 0xBDD6, 0xB5B7, 0xB5B6, 0xB5B6, 0xB5B6, 0xB5B6, 0xB5B6, 0xB5B6,
	0xB5B6, 0xB5B6, 0xB5B6, 0xB5B6, 0xB5B6, 0xB5B6, 0xB5B6, 0xB5B6, 0xB575, 0xBE38, 0xC6BA, 0xB471,
	0x90A2, 0x9082, 0xB430, 0xCF3C, 0xCF1C, 0xAC92, 0x6945, 0x4800, 0x4000, 0x3882, 0x2924, 0x2986,
	0x2A28, 0x59A6, 0xB0A2, 0xD800, 0xB800, 0xA124, 0xAC30, 0xBE9A, 0xBEBA, 0xA3EF, 0x7882, 0x78A2,
	0xA430, 0xBE79, 0xBE18, 0xB596, 0xB5B6, 0xB5B6, 0xB5B6, 0xB5B6, 0xB5B6, 0xB5B6, 0xB5B6, 0xB5B6,
	0xBDD7, 0xBDD7, 0xBDD7, 0xBDD6, 0xBDB6, 0xB5B7, 0xB5D7, 0xB5B7, 0xBDB4, 0xC5D0, 0xD62C, 0xE66A,
	0xEE89, 0xEE89, 0xEE89, 0xEE89, 0xEE8A, 0xEE8A, 0xEE89, 0xEE89, 0xEE8A, 0xF6AA, 0xFEEB, 0xFF0B,
	0xFF2B, 0xFF2B, 0xFF2B, 0xFF2B, 0xFF0B, 0xFF0B, 0xFF0B, 0xFF0B, 0xFF0B, 0xFF0B, 0xFF0B, 0xFF0B,
	0xFF0B, 0xFF0B, 0xFF0B, 0xFF0B, 0xFF0B, 0xFF0B, 0xFF0B, 0xFF0B, 0xFF0B, 0xFF0B, 0xFF0B, 0xFF0B,
	0xFF0B, 0xFF0B, 0xFF0B, 0xFF0B, 0xFF0B, 0xFF0B, 0xFF0B, 0xFF0B, 0xFF0B, 0xFF0B, 0xFF0B, 0xFF0B,
	0xFF0B, 0xFF2B, 0xFF2B, 0xFF0B, 0xFF0B, 0xFF0B, 0xFEEA, 0xF6C9, 0xEE8A, 0xE66D, 0xD653, 0xCE37,
	0xC618, 0xBDF7, 0xBDD7, 0xBDD7, 0xBDD7, 0xBDD7, 0xB5B6, 0xB5B6, 0xB5B6, 0xB5B6, 0xB5B6, 0xB5B6,
	0xB5B6, 0xB5B6, 0xB5B6, 0xB5B6, 0xB575, 0xBE38, 0xC6BA, 0xAC51, 0x88A2, 0x8082, 0xAC30, 0xCF1C,
	0xCEFB, 0xAC92, 0x6945, 0x4800, 0x4000, 0x3882, 0x2924, 0x2986, 0x3ACB, 0x6A08, 0xB0C3, 0xD800,
	0xB000, 0x9924, 0xA410, 0xB659, 0xB679, 0x9BAE, 0x7082, 0x78A2, 0xA430, 0xBE79, 0xBE18, 0xB596,
	0xB5B6, 0xB5B6, 0xB5B6, 0xB5B6, 0xB5B6, 0xB5B6, 0xB5B6, 0xBDD7, 0xBDF7, 0xC618, 0xC618, 0xC618,
	0xBDF7, 0xBDF7, 0xBDF8, 0xBDF8, 0xBDF7, 0xBDD5, 0xBDB2, 0xCDEE, 0xE66A, 0xF6A8, 0xEEA9, 0xE68A,
	0xE66A, 0xE66A, 0xE66A, 0xEE8A, 0xEE89, 0xEE8A, 0xF6CA, 0xF6EB, 0xFF0B, 0xFF0B, 0xFF2B, 0xFF2B,
	0xFF0B, 0xFF0B, 0xFF0B, 0xFF0B, 0xFF0B, 0xFF0B, 0xFF0B, 0xFF0B, 0xFF0B, 0xFF0B, 0xFF0B, 0xFF0B,
	0xFF0B, 0xFF0B, 0xFF0B, 0xFF0B, 0xFF0B, 0xFF0B, 0xFF0B, 0xFF0B, 0xFF0B, 0xFF0B, 0xFF0B, 0xFF0B,
	0xFF0B, 0xFF0B, 0xFF0B, 0xFF0B, 0xFF0B, 0xFF0B, 0xFF0B, 0xFF0B, 0xFF0B, 0xFF2B, 0xFF2C, 0xFF0B,
	0xF6EB, 0xF6CA, 0xEEA9, 0xEE89, 0xE66D, 0xDE72, 0xCE57, 0xCE59, 0xC639, 0xC638, 0xC638, 0xC638,
	0xC618, 0xBDF7, 0xBDD7, 0xB5B6, 0xB5B6, 0xB5B6, 0xB5B6, 0xB5B6, 0xB5B6, 0xB5B6, 0xB5B6, 0xB5B6,
	0xB596, 0xBE18, 0xBE79, 0xA430, 0x7882, 0x7882, 0xA410, 0xC6DB, 0xC6BA, 0xA451, 0x6924, 0x4800,
	0x4000, 0x3882, 0x2924, 0x2986, 0x3ACB, 0x6A08, 0xB0C3, 0xD800, 0xB800, 0x9924, 0xA3EF, 0xAE18,
	0xAE38, 0x93AE, 0x7061, 0x78A2, 0xA430, 0xBE79, 0xBE18, 0xB596, 0xB5B6, 0xB5B6, 0xB5B6, 0xB5B6,
	0xBDD7, 0xBDD7, 0xBDF7, 0xC618, 0xC638, 0xC638, 0xCE59, 0xC638, 0xC618, 0xC618, 0xC617, 0xC618,
	0xC638, 0xBDF8, 0xB5B6, 0xBDB2, 0xD60E, 0xE66B, 0xE66A, 0xE669, 0xEE89, 0xEE89, 0xEE89, 0xEE89,
	0xE689, 0xE68A, 0xEE8A, 0xEEAA, 0xF6CB, 0xFEEB, 0xFF0B, 0xFF0B, 0xFF0B, 0xFF0B, 0xFF2B, 0xFF2B,
	0xFF2B, 0xFF2B, 0xFF2B, 0xFF0B, 0xFF0B, 0xFF0B, 0xFF0B, 0xFF0B, 0xFF0B, 0xFF0B, 0xFF0B, 0xFF0B,
	0xFF0B, 0xFF0B, 0xFF0B, 0xFF0B, 0xFF0B, 0xFF0B, 0xFF0B, 0xFF0B, 0xFF0B, 0xFF0B, 0xFF0B, 0xFF0B,
	0xFF2B, 0xFF2B, 0xFF2B, 0xFF2B, 0xFF0B, 0xFF0B, 0xFF0B, 0xFEEA, 0xF6CA, 0xEE89, 0xE66A, 0xDE4D,
	0xDE72, 0xD676, 0xCE59, 0xCE59, 0xCE59, 0xCE79, 0xCE79, 0xCE59, 0xCE59, 0xC638, 0xC618, 0xBDF7,
	0xBDD7, 0xBDD7, 0xB5B6, 0xB5B6, 0xB5B6, 0xB5B6, 0xB5B6, 0xB5B6, 0xB596, 0xBE18, 0xBE59, 0x9C10,
	0x7082, 0x7082, 0x9BEF, 0xC6BA, 0xBE9A, 0x9C51, 0x6924, 0x4800, 0x4000, 0x3882, 0x2924, 0x2986,
	0x2A08, 0x5986, 0xA8A2, 0xD800, 0xB800, 0xA124, 0xA3EF, 0xAE18, 0xAE38, 0x93AE, 0x7061, 0x78A2,
	0xA430, 0xBE79, 0xBE18, 0xB596, 0xB5B6, 0xB5B6, 0xB5B6, 0xBDD7, 0xBDF7, 0xC618, 0xC638, 0xCE59,
	0xCE59, 0xCE59, 0xCE59, 0xC638, 0xC618, 0xC618, 0xC617, 0xC618, 0xC618, 0xC618, 0xBDF8, 0xBDD6,
	0xBDD4, 0xC5F1, 0xD60D, 0xE64A, 0xEE89, 0xEEA9, 0xEE89, 0xE68A, 0xE66A, 0xE66A, 0xE66A, 0xEE8A,
	0xEE8A, 0xEEAA, 0xF6AA, 0xF6CA, 0xFEEB, 0xFF0B, 0xFF0B, 0xFF2B, 0xFF2B, 0xFF2B, 0xFF2B, 0xFF0B,
	0xFF0B, 0xFF0B, 0xFF0B, 0xFF0B, 0xFF0B, 0xFF0B, 0xFF0B, 0xFF0B, 0xFF0B, 0xFF0B, 0xFF0B, 0xFF0B,
	0xFF0B, 0xFF0B, 0xFF0B, 0xFF0B, 0xFF0B, 0xFF0B, 0xFF0B, 0xFF0B, 0xFF2B, 0xFF2B, 0xFF2C, 0xFF0C,
	0xFF0B, 0xF6EB, 0xF6CA, 0xF6A9, 0xEEA9, 0xE66B, 0xD62F, 0xCE33, 0xCE57, 0xCE59, 0xCE59, 0xCE59,
	0xCE59, 0xCE59, 0xCE59, 0xCE59, 0xCE59, 0xCE59, 0xCE59, 0xC638, 0xC618, 0xBDF7, 0xBDD7, 0xB5B6,
	0xB5B6, 0xB5B6, 0xB5B6, 0xB5B6, 0xB596, 0xBE18, 0xBE59, 0x9C10, 0x7082, 0x7082, 0x9BEF, 0xC6BA,
	0xC69A, 0xA451, 0x6924, 0x4800, 0x4000, 0x3882, 0x2924, 0x2986, 0x2A28, 0x5986, 0xA082, 0xC800,
	0xA800, 0x9104, 0xA410, 0xB659, 0xB679, 0x9BAE, 0x7082, 0x78A2, 0xA430, 0xBE79, 0xBE18, 0xB596,
	0xB5B6, 0xB5B6, 0xBDD7, 0xBDF7, 0xC638, 0xCE59, 0xCE79, 0xCE59, 0xCE59, 0xCE59, 0xC638, 0xC618,
	0xC618, 0xBDF7, 0xC618, 0xC617, 0xC5F7, 0xC617, 0xC618, 0xBDF8, 0xB5B8, 0xBDB6, 0xC5F2, 0xD62E,
	0xDE4C, 0xE64B, 0xE66A, 0xE669, 0xEE89, 0xEE89, 0xEE89, 0xEE89, 0xE669, 0xE669, 0xEE8A, 0xEEAA,
	0xF6CA, 0xF6CB, 0xF6EB, 0xFEEB, 0xFF0B, 0xFF0B, 0xFF0B, 0xFF0B, 0xFF0B, 0xFF0B, 0xFF0B, 0xFF2B,
	0xFF2B, 0xFF2B, 0xFF2B, 0xFF2B, 0xFF2B, 0xFF2B, 0xFF2B, 0xFF2B, 0xFF2B, 0xFF2B, 0xFF2B, 0xFF2B,
	0xFF2B, 0xFF0B, 0xFF0B, 0xFF0B, 0xFF0B, 0xFF0B, 0xFF0B, 0xFF0A, 0xFEEA, 0xF6AA, 0xEE8A, 0xE64A,
	0xDE4C, 0xD62F, 0xCE14, 0xC617, 0xC659, 0xCE59, 0xCE59, 0xCE59, 0xCE59, 0xCE59, 0xCE59, 0xCE59,
	0xCE59, 0xCE59, 0xCE59, 0xCE79, 0xCE59, 0xC638, 0xBDF7, 0xBDD7, 0xB5B6, 0xB5B6, 0xB5B6, 0xB5B6,
	0xB596, 0xBE18, 0xBE79, 0xA430, 0x7882, 0x7082, 0x9BEF, 0xC6DB, 0xC6BA, 0x9C51, 0x6924, 0x4800,
	0x4000, 0x3861, 0x3124, 0x2986, 0x42EB, 0x6208, 0xA0A2, 0xB000, 0x8000, 0x7924, 0x9C30, 0xBE9A,
	0xBEBA, 0x9BEF, 0x7082, 0x78A2, 0xA430, 0xBE79, 0xBE18, 0xB596, 0xB5B6, 0xBDD7, 0xBDF7, 0xC638,
	0xCE59, 0xCE59, 0xCE59, 0xCE59, 0xCE59, 0xCE59, 0xCE59, 0xC638, 0xC618, 0xBDF7, 0xC618, 0xC618,
	0xC618, 0xC618, 0xC618, 0xBE18, 0xBDF8, 0xBDF8, 0xC616, 0xC5F4, 0xC5D2, 0xC5CF, 0xD60C, 0xE66A,
	0xEE88, 0xEEA8, 0xEEA9, 0xEE89, 0xEE89, 0xE66A, 0xE66A, 0xE68A, 0xEE8A, 0xEE8A, 0xEE8A, 0xEEAA,
	0xEEAA, 0xF6CA, 0xF6EB, 0xF6EB, 0xFF0B, 0xFF0B, 0xFF0B, 0xFF2B, 0xFF2B, 0xFF2B, 0xFF2B, 0xFF2B,
	0xFF2B, 0xFF2B, 0xFF2B, 0xFF2B, 0xFF2B, 0xFF2B, 0xFF2C, 0xFF2C, 0xFF2C, 0xFF0B, 0xFF0B, 0xFEEB,
	0xF6CB, 0xF6CB, 0xF6CA, 0xF6C9, 0xF6A9, 0xEE89, 0xDE4B, 0xD60E, 0xC5D2, 0xC5D5, 0xC5F7, 0xC638,
	0xC659, 0xCE59, 0xCE59, 0xCE59, 0xCE59, 0xCE59, 0xCE59, 0xCE59, 0xCE59, 0xCE59, 0xCE59, 0xCE59,
	0xCE59, 0xCE59, 0xC638, 0xBDF7, 0xBDD7, 0xB5B6, 0xB5B6, 0xB5B6, 0xB596, 0xBE18, 0xBE79, 0xA430,
	0x7882, 0x7082, 0x9BEF, 0xC6BA, 0xC6BA, 0x9C51, 0x5924, 0x3800, 0x4000, 0x4061, 0x3124, 0x2986,
	0x42CB, 0x6228, 0x8924, 0x8061, 0x5020, 0x5945, 0x9C51, 0xC6BA, 0xC6DB, 0x9BEF, 0x7082, 0x78A2,
	0xA451, 0xC69A, 0xBE38, 0xB575, 0xB596, 0xBDD7, 0xC638, 0xCE59, 0xCE59, 0xCE59, 0xCE59, 0xCE59,
	0xCE59, 0xCE59, 0xCE59, 0xC638, 0xC618, 0xBDF7, 0xC618, 0xC618, 0xC618, 0xC618, 0xBE17, 0xC617,
	0xC617, 0xC618, 0xC618, 0xBDD8, 0xB5B6, 0xBDB4, 0xCDF1, 0xD62E, 0xDE4C, 0xDE4B, 0xE64B, 0xE64A,
	0xE669, 0xEE89, 0xEE89, 0xEE89, 0xEE89, 0xEE89, 0xE669, 0xE669, 0xEE8A, 0xEE8A, 0xEEAA, 0xF6CA,
	0xF6CA, 0xF6CB, 0xF6EB, 0xFEEB, 0xFEEB, 0xFEEB, 0xFF0B, 0xFF0B, 0xFF0B, 0xFF0B, 0xFF0B, 0xFF0B,
	0xFF0B, 0xFF0B, 0xFEEB, 0xFEEB, 0xFEEB, 0xFEEA, 0xF6EA, 0xF6CA, 0xF6C9, 0xEEA9, 0xE66A, 0xE64A,
	0xDE4B, 0xDE4C, 0xD60F, 0xC5F2, 0xBDB6, 0xB5D8, 0xBDF8, 0xC638, 0xCE38, 0xCE58, 0xCE59, 0xCE59,
	0xCE59, 0xCE59, 0xCE59, 0xCE59, 0xCE59, 0xCE59, 0xCE59, 0xCE59, 0xCE59, 0xCE59, 0xCE59, 0xC638,
	0xBDD7, 0xB5B6, 0xB5B6, 0xB5B6, 0xB596, 0xBE18, 0xBE38, 0x9BEF, 0x7082, 0x70A2, 0x9BEF, 0xC6BA,
	0xC69A, 0x9451, 0x5145, 0x2800, 0x3020, 0x38A2, 0x3124, 0x2986, 0x39C7, 0x49E7, 0x5A08, 0x5165,
	0x30C3, 0x49C7, 0x9471, 0xCE9A, 0xC6BA, 0x9C10, 0x70A2, 0x78C3, 0xAC51, 0xC679, 0xBE18, 0xB575,
	0xB596, 0xBDD7, 0xC638, 0xCE59, 0xCE59, 0xCE59, 0xCE59, 0xCE59, 0xCE59, 0xCE59, 0xCE59, 0xCE59,
	0xC638, 0xC618, 0xC618, 0xC618, 0xC618, 0xC618, 0xC618, 0xC618, 0xC618, 0xC618, 0xC618, 0xBDF8,
	0xBDF7, 0xBDF7, 0xC616, 0xC615, 0xC5F3, 0xC5D2, 0xC5D0, 0xD5ED, 0xE64B, 0xEE89, 0xEE88, 0xEE88,
	0xEE89, 0xEE89, 0xEE89, 0xE669, 0xE66A, 0xE68A, 0xEE8A, 0xEE8A, 0xEE8A, 0xEE8A, 0xEE8A, 0xEE8A,
	0xEEAA, 0xEEAA, 0xEEAA, 0xEEAA, 0xEEAB, 0xEEAB, 0xEEAB, 0xEEAB, 0xEEAA, 0xEEAA, 0xEEAA, 0xEEAA,
	0xEEAA, 0xEEA9, 0xEEA9, 0xF6A8, 0xF6A8, 0xEE89, 0xDE2B, 0xCDEE, 0xC5D1, 0xBDD3, 0xC5F5, 0xC617,
	0xBDF8, 0xBDF8, 0xBDF8, 0xC618, 0xC638, 0xCE58, 0xCE59, 0xCE59, 0xCE59, 0xCE59, 0xCE59, 0xCE59,
	0xCE59, 0xCE59, 0xCE59, 0xCE59, 0xCE59, 0xCE59, 0xCE59, 0xC638, 0xBDD7, 0xB5B6, 0xB5B6, 0xB5B6,
	0xB596, 0xB5D7, 0xADB6, 0x938E, 0x7082, 0x78C3, 0x9C10, 0xC6BA, 0xC69A, 0x9471, 0x41C7, 0x1861,
	0x1861, 0x2904, 0x3145, 0x3165, 0x31E7, 0x3228, 0x328A, 0x2A28, 0x1986, 0x428A, 0x94B2, 0xC679,
	0xC6BA, 0x9BEF, 0x7061, 0x7061, 0x9BEF, 0xB679, 0xBE38, 0xBD96, 0xB5B6, 0xBDD7, 0xC5F7, 0xC638,
	0xCE59, 0xCE59, 0xCE59, 0xCE59, 0xCE59, 0xCE59, 0xCE59, 0xCE59, 0xC638, 0xC638, 0xC618, 0xC618,
	0xC618, 0xC618, 0xC618, 0xC618, 0xC618, 0xC617, 0xC617, 0xC617, 0xC617, 0xC618, 0xC618, 0xBDF8,
	0xB5D8, 0xB5B6, 0xBDB4, 0xC5D2, 0xD62F, 0xDE4D, 0xDE4C, 0xDE4B, 0xDE4B, 0xE66A, 0xE66A, 0xEE89,
	0xEE89, 0xEE89, 0xEE89, 0xEE89, 0xEE89, 0xEE89, 0xEE89, 0xEE89, 0xEE89, 0xEE89, 0xEE89, 0xEE89,
	0xEE89, 0xEE89, 0xEE89, 0xEE89, 0xEE89, 0xEE89, 0xEE89, 0xE669, 0xE64A, 0xE64A, 0xDE2B, 0xDE4B,
	0xDE4C, 0xDE4D, 0xD610, 0xC5D3, 0xB5B5, 0xB5B7, 0xBDF8, 0xC618, 0xC618, 0xC617, 0xC617, 0xC618,
	0xC618, 0xC638, 0xCE59, 0xCE59, 0xCE59, 0xCE59, 0xCE59, 0xCE59, 0xCE59, 0xCE59, 0xCE59, 0xCE59,
	0xCE59, 0xCE59, 0xC638, 0xBDF7, 0xB5B6, 0xB596, 0xB5B6, 0xBDD7, 0xBDB6, 0xB5F7, 0x9DB6, 0x832C,
	0x6820, 0x7882, 0x9BEF, 0xC6BA, 0xCE79, 0x9492, 0x3A08, 0x0882, 0x10C3, 0x2165, 0x2165, 0x2186,
	0x42CB, 0x3A8A, 0x2A49, 0x19E7, 0x2228, 0x534D, 0x9CD3, 0xC659, 0xC69A, 0xA3EF, 0x7861, 0x6800,
	0x7B2C, 0x9DB6, 0xB5F7, 0xBDB6, 0xBDB6, 0xB596, 0xB596, 0xBDD7, 0xC618, 0xCE59, 0xCE59, 0xCE59,
	0xCE59, 0xCE59, 0xCE59, 0xCE59, 0xCE59, 0xC638, 0xC618, 0xC618, 0xBDF7, 0xC618, 0xC618, 0xC618,
	0xC618, 0xC618, 0xC617, 0xC618, 0xC618, 0xC618, 0xC618, 0xBDF8, 0xBDF8, 0xBDF8, 0xBDF7, 0xC5F6,
	0xC616, 0xC614, 0xC5F3, 0xC5D1, 0xC5CF, 0xD5EE, 0xDE4C, 0xE66A, 0xEE89, 0xEE88, 0xEE88, 0xEE88,
	0xEE88, 0xEE88, 0xEE88, 0xEE88, 0xEE88, 0xEE88, 0xEE88, 0xEE88, 0xEE88, 0xEE88, 0xEE88, 0xEE88,
	0xEE88, 0xEE88, 0xEE89, 0xE66A, 0xDE2C, 0xCDEE, 0xC5CF, 0xC5D1, 0xC5F3, 0xC5F4, 0xC5F6, 0xC5F6,
	0xBDF7, 0xBDF8, 0xBDF8, 0xC618, 0xC618, 0xC617, 0xC617, 0xC618, 0xC618, 0xC638, 0xCE59, 0xCE59,
	0xCE59, 0xCE59, 0xCE59, 0xCE59, 0xCE59, 0xCE59, 0xCE59, 0xCE79, 0xCE59, 0xC638, 0xBDF7, 0xB5B6,
	0xB596, 0xB575, 0xB596, 0xBDB6, 0xBDB6, 0xB5D7, 0x9575, 0x730C, 0x6800, 0x7861, 0xA3EF, 0xC6BA,
	0xC679, 0x8C71, 0x3208, 0x08A2, 0x1904, 0x21A6, 0x1986, 0x1986, 0x7A49, 0x7208, 0x6186, 0x5924,
	0x69A6, 0x8B0C, 0xACF3, 0xBE59, 0xBE79, 0xA471, 0x7986, 0x6061, 0x69A6, 0x838E, 0x9D14, 0xB5D7,
	0xB5D7, 0xB5B6, 0xB5F7, 0xBE18, 0xC618, 0xC638, 0xCE38, 0xCE59, 0xCE59, 0xCE59, 0xCE59, 0xCE59,
	0xCE59, 0xCE59, 0xC638, 0xC638, 0xC618, 0xC618, 0xC618, 0xC618, 0xC618, 0xC618, 0xC618, 0xC618,
	0xC617, 0xC5F7, 0xC617, 0xC617, 0xC617, 0xC618, 0xC618, 0xC618, 0xBE19, 0xBDF8, 0xB5B7, 0xB596,
	0xBDB4, 0xC5D2, 0xD611, 0xDE4F, 0xDE6D, 0xDE6C, 0xDE4C, 0xDE4C, 0xDE4C, 0xDE4C, 0xDE4C, 0xDE4C,
	0xDE4C, 0xDE4C, 0xDE4C, 0xDE4C, 0xDE4C, 0xDE4C, 0xDE4C, 0xDE4C, 0xDE4C, 0xE66C, 0xDE6D, 0xDE4E,
	0xCE10, 0xC5D2, 0xBDB4, 0xB5B6, 0xB5B7, 0xBDD8, 0xBDF9, 0xC618, 0xC618, 0xC617, 0xC617, 0xC617,
	0xC5F7, 0xC618, 0xC618, 0xC618, 0xC618, 0xC638, 0xCE59, 0xCE79, 0xCE59, 0xCE59, 0xCE59, 0xCE59,
	0xCE59, 0xCE38, 0xC638, 0xC638, 0xC618, 0xC5F7, 0xBDB6, 0xB5D7, 0xBDF7, 0xB5F7, 0xB5D7, 0xB5D7,
	0xADD7, 0x9D14, 0x83AE, 0x69C7, 0x6882, 0x79A6, 0xA451, 0xC679, 0xCE9A, 0x9C92, 0x49C7, 0x1861,
	0x28C3, 0x4145, 0x4924, 0x5104, 0xC8A2, 0xC082, 0xB882, 0xB841, 0xC061, 0xC9A6, 0xBC92, 0xBE59,
	0xBE18, 0xA514, 0x83CF, 0x69C7, 0x6841, 0x7104, 0x83AE, 0x9575, 0x9D96, 0xADB6, 0xB638, 0xBE59,
	0xBDF7, 0xBDD7, 0xBDD7, 0xC5F7, 0xC5F7, 0xC618, 0xCE38, 0xCE59, 0xCE59, 0xCE59, 0xCE59, 0xC638,
	0xC638, 0xC618, 0xC618, 0xBDF7, 0xBDF7, 0xC618, 0xC618, 0xC618, 0xC618, 0xC617, 0xC617, 0xC617,
	0xC618, 0xC618, 0xC618, 0xC618, 0xBE18, 0xBDF8, 0xBDF8, 0xBDD7, 0xBDF7, 0xC5F6, 0xC616, 0xC615,
	0xCE15, 0xC614, 0xC5F3, 0xC5D3, 0xC5D2, 0xC5D2, 0xBDB2, 0xBDB2, 0xBDB2, 0xBDB2, 0xBDB2, 0xBDB2,
	0xBDD2, 0xC5D2, 0xC5D3, 0xC5F3, 0xC5F4, 0xC614, 0xC615, 0xC615, 0xC616, 0xC5F6, 0xBDF7, 0xBDF7,
	0xBDF8, 0xBDF8, 0xBDF8, 0xC618, 0xC618, 0xC618, 0xC617, 0xBDF7, 0xBDF7, 0xC618, 0xC618, 0xC618,
	0xC618, 0xC638, 0xCE59, 0xCE79, 0xCE59, 0xCE59, 0xCE59, 0xCE59, 0xC618, 0xC5F7, 0xBDD7, 0xBDD7,
	0xBDB6, 0xBD96, 0xB596, 0xBDD7, 0xBE38, 0xBE38, 0xADB6, 0x9D96, 0x9575, 0x83AE, 0x7104, 0x6861,
	0x69E7, 0x83EF, 0xA514, 0xC638, 0xC679, 0xA471, 0x6145, 0x3820, 0x3820, 0x6861, 0x9041, 0xA841,
	0xC800, 0xD000, 0xD800, 0xD800, 0xC800, 0xB8C3, 0xAC30, 0xAE38, 0xB618, 0xB596, 0x9555, 0x7B6D,
	0x7104, 0x6841, 0x69C7, 0x732C, 0x834D, 0x938E, 0xA410, 0xAC92, 0xAD34, 0xADB6, 0xB5D7, 0xBDF7,
	0xC638, 0xC679, 0xCE9A, 0xCE9A, 0xCE59, 0xCE59, 0xCE59, 0xCE59, 0xC638, 0xC618, 0xC618, 0xC618,
	0xC618, 0xC618, 0xC618, 0xC618, 0xC618, 0xC618, 0xC618, 0xC618, 0xC618, 0xC618, 0xC617, 0xC617,
	0xC617, 0xC617, 0xC617, 0xC618, 0xC618, 0xC618, 0xBE18, 0xBDF9, 0xBDF9, 0xBDF9, 0xB5D8, 0xB5B7,
	0xB5B7, 0xB597, 0xB597, 0xB597, 0xB597, 0xB597, 0xB597, 0xB597, 0xB597, 0xB5B7, 0xB5B7, 0xB5B8,
	0xBDD8, 0xBDF8, 0xBDF9, 0xBDF9, 0xBE18, 0xC618, 0xC618, 0xC618, 0xC617, 0xC617, 0xC617, 0xC617,
	0xC618, 0xC618, 0xC618, 0xC618, 0xC618, 0xC618, 0xC618, 0xC618, 0xC618, 0xC638, 0xC638, 0xCE59,
	0xCE59, 0xCE38, 0xCE38, 0xC659, 0xC659, 0xC659, 0xBE38, 0xBDF7, 0xB5D7, 0xADB6, 0xADD7, 0xAD75,
	0xAC92, 0xA410, 0x938E, 0x836D, 0x732C, 0x69C7, 0x6841, 0x70E3, 0x734D, 0x8D34, 0xAD96, 0xBE18,
	0xBE38, 0x9C30, 0x7104, 0x5000, 0x4800, 0x7000, 0xA800, 0xC800, 0x8800, 0x9800, 0xB800, 0xB000,
	0x8000, 0x68C3, 0x7B6D, 0x9D55, 0xB5B6, 0xBDD7, 0xB5B6, 0x9CF3, 0x7B6D, 0x69C7, 0x6061, 0x6841,
	0x7061, 0x7082, 0x78A2, 0x81A6, 0x83EF, 0x8D55, 0x9D96, 0xADB6, 0xBE59, 0xC69A, 0xC69A, 0xC679,
	0xC618, 0xC5F7, 0xC618, 0xC618, 0xC618, 0xC618, 0xC618, 0xC638, 0xC618, 0xC618, 0xC618, 0xC618,
	0xC618, 0xC618, 0xC618, 0xC618, 0xC618, 0xC618, 0xC618, 0xC618, 0xC617, 0xC618, 0xC618, 0xC618,
	0xC618, 0xBE18, 0xBDF8, 0xBDF8, 0xBDF8, 0xBDF8, 0xBDF8, 0xBDF8, 0xBDF8, 0xBDF8, 0xBDD8, 0xBDD8,
	0xBDD8, 0xBDD8, 0xBDD8, 0xBDD8, 0xBDF8, 0xBDF8, 0xBDF8, 0xBDF8, 0xBDF8, 0xBDF8, 0xBDF8, 0xBDF8,
	0xBE18, 0xC618, 0xC618, 0xC618, 0xC618, 0xC618, 0xC618, 0xC618, 0xC618, 0xC618, 0xC618, 0xC618,
	0xC618, 0xC618, 0xBDF7, 0xC618, 0xC618, 0xC618, 0xC5F7, 0xC5F7, 0xBDF7, 0xC5F7, 0xBDD7, 0xBDF7,
	0xBE59, 0xC679, 0xC679, 0xBE38, 0xADB6, 0xA5B6, 0x9DB6, 0x9451, 0x81A6, 0x78A2, 0x7082, 0x7061,
	0x6841, 0x6882, 0x69E7, 0x732C, 0x8430, 0x9D14, 0xB596, 0xB5D7, 0x9D75, 0x7B6D, 0x60C3, 0x5000,
	0x5000, 0x6800, 0x8000, 0x9000, 0x7000, 0x8000, 0x9020, 0x8000, 0x5800, 0x4882, 0x5A28, 0x7BAE,
	0x9D14, 0xB5D7, 0xC5F7, 0xB5D7, 0x9D75, 0x83EF, 0x79A6, 0x78A2, 0x7082, 0x7061, 0x6841, 0x6882,
	0x69E7, 0x730C, 0x834D, 0x938E, 0x9C10, 0xA430, 0xA430, 0xA471, 0xAD55, 0xADD7, 0xB5F7, 0xBE18,
	0xC659, 0xC679, 0xC638, 0xC618, 0xC618, 0xBDF7, 0xBDF7, 0xBDF7, 0xBDF7, 0xBDF7, 0xBDF7, 0xBDF7,
	0xBDF7, 0xBDF7, 0xBDF7, 0xBDF7, 0xC618, 0xC618, 0xC618, 0xC617, 0xC617, 0xC617, 0xC617, 0xC617,
	0xC617, 0xC617, 0xC617, 0xC617, 0xC617, 0xC617, 0xC618, 0xC618, 0xC618, 0xC618, 0xC618, 0xC618,
	0xC617, 0xC617, 0xC617, 0xC617, 0xC617, 0xC617, 0xC617, 0xC617, 0xC617, 0xC617, 0xBDF7, 0xBDF7,
	0xBDF7, 0xBDF7, 0xBDF7, 0xBDF7, 0xBDF7, 0xBDF7, 0xBDF7, 0xBDF7, 0xBDD7, 0xBDD7, 0xBDD7, 0xBDF7,
	0xC5F7, 0xC618, 0xC638, 0xBE38, 0xB5F7, 0xB5D7, 0xADB6, 0xA534, 0xA471, 0xA430, 0xA430, 0x9C10,
	0x8B6D, 0x836D, 0x836D, 0x7A69, 0x68C3, 0x6861, 0x7061, 0x7061, 0x78A2, 0x81A6, 0x8410, 0x9555,
	0x9D34, 0xAD34, 0xB596, 0x9D34, 0x7BCF, 0x6208, 0x5882, 0x5000, 0x5000, 0x5020, 0x5800, 0x5800,
	0x9000, 0x9000, 0x8000, 0x7800, 0x7020, 0x6820, 0x5882, 0x6186, 0x7BAE, 0x9D55, 0xBDF7, 0xC5F7,
	0xB5D7, 0xAD55, 0xA471, 0x9BEF, 0x936D, 0x834D, 0x730C, 0x69E7, 0x6882, 0x6841, 0x6841, 0x7082,
	0x78C3, 0x78A2, 0x78C3, 0x79A6, 0x83EF, 0x9555, 0x9D96, 0xADD7, 0xBE59, 0xC679, 0xBDF7, 0xBDB6,
	0xBDB6, 0xBDB6, 0xB5B6, 0xB596, 0xB5B6, 0xB5B6, 0xB5B6, 0xBDD7, 0xBDD7, 0xBDD7, 0xBDF7, 0xBDF7,
	0xBDF7, 0xBDF7, 0xBDF7, 0xBDF7, 0xC618, 0xC618, 0xC618, 0xC618, 0xC617, 0xBDF7, 0xC618, 0xC618,
	0xC618, 0xC618, 0xC618, 0xC618, 0xC618, 0xC618, 0xC618, 0xC618, 0xC618, 0xC618, 0xC617, 0xC617,
	0xC618, 0xC618, 0xBDF7, 0xBDF7, 0xBDF7, 0xBDF7, 0xBDF7, 0xBDF7, 0xBDD7, 0xBDD7, 0xBDD7, 0xBDD7,
	0xB5B6, 0xB5B6, 0xB5B6, 0xB596, 0xAD75, 0xAD55, 0xB596, 0xB596, 0xBDB6, 0xBDF7, 0xBE59, 0xBE59,
	0xADB6, 0x9D96, 0x8D55, 0x83EF, 0x79A6, 0x78C3, 0x78C3, 0x78C3, 0x7082, 0x6861, 0x6861, 0x68C3,
	0x7A49, 0x7B4D, 0x836D, 0x8B4D, 0x9BCF, 0xA471, 0xAD55, 0xB5D7, 0xBDD7, 0xB5B6, 0x9D55, 0x7BAE,
	0x6186, 0x5882, 0x5020, 0x5820, 0x5800, 0x5000, 0x4800, 0x4000, 0xB000, 0xA000, 0x8000, 0x7000,
	0x7820, 0x7000, 0x5800, 0x5020, 0x6208, 0x7BAE, 0x94D3, 0xA555, 0xAD75, 0xB5D7, 0xC679, 0xBE79,
	0xADD7, 0x9D96, 0x8D55, 0x83EF, 0x7986, 0x78C3, 0x78A2, 0x78C3, 0x7082, 0x6841, 0x6841, 0x6882,
	0x69E7, 0x730C, 0x834D, 0x938E, 0xA410, 0xA492, 0xA534, 0xAD96, 0xADB6, 0xB5D7, 0xBDF7, 0xBDF7,
	0xBDD7, 0xB5B6, 0xB5B6, 0xB5B6, 0xB5B6, 0xB5B6, 0xB5B6, 0xB5B6, 0xB5B6, 0xB5B6, 0xBDB6, 0xBDD7,
	0xBDD7, 0xBDD7, 0xBDD7, 0xBDD7, 0xBDF7, 0xC618, 0xC618, 0xC5F7, 0xC618, 0xC617, 0xC617, 0xC617,
	0xC617, 0xC617, 0xC617, 0xC617, 0xC5F7, 0xC618, 0xBDF7, 0xBDF7, 0xBDD7, 0xBDD7, 0xBDD7, 0xBDD7,
	0xB5B6, 0xB5B6, 0xB5B6, 0xB5B6, 0xB5B6, 0xB596, 0xB596, 0xB575, 0xB596, 0xB596, 0xB596, 0xB596,
	0xB5B6, 0xB5B6, 0xADB6, 0xADB6, 0xADB6, 0xAD55, 0xA492, 0xA410, 0x938E, 0x834D, 0x730C, 0x69E7,
	0x6882, 0x6841, 0x6841, 0x7082, 0x78C3, 0x78A2, 0x78A2, 0x81A6, 0x9451, 0xA5D7, 0xA5D7, 0xADF7,
	0xBE9A, 0xC69A, 0xB5D7, 0xAD75, 0xAD75, 0x94F3, 0x7BAE, 0x6208, 0x5820, 0x5000, 0x5000, 0x5820,
	0x5800, 0x5800, 0x5000, 0x5000, 0xB000, 0xA000, 0x8000, 0x6800, 0x6000, 0x6000, 0x5800, 0x5800,
	0x5861, 0x5945, 0x62EB, 0x6BEF, 0x8471, 0x9D14, 0xBE18, 0xC659, 0xBE18, 0xADB6, 0xAD96, 0xA514,
	0xA451, 0xA410, 0xA430, 0x9BEF, 0x8B6D, 0x834D, 0x730C, 0x69E7, 0x6082, 0x6841, 0x7061, 0x7082,
	0x78A2, 0x81A6, 0x83EF, 0x8D55, 0x9D96, 0xADB6, 0xBE38, 0xBE59, 0xBDF7, 0xB596, 0xB596, 0xB596,
	0xB575, 0xAD75, 0xAD75, 0xAD75, 0xAD75, 0xAD75, 0xAD75, 0xAD75, 0xAD75, 0xAD75, 0xAD75, 0xB596,
	0xBDF7, 0xC618, 0xC618, 0xBDF7, 0xC618, 0xC618, 0xC618, 0xC618, 0xC618, 0xC618, 0xC618, 0xC618,
	0xBDF7, 0xC618, 0xC618, 0xBDF7, 0xB596, 0xAD75, 0xAD75, 0xAD75, 0xAD75, 0xAD75, 0xAD75, 0xAD75,
	0xAD75, 0xAD55, 0xAD34, 0xAD34, 0xAD55, 0xAD55, 0xB575, 0xB5B6, 0xBE38, 0xB618, 0xADB6, 0x9D96,
	0x8D55, 0x83EF, 0x81A6, 0x78A2, 0x7082, 0x7061, 0x6841, 0x6882, 0x69E7, 0x730C, 0x834D, 0x8B6D,
	0x9C10, 0xA410, 0xA410, 0xA451, 0xAD75, 0xB5F7, 0xB5F7, 0xBE38, 0xC69A, 0xBE59, 0x9D34, 0x8471,
	0x6BEF, 0x62EB, 0x5965, 0x5861, 0x5000, 0x5000, 0x5000, 0x5800, 0x6000, 0x6800, 0x7000, 0x7000,
	0x9800, 0x9800, 0x8800, 0x7000, 0x5800, 0x4800, 0x5020, 0x5000, 0x5800, 0x5000, 0x4945, 0x4A28,
	0x628A, 0x7B4D, 0x9492, 0xA555, 0xAD75, 0xB596, 0xBDF7, 0xC638, 0xC69A, 0xC6BA, 0xC69A, 0xBE59,
	0xADD7, 0x9DB6, 0x8D55, 0x83EF, 0x81A6, 0x78A2, 0x7082, 0x7061, 0x6841, 0x6882, 0x69E7, 0x730C,
	0x834D, 0x938E, 0xA410, 0xAC92, 0xAD55, 0xADB6, 0xADD7, 0xB5D7, 0xB5F7, 0xB5D7, 0xB5B6, 0xB575,
	0xAD75, 0xAD75, 0xAD55, 0xAD55, 0xAD55, 0xAD55, 0xA534, 0xAD75, 0xBDD7, 0xC618, 0xC618, 0xBDF7,
	0xBDF7, 0xBDF7, 0xBDF7, 0xBDF7, 0xBDF7, 0xBDF7, 0xBDF7, 0xBDF7, 0xBDF7, 0xC618, 0xC618, 0xBDD7,
	0xAD75, 0xA534, 0xA534, 0xAD55, 0xAD55, 0xAD55, 0xAD55, 0xAD55, 0xAD55, 0xAD75, 0xB5B6, 0xADB6,
	0xAD96, 0xAD96, 0xA596, 0xA534, 0xA492, 0xA410, 0x938E, 0x834D, 0x730C, 0x69E7, 0x6882, 0x6841,
	0x7061, 0x7082, 0x78A2, 0x81A6, 0x83EF, 0x8D55, 0x9DB6, 0xADD7, 0xBE59, 0xC6BA, 0xC6BA, 0xBE79,
	0xB5D7, 0xAD55, 0xA534, 0xA514, 0xA492, 0x9410, 0x7B2C, 0x628A, 0x4A28, 0x4924, 0x5000, 0x5800,
	0x5800, 0x5020, 0x5000, 0x5800, 0x6000, 0x7800, 0x9000, 0x9800, 0x8000, 0x8800, 0x9000, 0x8000,
	0x6000, 0x4800, 0x4800, 0x5000, 0x5000, 0x5000, 0x5041, 0x5061, 0x58A2, 0x5945, 0x62CB, 0x6BEF,
	0x8471, 0x9D14, 0xBDF7, 0xC69A, 0xC69A, 0xC679, 0xC659, 0xC638, 0xBDF7, 0xB5D7, 0xAD96, 0xA514,
	0xA471, 0x9BEF, 0x936D, 0x834D, 0x730C, 0x69E7, 0x6882, 0x6841, 0x7061, 0x7082, 0x78A2, 0x81A6,
	0x83EF, 0x8D55, 0x9D96, 0xADB6, 0xB638, 0xBE38, 0xBDD7, 0xB596, 0xB596, 0xB575, 0xAD75, 0xAD55,
	0xAD55, 0xAD55, 0xAD55, 0xAD75, 0xBDD7, 0xC618, 0xC618, 0xBDF7, 0xBDF7, 0xBDF7, 0xBDF7, 0xBDF7,
	0xBDF7, 0xBDF7, 0xBDF7, 0xBDF7, 0xBDF7, 0xBDF7, 0xBDF7, 0xBDD7, 0xAD75, 0xA534, 0xA514, 0xAD34,
	0xAD34, 0xAD34, 0xAD55, 0xAD55, 0xB555, 0xB5B6, 0xB618, 0xB618, 0xA5B6, 0x9D75, 0x8D34, 0x83EF,
	0x81A6, 0x78A2, 0x7082, 0x7061, 0x6841, 0x6082, 0x69E7, 0x730C, 0x834D, 0x936D, 0x9BEF, 0xA471,
	0xA514, 0xAD96, 0xB5D7, 0xBDF7, 0xBE18, 0xC679, 0xC6BA, 0xBE38, 0x9D34, 0x8471, 0x6BEF, 0x6B0C,
	0x69A6, 0x6904, 0x60C3, 0x58A2, 0x5082, 0x5020, 0x5000, 0x5000, 0x5800, 0x5800, 0x5800, 0x5800,
	0x6000, 0x8000, 0x9800, 0xA000, 0x6800, 0x7800, 0x9800, 0x9000, 0x6800, 0x5800, 0x6000, 0x6800,
	0x6000, 0x5800, 0x5000, 0x5800, 0x5800, 0x5000, 0x4945, 0x4A28, 0x628A, 0x7B2C, 0x9430, 0xA492,
	0xA471, 0x9C51, 0x9CD3, 0x9D34, 0xA555, 0xB596, 0xBDD7, 0xC638, 0xC679, 0xBE59, 0xADD7, 0x9D96,
	0x8D55, 0x83EF, 0x81A6, 0x78A2, 0x7082, 0x7061, 0x6841, 0x6082, 0x69E7, 0x730C, 0x834D, 0x938E,
	0xA410, 0xAC92, 0xAD55, 0xADB6, 0xB5D7, 0xB5D7, 0xBDF7, 0xBE18, 0xB5F7, 0xB5D7, 0xB5B6, 0xB5B6,
	0xBDD7, 0xC618, 0xC618, 0xC618, 0xC618, 0xC618, 0xC618, 0xC618, 0xC618, 0xC618, 0xC618, 0xC618,
	0xC618, 0xC618, 0xC5F7, 0xBDD7, 0xB596, 0xB596, 0xB5B6, 0xB5D7, 0xB5D7, 0xB5D7, 0xADB6, 0xAD96,
	0xA596, 0xA534, 0xA471, 0xA410, 0x938E, 0x834D, 0x730C, 0x69E7, 0x6082, 0x6841, 0x6861, 0x7082,
	0x78A2, 0x81A6, 0x83EF, 0x8D55, 0x9D96, 0xADD7, 0xBE59, 0xC69A, 0xC638, 0xBDD7, 0xB596, 0xA555,
	0x9D14, 0x9CF3, 0xA492, 0x9C10, 0x7B2C, 0x62AA, 0x4A28, 0x4924, 0x4800, 0x5000, 0x5000, 0x5000,
	0x5000, 0x5800, 0x5800, 0x5800, 0x5000, 0x5800, 0x7000, 0x7000, 0x6800, 0x7800, 0x9800, 0xB000,
	0x5800, 0x7000, 0x9800, 0x9800, 0x7800, 0x7800, 0x9000, 0x9000, 0x7000, 0x5000, 0x5000, 0x5000,
	0x5800, 0x5800, 0x5020, 0x5061, 0x58A2, 0x60C3, 0x6924, 0x6924, 0x7124, 0x6986, 0x62EB, 0x6BEF,
	0x8471, 0x9D14, 0xBDF7, 0xC679, 0xC659, 0xBE18, 0xBDF7, 0xB5D7, 0xAD96, 0xA514, 0xA471, 0x9BEF,
	0x8B6D, 0x834D, 0x72EB, 0x69E7, 0x6082, 0x6841, 0x7061, 0x7082, 0x78A2, 0x81A6, 0x83EF, 0x9555,
	0x9D96, 0xADB6, 0xBE38, 0xBE79, 0xBE79, 0xBE38, 0xBDD7, 0xBDB6, 0xBDB6, 0xC5F7, 0xC618, 0xCE38,
	0xC638, 0xC638, 0xC638, 0xC638, 0xC638, 0xC638, 0xC638, 0xC638, 0xCE38, 0xC618, 0xC5F7, 0xBDB6,
	0xBD96, 0xBDD7, 0xBE18, 0xBE59, 0xBE59, 0xB638, 0xADB6, 0x9D96, 0x8D55, 0x83EF, 0x81A6, 0x78A2,
	0x7082, 0x7061, 0x6841, 0x6082, 0x69E7, 0x72EB, 0x834D, 0x8B6D, 0x9BEF, 0xA471, 0xA514, 0xA596,
	0xB5D7, 0xBDF7, 0xBE38, 0xC679, 0xC679, 0xBDF7, 0x9D14, 0x8471, 0x6BEF, 0x62EB, 0x69A6, 0x6904,
	0x60C3, 0x58A2, 0x5082, 0x5020, 0x5000, 0x5000, 0x5000, 0x5000, 0x4800, 0x5800, 0x6800, 0x6000,
	0x5000, 0x6800, 0x9000, 0x9000, 0x7000, 0x7000, 0x9800, 0xB800, 0x5000, 0x7000, 0x9800, 0xA000,
	0x8800, 0x8000, 0x9800, 0x9800, 0x7000, 0x5800, 0x6000, 0x6800, 0x7000, 0x6800, 0x6000, 0x5800,
	0x5000, 0x5000, 0x4800, 0x4800, 0x4800, 0x4800, 0x4924, 0x5228, 0x62AA, 0x7B2C, 0x9C30, 0xA4B2,
	0x9CF3, 0x9D14, 0xA555, 0xB596, 0xBDD7, 0xC659, 0xC6BA, 0xBE9A, 0xB5F7, 0xA5B6, 0x9575, 0x8C10,
	0x81A6, 0x78A2, 0x7082, 0x7061, 0x6841, 0x6082, 0x69E7, 0x730C, 0x834D, 0x938E, 0x9C10, 0xA430,
	0xA451, 0xA471, 0xAD55, 0xADB6, 0xB5D7, 0xBE18, 0xC679, 0xCEBA, 0xCE9A, 0xCE79, 0xCE79, 0xCE79,
	0xCE79, 0xCE79, 0xCE79, 0xCE9A, 0xCEBA, 0xC679, 0xBE18, 0xB5D7, 0xADB6, 0xAD55, 0xA492, 0xAC51,
	0xA451, 0xA410, 0x938E, 0x834D, 0x730C, 0x69E7, 0x6082, 0x6841, 0x6861, 0x7061, 0x78A2, 0x81A6,
	0x8C10, 0x9575, 0xA5B6, 0xB5F7, 0xBE9A, 0xC6BA, 0xC638, 0xBDD7, 0xB575, 0xAD55, 0xA4F3, 0xA4D3,
	0xA4B2, 0x9430, 0x7B2C, 0x62AA, 0x4A28, 0x4924, 0x4800, 0x5000, 0x5000, 0x5000, 0x5800, 0x5800,
	0x5000, 0x5020, 0x5820, 0x6000, 0x6000, 0x6800, 0x7000, 0x6000, 0x5000, 0x6000, 0x8800, 0x9800,
	0x8000, 0x7800, 0x8800, 0x9000, 0x5000, 0x6800, 0x9000, 0xA000, 0x8800, 0x7800, 0x8000, 0x7800,
	0x6000, 0x6800, 0x8000, 0x9000, 0x9000, 0x8000, 0x6800, 0x5800, 0x5000, 0x5000, 0x4800, 0x4800,
	0x4800, 0x4800, 0x4820, 0x5082, 0x58A2, 0x60C3, 0x6904, 0x69A6, 0x62EB, 0x6BEF, 0x8471, 0x9D14,
	0xB5F7, 0xC69A, 0xC6BA, 0xC679, 0xBE38, 0xB5F7, 0xADD7, 0xAD55, 0xA471, 0x9BEF, 0x8B6D, 0x834D,
	0x72EB, 0x69E7, 0x6082, 0x6841, 0x6841, 0x7082, 0x78C3, 0x78C3, 0x78C3, 0x81A6, 0x8BEF, 0x9555,
	0x9D96, 0xADD7, 0xBE79, 0xCEBA, 0xCE79, 0xCE59, 0xCE59, 0xCE59, 0xCE59, 0xCE59, 0xCE59, 0xCE79,
	0xCEBA, 0xBE79, 0xADD7, 0x9D96, 0x9555, 0x8BEF, 0x81A6, 0x78C3, 0x78C3, 0x78C3, 0x7082, 0x6841,
	0x6841, 0x6082, 0x69E7, 0x72EB, 0x832C, 0x8B4D, 0x9BCF, 0xA471, 0xAD55, 0xB5D7, 0xB5F7, 0xBE38,
	0xC679, 0xCEBA, 0xCE79, 0xBDD7, 0xA4F3, 0x8451, 0x73AE, 0x6ACB, 0x69A6, 0x6904, 0x60C3, 0x50A2,
	0x5082, 0x5020, 0x5000, 0x5000, 0x4800, 0x4800, 0x5800, 0x5000, 0x4800, 0x5000, 0x5800, 0x7000,
	0x8800, 0x9000, 0x7800, 0x6000, 0x4800, 0x5000, 0x6000, 0x8000, 0x9800, 0x8800, 0x6000, 0x5000,
	0x6000, 0x7800, 0x9800, 0xA000, 0x8000, 0x7000, 0x8000, 0x7800, 0x6800, 0x6800, 0x8000, 0xA000,
	0xA000, 0x9000, 0x7000, 0x6000, 0x6020, 0x6020, 0x6020, 0x6820, 0x6820, 0x6820, 0x6000, 0x5800,
	0x5000, 0x5000, 0x5000, 0x4800, 0x4924, 0x5228, 0x62AA, 0x7B2C, 0x9C30, 0xA492, 0x9C71, 0x9C71,
	0xA4F3, 0xAD34, 0xAD55, 0xBDD7, 0xC679, 0xC679, 0xB5F7, 0xA5B6, 0x9575, 0x8BEF, 0x81A6, 0x78A2,
	0x78A2, 0x78C3, 0x7082, 0x6841, 0x6841, 0x6082, 0x69E7, 0x730C, 0x834D, 0x938E, 0xA410, 0xACB2,
	0xB596, 0xBE18, 0xBE59, 0xC659, 0xC659, 0xBE59, 0xBE18, 0xB596, 0xACB2, 0xA410, 0x938E, 0x834D,
	0x730C, 0x69E7, 0x6082, 0x6841, 0x6841, 0x7082, 0x70C3, 0x78A2, 0x80C3, 0x81C7, 0x8C10, 0x9596,
	0xA5D7, 0xB618, 0xBE9A, 0xC69A, 0xB5D7, 0xAD75, 0xA555, 0xA4F3, 0x9C51, 0x9C71, 0x9CB2, 0x8C92,
	0x738E, 0x5AEB, 0x4269, 0x4165, 0x4800, 0x5000, 0x5000, 0x5800, 0x5800, 0x5800, 0x5820, 0x6020,
	0x6820, 0x6800, 0x5800, 0x5800, 0x6800, 0x6800, 0x6800, 0x8000, 0xA800, 0xA800, 0x8000, 0x6800,
	0x6800, 0x6000, 0x5000, 0x7000, 0xA800, 0x9800, 0x6000, 0x3800, 0x7000, 0x8000, 0xA000, 0x9000,
	0x6000, 0x6800, 0x9000, 0x9800, 0x7000, 0x5800, 0x6800, 0x8000, 0x9000, 0x8800, 0x6800, 0x6000,
	0x7000, 0x7800, 0x7000, 0x8000, 0x9800, 0x9000, 0x6800, 0x5000, 0x5000, 0x5000, 0x5000, 0x5000,
	0x5041, 0x5082, 0x50A2, 0x60E3, 0x6924, 0x6945, 0x5924, 0x5986, 0x62EB, 0x73CF, 0x8C51, 0xA514,
	0xBE38, 0xCE9A, 0xBE38, 0xB5F7, 0xADD7, 0xAD55, 0xA471, 0xA410, 0xA410, 0x9BEF, 0x8B6D, 0x7B2C,
	0x72EB, 0x69E7, 0x6082, 0x6841, 0x7061, 0x7082, 0x78A2, 0x81A6, 0x8BEF, 0x9575, 0xA5D7, 0xADB6,
	0xADB6, 0xA5D7, 0x9575, 0x8BEF, 0x81A6, 0x78A2, 0x7082, 0x7061, 0x6841, 0x6082, 0x69E7, 0x72EB,
	0x7B2C, 0x8B6D, 0x9BEF, 0xA430, 0xA451, 0xAC92, 0xB575, 0xB618, 0xB659, 0xBE9A, 0xC6BA, 0xBE59,
	0x9D34, 0x8471, 0x7410, 0x62EB, 0x5965, 0x5124, 0x49E7, 0x4269, 0x39E7, 0x31A6, 0x29A6, 0x3104,
	0x4800, 0x5000, 0x5800, 0x5800, 0x5800, 0x5000, 0x5000, 0x6800, 0x9000, 0x9000, 0x6000, 0x6000,
	0x8800, 0x9800, 0x7800, 0x7800, 0xA800, 0xA000, 0x7800, 0x7000, 0x9000, 0x9000, 0x6000, 0x6800,
	0xA000, 0xA000, 0x7800, 0x5800, 0x7000, 0x7800, 0x8800, 0x7800, 0x5000, 0x5800, 0x8800, 0x9000,
	0x7000, 0x5000, 0x5000, 0x6000, 0x7000, 0x7000, 0x6000, 0x6000, 0x7000, 0x7800, 0x7000, 0x8000,
	0x9800, 0x9000, 0x6000, 0x5000, 0x5000, 0x5800, 0x5800, 0x5800, 0x5800, 0x5800, 0x5000, 0x5000,
	0x4800, 0x4000, 0x3800, 0x3000, 0x3945, 0x4249, 0x52CB, 0x6B6D, 0x8C51, 0x9CD3, 0xA514, 0xA514,
	0xAD55, 0xBDD7, 0xC679, 0xC6BA, 0xC6BA, 0xC679, 0xB5F7, 0xA5B6, 0x9575, 0x8C10, 0x81A6, 0x78A2,
	0x7082, 0x6861, 0x6841, 0x6082, 0x69E7, 0x72EB, 0x834D, 0x8B4D, 0x8B4D, 0x834D, 0x72EB, 0x69E7,
	0x6082, 0x6841, 0x7061, 0x7082, 0x78A2, 0x81A6, 0x8C10, 0x9575, 0xA5B6, 0xB5F7, 0xC69A, 0xC69A,
	0xBE59, 0xB5F7, 0xAD75, 0xA4F3, 0xA471, 0xA471, 0xA471, 0x93EF, 0x7B0C, 0x628A, 0x4A08, 0x4104,
	0x3800, 0x2800, 0x1861, 0x1924, 0x2124, 0x2145, 0x2165, 0x3104, 0x5041, 0x6000, 0x5800, 0x5000,
	0x5000, 0x5000, 0x4800, 0x6800, 0x9000, 0x9000, 0x6000, 0x6000, 0x8800, 0x9800, 0x7000, 0x6800,
	0x8800, 0x8800, 0x6800, 0x7000, 0x9000, 0x9000, 0x6800, 0x6800, 0x8800, 0x9000, 0x7800, 0x6800,
	0x5800, 0x5800, 0x6000, 0x5800, 0x5000, 0x5000, 0x6000, 0x6000, 0x5800, 0x5000, 0x5000, 0x5000,
	0x5800, 0x5800, 0x5000, 0x5000, 0x5800, 0x5800, 0x5800, 0x6000, 0x6000, 0x6000, 0x5000, 0x5000,
	0x5000, 0x5000, 0x5000, 0x5000, 0x5000, 0x5000, 0x5000, 0x4800, 0x4000, 0x4000, 0x3800, 0x3000,
	0x28C3, 0x2145, 0x2965, 0x3186, 0x4208, 0x528A, 0x632C, 0x73AE, 0x8C51, 0xA534, 0xBE38, 0xCEBA,
	0xCE9A, 0xC659, 0xBE18, 0xB618, 0xADD7, 0xAD55, 0xA471, 0x9BEF, 0x8B6D, 0x7B2C, 0x72EB, 0x69E7,
	0x6082, 0x6820, 0x6841, 0x7061, 0x7061, 0x6841, 0x6820, 0x6082, 0x69E7, 0x72EB, 0x7B2C, 0x8B6D,
	0x9BEF, 0xA471, 0xAD55, 0xADD7, 0xB5F7, 0xC638, 0xCE9A, 0xC638, 0xA555, 0x8C92, 0x73EF, 0x6AEB,
	0x6986, 0x6924, 0x6124, 0x6104, 0x58A2, 0x5082, 0x4061, 0x4000, 0x4000, 0x3000, 0x2082, 0x1904,
	0x2124, 0x2145, 0x2165, 0x3104, 0x5020, 0x5800, 0x5000, 0x4000, 0x4000, 0x4800, 0x4800, 0x5800,
	0x6000, 0x6000, 0x5000, 0x5000, 0x6000, 0x6000, 0x5800, 0x5800, 0x6000, 0x6000, 0x5800, 0x5800,
	0x6000, 0x6000, 0x5800, 0x5800, 0x6000, 0x6000, 0x5800, 0x5800, 0x4041, 0x3841, 0x3820, 0x3820,
	0x4041, 0x4041, 0x3820, 0x3820, 0x3841, 0x4041, 0x4041, 0x4041, 0x4041, 0x3841, 0x4041, 0x4041,
	0x3841, 0x3841, 0x3841, 0x3841, 0x3841, 0x3841, 0x4041, 0x4020, 0x4020, 0x4020, 0x4041, 0x4041,
	0x4041, 0x4061, 0x4061, 0x4061, 0x3861, 0x3861, 0x4061, 0x3882, 0x28E3, 0x1904, 0x18C3, 0x10A2,
	0x10A2, 0x2104, 0x31A6, 0x4228, 0x52AA, 0x6B6D, 0x8C30, 0x9492, 0x94B2, 0x94B2, 0xA4F3, 0xAD34,
	0xAD55, 0xBDD7, 0xC679, 0xC69A, 0xB618, 0xA5D7, 0x9575, 0x8C10, 0x81C7, 0x80C3, 0x78A2, 0x78C3,
	0x78C3, 0x78A2, 0x80C3, 0x81C7, 0x8C10, 0x9575, 0xA5D7, 0xB618, 0xC69A, 0xC679, 0xBDD7, 0xAD55,
	0xA514, 0xA514, 0x9CB2, 0x8C30, 0x6B4D, 0x52AA, 0x4249, 0x3945, 0x3000, 0x3000, 0x3000, 0x3800,
	0x4000, 0x4000, 0x3800, 0x3800, 0x3841, 0x3082, 0x20E3, 0x2124, 0x2965, 0x2986, 0x2986, 0x3124,
	0x4882, 0x4841, 0x3841, 0x3041, 0x3041, 0x3820, 0x4020, 0x4020, 0x3820, 0x3841, 0x4041, 0x4041,
	0x3841, 0x3820, 0x3820, 0x3820, 0x3820, 0x3820, 0x3820, 0x3820, 0x3020, 0x3020, 0x3820, 0x3820,
	0x3820, 0x3841, 0x3841, 0x4041, 0x3104, 0x2904, 0x28E3, 0x28E3, 0x3104, 0x3104, 0x28E3, 0x28E3,
	0x2904, 0x3104, 0x3104, 0x3104, 0x2904, 0x2904, 0x2904, 0x2904, 0x2904, 0x2904, 0x2904, 0x2904,
	0x2904, 0x2904, 0x2904, 0x3104, 0x28E3, 0x28E3, 0x3104, 0x3104, 0x3104, 0x3104, 0x3104, 0x3104,
	0x2924, 0x3124, 0x3124, 0x3124, 0x2945, 0x2124, 0x18E3, 0x18C3, 0x18C3, 0x18C3, 0x2104, 0x2124,
	0x2965, 0x3186, 0x39C7, 0x39E7, 0x4228, 0x528A, 0x632C, 0x7BAE, 0x8C51, 0xA534, 0xBE38, 0xCE9A,
	0xC679, 0xBE38, 0xB618, 0xAD75, 0xACB2, 0xA430, 0xA410, 0x9C10, 0x9C10, 0xA410, 0xA430, 0xACB2,
	0xAD75, 0xB5F7, 0xBE18, 0xC659, 0xCE9A, 0xBE38, 0xA514, 0x8C51, 0x7BAE, 0x630C, 0x4A49, 0x39C7,
	0x3186, 0x2965, 0x2124, 0x20E3, 0x2082, 0x2061, 0x2041, 0x2082, 0x28C3, 0x30E3, 0x28A2, 0x20A2,
	0x28C3, 0x20E3, 0x20E3, 0x2124, 0x2945, 0x2965, 0x2965, 0x2945, 0x3124, 0x3104, 0x2904, 0x2904,
	0x2904, 0x2904, 0x28E3, 0x28E3, 0x2904, 0x2904, 0x2904, 0x3104, 0x2904, 0x28E3, 0x20C3, 0x20A2,
	0x20A2, 0x20A2, 0x20C3, 0x20C3, 0x20A2, 0x20A2, 0x20A2, 0x20A2, 0x28E3, 0x2904, 0x2904, 0x2904,
	0x2986, 0x2986, 0x31C7, 0x31C7, 0x2986, 0x2986, 0x31A6, 0x31C7, 0x2986, 0x2986, 0x2986, 0x2986,
	0x2986, 0x2986, 0x29A6, 0x29A6, 0x29A6, 0x29A6, 0x29A6, 0x29A6, 0x31A6, 0x31A6, 0x29A6, 0x29A6,
	0x31C7, 0x31A6, 0x2986, 0x2986, 0x2986, 0x2986, 0x2986, 0x2986, 0x2986, 0x2986, 0x2965, 0x2965,
	0x2965, 0x2945, 0x2124, 0x2104, 0x2124, 0x2124, 0x2104, 0x18E3, 0x18C3, 0x18C3, 0x10A2, 0x1082,
	0x10A2, 0x2104, 0x31A6, 0x4228, 0x52CB, 0x6B6D, 0x8C51, 0x9CB2, 0x9CB2, 0x9CB2, 0xA514, 0xAD75,
	0xB5F7, 0xBE59, 0xC69A, 0xCEBA, 0xCEBA, 0xC69A, 0xBE59, 0xB5F7, 0xAD75, 0xA514, 0x9CD3, 0x9CD3,
	0x9CB2, 0x8C51, 0x6B6D, 0x5ACB, 0x4A49, 0x3186, 0x18C3, 0x0861, 0x1082, 0x18E3, 0x18E3, 0x2124,
	0x2145, 0x2145, 0x1945, 0x2165, 0x2986, 0x2986, 0x2145, 0x1924, 0x1924, 0x1904, 0x1904, 0x2104,
	0x2124, 0x2945, 0x2965, 0x2965, 0x2986, 0x2986, 0x29A6, 0x31A6, 0x31A6, 0x31A6, 0x31C7, 0x31C7,
	0x31A6, 0x29A6, 0x29A6, 0x29A6, 0x31A6, 0x2986, 0x2165, 0x2145, 0x2145, 0x2145, 0x2124, 0x2124,
	0x2145, 0x2145, 0x2145, 0x2165, 0x2986, 0x31A6, 0x31A6, 0x29A6, 0x2986, 0x31C7, 0x4249, 0x4249,
	0x31C7, 0x31C7, 0x4249, 0x4A69, 0x31E7, 0x2986, 0x2986, 0x31A6, 0x2986, 0x31A6, 0x3A08, 0x4228,
	0x4228, 0x3A08, 0x3A08, 0x3A08, 0x3A08, 0x3A08, 0x3A08, 0x4228, 0x4A69, 0x4249, 0x31C7, 0x2986,
	0x2986, 0x31A6, 0x31A6, 0x31A6, 0x31A6, 0x2986, 0x2965, 0x2145, 0x2124, 0x2124, 0x2124, 0x2124,
	0x2945, 0x2945, 0x2124, 0x2124, 0x2104, 0x2104, 0x2104, 0x18E3, 0x18C3, 0x18C3, 0x2104, 0x2945,
	0x2965, 0x31A6, 0x39E7, 0x39E7, 0x39E7, 0x4A49, 0x632C, 0x7BEF, 0x8CB2, 0xA575, 0xC659, 0xD6FB,
	0xD6FB, 0xC659, 0xA575, 0x8CB2, 0x7BEF, 0x6B4D, 0x528A, 0x4A49, 0x4208, 0x39E7, 0x31A6, 0x2965,
	0x2945, 0x2104, 0x18C3, 0x10A2, 0x18C3, 0x18E3, 0x2124, 0x2945, 0x2965, 0x2165, 0x2145, 0x2165,
	0x2965, 0x2965, 0x2165, 0x2145, 0x2145, 0x2124, 0x2124, 0x2124, 0x2124, 0x2945, 0x3186, 0x3186,
	0x2986, 0x31A6, 0x3A08, 0x4228, 0x3A08, 0x4228, 0x4A69, 0x4A69, 0x4228, 0x3A08, 0x3A08, 0x3A08,
	0x3A08, 0x3A08, 0x3A08, 0x39E7, 0x31C7, 0x31A6, 0x2986, 0x2986, 0x31A6, 0x31C7, 0x39E7, 0x3A08,
	0x3A08, 0x3A08, 0x3A08, 0x3A08, 0x39C7, 0x4228, 0x528A, 0x528A, 0x4208, 0x4208, 0x528A, 0x52AA,
	0x4A28, 0x39E7, 0x41E7, 0x41E7, 0x41E7, 0x4208, 0x4A49, 0x5269, 0x5269, 0x4A69, 0x4A69, 0x4A69,
	0x4A69, 0x4A69, 0x4A49, 0x528A, 0x5AAA, 0x528A, 0x4228, 0x39E7, 0x41E7, 0x4208, 0x41E7, 0x4208,
	0x4208, 0x39E7, 0x39A6, 0x31A6, 0x31A6, 0x31A6, 0x31A6, 0x3186, 0x3186, 0x3186, 0x3186, 0x3186,
	0x3186, 0x3186, 0x3186, 0x2965, 0x2945, 0x2104, 0x18E3, 0x18E3, 0x18C3, 0x10A2, 0x10A2, 0x0861,
	0x0861, 0x18C3, 0x3186, 0x4208, 0x528A, 0x6B2C, 0x8410, 0x9492, 0x9492, 0x8410, 0x6B2C, 0x528A,
	0x4208, 0x31A6, 0x2104, 0x10A2, 0x1082, 0x1082, 0x10A2, 0x18C3, 0x18E3, 0x18E3, 0x2104, 0x2124,
	0x2104, 0x2124, 0x2945, 0x2965, 0x2965, 0x3165, 0x3165, 0x3165, 0x3165, 0x3165, 0x3165, 0x3186,
	0x3186, 0x31A6, 0x31A6, 0x31A6, 0x31A6, 0x39C7, 0x39E7, 0x4208, 0x41E7, 0x4208, 0x4A49, 0x4A69,
	0x4A69, 0x5269, 0x5AAA, 0x5AAA, 0x5269, 0x4A49, 0x4A69, 0x4A69, 0x4A69, 0x4A69, 0x5269, 0x4A69,
	0x4A49, 0x4228, 0x4208, 0x4208, 0x4228, 0x4A49, 0x4A69, 0x5269, 0x4A69, 0x4A69, 0x4A69, 0x4A69,
	0x4A69, 0x528A, 0x52AA, 0x52AA, 0x528A, 0x528A, 0x52AA, 0x52AA, 0x528A, 0x4A69, 0x4A69, 0x5269,
	0x4A69, 0x528A, 0x528A, 0x528A, 0x528A, 0x528A, 0x528A, 0x528A, 0x528A, 0x528A, 0x528A, 0x52AA,
	0x52AA, 0x52AA, 0x528A, 0x4A69, 0x4A69, 0x5269, 0x5269, 0x5269, 0x5269, 0x4A69, 0x4A69, 0x4A69,
	0x4A69, 0x4A49, 0x4228, 0x39E7, 0x39C7, 0x31A6, 0x31A6, 0x39C7, 0x39C7, 0x31A6, 0x2965, 0x2965,
	0x2965, 0x2945, 0x2104, 0x18E3, 0x18C3, 0x18C3, 0x18C3, 0x10A2, 0x10A2, 0x18C3, 0x2104, 0x2124,
	0x2945, 0x3186, 0x39C7, 0x39E7, 0x39E7, 0x39C7, 0x3186, 0x2945, 0x2124, 0x2104, 0x18E3, 0x18C3,
	0x18C3, 0x18C3, 0x18C3, 0x18E3, 0x18E3, 0x18E3, 0x2104, 0x2104, 0x2104, 0x2104, 0x2104, 0x2124,
	0x2945, 0x3186, 0x31A6, 0x31A6, 0x31A6, 0x31A6, 0x31A6, 0x39C7, 0x4208, 0x4228, 0x4208, 0x4228,
	0x4A49, 0x4A69, 0x528A, 0x4A69, 0x4A69, 0x528A, 0x528A, 0x528A, 0x528A, 0x52AA, 0x52AA, 0x52AA,
	0x52AA, 0x528A, 0x528A, 0x528A, 0x528A, 0x528A, 0x52AA, 0x52AA, 0x528A, 0x528A, 0x528A, 0x528A,
	0x528A, 0x528A, 0x52AA, 0x52AA, 0x528A, 0x528A, 0x528A, 0x528A, 0x5ACB, 0x52AA, 0x528A, 0x528A,
	0x52AA, 0x52AA, 0x528A, 0x528A, 0x52AA, 0x5ACB, 0x52AA, 0x52AA, 0x52AA, 0x52AA, 0x52AA, 0x52AA,
	0x52AA, 0x52AA, 0x52AA, 0x52AA, 0x52AA, 0x52AA, 0x52AA, 0x52AA, 0x528A, 0x528A, 0x52AA, 0x5ACB,
	0x5ACB, 0x52AA, 0x52AA, 0x52AA, 0x52AA, 0x5ACB, 0x5ACB, 0x5ACB, 0x5ACB, 0x52AA, 0x528A, 0x4228,
	0x39E7, 0x39C7, 0x39C7, 0x39C7, 0x39C7, 0x31A6, 0x2965, 0x2945, 0x2965, 0x2965, 0x2124, 0x2104,
	0x2104, 0x2124, 0x2124, 0x2124, 0x2124, 0x2124, 0x18E3, 0x18C3, 0x18C3, 0x10A2, 0x0861, 0x0841,
	0x0841, 0x0861, 0x10A2, 0x18C3, 0x18C3, 0x18E3, 0x2104, 0x2124, 0x2124, 0x2124, 0x2124, 0x2104,
	0x2104, 0x2104, 0x2104, 0x2104, 0x2104, 0x18E3, 0x18E3, 0x2104, 0x2124, 0x3186, 0x31A6, 0x39C7,
	0x39C7, 0x39C7, 0x31A6, 0x39E7, 0x4A49, 0x4A69, 0x4A49, 0x4A69, 0x52AA, 0x5ACB, 0x5ACB, 0x52AA,
	0x52AA, 0x52AA, 0x52AA, 0x52AA, 0x52AA, 0x52AA, 0x528A, 0x528A, 0x52AA, 0x52AA, 0x52AA, 0x52AA,
	0x52AA, 0x52AA, 0x52AA, 0x52AA, 0x52AA, 0x52AA, 0x52AA, 0x52AA, 0x52AA, 0x52AA, 0x52AA, 0x52AA,
	0x52AA, 0x52AA, 0x52AA, 0x52AA,
};
