/* From ~/picojet/app/assets (picojet tools/convert_assets.py). Shipped with
   Gustavo Pezzi's pikuma.com 3D graphics course; picojet keeps it "under
   whatever terms they arrived with" (picojet LICENSE). Copied as is, with
   <stdint.h> for C. */
// Generated from f117.png by tools/convert_assets.py
// RGB565, row-major. const so it stays in flash and is sampled in place.
#pragma once
#include <stdint.h>

#define TEX_F117_W 128
#define TEX_F117_H 128

static const uint16_t tex_f117_data[16384] = {
	0x3188, 0x18C4, 0x0000, 0x0000, 0x0000, 0x0000, 0x0000, 0x0000, 0x0000, 0x0000, 0x0000, 0x0000,
	0x0000, 0x0000, 0x0000, 0x0000, 0x0000, 0x0000, 0x0000, 0x0000, 0x0000, 0x0000, 0x0000, 0x0000,
	0x0000, 0x0000, 0x0000, 0x18E5, 0x2947, 0x2146, 0x2947, 0x2947, 0x2947, 0x2947, 0x2146, 0x2146,
	0x2947, 0x2947, 0x2947, 0x2146, 0x2146, 0x2126, 0x2126, 0x2146, 0x2146, 0x2146, 0x2126, 0x2126,
	0x2146, 0x2146, 0x2146, 0x2146, 0x2146, 0x2146, 0x2146, 0x2126, 0x2126, 0x2126, 0x2126, 0x10A3,
	0x10C4, 0x0862, 0x0000, 0x0000, 0x0000, 0x0000, 0x0000, 0x0000, 0x0000, 0x0000, 0x0000, 0x0000,
	0x0000, 0x0000, 0x0000, 0x0000, 0x0000, 0x0000, 0x0000, 0x0000, 0x0000, 0x0000, 0x0000, 0x0000,
	0x0000, 0x0000, 0x0000, 0x0000, 0x0000, 0x0000, 0x0000, 0x0000, 0x0000, 0x0000, 0x0000, 0x0000,
	0x0000, 0x0000, 0x0000, 0x0000, 0x0000, 0x0000, 0x0000, 0x0000, 0x0000, 0x0000, 0x0000, 0x0000,
	0x0000, 0x0000, 0x0000, 0x0000, 0x0000, 0x0000, 0x0000, 0x0000, 0x0000, 0x0000, 0x0000, 0x0000,
	0x0000, 0x0000, 0x0000, 0x0000, 0x0000, 0x0000, 0x0000, 0x0000, 0x2967, 0x2947, 0x0000, 0x0000,
	0x0000, 0x0000, 0x0000, 0x0000, 0x0000, 0x0000, 0x0000, 0x0000, 0x0000, 0x0000, 0x0000, 0x0000,
	0x0000, 0x0000, 0x0000, 0x0000, 0x0000, 0x0000, 0x0000, 0x0000, 0x0000, 0x0862, 0x2126, 0x2947,
	0x2146, 0x2947, 0x2947, 0x2947, 0x2947, 0x2947, 0x2146, 0x2146, 0x2947, 0x2947, 0x2947, 0x2146,
	0x2146, 0x2126, 0x2126, 0x2146, 0x2146, 0x2146, 0x2126, 0x2126, 0x2146, 0x2146, 0x2146, 0x2146,
	0x2146, 0x2146, 0x2146, 0x2126, 0x2126, 0x2126, 0x2126, 0x2947, 0x2967, 0x2947, 0x2126, 0x2126,
	0x2126, 0x2126, 0x2126, 0x2126, 0x2126, 0x2126, 0x2126, 0x2146, 0x2126, 0x10A3, 0x10A3, 0x10A3,
	0x10A3, 0x10A3, 0x0000, 0x0000, 0x0000, 0x0000, 0x0000, 0x0000, 0x0000, 0x0000, 0x0000, 0x0000,
	0x0000, 0x0000, 0x0000, 0x0000, 0x0000, 0x0000, 0x0000, 0x0000, 0x0000, 0x0000, 0x0000, 0x0000,
	0x0000, 0x0000, 0x0000, 0x0000, 0x0000, 0x0000, 0x0000, 0x0000, 0x0000, 0x0000, 0x0000, 0x0000,
	0x0000, 0x0000, 0x0000, 0x0000, 0x0000, 0x0000, 0x0000, 0x0000, 0x0000, 0x0000, 0x0000, 0x0000,
	0x0000, 0x0000, 0x0000, 0x0000, 0x2967, 0x2967, 0x0020, 0x0000, 0x0000, 0x0000, 0x0000, 0x0000,
	0x0000, 0x0000, 0x0000, 0x0000, 0x0000, 0x0000, 0x0000, 0x0000, 0x0000, 0x0000, 0x0000, 0x0000,
	0x0000, 0x0000, 0x0000, 0x0021, 0x18E4, 0x2947, 0x2947, 0x2147, 0x2146, 0x2947, 0x2146, 0x2947,
	0x2947, 0x2947, 0x2146, 0x2146, 0x2947, 0x2947, 0x2947, 0x2146, 0x2146, 0x2126, 0x2126, 0x2146,
	0x2146, 0x2146, 0x2126, 0x2126, 0x2146, 0x2146, 0x2146, 0x2146, 0x2146, 0x2146, 0x2146, 0x2126,
	0x2126, 0x2126, 0x2126, 0x2146, 0x2947, 0x2947, 0x2947, 0x2947, 0x2947, 0x2947, 0x2947, 0x2947,
	0x2947, 0x2947, 0x2947, 0x2947, 0x2947, 0x2967, 0x2967, 0x2967, 0x2967, 0x2967, 0x2947, 0x2146,
	0x18C4, 0x0862, 0x0000, 0x0000, 0x0000, 0x0000, 0x0000, 0x0000, 0x0000, 0x0000, 0x0000, 0x0000,
	0x0000, 0x0000, 0x0000, 0x0000, 0x0000, 0x0000, 0x0000, 0x0000, 0x0000, 0x0000, 0x0000, 0x0000,
	0x0000, 0x0000, 0x0000, 0x0000, 0x0000, 0x0000, 0x0000, 0x0000, 0x0000, 0x0000, 0x0000, 0x0000,
	0x0000, 0x0000, 0x0000, 0x0000, 0x0000, 0x0000, 0x0000, 0x0000, 0x0000, 0x0000, 0x0000, 0x0000,
	0x2967, 0x2968, 0x1083, 0x0000, 0x0000, 0x0000, 0x0000, 0x0000, 0x0000, 0x0000, 0x0000, 0x0000,
	0x0000, 0x0000, 0x0000, 0x0000, 0x0000, 0x0000, 0x0000, 0x0000, 0x0000, 0x0000, 0x0862, 0x2105,
	0x2947, 0x2147, 0x2146, 0x2146, 0x2146, 0x2947, 0x2146, 0x2947, 0x2947, 0x2947, 0x2146, 0x2947,
	0x2146, 0x2146, 0x2146, 0x2146, 0x2146, 0x2126, 0x2126, 0x2146, 0x2146, 0x2146, 0x2126, 0x2126,
	0x2146, 0x2146, 0x2146, 0x2146, 0x2146, 0x2146, 0x2146, 0x2126, 0x2126, 0x2126, 0x2126, 0x2147,
	0x2947, 0x2947, 0x2947, 0x2947, 0x2947, 0x2947, 0x2947, 0x2947, 0x2947, 0x2947, 0x2947, 0x2947,
	0x2947, 0x2146, 0x2146, 0x2146, 0x2146, 0x2947, 0x2967, 0x2967, 0x2968, 0x2947, 0x2947, 0x1905,
	0x10A3, 0x0020, 0x0000, 0x0000, 0x0000, 0x0000, 0x0000, 0x0000, 0x0000, 0x0000, 0x0000, 0x0000,
	0x0000, 0x0000, 0x0000, 0x0000, 0x0000, 0x0000, 0x0000, 0x0000, 0x0000, 0x0000, 0x0000, 0x0000,
	0x0000, 0x0000, 0x0000, 0x0000, 0x0000, 0x0000, 0x0000, 0x0000, 0x0000, 0x0000, 0x0000, 0x0000,
	0x0000, 0x0000, 0x0000, 0x0000, 0x0000, 0x0000, 0x0000, 0x0000, 0x2967, 0x2968, 0x18E5, 0x0000,
	0x0000, 0x0000, 0x0000, 0x0000, 0x0000, 0x0000, 0x0000, 0x0000, 0x0000, 0x0000, 0x0000, 0x0000,
	0x0000, 0x0000, 0x0000, 0x0000, 0x0841, 0x18C4, 0x2147, 0x2947, 0x2146, 0x2146, 0x2147, 0x2146,
	0x2146, 0x2947, 0x2947, 0x2146, 0x2947, 0x2146, 0x2146, 0x2146, 0x2146, 0x2126, 0x2146, 0x2146,
	0x2146, 0x2146, 0x2146, 0x2146, 0x2146, 0x2146, 0x2126, 0x2126, 0x2146, 0x2146, 0x2146, 0x2146,
	0x2146, 0x2146, 0x2146, 0x2126, 0x2126, 0x2126, 0x2126, 0x2147, 0x2947, 0x2947, 0x2947, 0x2947,
	0x2947, 0x2947, 0x2947, 0x2947, 0x2947, 0x2947, 0x2947, 0x2947, 0x2947, 0x2947, 0x2947, 0x2947,
	0x2947, 0x2947, 0x2947, 0x2947, 0x2947, 0x2947, 0x2947, 0x2967, 0x2968, 0x2947, 0x18E5, 0x10A4,
	0x0862, 0x0000, 0x0000, 0x0000, 0x0000, 0x0000, 0x0000, 0x0000, 0x0000, 0x0000, 0x0000, 0x0000,
	0x0000, 0x0000, 0x0000, 0x0000, 0x0000, 0x0000, 0x0000, 0x0000, 0x0000, 0x0000, 0x0000, 0x0000,
	0x0000, 0x0000, 0x0000, 0x0000, 0x0000, 0x0000, 0x0000, 0x0000, 0x0000, 0x0000, 0x0000, 0x0000,
	0x0000, 0x0000, 0x0000, 0x0000, 0x2967, 0x2968, 0x2126, 0x0000, 0x0000, 0x0000, 0x0000, 0x0000,
	0x0000, 0x0000, 0x0000, 0x0000, 0x0000, 0x0000, 0x0000, 0x0000, 0x0000, 0x0000, 0x0000, 0x18C4,
	0x2947, 0x2947, 0x2947, 0x2147, 0x2146, 0x2146, 0x2146, 0x2146, 0x2947, 0x2947, 0x2947, 0x2146,
	0x2146, 0x2146, 0x2146, 0x2146, 0x2146, 0x2146, 0x2146, 0x2146, 0x2126, 0x2126, 0x2146, 0x2146,
	0x2146, 0x2146, 0x2146, 0x2126, 0x2146, 0x2126, 0x2146, 0x2146, 0x2146, 0x2146, 0x2126, 0x2126,
	0x2126, 0x2126, 0x2126, 0x2147, 0x2947, 0x2947, 0x2947, 0x2947, 0x2947, 0x2947, 0x2947, 0x2947,
	0x2947, 0x2947, 0x2947, 0x2947, 0x2947, 0x2947, 0x2947, 0x2947, 0x2947, 0x2947, 0x2947, 0x2947,
	0x2947, 0x2947, 0x2947, 0x2947, 0x2947, 0x2967, 0x2967, 0x2968, 0x2967, 0x2947, 0x10A4, 0x10A3,
	0x0020, 0x0000, 0x0000, 0x0000, 0x0000, 0x0000, 0x0000, 0x0000, 0x0000, 0x0000, 0x0000, 0x0000,
	0x0000, 0x0000, 0x0000, 0x0000, 0x0000, 0x0000, 0x0000, 0x0000, 0x0000, 0x0000, 0x0000, 0x0000,
	0x0000, 0x0000, 0x0000, 0x0000, 0x0000, 0x0000, 0x0000, 0x0000, 0x0000, 0x0000, 0x0000, 0x0000,
	0x2967, 0x2967, 0x2967, 0x0862, 0x0000, 0x0000, 0x0000, 0x0000, 0x0000, 0x0000, 0x0000, 0x0000,
	0x0000, 0x0000, 0x0000, 0x0000, 0x0000, 0x10A3, 0x2126, 0x2947, 0x2947, 0x2947, 0x2947, 0x2146,
	0x2146, 0x2146, 0x2146, 0x2146, 0x2126, 0x2126, 0x2947, 0x2146, 0x2146, 0x2146, 0x2146, 0x2947,
	0x2146, 0x2146, 0x2146, 0x2126, 0x2126, 0x2126, 0x2146, 0x2126, 0x2126, 0x2126, 0x2126, 0x2126,
	0x2126, 0x2126, 0x2126, 0x2126, 0x2126, 0x2126, 0x2126, 0x2126, 0x2126, 0x2126, 0x2126, 0x2947,
	0x2947, 0x2947, 0x2947, 0x2947, 0x2947, 0x2947, 0x2947, 0x2947, 0x2947, 0x2947, 0x2947, 0x2947,
	0x2947, 0x2947, 0x2947, 0x2947, 0x2947, 0x2947, 0x2947, 0x2947, 0x2947, 0x2947, 0x2947, 0x2967,
	0x2967, 0x2967, 0x2967, 0x2947, 0x2947, 0x2967, 0x2968, 0x2967, 0x2947, 0x18E5, 0x10A4, 0x0862,
	0x0000, 0x0000, 0x0000, 0x0000, 0x0000, 0x0000, 0x0000, 0x0000, 0x0000, 0x0000, 0x0000, 0x0000,
	0x0000, 0x0000, 0x0000, 0x0000, 0x0000, 0x0000, 0x0000, 0x0000, 0x0000, 0x0000, 0x0000, 0x0000,
	0x0000, 0x0000, 0x0000, 0x0000, 0x0000, 0x0000, 0x0000, 0x0000, 0x2967, 0x2967, 0x2968, 0x18C4,
	0x0000, 0x0000, 0x0000, 0x0000, 0x0000, 0x0000, 0x0000, 0x0000, 0x0000, 0x0000, 0x0000, 0x0842,
	0x18E5, 0x2967, 0x2947, 0x2947, 0x2947, 0x2147, 0x2146, 0x2146, 0x2146, 0x2146, 0x2126, 0x2947,
	0x39C8, 0x3188, 0x2126, 0x2947, 0x2146, 0x2146, 0x2146, 0x2126, 0x2146, 0x2126, 0x2126, 0x2126,
	0x2126, 0x2126, 0x2126, 0x2126, 0x2126, 0x2126, 0x2126, 0x2126, 0x2126, 0x2126, 0x2126, 0x2126,
	0x2126, 0x2126, 0x2126, 0x2126, 0x2126, 0x2146, 0x2947, 0x2947, 0x2947, 0x2947, 0x2947, 0x2947,
	0x2947, 0x2947, 0x2947, 0x2947, 0x2947, 0x2947, 0x2947, 0x2947, 0x2947, 0x2947, 0x2947, 0x2947,
	0x2947, 0x2947, 0x2947, 0x2947, 0x2947, 0x2947, 0x2947, 0x2967, 0x2967, 0x2967, 0x2967, 0x2947,
	0x2947, 0x2967, 0x2947, 0x2947, 0x2947, 0x2967, 0x2968, 0x2967, 0x2146, 0x18C4, 0x0841, 0x0000,
	0x0000, 0x0000, 0x0000, 0x0000, 0x0000, 0x0000, 0x0000, 0x0000, 0x0000, 0x0000, 0x0000, 0x0000,
	0x0000, 0x0000, 0x0000, 0x0000, 0x0000, 0x0000, 0x0000, 0x0000, 0x0000, 0x0000, 0x0000, 0x0000,
	0x0000, 0x0000, 0x0000, 0x0000, 0x2126, 0x2947, 0x2968, 0x2947, 0x0000, 0x0000, 0x0000, 0x0000,
	0x0000, 0x0000, 0x0000, 0x0000, 0x0000, 0x0000, 0x18E5, 0x2947, 0x2947, 0x2147, 0x2947, 0x2947,
	0x2947, 0x2146, 0x2146, 0x2146, 0x2146, 0x2947, 0x2126, 0x2947, 0x7BF0, 0x4A8B, 0x2106, 0x2947,
	0x2146, 0x2146, 0x2146, 0x2126, 0x2126, 0x2126, 0x2126, 0x2126, 0x2126, 0x2126, 0x2126, 0x2126,
	0x2126, 0x2126, 0x2126, 0x2126, 0x2146, 0x2126, 0x2126, 0x2126, 0x2126, 0x2947, 0x2947, 0x2947,
	0x2947, 0x2947, 0x2947, 0x2967, 0x2967, 0x2947, 0x2947, 0x2947, 0x2947, 0x2947, 0x2947, 0x2947,
	0x2947, 0x2947, 0x2947, 0x2947, 0x2947, 0x2947, 0x2947, 0x2947, 0x2947, 0x2947, 0x2947, 0x2947,
	0x2947, 0x2947, 0x2947, 0x2967, 0x2967, 0x2967, 0x2967, 0x2947, 0x2947, 0x2967, 0x2967, 0x2947,
	0x2947, 0x2947, 0x2947, 0x2947, 0x2967, 0x2968, 0x2967, 0x0862, 0x0000, 0x0000, 0x0000, 0x0000,
	0x0000, 0x0000, 0x0000, 0x0000, 0x0000, 0x0000, 0x0000, 0x0000, 0x0000, 0x0000, 0x0000, 0x0000,
	0x0000, 0x0000, 0x0000, 0x0000, 0x0000, 0x0000, 0x0000, 0x0000, 0x0000, 0x0000, 0x0000, 0x0000,
	0x18E5, 0x18E4, 0x2946, 0x2968, 0x0862, 0x0000, 0x0000, 0x0000, 0x0000, 0x0000, 0x0000, 0x0000,
	0x0862, 0x2126, 0x2947, 0x2947, 0x2947, 0x2947, 0x2947, 0x2947, 0x2947, 0x2146, 0x2146, 0x2126,
	0x2146, 0x2146, 0x2126, 0x2126, 0x2947, 0x2126, 0x2146, 0x2146, 0x2126, 0x2126, 0x2126, 0x2126,
	0x2126, 0x2126, 0x2146, 0x2126, 0x2126, 0x2126, 0x2126, 0x2126, 0x2126, 0x2126, 0x2126, 0x2126,
	0x18E5, 0x18E5, 0x2126, 0x2126, 0x2126, 0x2126, 0x2947, 0x2947, 0x2947, 0x2967, 0x2947, 0x2106,
	0x2106, 0x2947, 0x2947, 0x2947, 0x2947, 0x2947, 0x2947, 0x2947, 0x2947, 0x2947, 0x2947, 0x2947,
	0x2947, 0x2947, 0x2947, 0x2947, 0x2947, 0x2947, 0x2947, 0x2947, 0x2947, 0x2947, 0x2947, 0x2967,
	0x2967, 0x2967, 0x2967, 0x2947, 0x2947, 0x2967, 0x2967, 0x2947, 0x2947, 0x2947, 0x2947, 0x2947,
	0x2967, 0x2947, 0x2947, 0x2967, 0x0862, 0x0000, 0x0000, 0x0000, 0x0000, 0x0000, 0x0000, 0x0000,
	0x0000, 0x0000, 0x0000, 0x0000, 0x0000, 0x0000, 0x0000, 0x0000, 0x0000, 0x0000, 0x0000, 0x0000,
	0x0000, 0x0000, 0x0000, 0x0000, 0x0000, 0x0000, 0x0000, 0x0000, 0x2126, 0x2126, 0x2146, 0x3188,
	0x18C4, 0x0000, 0x0000, 0x0000, 0x0000, 0x0000, 0x0841, 0x18E5, 0x2947, 0x2947, 0x2147, 0x2947,
	0x2947, 0x2947, 0x2947, 0x2147, 0x2126, 0x2126, 0x2126, 0x2126, 0x2126, 0x2146, 0x2126, 0x2126,
	0x2126, 0x2126, 0x2126, 0x2126, 0x2126, 0x2126, 0x2126, 0x2126, 0x2126, 0x2126, 0x2146, 0x2126,
	0x2126, 0x2126, 0x2126, 0x2126, 0x2126, 0x2126, 0x2126, 0x2967, 0x630D, 0x632D, 0x2967, 0x2126,
	0x2126, 0x2126, 0x2947, 0x2947, 0x2947, 0x18E5, 0x2967, 0x6B4E, 0x6B4E, 0x2967, 0x18E5, 0x2146,
	0x2947, 0x2147, 0x2947, 0x2947, 0x2947, 0x2947, 0x2146, 0x2947, 0x2947, 0x2947, 0x2947, 0x2947,
	0x2947, 0x2947, 0x2947, 0x2947, 0x2947, 0x2947, 0x2947, 0x2967, 0x2967, 0x2967, 0x2967, 0x2947,
	0x2947, 0x2967, 0x2967, 0x2947, 0x2947, 0x2947, 0x2947, 0x2947, 0x2967, 0x2967, 0x2947, 0x2967,
	0x2967, 0x0862, 0x0000, 0x0000, 0x0000, 0x0000, 0x0000, 0x0000, 0x0000, 0x0000, 0x0000, 0x0000,
	0x0000, 0x0000, 0x0000, 0x0000, 0x0000, 0x0000, 0x0000, 0x0000, 0x0000, 0x0000, 0x0000, 0x0000,
	0x0000, 0x0000, 0x0000, 0x0000, 0x2947, 0x2967, 0x2967, 0x2967, 0x2947, 0x0000, 0x0000, 0x0000,
	0x0000, 0x10A3, 0x2947, 0x2967, 0x2947, 0x2947, 0x2947, 0x2947, 0x2947, 0x2947, 0x2947, 0x2126,
	0x2126, 0x2126, 0x2126, 0x2126, 0x2126, 0x2126, 0x2126, 0x2126, 0x2126, 0x2126, 0x2126, 0x2126,
	0x2126, 0x2126, 0x2126, 0x2126, 0x2126, 0x2126, 0x2126, 0x2126, 0x2126, 0x2126, 0x2126, 0x2126,
	0x2126, 0x2126, 0x18E5, 0x630D, 0xAD75, 0x94B3, 0x5ACC, 0x1905, 0x2126, 0x2126, 0x2126, 0x2126,
	0x3188, 0x73AF, 0x9492, 0xA514, 0xAD55, 0x9492, 0x73AF, 0x3187, 0x2146, 0x2988, 0x2988, 0x2947,
	0x2947, 0x2947, 0x2947, 0x2947, 0x2146, 0x2146, 0x2947, 0x2947, 0x2947, 0x2947, 0x2146, 0x2146,
	0x2146, 0x2947, 0x2947, 0x2967, 0x2967, 0x2967, 0x2967, 0x2947, 0x2947, 0x2967, 0x2967, 0x2947,
	0x2947, 0x2947, 0x2947, 0x2947, 0x2967, 0x2967, 0x2947, 0x2947, 0x2967, 0x2967, 0x0862, 0x0000,
	0x0000, 0x0000, 0x0000, 0x0000, 0x0000, 0x0000, 0x0000, 0x0000, 0x0000, 0x0000, 0x0000, 0x0000,
	0x0000, 0x0000, 0x0000, 0x0000, 0x0000, 0x0000, 0x0000, 0x0000, 0x0000, 0x0000, 0x0000, 0x0000,
	0x2967, 0x2967, 0x2967, 0x2967, 0x2968, 0x0841, 0x0000, 0x0862, 0x2126, 0x2967, 0x2947, 0x2147,
	0x2947, 0x2947, 0x2947, 0x2947, 0x2947, 0x2947, 0x2146, 0x2126, 0x2126, 0x2126, 0x2126, 0x2126,
	0x2126, 0x2126, 0x2126, 0x2126, 0x2126, 0x2126, 0x2126, 0x2126, 0x2126, 0x2126, 0x2126, 0x2126,
	0x2126, 0x2126, 0x2126, 0x2126, 0x2126, 0x2126, 0x2126, 0x2126, 0x2126, 0x2126, 0x18E5, 0x632E,
	0x73AF, 0x7BCF, 0x632D, 0x18E5, 0x2126, 0x2126, 0x2126, 0x2126, 0x3187, 0x73AF, 0x9CD3, 0x9492,
	0x9492, 0x9CD3, 0x73AF, 0x3187, 0x2126, 0x2126, 0x2126, 0x2146, 0x2947, 0x2947, 0x2946, 0x2947,
	0x2947, 0x2147, 0x2947, 0x2146, 0x2947, 0x2147, 0x2147, 0x2947, 0x2146, 0x2146, 0x2947, 0x2947,
	0x2947, 0x2947, 0x2967, 0x2947, 0x2947, 0x2967, 0x2967, 0x2947, 0x2947, 0x2947, 0x2947, 0x2947,
	0x2967, 0x2967, 0x2947, 0x2947, 0x2947, 0x2967, 0x2967, 0x0862, 0x0000, 0x0000, 0x0000, 0x0000,
	0x0000, 0x0000, 0x0000, 0x0000, 0x0000, 0x0000, 0x0000, 0x0000, 0x0000, 0x0000, 0x0000, 0x0000,
	0x0000, 0x0000, 0x0000, 0x0000, 0x0000, 0x0000, 0x0000, 0x0000, 0x2967, 0x2967, 0x2967, 0x2967,
	0x2968, 0x2105, 0x18E4, 0x2947, 0x2947, 0x2147, 0x2947, 0x2947, 0x2947, 0x2947, 0x2947, 0x2947,
	0x2147, 0x2126, 0x2126, 0x2126, 0x2126, 0x2126, 0x2126, 0x2126, 0x2126, 0x2126, 0x2126, 0x2126,
	0x2126, 0x2126, 0x2126, 0x2126, 0x2126, 0x2126, 0x2126, 0x2126, 0x2126, 0x2126, 0x2126, 0x2126,
	0x2126, 0x2126, 0x2126, 0x2126, 0x2126, 0x2126, 0x2126, 0x2967, 0x52AC, 0x52CC, 0x2967, 0x2106,
	0x2126, 0x2126, 0x2126, 0x2126, 0x2126, 0x18C5, 0x3187, 0x632D, 0x632D, 0x3187, 0x18C5, 0x2146,
	0x2947, 0x2146, 0x2146, 0x2146, 0x2146, 0x2146, 0x2146, 0x2146, 0x2146, 0x2947, 0x2146, 0x2146,
	0x2146, 0x2146, 0x2146, 0x2146, 0x2146, 0x2146, 0x2146, 0x2146, 0x2146, 0x2946, 0x2947, 0x2947,
	0x2967, 0x2967, 0x2967, 0x2947, 0x2947, 0x2947, 0x2947, 0x2947, 0x2967, 0x2967, 0x2947, 0x2947,
	0x2947, 0x2947, 0x2967, 0x2967, 0x0862, 0x0000, 0x0000, 0x0000, 0x0000, 0x0000, 0x0000, 0x0000,
	0x0000, 0x0000, 0x0000, 0x0000, 0x0000, 0x0000, 0x0000, 0x0000, 0x0000, 0x0000, 0x0000, 0x0000,
	0x0000, 0x0000, 0x0000, 0x0000, 0x2967, 0x2967, 0x2947, 0x2947, 0x2947, 0x2967, 0x2947, 0x2947,
	0x2947, 0x2947, 0x2947, 0x2947, 0x2947, 0x2947, 0x2947, 0x2947, 0x2126, 0x2126, 0x2126, 0x2126,
	0x2126, 0x2126, 0x2126, 0x2126, 0x2126, 0x2126, 0x2126, 0x2126, 0x2126, 0x2126, 0x2126, 0x2126,
	0x2126, 0x2126, 0x2126, 0x2126, 0x2126, 0x2126, 0x2126, 0x2126, 0x2126, 0x2126, 0x2126, 0x2126,
	0x2126, 0x2126, 0x2126, 0x2106, 0x1905, 0x1905, 0x2106, 0x2126, 0x2126, 0x2126, 0x2126, 0x2106,
	0x2126, 0x2947, 0x2126, 0x2106, 0x2106, 0x2126, 0x2947, 0x2146, 0x2947, 0x2126, 0x2126, 0x2146,
	0x2126, 0x2146, 0x2146, 0x2146, 0x2126, 0x2126, 0x2146, 0x2146, 0x2146, 0x2126, 0x2146, 0x2146,
	0x2126, 0x2146, 0x2146, 0x2146, 0x2146, 0x2126, 0x2126, 0x2146, 0x2947, 0x2947, 0x2947, 0x2947,
	0x2947, 0x2947, 0x2947, 0x2947, 0x2967, 0x2967, 0x2947, 0x2947, 0x2947, 0x2947, 0x2947, 0x2967,
	0x2947, 0x10A3, 0x10A3, 0x10A3, 0x10A3, 0x10A3, 0x10A3, 0x10A3, 0x10A3, 0x1083, 0x0000, 0x0000,
	0x0000, 0x0000, 0x0000, 0x0000, 0x0000, 0x0000, 0x0000, 0x0000, 0x0000, 0x0000, 0x0000, 0x0000,
	0x2947, 0x2947, 0x2947, 0x2947, 0x2947, 0x2947, 0x2147, 0x2947, 0x2947, 0x2947, 0x2947, 0x2947,
	0x2947, 0x2947, 0x2947, 0x2126, 0x2126, 0x2126, 0x2126, 0x2126, 0x2126, 0x2126, 0x2126, 0x2126,
	0x2146, 0x2947, 0x2947, 0x2146, 0x2146, 0x2146, 0x2146, 0x2147, 0x2146, 0x2126, 0x2126, 0x2126,
	0x2126, 0x2126, 0x2126, 0x2126, 0x2126, 0x2126, 0x2126, 0x2126, 0x2106, 0x2126, 0x2106, 0x2126,
	0x2126, 0x2126, 0x2126, 0x2106, 0x2126, 0x2126, 0x2126, 0x2106, 0x2106, 0x2146, 0x2947, 0x2947,
	0x2947, 0x2947, 0x2947, 0x2146, 0x2947, 0x2126, 0x2126, 0x2146, 0x2126, 0x2146, 0x2146, 0x2146,
	0x2146, 0x2146, 0x2146, 0x2146, 0x2126, 0x2126, 0x2146, 0x2126, 0x2126, 0x2146, 0x2146, 0x2146,
	0x2146, 0x2126, 0x2146, 0x2146, 0x2947, 0x2947, 0x2947, 0x2947, 0x2947, 0x2947, 0x2947, 0x2947,
	0x2947, 0x2947, 0x2947, 0x2947, 0x2947, 0x2947, 0x2947, 0x2947, 0x2947, 0x2988, 0x2968, 0x2967,
	0x2967, 0x2947, 0x2967, 0x2947, 0x2947, 0x2947, 0x18C4, 0x0000, 0x0000, 0x0000, 0x0000, 0x0000,
	0x0842, 0x0842, 0x1083, 0x18C4, 0x1083, 0x0000, 0x0000, 0x0000, 0x2947, 0x2947, 0x2947, 0x2947,
	0x2947, 0x2947, 0x2947, 0x2947, 0x2947, 0x2947, 0x2947, 0x2947, 0x2947, 0x2947, 0x2947, 0x2126,
	0x2126, 0x2126, 0x2126, 0x2126, 0x2126, 0x2126, 0x2126, 0x2126, 0x2147, 0x2947, 0x2947, 0x2947,
	0x2947, 0x2947, 0x2947, 0x2947, 0x2947, 0x2126, 0x2126, 0x2126, 0x2126, 0x2126, 0x2126, 0x2126,
	0x2126, 0x2126, 0x2126, 0x2126, 0x2106, 0x2126, 0x2126, 0x2126, 0x2126, 0x2126, 0x2126, 0x2126,
	0x2126, 0x2126, 0x2126, 0x2106, 0x2106, 0x2146, 0x2947, 0x2146, 0x2146, 0x2947, 0x2947, 0x2146,
	0x2947, 0x2126, 0x2126, 0x2146, 0x2126, 0x2146, 0x2146, 0x2146, 0x2146, 0x2146, 0x2146, 0x2146,
	0x2126, 0x2126, 0x2146, 0x2126, 0x2126, 0x2146, 0x2146, 0x2146, 0x2146, 0x2126, 0x2146, 0x2146,
	0x2947, 0x2947, 0x2947, 0x2947, 0x2947, 0x2947, 0x2947, 0x2947, 0x2947, 0x2947, 0x2947, 0x2947,
	0x2947, 0x2947, 0x2947, 0x2967, 0x2967, 0x2967, 0x2947, 0x2947, 0x2147, 0x2126, 0x2147, 0x2126,
	0x2126, 0x2126, 0x2947, 0x18C4, 0x0862, 0x1083, 0x18C4, 0x10A4, 0x18C4, 0x18C4, 0x18C4, 0x18C4,
	0x18E4, 0x1083, 0x0000, 0x0000, 0x2967, 0x2967, 0x2947, 0x2947, 0x2947, 0x2947, 0x2947, 0x2947,
	0x2947, 0x2947, 0x2947, 0x2947, 0x2947, 0x2947, 0x2947, 0x2126, 0x2126, 0x2126, 0x2126, 0x2126,
	0x2126, 0x2126, 0x2126, 0x2126, 0x2147, 0x2947, 0x2947, 0x2947, 0x2947, 0x2947, 0x2947, 0x2947,
	0x2947, 0x2147, 0x2126, 0x2126, 0x2126, 0x2126, 0x2126, 0x2126, 0x2126, 0x2126, 0x2126, 0x2126,
	0x2106, 0x2126, 0x2126, 0x2126, 0x2106, 0x2106, 0x2106, 0x2106, 0x2106, 0x2106, 0x2106, 0x2106,
	0x2106, 0x2126, 0x2146, 0x2126, 0x2126, 0x2146, 0x2146, 0x2126, 0x2146, 0x2126, 0x2126, 0x2126,
	0x2126, 0x2126, 0x2126, 0x2146, 0x2146, 0x2146, 0x2146, 0x2146, 0x2126, 0x2126, 0x2146, 0x2126,
	0x2126, 0x2146, 0x2146, 0x2146, 0x2146, 0x2126, 0x2146, 0x2146, 0x2947, 0x2947, 0x2947, 0x2947,
	0x2947, 0x2947, 0x2947, 0x2947, 0x2947, 0x2947, 0x2947, 0x2947, 0x2947, 0x2967, 0x2967, 0x2967,
	0x2967, 0x2967, 0x2947, 0x2947, 0x2947, 0x2147, 0x2947, 0x2147, 0x2146, 0x2126, 0x2126, 0x2126,
	0x18E5, 0x18C4, 0x18C4, 0x18C4, 0x10A4, 0x10A4, 0x10A4, 0x18C4, 0x18C4, 0x18E4, 0x1083, 0x0000,
	0x2967, 0x2967, 0x2967, 0x2967, 0x2947, 0x2947, 0x2947, 0x2947, 0x2947, 0x2947, 0x2947, 0x2947,
	0x2947, 0x2947, 0x2947, 0x2126, 0x2126, 0x2126, 0x2126, 0x2126, 0x2126, 0x2126, 0x2126, 0x2126,
	0x2147, 0x2947, 0x2947, 0x2947, 0x2947, 0x2947, 0x2947, 0x2947, 0x2947, 0x2146, 0x2126, 0x2126,
	0x2126, 0x2126, 0x2126, 0x2126, 0x2126, 0x2126, 0x2126, 0x2126, 0x2126, 0x2126, 0x2126, 0x2126,
	0x2126, 0x2146, 0x2146, 0x2146, 0x2146, 0x2146, 0x2146, 0x2126, 0x2147, 0x2967, 0x2967, 0x2967,
	0x2967, 0x2967, 0x2967, 0x2967, 0x2967, 0x2967, 0x2967, 0x2967, 0x2967, 0x2967, 0x2947, 0x2947,
	0x2947, 0x2947, 0x2947, 0x2947, 0x2947, 0x2947, 0x2947, 0x2947, 0x2947, 0x2947, 0x2947, 0x2947,
	0x2947, 0x2947, 0x2947, 0x2947, 0x2947, 0x2967, 0x2947, 0x2947, 0x2947, 0x2947, 0x2947, 0x2947,
	0x2947, 0x2947, 0x2947, 0x2967, 0x2967, 0x2968, 0x2968, 0x2967, 0x2967, 0x2967, 0x2947, 0x2947,
	0x2947, 0x2147, 0x2947, 0x2147, 0x2146, 0x2126, 0x2126, 0x2126, 0x18E5, 0x10A4, 0x18C4, 0x18C4,
	0x10A4, 0x10A4, 0x10A4, 0x18C4, 0x18C4, 0x18C4, 0x18E4, 0x1083, 0x2967, 0x2967, 0x2967, 0x2967,
	0x2967, 0x2967, 0x2967, 0x2967, 0x2967, 0x2967, 0x2967, 0x2947, 0x2947, 0x2947, 0x2947, 0x2947,
	0x2947, 0x2947, 0x2947, 0x2146, 0x2126, 0x2126, 0x2126, 0x2126, 0x2147, 0x2947, 0x2947, 0x2947,
	0x2947, 0x2947, 0x2947, 0x2947, 0x2967, 0x2967, 0x2967, 0x2967, 0x2967, 0x2967, 0x2967, 0x2967,
	0x2968, 0x2988, 0x2988, 0x2988, 0x2988, 0x2988, 0x2988, 0x2988, 0x3188, 0x3188, 0x3188, 0x3188,
	0x3188, 0x3188, 0x3188, 0x3188, 0x3188, 0x3188, 0x3188, 0x3188, 0x3188, 0x3188, 0x3188, 0x3188,
	0x3188, 0x3188, 0x3188, 0x3188, 0x3188, 0x3188, 0x3188, 0x3188, 0x3188, 0x3188, 0x3188, 0x3188,
	0x3188, 0x3188, 0x3188, 0x3188, 0x3188, 0x3188, 0x3188, 0x3188, 0x3188, 0x3188, 0x3188, 0x3188,
	0x3188, 0x3188, 0x3188, 0x3188, 0x2988, 0x2968, 0x2968, 0x2968, 0x2968, 0x2968, 0x2968, 0x2988,
	0x2968, 0x2968, 0x2968, 0x2967, 0x2967, 0x2967, 0x2947, 0x2947, 0x2947, 0x2147, 0x2947, 0x2147,
	0x2146, 0x2126, 0x2126, 0x2126, 0x18E5, 0x10A4, 0x18C4, 0x18C4, 0x10A4, 0x10A4, 0x10A4, 0x18C4,
	0x18C4, 0x18C4, 0x18C4, 0x18C4, 0x2967, 0x2967, 0x2967, 0x2967, 0x2967, 0x2967, 0x2967, 0x2967,
	0x2967, 0x2967, 0x2967, 0x2967, 0x2967, 0x2967, 0x2967, 0x2967, 0x2947, 0x2947, 0x2947, 0x2947,
	0x2947, 0x2146, 0x2126, 0x2126, 0x2147, 0x2947, 0x2947, 0x2947, 0x2947, 0x2947, 0x2967, 0x2968,
	0x3188, 0x3188, 0x3188, 0x3188, 0x3188, 0x3188, 0x3188, 0x3188, 0x3188, 0x3188, 0x3188, 0x3188,
	0x3188, 0x3188, 0x3188, 0x3188, 0x3188, 0x3188, 0x3188, 0x3188, 0x3188, 0x3188, 0x3188, 0x3188,
	0x3188, 0x3188, 0x3188, 0x3188, 0x3188, 0x3188, 0x3188, 0x3188, 0x3188, 0x3188, 0x3188, 0x3188,
	0x3188, 0x3188, 0x3188, 0x3188, 0x3188, 0x3188, 0x3188, 0x3188, 0x3188, 0x3188, 0x3188, 0x3188,
	0x3188, 0x3188, 0x3188, 0x3188, 0x3188, 0x3188, 0x3188, 0x3188, 0x3188, 0x3188, 0x3188, 0x3188,
	0x2988, 0x2988, 0x3188, 0x3188, 0x3188, 0x2988, 0x2988, 0x2988, 0x2968, 0x2968, 0x2968, 0x2967,
	0x2967, 0x2967, 0x2947, 0x2947, 0x2947, 0x2147, 0x2947, 0x2147, 0x2146, 0x2126, 0x2126, 0x2126,
	0x18E5, 0x10A4, 0x18C4, 0x18C4, 0x10A4, 0x10A4, 0x10A4, 0x18C4, 0x18C4, 0x18C4, 0x18C4, 0x18C4,
	0x2967, 0x2967, 0x2967, 0x2967, 0x2967, 0x2967, 0x2967, 0x2967, 0x2967, 0x2967, 0x2967, 0x2967,
	0x2967, 0x2967, 0x2967, 0x2967, 0x2947, 0x2947, 0x2947, 0x2947, 0x2947, 0x2947, 0x2947, 0x2947,
	0x2947, 0x2947, 0x2947, 0x2947, 0x2967, 0x2968, 0x3188, 0x3188, 0x3188, 0x3188, 0x3188, 0x3188,
	0x2988, 0x2988, 0x3188, 0x3188, 0x3188, 0x3188, 0x3188, 0x3188, 0x3188, 0x3188, 0x3188, 0x3188,
	0x3188, 0x3188, 0x3188, 0x3188, 0x3188, 0x3188, 0x3188, 0x3188, 0x3188, 0x3188, 0x3188, 0x3188,
	0x3188, 0x3188, 0x3188, 0x3188, 0x3188, 0x3188, 0x3188, 0x3188, 0x3188, 0x3188, 0x3188, 0x3188,
	0x3188, 0x3188, 0x3188, 0x3188, 0x3188, 0x3188, 0x3188, 0x3188, 0x3188, 0x3188, 0x3188, 0x3188,
	0x3188, 0x3188, 0x3188, 0x3188, 0x3188, 0x3188, 0x3188, 0x3188, 0x2988, 0x2988, 0x3188, 0x3188,
	0x3188, 0x2988, 0x2988, 0x2988, 0x2968, 0x2968, 0x2968, 0x2967, 0x2967, 0x2967, 0x2947, 0x2947,
	0x2947, 0x2147, 0x2947, 0x2147, 0x2146, 0x2126, 0x2126, 0x2106, 0x18C4, 0x10A4, 0x18C4, 0x18C4,
	0x10A4, 0x10A4, 0x10A4, 0x18C4, 0x18C4, 0x18C4, 0x18C4, 0x18C4, 0x2967, 0x2967, 0x2967, 0x2967,
	0x2967, 0x2967, 0x2967, 0x2967, 0x2967, 0x2967, 0x2967, 0x2967, 0x2967, 0x2967, 0x2967, 0x2967,
	0x2947, 0x2947, 0x2947, 0x2947, 0x2947, 0x2947, 0x2947, 0x2947, 0x2947, 0x2947, 0x2967, 0x2968,
	0x3188, 0x3188, 0x3188, 0x3188, 0x3188, 0x3188, 0x3188, 0x3188, 0x2988, 0x2988, 0x3188, 0x3188,
	0x3188, 0x3188, 0x3188, 0x3188, 0x3188, 0x3188, 0x3188, 0x3188, 0x3188, 0x3188, 0x3188, 0x3188,
	0x3188, 0x3188, 0x3188, 0x3188, 0x3188, 0x3188, 0x3188, 0x3188, 0x3188, 0x3188, 0x3188, 0x3188,
	0x3188, 0x3188, 0x3188, 0x3188, 0x3188, 0x3188, 0x3188, 0x3188, 0x3188, 0x3188, 0x3188, 0x3188,
	0x3188, 0x3188, 0x3188, 0x3188, 0x3188, 0x3188, 0x3188, 0x3188, 0x3188, 0x3188, 0x3188, 0x3188,
	0x3188, 0x3188, 0x3188, 0x3188, 0x2988, 0x2988, 0x3188, 0x3188, 0x3188, 0x2988, 0x2988, 0x2988,
	0x2968, 0x2968, 0x2968, 0x2967, 0x2967, 0x2967, 0x2947, 0x2947, 0x2947, 0x2146, 0x2947, 0x2146,
	0x2147, 0x2126, 0x2126, 0x2105, 0x18C4, 0x18C4, 0x18C4, 0x18C4, 0x10A4, 0x10A4, 0x10A4, 0x18C4,
	0x18C4, 0x18C4, 0x18C4, 0x18C4, 0x2967, 0x2967, 0x2967, 0x2967, 0x2967, 0x2967, 0x2967, 0x2967,
	0x2967, 0x2967, 0x2967, 0x2967, 0x2967, 0x2967, 0x2967, 0x2947, 0x2947, 0x2947, 0x2947, 0x2947,
	0x2947, 0x2947, 0x2947, 0x2947, 0x2947, 0x2126, 0x2126, 0x3188, 0x3188, 0x3188, 0x3188, 0x3188,
	0x3188, 0x3188, 0x3188, 0x3188, 0x3188, 0x3188, 0x3188, 0x3188, 0x3188, 0x3188, 0x3188, 0x3188,
	0x3188, 0x3188, 0x3188, 0x2988, 0x2946, 0x2946, 0x2988, 0x3188, 0x3188, 0x3188, 0x3188, 0x3188,
	0x3188, 0x3188, 0x3188, 0x3188, 0x3188, 0x3188, 0x3188, 0x3188, 0x3188, 0x3188, 0x3188, 0x3188,
	0x3188, 0x3188, 0x3188, 0x3188, 0x3188, 0x3188, 0x3188, 0x2988, 0x3188, 0x3188, 0x3188, 0x3188,
	0x3188, 0x3188, 0x3188, 0x3188, 0x3188, 0x3188, 0x3188, 0x3188, 0x3188, 0x3188, 0x3188, 0x3188,
	0x3188, 0x3188, 0x3188, 0x3188, 0x2988, 0x2988, 0x2968, 0x2968, 0x2968, 0x2968, 0x2967, 0x2967,
	0x2967, 0x2967, 0x2947, 0x2967, 0x2947, 0x2146, 0x2126, 0x2126, 0x2126, 0x2126, 0x2105, 0x18C4,
	0x18C4, 0x18C4, 0x18C4, 0x18C4, 0x10A4, 0x10A4, 0x18C4, 0x18C4, 0x18C4, 0x18C4, 0x18C4, 0x18C4,
	0x2967, 0x2967, 0x2967, 0x2967, 0x2967, 0x2967, 0x2967, 0x2967, 0x2967, 0x2967, 0x2967, 0x2967,
	0x2967, 0x2947, 0x2947, 0x2947, 0x2947, 0x2947, 0x2947, 0x2947, 0x2947, 0x2947, 0x2947, 0x2947,
	0x2967, 0x2967, 0x2947, 0x2968, 0x2988, 0x3188, 0x3188, 0x3188, 0x3188, 0x3188, 0x3188, 0x3188,
	0x3188, 0x3188, 0x3188, 0x3188, 0x3188, 0x3188, 0x3188, 0x3188, 0x3188, 0x3188, 0x3188, 0x2126,
	0x18E4, 0x18E4, 0x2126, 0x3188, 0x3188, 0x3188, 0x3188, 0x3188, 0x3188, 0x3188, 0x3188, 0x3188,
	0x3188, 0x3188, 0x3188, 0x3188, 0x3188, 0x3188, 0x3188, 0x3188, 0x3188, 0x3188, 0x3188, 0x3188,
	0x3188, 0x3188, 0x2988, 0x3188, 0x3188, 0x3188, 0x3188, 0x3188, 0x3188, 0x3188, 0x3188, 0x3188,
	0x3188, 0x3188, 0x3188, 0x3188, 0x3188, 0x3188, 0x3188, 0x3188, 0x3188, 0x3188, 0x3188, 0x2988,
	0x2988, 0x2968, 0x2988, 0x2968, 0x2968, 0x2968, 0x2967, 0x2947, 0x2126, 0x2126, 0x2106, 0x2106,
	0x2105, 0x1905, 0x1905, 0x18E5, 0x18E5, 0x18E5, 0x18E4, 0x18C4, 0x18C4, 0x18C4, 0x18C4, 0x18C4,
	0x18C4, 0x18E4, 0x18E4, 0x18E5, 0x18E4, 0x18C4, 0x18C4, 0x18C4, 0x2967, 0x2967, 0x2967, 0x2967,
	0x2967, 0x2967, 0x2967, 0x2967, 0x2967, 0x2967, 0x2967, 0x2967, 0x2947, 0x2947, 0x2947, 0x2947,
	0x2947, 0x2947, 0x2947, 0x2947, 0x2947, 0x2967, 0x2967, 0x2967, 0x2967, 0x2967, 0x2967, 0x2967,
	0x2967, 0x3188, 0x3188, 0x3188, 0x3188, 0x3188, 0x3188, 0x3188, 0x3188, 0x3188, 0x3188, 0x3188,
	0x3188, 0x2988, 0x3188, 0x3188, 0x3188, 0x3188, 0x2968, 0x2105, 0x18E5, 0x18E5, 0x2105, 0x2988,
	0x3188, 0x3188, 0x3188, 0x3188, 0x3188, 0x3188, 0x3188, 0x3188, 0x3188, 0x3188, 0x3188, 0x3188,
	0x3188, 0x3188, 0x3188, 0x3188, 0x3188, 0x3188, 0x3188, 0x3188, 0x3188, 0x3188, 0x3188, 0x3188,
	0x3188, 0x3188, 0x3188, 0x3188, 0x3188, 0x3188, 0x3188, 0x3188, 0x3188, 0x3188, 0x3188, 0x3188,
	0x3188, 0x3188, 0x3188, 0x3188, 0x3188, 0x3188, 0x2988, 0x2988, 0x2988, 0x2988, 0x2968, 0x2968,
	0x2968, 0x2968, 0x2967, 0x2126, 0x1905, 0x18E5, 0x18E5, 0x18E5, 0x18C4, 0x18E5, 0x18E5, 0x18E5,
	0x18E5, 0x18E5, 0x18C4, 0x10A4, 0x18C4, 0x18C4, 0x10A4, 0x18C4, 0x18C4, 0x18C4, 0x18E5, 0x18E4,
	0x18E4, 0x18E4, 0x18C4, 0x18C4, 0x2967, 0x2967, 0x2967, 0x2967, 0x2967, 0x2967, 0x2967, 0x2967,
	0x2967, 0x2967, 0x2967, 0x2947, 0x2947, 0x2947, 0x2947, 0x2947, 0x2947, 0x2947, 0x2947, 0x2947,
	0x2967, 0x2967, 0x2967, 0x2967, 0x2967, 0x2967, 0x2967, 0x2967, 0x2967, 0x2967, 0x2988, 0x3188,
	0x3188, 0x3188, 0x3188, 0x2988, 0x2988, 0x3188, 0x3188, 0x3188, 0x3188, 0x2988, 0x3188, 0x3188,
	0x3188, 0x2988, 0x3188, 0x2947, 0x2105, 0x2105, 0x2947, 0x3188, 0x3188, 0x3188, 0x3188, 0x3188,
	0x3188, 0x3188, 0x3188, 0x2988, 0x3188, 0x3188, 0x3188, 0x3188, 0x3188, 0x3188, 0x3188, 0x3188,
	0x3188, 0x3188, 0x3188, 0x3188, 0x3188, 0x3188, 0x3188, 0x3188, 0x3188, 0x3188, 0x3188, 0x3188,
	0x3188, 0x3188, 0x3188, 0x3188, 0x3188, 0x3188, 0x3188, 0x3188, 0x3188, 0x3188, 0x3188, 0x3188,
	0x3188, 0x2968, 0x2988, 0x2988, 0x2968, 0x2968, 0x2968, 0x2968, 0x2988, 0x2968, 0x2967, 0x2967,
	0x2947, 0x2126, 0x2126, 0x2126, 0x2105, 0x2105, 0x1905, 0x2105, 0x2105, 0x18E5, 0x10A3, 0x18C4,
	0x1905, 0x18E5, 0x18E5, 0x2967, 0x2967, 0x2105, 0x18E4, 0x18E5, 0x18E4, 0x18E4, 0x18C4, 0x18C4,
	0x2967, 0x2967, 0x2967, 0x2967, 0x2967, 0x2967, 0x2967, 0x2967, 0x2967, 0x2967, 0x2967, 0x2947,
	0x2947, 0x2947, 0x2947, 0x2947, 0x2947, 0x2947, 0x2947, 0x2967, 0x2967, 0x2967, 0x2967, 0x2967,
	0x2967, 0x2967, 0x2967, 0x2967, 0x2967, 0x2967, 0x2967, 0x2988, 0x2988, 0x2988, 0x2968, 0x2968,
	0x2968, 0x2967, 0x2968, 0x2968, 0x2988, 0x2968, 0x3188, 0x3188, 0x3188, 0x3188, 0x3188, 0x2988,
	0x2967, 0x2968, 0x3188, 0x2988, 0x3188, 0x3188, 0x3188, 0x3188, 0x3188, 0x3188, 0x3188, 0x3188,
	0x3188, 0x3188, 0x3188, 0x3188, 0x3188, 0x3188, 0x3188, 0x3188, 0x3188, 0x3188, 0x3188, 0x3188,
	0x3188, 0x3188, 0x2988, 0x3188, 0x3188, 0x3188, 0x3188, 0x3188, 0x3188, 0x3188, 0x3188, 0x3188,
	0x3188, 0x3188, 0x3188, 0x3188, 0x3188, 0x3188, 0x3188, 0x2988, 0x2988, 0x2988, 0x2988, 0x2988,
	0x2968, 0x2968, 0x2988, 0x2968, 0x2988, 0x2968, 0x2967, 0x2967, 0x2967, 0x2947, 0x2947, 0x2146,
	0x2126, 0x2126, 0x2126, 0x2126, 0x18E5, 0x10A3, 0x18E5, 0x2105, 0x2105, 0x2126, 0x3188, 0x31C8,
	0x3188, 0x2967, 0x2105, 0x18E5, 0x18E4, 0x18E4, 0x18E5, 0x18E5, 0x2967, 0x2967, 0x2967, 0x2967,
	0x2967, 0x2967, 0x2967, 0x2967, 0x2967, 0x2967, 0x2967, 0x2947, 0x2947, 0x2947, 0x2947, 0x2947,
	0x2967, 0x2967, 0x2967, 0x2967, 0x2967, 0x2967, 0x2967, 0x2967, 0x2967, 0x2967, 0x2967, 0x2967,
	0x2967, 0x2967, 0x2967, 0x2967, 0x2988, 0x2988, 0x2968, 0x2968, 0x2967, 0x2967, 0x2967, 0x2967,
	0x2967, 0x2967, 0x2967, 0x2967, 0x2968, 0x2988, 0x2988, 0x2968, 0x2967, 0x3188, 0x3188, 0x3188,
	0x3188, 0x2988, 0x3188, 0x2988, 0x3188, 0x3188, 0x3188, 0x3188, 0x3188, 0x3188, 0x3188, 0x3188,
	0x3188, 0x3188, 0x3188, 0x3188, 0x3188, 0x3188, 0x3188, 0x3188, 0x3188, 0x3188, 0x3188, 0x3188,
	0x3188, 0x3188, 0x3188, 0x3188, 0x3188, 0x3188, 0x3188, 0x3188, 0x3188, 0x3188, 0x3188, 0x3188,
	0x3188, 0x3188, 0x2988, 0x2988, 0x2988, 0x2968, 0x2968, 0x2968, 0x2988, 0x2988, 0x2968, 0x2968,
	0x2968, 0x2967, 0x2968, 0x2967, 0x2967, 0x2967, 0x2947, 0x2947, 0x2146, 0x2126, 0x2126, 0x18C4,
	0x18C4, 0x2105, 0x2126, 0x2106, 0x2947, 0x31C8, 0x31C9, 0x31A8, 0x31A8, 0x3187, 0x2967, 0x2105,
	0x18E4, 0x18E4, 0x18E4, 0x0841, 0x2968, 0x2967, 0x2967, 0x2967, 0x2967, 0x2967, 0x2967, 0x2967,
	0x2967, 0x2967, 0x2967, 0x2947, 0x2947, 0x2947, 0x2947, 0x2947, 0x2967, 0x2967, 0x2967, 0x2967,
	0x2967, 0x2967, 0x2967, 0x2967, 0x2967, 0x2967, 0x2967, 0x2967, 0x2967, 0x2967, 0x2967, 0x2967,
	0x2988, 0x2988, 0x2988, 0x2988, 0x2967, 0x2967, 0x2967, 0x2967, 0x2967, 0x2967, 0x2967, 0x2967,
	0x2967, 0x2967, 0x2967, 0x2967, 0x2967, 0x2968, 0x2968, 0x2988, 0x2968, 0x2988, 0x3188, 0x3188,
	0x3188, 0x3188, 0x3188, 0x2988, 0x3188, 0x3188, 0x3188, 0x3188, 0x3188, 0x3188, 0x3188, 0x3188,
	0x3188, 0x3188, 0x3188, 0x3188, 0x3188, 0x3188, 0x2968, 0x2988, 0x3188, 0x3188, 0x3188, 0x3188,
	0x3188, 0x3188, 0x3188, 0x3188, 0x3188, 0x3188, 0x3188, 0x3188, 0x3188, 0x2988, 0x2968, 0x2988,
	0x2988, 0x2968, 0x2988, 0x2988, 0x2968, 0x2988, 0x2988, 0x2988, 0x2988, 0x2967, 0x2967, 0x2967,
	0x2967, 0x2967, 0x2967, 0x2967, 0x2947, 0x2947, 0x18E4, 0x18E5, 0x2126, 0x2126, 0x2126, 0x2967,
	0x39E9, 0x39E9, 0x39C9, 0x31C8, 0x31A8, 0x31A8, 0x3187, 0x2126, 0x1905, 0x18E5, 0x0041, 0x0000,
	0x2105, 0x2967, 0x2988, 0x2967, 0x2967, 0x2967, 0x2967, 0x2967, 0x2967, 0x2967, 0x2967, 0x2947,
	0x2947, 0x2947, 0x2947, 0x2967, 0x2967, 0x2967, 0x2967, 0x2967, 0x2967, 0x2967, 0x2967, 0x2967,
	0x2967, 0x2967, 0x2967, 0x2967, 0x2967, 0x2967, 0x2967, 0x2967, 0x2968, 0x2988, 0x2988, 0x2988,
	0x2968, 0x2967, 0x2967, 0x2967, 0x2967, 0x2967, 0x2967, 0x2967, 0x2967, 0x2967, 0x2967, 0x2967,
	0x2967, 0x2967, 0x2967, 0x2967, 0x2967, 0x2967, 0x2968, 0x2988, 0x2988, 0x2988, 0x2988, 0x3188,
	0x3188, 0x3188, 0x3188, 0x3188, 0x3188, 0x2988, 0x2988, 0x3188, 0x3188, 0x3188, 0x3188, 0x2988,
	0x2946, 0x2126, 0x18E5, 0x2126, 0x3188, 0x3188, 0x3188, 0x3188, 0x3188, 0x3188, 0x3188, 0x3188,
	0x3188, 0x3188, 0x3188, 0x3188, 0x2988, 0x2968, 0x2968, 0x2968, 0x2988, 0x2988, 0x2968, 0x2988,
	0x2968, 0x2968, 0x2968, 0x2988, 0x2988, 0x2968, 0x2968, 0x2967, 0x2967, 0x2967, 0x2967, 0x2967,
	0x2126, 0x18E5, 0x18E5, 0x2947, 0x2126, 0x2147, 0x31A8, 0x3A0A, 0x3A09, 0x39E9, 0x39E9, 0x39C9,
	0x31A8, 0x31A8, 0x31A8, 0x2967, 0x2126, 0x0841, 0x0000, 0x0000, 0x0000, 0x0020, 0x10A3, 0x2947,
	0x3188, 0x2968, 0x2967, 0x2967, 0x2967, 0x2967, 0x2967, 0x2947, 0x2947, 0x2967, 0x2967, 0x2967,
	0x2967, 0x2967, 0x2967, 0x2967, 0x2967, 0x2967, 0x2967, 0x2967, 0x2967, 0x2967, 0x2967, 0x2967,
	0x2967, 0x2967, 0x2967, 0x2967, 0x2967, 0x2968, 0x2988, 0x2968, 0x2967, 0x2967, 0x2967, 0x2967,
	0x2967, 0x2967, 0x2967, 0x2967, 0x2967, 0x2968, 0x2967, 0x2967, 0x2967, 0x2967, 0x2967, 0x2967,
	0x2967, 0x2967, 0x2967, 0x2967, 0x2967, 0x2967, 0x2967, 0x2968, 0x2988, 0x2988, 0x2988, 0x3188,
	0x3188, 0x3188, 0x3188, 0x3188, 0x3188, 0x3188, 0x3188, 0x2126, 0x18E4, 0x18E5, 0x18E5, 0x2126,
	0x2988, 0x3188, 0x3188, 0x3188, 0x3188, 0x3188, 0x3188, 0x3188, 0x3188, 0x3188, 0x3188, 0x2968,
	0x2968, 0x2968, 0x2968, 0x2968, 0x2968, 0x2968, 0x2968, 0x2968, 0x2988, 0x2988, 0x2968, 0x2988,
	0x2968, 0x2968, 0x2968, 0x2968, 0x2967, 0x2967, 0x2968, 0x2126, 0x18E4, 0x2126, 0x2967, 0x2947,
	0x2947, 0x39E9, 0x422A, 0x3A0A, 0x39EA, 0x39E9, 0x39E9, 0x39E9, 0x31C9, 0x31A8, 0x31C8, 0x2967,
	0x0841, 0x0000, 0x0000, 0x0000, 0x0000, 0x0000, 0x0000, 0x0000, 0x10A3, 0x2105, 0x2968, 0x2988,
	0x2967, 0x2967, 0x2947, 0x2967, 0x2967, 0x2946, 0x2967, 0x2967, 0x2967, 0x2967, 0x2967, 0x2967,
	0x2967, 0x2967, 0x2967, 0x2967, 0x2967, 0x2967, 0x2967, 0x2967, 0x2967, 0x2967, 0x2967, 0x2967,
	0x2967, 0x2967, 0x2967, 0x2967, 0x2967, 0x2967, 0x2967, 0x2967, 0x2967, 0x2967, 0x2967, 0x2967,
	0x2968, 0x2967, 0x2968, 0x2967, 0x2967, 0x2968, 0x2967, 0x2967, 0x2968, 0x2967, 0x2967, 0x2967,
	0x2968, 0x2967, 0x2967, 0x2988, 0x2967, 0x2968, 0x2988, 0x2968, 0x2968, 0x2988, 0x2988, 0x3188,
	0x3188, 0x3188, 0x3188, 0x2947, 0x2105, 0x18E5, 0x18E4, 0x2126, 0x3188, 0x3188, 0x3188, 0x3188,
	0x3188, 0x3188, 0x3188, 0x3188, 0x3188, 0x3188, 0x2988, 0x2968, 0x2968, 0x2968, 0x2988, 0x2988,
	0x2988, 0x2968, 0x2968, 0x2968, 0x2988, 0x2968, 0x2968, 0x2968, 0x2968, 0x2968, 0x2967, 0x2968,
	0x2968, 0x2967, 0x2126, 0x18E5, 0x2146, 0x2967, 0x2947, 0x2967, 0x39EA, 0x422B, 0x420A, 0x420A,
	0x3A0A, 0x39E9, 0x39E9, 0x39E9, 0x39C9, 0x39E9, 0x2126, 0x0000, 0x0000, 0x0000, 0x0000, 0x0000,
	0x0000, 0x0000, 0x0000, 0x0000, 0x0000, 0x0000, 0x0862, 0x18C4, 0x2946, 0x3188, 0x2968, 0x2946,
	0x10A3, 0x0000, 0x0862, 0x2967, 0x2967, 0x2967, 0x2967, 0x2967, 0x2967, 0x2967, 0x2967, 0x2967,
	0x2968, 0x2967, 0x2967, 0x2967, 0x2967, 0x2967, 0x2967, 0x2967, 0x2967, 0x2967, 0x2967, 0x2967,
	0x2967, 0x2967, 0x2967, 0x2968, 0x2988, 0x2988, 0x2967, 0x2988, 0x2988, 0x2967, 0x2968, 0x2968,
	0x2968, 0x2968, 0x2968, 0x2967, 0x2967, 0x2967, 0x2968, 0x2968, 0x2988, 0x2968, 0x2988, 0x2988,
	0x2988, 0x2988, 0x2968, 0x2968, 0x2967, 0x2968, 0x2968, 0x2968, 0x2968, 0x2968, 0x2988, 0x2988,
	0x2968, 0x2947, 0x2126, 0x2967, 0x3188, 0x3188, 0x3188, 0x3188, 0x3188, 0x3188, 0x3188, 0x3188,
	0x2988, 0x2988, 0x2988, 0x2988, 0x2968, 0x2968, 0x2988, 0x2968, 0x2968, 0x2968, 0x2968, 0x2968,
	0x2968, 0x2968, 0x2968, 0x2968, 0x2968, 0x2968, 0x2967, 0x2968, 0x2967, 0x2105, 0x2105, 0x2947,
	0x2967, 0x2967, 0x31A8, 0x422A, 0x422B, 0x422B, 0x422A, 0x420A, 0x420A, 0x3A0A, 0x39EA, 0x39E9,
	0x420A, 0x2946, 0x0000, 0x0000, 0x0000, 0x0000, 0x0000, 0x0000, 0x0000, 0x0000, 0x0000, 0x0000,
	0x0000, 0x0000, 0x0000, 0x0000, 0x0000, 0x10A3, 0x10A3, 0x0000, 0x0000, 0x0000, 0x0000, 0x0862,
	0x2967, 0x2967, 0x2967, 0x2967, 0x2967, 0x2967, 0x2967, 0x2967, 0x2968, 0x2967, 0x2967, 0x2967,
	0x2967, 0x2967, 0x2967, 0x2967, 0x2967, 0x2967, 0x2967, 0x2967, 0x2967, 0x2967, 0x2967, 0x2988,
	0x2988, 0x2988, 0x2988, 0x2968, 0x2968, 0x2967, 0x2988, 0x2988, 0x2988, 0x2968, 0x2988, 0x2988,
	0x2988, 0x2968, 0x2988, 0x2988, 0x2967, 0x2988, 0x2988, 0x2988, 0x2988, 0x2968, 0x2968, 0x2968,
	0x2967, 0x2968, 0x2968, 0x2967, 0x2968, 0x2968, 0x2968, 0x2968, 0x2968, 0x2968, 0x2988, 0x3188,
	0x2988, 0x2988, 0x3188, 0x3188, 0x3188, 0x3188, 0x3188, 0x2988, 0x2968, 0x2988, 0x2988, 0x2988,
	0x2968, 0x2968, 0x2968, 0x2988, 0x2968, 0x2968, 0x2968, 0x2968, 0x2968, 0x2988, 0x2968, 0x2968,
	0x2967, 0x2967, 0x2968, 0x2967, 0x2105, 0x2105, 0x2967, 0x2968, 0x2947, 0x31A8, 0x424B, 0x422B,
	0x422B, 0x422B, 0x422B, 0x422A, 0x420A, 0x3A0A, 0x3A0A, 0x3A0A, 0x2946, 0x0000, 0x0000, 0x0000,
	0x0000, 0x0000, 0x0000, 0x0000, 0x0000, 0x0000, 0x0000, 0x0000, 0x0000, 0x0000, 0x0000, 0x0000,
	0x0000, 0x0000, 0x0000, 0x0000, 0x0000, 0x0000, 0x0000, 0x0000, 0x0862, 0x2967, 0x2967, 0x2967,
	0x2967, 0x2967, 0x2967, 0x2967, 0x2968, 0x2967, 0x2967, 0x2967, 0x2967, 0x2968, 0x2967, 0x2967,
	0x2967, 0x2967, 0x2967, 0x2967, 0x2967, 0x2967, 0x2967, 0x2967, 0x2968, 0x2988, 0x2968, 0x2968,
	0x2988, 0x2988, 0x2988, 0x2988, 0x2988, 0x2988, 0x2988, 0x2988, 0x2988, 0x2968, 0x2988, 0x2988,
	0x2968, 0x2988, 0x2988, 0x2988, 0x2968, 0x2968, 0x2968, 0x2968, 0x2967, 0x2968, 0x2968, 0x2968,
	0x2968, 0x2968, 0x2968, 0x2968, 0x2967, 0x2967, 0x2967, 0x2968, 0x2967, 0x2967, 0x2968, 0x2968,
	0x2988, 0x3188, 0x2988, 0x2968, 0x2988, 0x2968, 0x2968, 0x2968, 0x2968, 0x2988, 0x2968, 0x2968,
	0x2988, 0x2968, 0x2968, 0x2968, 0x2988, 0x2988, 0x2968, 0x2968, 0x2968, 0x2988, 0x2947, 0x2105,
	0x2105, 0x2967, 0x2967, 0x2968, 0x39E9, 0x424B, 0x424B, 0x424B, 0x422B, 0x422B, 0x422B, 0x422B,
	0x420A, 0x420A, 0x420A, 0x10A3, 0x0000, 0x0000, 0x0000, 0x0000, 0x0000, 0x0000, 0x0000, 0x0000,
	0x0000, 0x0862, 0x0861, 0x0841, 0x0841, 0x0841, 0x0841, 0x0841, 0x0841, 0x0841, 0x0841, 0x0020,
	0x0020, 0x0020, 0x0020, 0x0021, 0x0000, 0x0862, 0x2967, 0x2967, 0x2967, 0x2967, 0x2967, 0x2967,
	0x2968, 0x2967, 0x2967, 0x2967, 0x2967, 0x2968, 0x2967, 0x2967, 0x2967, 0x2967, 0x2967, 0x2967,
	0x2967, 0x2967, 0x2967, 0x2967, 0x2967, 0x2967, 0x2967, 0x2968, 0x2988, 0x2988, 0x2988, 0x2988,
	0x2988, 0x2988, 0x2968, 0x2988, 0x2988, 0x2988, 0x2988, 0x2988, 0x2988, 0x2988, 0x2968, 0x2968,
	0x2968, 0x2968, 0x2968, 0x2968, 0x2967, 0x2968, 0x2968, 0x2968, 0x2968, 0x2968, 0x2968, 0x2968,
	0x2967, 0x2967, 0x2967, 0x2968, 0x2967, 0x2967, 0x2968, 0x2968, 0x2988, 0x3188, 0x2988, 0x2968,
	0x2988, 0x2968, 0x2988, 0x2988, 0x2968, 0x2988, 0x2968, 0x2968, 0x2988, 0x2968, 0x2988, 0x2968,
	0x2988, 0x2968, 0x2968, 0x2967, 0x2988, 0x2947, 0x18E5, 0x2146, 0x2968, 0x2967, 0x2967, 0x420A,
	0x4A6B, 0x4A4B, 0x424B, 0x424B, 0x422B, 0x422B, 0x422B, 0x422B, 0x422B, 0x422B, 0x1083, 0x0000,
	0x0000, 0x0000, 0x0000, 0x0000, 0x0000, 0x0000, 0x0000, 0x0000, 0x0020, 0x18C3, 0x10C3, 0x0861,
	0x0862, 0x0862, 0x0862, 0x0862, 0x0862, 0x0862, 0x0862, 0x0020, 0x0020, 0x0020, 0x0020, 0x0020,
	0x0020, 0x0000, 0x0862, 0x2967, 0x2967, 0x2967, 0x2967, 0x2967, 0x2968, 0x2967, 0x2967, 0x2967,
	0x2967, 0x2968, 0x2967, 0x2967, 0x2967, 0x2967, 0x2967, 0x2967, 0x2967, 0x2967, 0x2967, 0x2967,
	0x2967, 0x2967, 0x2967, 0x2967, 0x2968, 0x2968, 0x2968, 0x2968, 0x2988, 0x2988, 0x2968, 0x2988,
	0x2988, 0x2988, 0x2988, 0x2988, 0x2988, 0x2988, 0x2968, 0x2968, 0x2968, 0x2968, 0x2968, 0x2968,
	0x2967, 0x2968, 0x2968, 0x2968, 0x2968, 0x2968, 0x2968, 0x2968, 0x2967, 0x2967, 0x2967, 0x2968,
	0x2967, 0x2967, 0x2968, 0x2968, 0x2988, 0x3188, 0x2988, 0x2968, 0x2988, 0x2988, 0x2988, 0x2988,
	0x2968, 0x2968, 0x2968, 0x2988, 0x2968, 0x2968, 0x2968, 0x2968, 0x2968, 0x2968, 0x2968, 0x2968,
	0x2947, 0x18E4, 0x2146, 0x3188, 0x2968, 0x3188, 0x420A, 0x4A6B, 0x4A4B, 0x4A4B, 0x4A4B, 0x424B,
	0x422B, 0x422B, 0x422B, 0x424B, 0x420A, 0x10A3, 0x0000, 0x0000, 0x0000, 0x0000, 0x0000, 0x0000,
	0x0000, 0x0000, 0x0000, 0x0000, 0x0020, 0x10C3, 0x10A3, 0x0841, 0x0861, 0x0861, 0x0861, 0x0861,
	0x0861, 0x0861, 0x0841, 0x0020, 0x0020, 0x0020, 0x0020, 0x0020, 0x0000, 0x0000, 0x0000, 0x0862,
	0x2967, 0x3188, 0x2988, 0x2967, 0x2967, 0x2967, 0x2967, 0x2967, 0x2967, 0x2968, 0x2967, 0x2967,
	0x2967, 0x2967, 0x2967, 0x2967, 0x2967, 0x2967, 0x2967, 0x2967, 0x2967, 0x2967, 0x2967, 0x2967,
	0x2967, 0x2967, 0x2967, 0x2967, 0x2967, 0x2967, 0x2967, 0x2967, 0x2967, 0x2967, 0x2968, 0x2988,
	0x2988, 0x2968, 0x2968, 0x2968, 0x2968, 0x2968, 0x2968, 0x2968, 0x2967, 0x2968, 0x2968, 0x2967,
	0x2967, 0x2967, 0x2967, 0x2968, 0x2967, 0x2967, 0x2967, 0x2967, 0x2967, 0x2967, 0x2968, 0x2967,
	0x2967, 0x2968, 0x2967, 0x2967, 0x2968, 0x2968, 0x2968, 0x2968, 0x2968, 0x2968, 0x2968, 0x2988,
	0x2968, 0x2968, 0x2968, 0x2968, 0x2968, 0x2968, 0x2968, 0x2988, 0x2947, 0x2126, 0x2946, 0x2146,
	0x31A8, 0x422B, 0x424B, 0x424B, 0x4A4B, 0x4A4B, 0x4A4B, 0x4A4B, 0x424B, 0x422A, 0x4A6C, 0x3187,
	0x0020, 0x0000, 0x0000, 0x0000, 0x0000, 0x0000, 0x0000, 0x0000, 0x0000, 0x0000, 0x0000, 0x0000,
	0x0020, 0x10C3, 0x10A3, 0x0841, 0x0861, 0x0861, 0x0861, 0x0861, 0x0862, 0x0841, 0x0020, 0x0020,
	0x0020, 0x0020, 0x0020, 0x0020, 0x0000, 0x0000, 0x0000, 0x0000, 0x0000, 0x10A3, 0x2105, 0x2988,
	0x3188, 0x2967, 0x2967, 0x2967, 0x2967, 0x2968, 0x2967, 0x2967, 0x2967, 0x2967, 0x2967, 0x2967,
	0x2967, 0x2967, 0x2967, 0x2967, 0x2967, 0x2967, 0x2967, 0x2967, 0x2967, 0x2967, 0x2967, 0x2967,
	0x2967, 0x2967, 0x2967, 0x2967, 0x2967, 0x2967, 0x2967, 0x2967, 0x2967, 0x2967, 0x2967, 0x2967,
	0x2967, 0x2967, 0x2968, 0x2967, 0x2967, 0x2967, 0x2967, 0x2967, 0x2967, 0x2967, 0x2967, 0x2968,
	0x2968, 0x2967, 0x2967, 0x2967, 0x2967, 0x2968, 0x2968, 0x2967, 0x2967, 0x2967, 0x2967, 0x2967,
	0x2968, 0x2967, 0x2967, 0x2967, 0x2967, 0x2967, 0x2967, 0x2967, 0x2967, 0x2968, 0x2967, 0x2947,
	0x2967, 0x2967, 0x2967, 0x2967, 0x2968, 0x2968, 0x2967, 0x2947, 0x2126, 0x2967, 0x422B, 0x424B,
	0x4A4B, 0x4A4B, 0x4A4B, 0x4A4B, 0x424B, 0x4A6C, 0x3188, 0x0000, 0x0000, 0x0000, 0x0000, 0x0000,
	0x0000, 0x0000, 0x0000, 0x0000, 0x0000, 0x0000, 0x0000, 0x0000, 0x0020, 0x10A3, 0x10A2, 0x0841,
	0x0861, 0x0861, 0x0861, 0x0862, 0x0841, 0x0020, 0x0020, 0x0020, 0x0020, 0x0020, 0x0020, 0x0020,
	0x0000, 0x0000, 0x0000, 0x0000, 0x0000, 0x0000, 0x0000, 0x0862, 0x2106, 0x2967, 0x3188, 0x2967,
	0x2967, 0x2967, 0x2967, 0x2967, 0x2967, 0x2967, 0x2967, 0x2967, 0x2967, 0x2967, 0x2967, 0x2967,
	0x2967, 0x2967, 0x2968, 0x2967, 0x2967, 0x2967, 0x2967, 0x2967, 0x2967, 0x2967, 0x2967, 0x2967,
	0x2967, 0x2967, 0x2967, 0x2967, 0x2967, 0x2967, 0x2967, 0x2967, 0x2967, 0x2967, 0x2968, 0x2967,
	0x2967, 0x2967, 0x2967, 0x2967, 0x2967, 0x2967, 0x2967, 0x2968, 0x2968, 0x2967, 0x2967, 0x2967,
	0x2967, 0x2968, 0x2968, 0x2967, 0x2967, 0x2967, 0x2967, 0x2967, 0x2968, 0x2967, 0x2967, 0x2967,
	0x2967, 0x2967, 0x2967, 0x2967, 0x2967, 0x2968, 0x2947, 0x2947, 0x2947, 0x2967, 0x2967, 0x2947,
	0x2946, 0x2947, 0x2967, 0x2967, 0x2126, 0x2126, 0x39E9, 0x422A, 0x424B, 0x4A4B, 0x424B, 0x4A4B,
	0x4A6C, 0x3188, 0x0000, 0x0000, 0x0000, 0x0000, 0x0000, 0x0000, 0x0000, 0x0000, 0x0000, 0x0000,
	0x0000, 0x0000, 0x0000, 0x0000, 0x0000, 0x0841, 0x0020, 0x0841, 0x1082, 0x0862, 0x0862, 0x0841,
	0x0020, 0x0020, 0x0020, 0x0020, 0x0020, 0x0020, 0x0020, 0x0020, 0x0000, 0x0000, 0x0000, 0x0000,
	0x0000, 0x0000, 0x0000, 0x0000, 0x0000, 0x0020, 0x10A3, 0x2947, 0x2988, 0x3188, 0x2967, 0x2967,
	0x2967, 0x2967, 0x2967, 0x2967, 0x2967, 0x2967, 0x2967, 0x2967, 0x2967, 0x2967, 0x2968, 0x2967,
	0x2967, 0x2968, 0x2967, 0x2967, 0x2967, 0x2967, 0x2967, 0x2967, 0x2967, 0x2967, 0x2967, 0x2967,
	0x2967, 0x2967, 0x2967, 0x2967, 0x2967, 0x2968, 0x2968, 0x2967, 0x2967, 0x2967, 0x2967, 0x2967,
	0x2967, 0x2967, 0x2967, 0x2967, 0x2968, 0x2967, 0x2967, 0x2967, 0x2967, 0x2968, 0x2968, 0x2967,
	0x2967, 0x2967, 0x2967, 0x2967, 0x2968, 0x2967, 0x2967, 0x2967, 0x2967, 0x2968, 0x2967, 0x2968,
	0x2967, 0x2968, 0x2968, 0x2967, 0x2967, 0x2947, 0x2947, 0x2126, 0x2126, 0x2947, 0x2967, 0x2967,
	0x2126, 0x2126, 0x3188, 0x39E9, 0x422A, 0x424B, 0x4A6B, 0x4A6C, 0x10A3, 0x0000, 0x0000, 0x0000,
	0x0000, 0x0000, 0x0000, 0x0000, 0x0000, 0x0000, 0x0000, 0x0000, 0x0000, 0x0000, 0x0000, 0x0000,
	0x0000, 0x0020, 0x0020, 0x0020, 0x0841, 0x0841, 0x0020, 0x0020, 0x0020, 0x0020, 0x0020, 0x0020,
	0x0020, 0x0020, 0x0020, 0x0020, 0x0000, 0x0000, 0x0000, 0x0000, 0x0000, 0x0000, 0x0000, 0x0000,
	0x0000, 0x0000, 0x0000, 0x0000, 0x0862, 0x2126, 0x2988, 0x3188, 0x2967, 0x2967, 0x2967, 0x2967,
	0x2967, 0x2967, 0x2967, 0x2967, 0x2967, 0x2967, 0x2968, 0x2967, 0x2967, 0x2968, 0x2967, 0x2967,
	0x2967, 0x2967, 0x2967, 0x2967, 0x2967, 0x2968, 0x2967, 0x2967, 0x2967, 0x2968, 0x2967, 0x2967,
	0x2968, 0x2968, 0x2968, 0x2967, 0x2967, 0x2967, 0x2967, 0x2967, 0x2967, 0x2967, 0x2967, 0x2967,
	0x2967, 0x2967, 0x2967, 0x2967, 0x2968, 0x2968, 0x2967, 0x2967, 0x2968, 0x2968, 0x2967, 0x2968,
	0x2968, 0x2968, 0x2967, 0x2968, 0x2968, 0x2968, 0x2967, 0x2968, 0x2968, 0x2968, 0x2967, 0x2967,
	0x2126, 0x2126, 0x2126, 0x2947, 0x2967, 0x2967, 0x2967, 0x2967, 0x2947, 0x2946, 0x2967, 0x3188,
	0x39C9, 0x3A0A, 0x422B, 0x1083, 0x0000, 0x0000, 0x0000, 0x0000, 0x0000, 0x0000, 0x0000, 0x0000,
	0x0000, 0x0000, 0x0000, 0x0000, 0x0000, 0x0000, 0x0000, 0x0000, 0x0000, 0x0000, 0x0000, 0x0000,
	0x0000, 0x0020, 0x0041, 0x0000, 0x0000, 0x0000, 0x0000, 0x0000, 0x0000, 0x0000, 0x0000, 0x0000,
	0x0000, 0x0000, 0x0000, 0x0000, 0x0000, 0x0000, 0x0000, 0x0000, 0x0000, 0x0000, 0x0000, 0x0000,
	0x0000, 0x0000, 0x0862, 0x18C4, 0x2947, 0x3188, 0x2968, 0x2967, 0x2967, 0x2967, 0x2967, 0x2967,
	0x2967, 0x2967, 0x2968, 0x2967, 0x2967, 0x2968, 0x2967, 0x2967, 0x2968, 0x2968, 0x2968, 0x2968,
	0x2967, 0x2967, 0x2967, 0x2968, 0x2968, 0x2967, 0x2967, 0x2968, 0x2967, 0x2967, 0x2968, 0x2967,
	0x2967, 0x2967, 0x2967, 0x2968, 0x2967, 0x2967, 0x2968, 0x2968, 0x2967, 0x2968, 0x2968, 0x2968,
	0x2968, 0x2968, 0x2968, 0x2968, 0x2968, 0x2968, 0x2968, 0x2968, 0x2968, 0x2968, 0x2968, 0x2968,
	0x2968, 0x2988, 0x2968, 0x2968, 0x2988, 0x2967, 0x2947, 0x2946, 0x2967, 0x2967, 0x2967, 0x2967,
	0x2967, 0x2967, 0x2967, 0x2967, 0x2968, 0x2967, 0x2967, 0x2967, 0x2967, 0x2967, 0x2988, 0x0862,
	0x0000, 0x0000, 0x0000, 0x0000, 0x0000, 0x0000, 0x0000, 0x0000, 0x0000, 0x0000, 0x0000, 0x0000,
	0x0000, 0x0000, 0x0000, 0x0000, 0x0000, 0x0020, 0x0020, 0x0020, 0x0020, 0x0841, 0x1082, 0x0020,
	0x0020, 0x0020, 0x0020, 0x0000, 0x0000, 0x0000, 0x0000, 0x0000, 0x0000, 0x0000, 0x0000, 0x0000,
	0x0000, 0x0000, 0x0000, 0x0000, 0x0000, 0x0000, 0x0000, 0x0000, 0x0000, 0x0000, 0x0000, 0x0000,
	0x0020, 0x10A3, 0x2105, 0x2968, 0x2988, 0x3188, 0x2967, 0x2967, 0x2967, 0x2967, 0x2968, 0x2967,
	0x2967, 0x2968, 0x2967, 0x2967, 0x2968, 0x2968, 0x2988, 0x2988, 0x2968, 0x2968, 0x2967, 0x2968,
	0x2968, 0x2967, 0x2967, 0x2968, 0x2968, 0x2968, 0x2988, 0x2988, 0x2988, 0x2968, 0x2968, 0x2968,
	0x2968, 0x2968, 0x2968, 0x2967, 0x2968, 0x2968, 0x2968, 0x2968, 0x2968, 0x2968, 0x2968, 0x2968,
	0x2988, 0x2988, 0x2968, 0x2968, 0x2967, 0x2968, 0x2968, 0x2968, 0x2988, 0x2968, 0x2988, 0x2988,
	0x2988, 0x2946, 0x2967, 0x3188, 0x2988, 0x2988, 0x2988, 0x2967, 0x2967, 0x2967, 0x2967, 0x2967,
	0x2967, 0x2967, 0x2967, 0x2967, 0x2967, 0x2967, 0x2967, 0x3188, 0x1905, 0x0000, 0x0000, 0x0000,
	0x0000, 0x0000, 0x0000, 0x0000, 0x0000, 0x0000, 0x0000, 0x0000, 0x0000, 0x0000, 0x0000, 0x0000,
	0x0000, 0x0020, 0x0020, 0x0020, 0x0020, 0x0841, 0x0882, 0x0020, 0x0020, 0x0020, 0x0020, 0x0000,
	0x0000, 0x0000, 0x0000, 0x0000, 0x0000, 0x0000, 0x0000, 0x0000, 0x0000, 0x0000, 0x0000, 0x0000,
	0x0000, 0x0000, 0x0000, 0x0000, 0x0000, 0x0000, 0x0000, 0x0000, 0x0000, 0x0000, 0x0000, 0x0862,
	0x2105, 0x18C4, 0x2967, 0x2988, 0x2967, 0x2967, 0x2968, 0x2967, 0x2967, 0x2968, 0x2967, 0x2967,
	0x2968, 0x2968, 0x2988, 0x2988, 0x2968, 0x2968, 0x2967, 0x2988, 0x2988, 0x2968, 0x2968, 0x2968,
	0x2968, 0x2968, 0x2988, 0x2968, 0x2988, 0x2988, 0x2968, 0x2988, 0x2968, 0x2968, 0x2968, 0x2968,
	0x2968, 0x2968, 0x2968, 0x2968, 0x2968, 0x2968, 0x2988, 0x2988, 0x2968, 0x2968, 0x2968, 0x2968,
	0x2988, 0x2988, 0x2988, 0x2968, 0x2988, 0x2988, 0x2988, 0x2988, 0x2988, 0x2967, 0x2947, 0x2967,
	0x2988, 0x2968, 0x2988, 0x2988, 0x2968, 0x2967, 0x2967, 0x2968, 0x2967, 0x2967, 0x2967, 0x2967,
	0x2967, 0x2967, 0x2967, 0x2967, 0x3188, 0x2105, 0x0000, 0x0000, 0x0000, 0x0000, 0x0000, 0x0000,
	0x0000, 0x0000, 0x0000, 0x0000, 0x0000, 0x0000, 0x0000, 0x0000, 0x0000, 0x0020, 0x0020, 0x0020,
	0x0020, 0x0841, 0x0882, 0x0020, 0x0020, 0x0020, 0x0020, 0x0000, 0x0000, 0x0000, 0x0000, 0x0000,
	0x0000, 0x0000, 0x0000, 0x0000, 0x0000, 0x0000, 0x0000, 0x0000, 0x0000, 0x0000, 0x0000, 0x0000,
	0x0000, 0x0000, 0x0000, 0x0000, 0x0000, 0x0000, 0x0000, 0x0000, 0x0000, 0x0000, 0x0862, 0x2967,
	0x2988, 0x3188, 0x2967, 0x2967, 0x2967, 0x2968, 0x2967, 0x2967, 0x2968, 0x2968, 0x2988, 0x2988,
	0x2968, 0x2967, 0x2967, 0x2988, 0x2988, 0x2968, 0x2968, 0x2968, 0x2968, 0x2988, 0x2968, 0x2968,
	0x2988, 0x2968, 0x2988, 0x2988, 0x2988, 0x2988, 0x2968, 0x2988, 0x2988, 0x2968, 0x2968, 0x2988,
	0x2968, 0x2988, 0x2988, 0x2968, 0x2968, 0x2968, 0x2968, 0x2968, 0x2988, 0x2988, 0x2988, 0x2988,
	0x2968, 0x2988, 0x2968, 0x2988, 0x2988, 0x2988, 0x2968, 0x2946, 0x2947, 0x2988, 0x2988, 0x2968,
	0x2988, 0x2988, 0x2967, 0x2967, 0x2967, 0x2967, 0x2967, 0x2967, 0x2967, 0x2967, 0x2967, 0x2967,
	0x2967, 0x3188, 0x2105, 0x0000, 0x0000, 0x0000, 0x0000, 0x0000, 0x0000, 0x0000, 0x0000, 0x0000,
	0x0000, 0x0000, 0x0000, 0x0000, 0x0000, 0x0020, 0x0020, 0x0020, 0x0020, 0x0841, 0x0862, 0x0020,
	0x0020, 0x0020, 0x0020, 0x0000, 0x0000, 0x0000, 0x0000, 0x0000, 0x0000, 0x0000, 0x0000, 0x0000,
	0x0000, 0x0000, 0x0000, 0x0000, 0x0000, 0x0000, 0x0000, 0x0000, 0x0000, 0x0000, 0x0000, 0x0000,
	0x0000, 0x0000, 0x0000, 0x0000, 0x0000, 0x0000, 0x0000, 0x0000, 0x0862, 0x2106, 0x3188, 0x3188,
	0x2967, 0x2967, 0x2967, 0x2967, 0x2968, 0x2968, 0x2988, 0x2988, 0x2968, 0x2967, 0x2967, 0x2988,
	0x2988, 0x2968, 0x2988, 0x2988, 0x2988, 0x2988, 0x2968, 0x2988, 0x2968, 0x2988, 0x2988, 0x2988,
	0x2988, 0x2988, 0x2988, 0x2988, 0x2968, 0x2968, 0x2968, 0x2968, 0x2968, 0x2988, 0x2988, 0x2988,
	0x2968, 0x2988, 0x2988, 0x2968, 0x2988, 0x2988, 0x2968, 0x2988, 0x2968, 0x2968, 0x2988, 0x2988,
	0x2988, 0x2988, 0x2988, 0x3188, 0x2947, 0x2946, 0x2968, 0x3188, 0x2968, 0x2988, 0x2988, 0x2967,
	0x2967, 0x2967, 0x2967, 0x2967, 0x2967, 0x2967, 0x2967, 0x2967, 0x2967, 0x2967, 0x2988, 0x1905,
	0x0000, 0x0000, 0x0000, 0x0000, 0x0000, 0x0000, 0x0000, 0x0000, 0x0000, 0x0000, 0x0000, 0x0000,
	0x0000, 0x0841, 0x0841, 0x0841, 0x0841, 0x0861, 0x10A3, 0x0841, 0x0841, 0x0841, 0x0841, 0x0020,
	0x0000, 0x0000, 0x0000, 0x0000, 0x0000, 0x0000, 0x0000, 0x0000, 0x0000, 0x0000, 0x0000, 0x0000,
	0x0000, 0x0000, 0x0000, 0x0000, 0x0000, 0x0000, 0x0000, 0x0000, 0x0000, 0x0000, 0x0000, 0x0000,
	0x0000, 0x0000, 0x0000, 0x0000, 0x0000, 0x0000, 0x0862, 0x18C4, 0x2946, 0x3188, 0x2988, 0x2967,
	0x2968, 0x2968, 0x2988, 0x2988, 0x2968, 0x2967, 0x2967, 0x2988, 0x2988, 0x2968, 0x2988, 0x2988,
	0x3188, 0x2988, 0x2988, 0x2988, 0x2968, 0x2988, 0x2988, 0x2988, 0x2988, 0x2988, 0x2988, 0x2988,
	0x2988, 0x2988, 0x2988, 0x2988, 0x2988, 0x2968, 0x2968, 0x2988, 0x2988, 0x2988, 0x2988, 0x2988,
	0x2988, 0x2988, 0x2968, 0x2968, 0x3188, 0x2988, 0x2988, 0x2988, 0x2988, 0x2988, 0x2988, 0x2988,
	0x2988, 0x2967, 0x2947, 0x2967, 0x2988, 0x2988, 0x2988, 0x2988, 0x2968, 0x2967, 0x2967, 0x2967,
	0x2967, 0x2967, 0x2968, 0x2968, 0x2967, 0x2967, 0x2947, 0x3188, 0x2126, 0x0862, 0x0000, 0x0000,
	0x0000, 0x0000, 0x0000, 0x0000, 0x0000, 0x0000, 0x0000, 0x0000, 0x0000, 0x2967, 0x2987, 0x2967,
	0x2987, 0x2987, 0x2987, 0x2987, 0x2987, 0x2967, 0x31A8, 0x10C4, 0x0000, 0x0000, 0x0000, 0x0000,
	0x0000, 0x0000, 0x0000, 0x0000, 0x0000, 0x0000, 0x0000, 0x0000, 0x0000, 0x0000, 0x0000, 0x0000,
	0x0000, 0x0000, 0x0000, 0x0000, 0x0000, 0x0000, 0x0000, 0x0841, 0x0841, 0x0841, 0x0841, 0x0841,
	0x0841, 0x0841, 0x0021, 0x0021, 0x0862, 0x1905, 0x2126, 0x2967, 0x2968, 0x2968, 0x3188, 0x2988,
	0x2968, 0x2967, 0x2967, 0x2988, 0x2988, 0x2968, 0x2988, 0x2988, 0x3188, 0x2988, 0x2988, 0x2988,
	0x2968, 0x2988, 0x2988, 0x2988, 0x2988, 0x2988, 0x2988, 0x2988, 0x3188, 0x2988, 0x2988, 0x2988,
	0x2988, 0x2968, 0x2988, 0x2988, 0x2988, 0x2968, 0x2988, 0x2988, 0x2988, 0x2988, 0x2988, 0x2988,
	0x2988, 0x2988, 0x2988, 0x2988, 0x2988, 0x2988, 0x2988, 0x2988, 0x2988, 0x3188, 0x2968, 0x2946,
	0x2967, 0x2988, 0x2988, 0x2988, 0x2988, 0x2968, 0x2968, 0x2968, 0x2967, 0x2968, 0x2968, 0x2967,
	0x2967, 0x2967, 0x2968, 0x2967, 0x3188, 0x3188, 0x0862, 0x0000, 0x0000, 0x0000, 0x0000, 0x0000,
	0x0000, 0x0000, 0x0000, 0x0000, 0x0000, 0x2947, 0x2968, 0x2967, 0x2967, 0x2967, 0x2967, 0x2967,
	0x2967, 0x2967, 0x3188, 0x10A3, 0x0000, 0x0000, 0x0000, 0x0000, 0x0000, 0x0000, 0x0000, 0x0000,
	0x0000, 0x0000, 0x0000, 0x0000, 0x0000, 0x0000, 0x0000, 0x0000, 0x0000, 0x0000, 0x0000, 0x0000,
	0x0841, 0x0862, 0x1083, 0x1083, 0x1083, 0x1083, 0x1083, 0x1083, 0x1083, 0x10A3, 0x10A3, 0x10A3,
	0x1083, 0x0883, 0x1083, 0x2105, 0x2947, 0x2947, 0x2967, 0x2967, 0x2967, 0x2967, 0x2967, 0x2988,
	0x2988, 0x2968, 0x2988, 0x2988, 0x3188, 0x2988, 0x2988, 0x2988, 0x2988, 0x2988, 0x2988, 0x3188,
	0x2988, 0x2988, 0x2988, 0x2988, 0x3188, 0x2988, 0x2988, 0x3188, 0x3188, 0x2988, 0x2988, 0x2988,
	0x2988, 0x2968, 0x2988, 0x2988, 0x2988, 0x2988, 0x2988, 0x2988, 0x2988, 0x2988, 0x2988, 0x2988,
	0x2988, 0x2988, 0x2988, 0x2988, 0x2988, 0x2988, 0x2988, 0x3188, 0x2967, 0x2946, 0x2968, 0x3188,
	0x2988, 0x2988, 0x2988, 0x2968, 0x2967, 0x2967, 0x2968, 0x2967, 0x2967, 0x2967, 0x2968, 0x2968,
	0x2967, 0x2988, 0x3188, 0x0862, 0x0000, 0x0000, 0x0000, 0x0000, 0x0000, 0x0000, 0x0000, 0x0000,
	0x0000, 0x10A3, 0x10A3, 0x10A3, 0x10A3, 0x10A3, 0x10A3, 0x10A3, 0x10A3, 0x10A3, 0x10A3, 0x0841,
	0x0000, 0x0000, 0x0000, 0x0000, 0x0000, 0x0000, 0x0000, 0x0000, 0x0000, 0x0000, 0x0000, 0x0000,
	0x0000, 0x0000, 0x0000, 0x0000, 0x0000, 0x0841, 0x0862, 0x1083, 0x1083, 0x1083, 0x1083, 0x1083,
	0x1083, 0x1083, 0x1083, 0x1083, 0x1083, 0x1083, 0x1083, 0x1083, 0x1083, 0x1083, 0x1083, 0x2105,
	0x2947, 0x2126, 0x2126, 0x2146, 0x2147, 0x2947, 0x2947, 0x2967, 0x2967, 0x2967, 0x2988, 0x2988,
	0x3188, 0x2988, 0x2988, 0x2988, 0x2988, 0x2988, 0x3188, 0x3188, 0x2988, 0x2988, 0x2988, 0x2988,
	0x2988, 0x2988, 0x3188, 0x2988, 0x2988, 0x2988, 0x2988, 0x2988, 0x2988, 0x2988, 0x2988, 0x2988,
	0x2988, 0x2988, 0x2988, 0x2988, 0x2988, 0x2988, 0x2988, 0x2988, 0x2988, 0x2988, 0x2988, 0x3188,
	0x2988, 0x2988, 0x2988, 0x3188, 0x3188, 0x2967, 0x2947, 0x2967, 0x2988, 0x2968, 0x2988, 0x2988,
	0x2968, 0x2968, 0x2967, 0x2946, 0x2967, 0x2968, 0x2968, 0x2968, 0x2968, 0x2967, 0x2988, 0x3188,
	0x0862, 0x0000, 0x0000, 0x0000, 0x0000, 0x0000, 0x0000, 0x0000, 0x0000, 0x0000, 0x0000, 0x0000,
	0x0000, 0x0000, 0x0000, 0x0000, 0x0000, 0x0000, 0x0000, 0x0000, 0x0000, 0x0000, 0x0000, 0x0000,
	0x0000, 0x0000, 0x0000, 0x0000, 0x0000, 0x0000, 0x0000, 0x0000, 0x0000, 0x0000, 0x0841, 0x0862,
	0x1083, 0x1083, 0x1083, 0x1083, 0x1083, 0x1083, 0x1083, 0x1083, 0x1083, 0x1083, 0x1083, 0x1083,
	0x1083, 0x1083, 0x1083, 0x1083, 0x1083, 0x1083, 0x1083, 0x2105, 0x2947, 0x2126, 0x2146, 0x2146,
	0x2146, 0x2947, 0x2946, 0x2146, 0x2947, 0x2147, 0x2947, 0x2967, 0x2968, 0x2988, 0x2988, 0x2988,
	0x2988, 0x2988, 0x3188, 0x3188, 0x2988, 0x2988, 0x2988, 0x2988, 0x2988, 0x2988, 0x3188, 0x2988,
	0x2988, 0x2988, 0x2988, 0x2988, 0x2988, 0x2988, 0x2988, 0x2988, 0x2988, 0x2988, 0x2988, 0x2988,
	0x2988, 0x2988, 0x2988, 0x2988, 0x2988, 0x2988, 0x2988, 0x2988, 0x3188, 0x2988, 0x2988, 0x2988,
	0x2988, 0x3188, 0x2968, 0x2946, 0x2967, 0x3188, 0x3188, 0x2968, 0x3188, 0x2967, 0x2146, 0x2967,
	0x2968, 0x2968, 0x2968, 0x2968, 0x2968, 0x2968, 0x2967, 0x2988, 0x2968, 0x10C4, 0x0000, 0x0000,
	0x0000, 0x0000, 0x0000, 0x0000, 0x0000, 0x0000, 0x0000, 0x0000, 0x0000, 0x0000, 0x0000, 0x0000,
	0x0000, 0x0000, 0x0000, 0x0000, 0x0000, 0x0000, 0x0000, 0x0000, 0x0000, 0x0000, 0x0000, 0x0000,
	0x0000, 0x0000, 0x0000, 0x0841, 0x0862, 0x1083, 0x1083, 0x1083, 0x1083, 0x1083, 0x1083, 0x1083,
	0x1083, 0x1083, 0x1083, 0x1083, 0x1083, 0x1083, 0x1083, 0x1083, 0x1083, 0x1083, 0x1083, 0x1083,
	0x1083, 0x1083, 0x1083, 0x2105, 0x2947, 0x2126, 0x2146, 0x2146, 0x2146, 0x2947, 0x2947, 0x2146,
	0x2947, 0x2147, 0x2947, 0x2947, 0x2947, 0x2947, 0x2967, 0x2967, 0x2988, 0x2988, 0x3188, 0x3188,
	0x2988, 0x2988, 0x2988, 0x2988, 0x2988, 0x2988, 0x2988, 0x3188, 0x2988, 0x2988, 0x2988, 0x2988,
	0x2988, 0x3188, 0x2988, 0x2988, 0x2988, 0x2988, 0x2988, 0x2988, 0x2988, 0x2988, 0x2988, 0x2988,
	0x2988, 0x2988, 0x2988, 0x2988, 0x2988, 0x2988, 0x3188, 0x2988, 0x2988, 0x2988, 0x3188, 0x3188,
	0x2947, 0x2947, 0x2968, 0x3188, 0x2968, 0x2947, 0x2968, 0x2988, 0x2967, 0x2968, 0x2968, 0x2968,
	0x2968, 0x2968, 0x2968, 0x2968, 0x2968, 0x31A8, 0x2105, 0x0000, 0x0000, 0x0000, 0x0000, 0x0000,
	0x0000, 0x0000, 0x0000, 0x0000, 0x0000, 0x0000, 0x0000, 0x0000, 0x0000, 0x0000, 0x0000, 0x0000,
	0x0000, 0x0000, 0x0000, 0x0000, 0x0000, 0x0000, 0x0000, 0x0020, 0x0841, 0x0862, 0x1083, 0x1083,
	0x1083, 0x1083, 0x1083, 0x1083, 0x1083, 0x1083, 0x1083, 0x1083, 0x1083, 0x1083, 0x1083, 0x1083,
	0x1083, 0x1083, 0x1083, 0x1083, 0x1083, 0x1083, 0x1083, 0x1083, 0x1083, 0x1083, 0x1083, 0x2105,
	0x2947, 0x2126, 0x2146, 0x2146, 0x2146, 0x2947, 0x2947, 0x2146, 0x2947, 0x2147, 0x2947, 0x2947,
	0x2947, 0x2947, 0x2947, 0x2947, 0x2967, 0x2967, 0x2988, 0x3188, 0x2988, 0x2988, 0x2988, 0x2988,
	0x2988, 0x2988, 0x2988, 0x2988, 0x2988, 0x3188, 0x2988, 0x2988, 0x3188, 0x3188, 0x3188, 0x2988,
	0x3188, 0x2988, 0x2988, 0x2988, 0x2988, 0x2988, 0x2988, 0x2988, 0x2988, 0x2988, 0x2988, 0x2988,
	0x2988, 0x2988, 0x3188, 0x2988, 0x2988, 0x2988, 0x2968, 0x2988, 0x3188, 0x2967, 0x2947, 0x2967,
	0x2947, 0x2968, 0x3188, 0x2988, 0x2968, 0x2967, 0x2968, 0x2968, 0x2968, 0x2968, 0x2968, 0x2968,
	0x2968, 0x2967, 0x3188, 0x2105, 0x0000, 0x0000, 0x0000, 0x0000, 0x0000, 0x0000, 0x0000, 0x0000,
	0x0000, 0x0000, 0x0000, 0x0000, 0x0000, 0x0000, 0x0000, 0x0000, 0x0000, 0x0000, 0x0000, 0x0000,
	0x0020, 0x0841, 0x0862, 0x1083, 0x1083, 0x1083, 0x1083, 0x1083, 0x1083, 0x1083, 0x1083, 0x1083,
	0x1083, 0x1083, 0x1083, 0x1083, 0x1083, 0x1083, 0x1083, 0x1083, 0x1083, 0x1083, 0x1083, 0x1083,
	0x1083, 0x1083, 0x1083, 0x1083, 0x1083, 0x1083, 0x1083, 0x2105, 0x2947, 0x2126, 0x2146, 0x2146,
	0x2146, 0x2947, 0x2947, 0x2146, 0x2947, 0x2147, 0x2947, 0x2947, 0x2947, 0x2947, 0x2947, 0x2947,
	0x2946, 0x2947, 0x2947, 0x2967, 0x2967, 0x2968, 0x2988, 0x2988, 0x2988, 0x2988, 0x2988, 0x2988,
	0x2988, 0x3188, 0x2988, 0x2988, 0x3188, 0x2988, 0x2988, 0x3188, 0x3188, 0x2988, 0x2988, 0x2988,
	0x3188, 0x2988, 0x2988, 0x2988, 0x2988, 0x2988, 0x3188, 0x2988, 0x2988, 0x2988, 0x3188, 0x2988,
	0x2988, 0x2988, 0x2988, 0x2988, 0x2988, 0x3188, 0x2968, 0x2946, 0x2947, 0x3188, 0x3188, 0x2988,
	0x2988, 0x2988, 0x2967, 0x2968, 0x2968, 0x2968, 0x2968, 0x2968, 0x2968, 0x2968, 0x2967, 0x3188,
	0x2105, 0x0000, 0x0000, 0x0000, 0x0000, 0x0000, 0x0000, 0x0000, 0x0000, 0x0000, 0x0000, 0x0000,
	0x0000, 0x0000, 0x0000, 0x0000, 0x0000, 0x0000, 0x0021, 0x0842, 0x0862, 0x0883, 0x0862, 0x0883,
	0x1083, 0x1083, 0x1083, 0x1083, 0x1083, 0x1083, 0x1083, 0x1083, 0x1083, 0x1083, 0x1083, 0x1083,
	0x1083, 0x1083, 0x1083, 0x1083, 0x1083, 0x1083, 0x1083, 0x1083, 0x1083, 0x1083, 0x1083, 0x1083,
	0x1083, 0x1083, 0x1083, 0x2105, 0x2947, 0x2126, 0x2146, 0x2146, 0x2146, 0x2947, 0x2947, 0x2146,
	0x2947, 0x2147, 0x2947, 0x2947, 0x2947, 0x2947, 0x2947, 0x2947, 0x2947, 0x2947, 0x2146, 0x2146,
	0x2146, 0x2947, 0x2967, 0x2967, 0x2988, 0x3188, 0x2988, 0x2988, 0x2988, 0x3188, 0x2988, 0x2988,
	0x3188, 0x3188, 0x3188, 0x3188, 0x3188, 0x3188, 0x2988, 0x3188, 0x2988, 0x2988, 0x2988, 0x2988,
	0x2988, 0x3188, 0x3188, 0x3188, 0x2988, 0x2988, 0x2988, 0x2988, 0x2988, 0x3188, 0x3188, 0x2988,
	0x2988, 0x2988, 0x2988, 0x3188, 0x2967, 0x2946, 0x2968, 0x3188, 0x2968, 0x2968, 0x2988, 0x2968,
	0x2968, 0x2968, 0x2968, 0x2968, 0x2968, 0x2968, 0x2968, 0x2967, 0x3188, 0x2126, 0x0862, 0x0000,
	0x0000, 0x0000, 0x0000, 0x0000, 0x0000, 0x0000, 0x0000, 0x0000, 0x0000, 0x0000, 0x0000, 0x0021,
	0x0842, 0x0862, 0x0862, 0x0862, 0x0862, 0x0862, 0x0862, 0x0883, 0x1083, 0x1083, 0x1083, 0x1083,
	0x1083, 0x1083, 0x1083, 0x1083, 0x1083, 0x1083, 0x1083, 0x1083, 0x1083, 0x1083, 0x1083, 0x1083,
	0x1083, 0x1083, 0x1083, 0x1083, 0x1083, 0x1083, 0x1083, 0x1083, 0x1083, 0x1083, 0x1083, 0x2105,
	0x2947, 0x2126, 0x2146, 0x2146, 0x2146, 0x2947, 0x2947, 0x2146, 0x2947, 0x2147, 0x2947, 0x2147,
	0x2146, 0x2947, 0x2947, 0x2947, 0x2947, 0x2947, 0x2146, 0x2146, 0x2146, 0x2947, 0x2946, 0x2146,
	0x2947, 0x2967, 0x2988, 0x2988, 0x2988, 0x3188, 0x2988, 0x2988, 0x3188, 0x3188, 0x3188, 0x3188,
	0x3188, 0x3188, 0x2988, 0x2988, 0x3188, 0x3188, 0x2988, 0x2988, 0x3188, 0x2988, 0x2988, 0x3188,
	0x2988, 0x2988, 0x2988, 0x3188, 0x2988, 0x2988, 0x2988, 0x2988, 0x2988, 0x2988, 0x2988, 0x3188,
	0x3188, 0x2967, 0x2947, 0x2967, 0x3188, 0x2988, 0x2988, 0x2988, 0x2988, 0x2968, 0x2968, 0x2968,
	0x2968, 0x2968, 0x2968, 0x2968, 0x2967, 0x3188, 0x2967, 0x0862, 0x0000, 0x0000, 0x0000, 0x0000,
	0x0000, 0x0000, 0x0000, 0x0000, 0x0021, 0x0841, 0x0842, 0x0862, 0x0862, 0x0862, 0x0842, 0x0862,
	0x0862, 0x0862, 0x0862, 0x0883, 0x1083, 0x1083, 0x1083, 0x1083, 0x1083, 0x1083, 0x1083, 0x1083,
	0x1083, 0x1083, 0x1083, 0x1083, 0x1083, 0x1083, 0x1083, 0x1083, 0x1083, 0x1083, 0x1083, 0x1083,
	0x1083, 0x1083, 0x1083, 0x1083, 0x1083, 0x1083, 0x1083, 0x2105, 0x2146, 0x2126, 0x2126, 0x2126,
	0x2126, 0x2146, 0x2146, 0x2146, 0x2146, 0x2947, 0x2146, 0x2146, 0x2146, 0x2947, 0x2947, 0x2946,
	0x2947, 0x2947, 0x2146, 0x2146, 0x2146, 0x2947, 0x2947, 0x2146, 0x2146, 0x2146, 0x2126, 0x2947,
	0x2967, 0x3188, 0x3188, 0x3188, 0x3188, 0x3188, 0x3188, 0x3188, 0x3188, 0x3188, 0x3188, 0x2988,
	0x2988, 0x2988, 0x3188, 0x3188, 0x2988, 0x2988, 0x2988, 0x2988, 0x2988, 0x2988, 0x2988, 0x3188,
	0x2988, 0x2988, 0x2988, 0x2988, 0x2988, 0x2988, 0x2988, 0x2988, 0x3188, 0x3188, 0x2968, 0x2947,
	0x2967, 0x3188, 0x2988, 0x2988, 0x3188, 0x2988, 0x2968, 0x2968, 0x2988, 0x2968, 0x2968, 0x2968,
	0x2968, 0x2967, 0x2967, 0x2967, 0x0000, 0x0000, 0x0000, 0x0000, 0x0000, 0x0000, 0x0841, 0x0841,
	0x0842, 0x0842, 0x0842, 0x0842, 0x0862, 0x0862, 0x0842, 0x0862, 0x0862, 0x0862, 0x0862, 0x0883,
	0x1083, 0x1083, 0x1083, 0x1083, 0x1083, 0x1083, 0x1083, 0x1083, 0x1083, 0x1083, 0x1083, 0x1083,
	0x1083, 0x1083, 0x1083, 0x1083, 0x1083, 0x1083, 0x1083, 0x1083, 0x1083, 0x1083, 0x1083, 0x1083,
	0x1083, 0x1083, 0x1083, 0x2105, 0x2146, 0x2126, 0x2146, 0x2126, 0x2126, 0x2126, 0x2146, 0x2126,
	0x2126, 0x2126, 0x2126, 0x2126, 0x2146, 0x2146, 0x2146, 0x2146, 0x2947, 0x2947, 0x2146, 0x2146,
	0x2146, 0x2947, 0x2947, 0x2146, 0x2146, 0x2146, 0x2126, 0x2126, 0x2126, 0x2147, 0x2947, 0x2967,
	0x3188, 0x3188, 0x3188, 0x3188, 0x3188, 0x3188, 0x3188, 0x3188, 0x2988, 0x2988, 0x3188, 0x3188,
	0x2988, 0x3188, 0x2988, 0x3188, 0x2988, 0x2988, 0x2988, 0x2988, 0x3188, 0x3188, 0x2988, 0x2988,
	0x3188, 0x3188, 0x2988, 0x3188, 0x2988, 0x2988, 0x2988, 0x3188, 0x2967, 0x2947, 0x2968, 0x2988,
	0x2988, 0x2988, 0x2988, 0x2968, 0x2988, 0x2968, 0x2968, 0x2968, 0x2968, 0x2967, 0x2967, 0x2967,
	0x0000, 0x0000, 0x0000, 0x0000, 0x0000, 0x0841, 0x0841, 0x0841, 0x0841, 0x0842, 0x0842, 0x0842,
	0x0862, 0x0862, 0x0842, 0x0862, 0x0862, 0x0862, 0x0862, 0x0883, 0x1083, 0x1083, 0x1083, 0x1083,
	0x1083, 0x1083, 0x1083, 0x1083, 0x1083, 0x1083, 0x1083, 0x1083, 0x1083, 0x1083, 0x1083, 0x1083,
	0x1083, 0x1083, 0x1083, 0x1083, 0x1083, 0x1083, 0x1083, 0x1083, 0x1083, 0x1083, 0x1083, 0x2105,
	0x2146, 0x2126, 0x2146, 0x2126, 0x2126, 0x2126, 0x2126, 0x2126, 0x2126, 0x2126, 0x2126, 0x2126,
	0x2126, 0x2126, 0x2126, 0x2126, 0x2946, 0x2947, 0x2947, 0x2146, 0x2146, 0x2947, 0x2947, 0x2146,
	0x2146, 0x2146, 0x2126, 0x2126, 0x2126, 0x2146, 0x2126, 0x2105, 0x2126, 0x2967, 0x2988, 0x3188,
	0x3188, 0x3188, 0x3188, 0x3188, 0x2988, 0x2988, 0x3188, 0x3188, 0x3188, 0x2988, 0x2988, 0x3188,
	0x2988, 0x2988, 0x3188, 0x3188, 0x3188, 0x2988, 0x2988, 0x2988, 0x3188, 0x2988, 0x2988, 0x2988,
	0x2988, 0x2988, 0x2988, 0x2988, 0x3188, 0x2967, 0x2947, 0x2967, 0x3188, 0x2988, 0x2988, 0x2988,
	0x2968, 0x2968, 0x2968, 0x2968, 0x2968, 0x2967, 0x2967, 0x2967, 0x0000, 0x0000, 0x0000, 0x0000,
	0x0841, 0x0841, 0x0841, 0x0841, 0x0841, 0x0842, 0x0842, 0x0842, 0x0862, 0x0862, 0x0842, 0x0842,
	0x0862, 0x0862, 0x0862, 0x1083, 0x1083, 0x1083, 0x1083, 0x1083, 0x1083, 0x1083, 0x1083, 0x1083,
	0x1083, 0x1083, 0x1083, 0x1083, 0x1083, 0x1083, 0x1083, 0x1083, 0x1083, 0x1083, 0x1083, 0x1083,
	0x1083, 0x1083, 0x1083, 0x1083, 0x1083, 0x1083, 0x1083, 0x2105, 0x2146, 0x2126, 0x2126, 0x2126,
	0x2126, 0x2126, 0x2126, 0x2126, 0x2126, 0x2126, 0x2126, 0x2126, 0x2126, 0x2126, 0x2126, 0x2126,
	0x2126, 0x2126, 0x2947, 0x2146, 0x2126, 0x2146, 0x2146, 0x2146, 0x2146, 0x2146, 0x2126, 0x2126,
	0x2126, 0x2146, 0x2126, 0x2105, 0x2105, 0x2126, 0x2126, 0x2947, 0x2967, 0x3188, 0x3188, 0x3188,
	0x2988, 0x2988, 0x3188, 0x3188, 0x3188, 0x2968, 0x2988, 0x3188, 0x3188, 0x3188, 0x3188, 0x2988,
	0x2988, 0x2988, 0x2988, 0x3188, 0x2988, 0x3188, 0x2988, 0x2988, 0x3188, 0x2988, 0x2988, 0x2988,
	0x2988, 0x3188, 0x2968, 0x2947, 0x2967, 0x3188, 0x2988, 0x2988, 0x2988, 0x2988, 0x2968, 0x2968,
	0x2967, 0x2967, 0x2967, 0x2968, 0x0000, 0x0000, 0x0000, 0x0841, 0x0841, 0x0841, 0x0841, 0x0841,
	0x0841, 0x0842, 0x0842, 0x0842, 0x0862, 0x0862, 0x0841, 0x0841, 0x0862, 0x0862, 0x0862, 0x1083,
	0x0883, 0x0883, 0x1083, 0x1083, 0x1083, 0x1083, 0x1083, 0x1083, 0x1083, 0x1083, 0x1083, 0x1083,
	0x1083, 0x1083, 0x1083, 0x1083, 0x1083, 0x1083, 0x1083, 0x1083, 0x1083, 0x1083, 0x1083, 0x1083,
	0x1083, 0x1083, 0x1083, 0x2105, 0x2146, 0x2126, 0x2126, 0x2126, 0x2126, 0x2126, 0x2126, 0x2126,
	0x2126, 0x2126, 0x2126, 0x2126, 0x2126, 0x2126, 0x2126, 0x2126, 0x2126, 0x2126, 0x2126, 0x2146,
	0x2126, 0x2126, 0x2146, 0x2146, 0x2126, 0x2126, 0x2126, 0x2126, 0x2126, 0x2146, 0x2106, 0x18E5,
	0x2126, 0x2126, 0x2126, 0x2126, 0x2126, 0x2146, 0x2947, 0x2968, 0x2988, 0x3188, 0x3188, 0x3188,
	0x3188, 0x2968, 0x2988, 0x3188, 0x3188, 0x2988, 0x2988, 0x3188, 0x3188, 0x2988, 0x2988, 0x3188,
	0x2988, 0x3188, 0x2988, 0x2988, 0x2988, 0x3188, 0x2988, 0x3188, 0x2988, 0x3188, 0x3188, 0x3188,
	0x2947, 0x2947, 0x2968, 0x3188, 0x2988, 0x3188, 0x2988, 0x2988, 0x2947, 0x2967, 0x2968, 0x2968,
	0x0000, 0x0000, 0x0841, 0x0841, 0x0841, 0x0841, 0x0841, 0x0841, 0x0841, 0x0842, 0x0842, 0x0842,
	0x0862, 0x0862, 0x0841, 0x0841, 0x0862, 0x0862, 0x0862, 0x0883, 0x1083, 0x0883, 0x1083, 0x1083,
	0x1083, 0x1083, 0x1083, 0x1083, 0x1083, 0x1083, 0x1083, 0x1083, 0x1083, 0x1083, 0x1083, 0x1083,
	0x1083, 0x1083, 0x1083, 0x1083, 0x1083, 0x1083, 0x1083, 0x1083, 0x1083, 0x1083, 0x1083, 0x2105,
	0x2146, 0x2126, 0x2126, 0x2126, 0x2126, 0x2126, 0x2126, 0x2126, 0x2106, 0x2106, 0x2106, 0x2126,
	0x2106, 0x2106, 0x2106, 0x2106, 0x2106, 0x2126, 0x2126, 0x2126, 0x2126, 0x2126, 0x2126, 0x2126,
	0x2126, 0x2126, 0x2146, 0x2146, 0x2126, 0x2947, 0x2105, 0x18E5, 0x2126, 0x2126, 0x2126, 0x2126,
	0x2126, 0x2126, 0x2126, 0x2126, 0x2146, 0x2967, 0x3188, 0x3188, 0x3188, 0x2968, 0x2988, 0x3188,
	0x3188, 0x2988, 0x2988, 0x3188, 0x3188, 0x3188, 0x3188, 0x2988, 0x3188, 0x2988, 0x2988, 0x2988,
	0x2988, 0x2988, 0x2988, 0x3188, 0x2988, 0x3188, 0x2988, 0x2988, 0x2988, 0x2967, 0x2947, 0x2967,
	0x2988, 0x2988, 0x3188, 0x2967, 0x2947, 0x2988, 0x2968, 0x2968, 0x0000, 0x0841, 0x0841, 0x0841,
	0x0841, 0x0841, 0x0841, 0x0841, 0x0842, 0x0842, 0x0842, 0x0842, 0x0862, 0x0862, 0x0862, 0x0841,
	0x0842, 0x0842, 0x0862, 0x0862, 0x0862, 0x1083, 0x1083, 0x1083, 0x1083, 0x1083, 0x1083, 0x1083,
	0x1083, 0x1083, 0x1083, 0x1083, 0x1083, 0x1083, 0x1083, 0x1083, 0x1083, 0x1083, 0x1083, 0x1083,
	0x1083, 0x1083, 0x1083, 0x1083, 0x1083, 0x1083, 0x1083, 0x2106, 0x2126, 0x2126, 0x2126, 0x2126,
	0x2126, 0x2126, 0x2126, 0x2126, 0x2126, 0x2126, 0x2106, 0x2126, 0x2106, 0x2106, 0x2105, 0x2106,
	0x2106, 0x2105, 0x2106, 0x2106, 0x2106, 0x2106, 0x2126, 0x2126, 0x2126, 0x2126, 0x2126, 0x2126,
	0x2105, 0x2105, 0x1905, 0x2105, 0x2126, 0x2126, 0x2126, 0x2126, 0x2126, 0x2126, 0x2126, 0x2126,
	0x2126, 0x2126, 0x2967, 0x3188, 0x3188, 0x2968, 0x2988, 0x3188, 0x3188, 0x2988, 0x2988, 0x3188,
	0x3188, 0x2988, 0x3188, 0x2988, 0x2988, 0x3188, 0x2988, 0x2988, 0x2988, 0x2988, 0x2988, 0x2988,
	0x2988, 0x2988, 0x2988, 0x3188, 0x2988, 0x3188, 0x2968, 0x2946, 0x2967, 0x3188, 0x2967, 0x2967,
	0x3188, 0x2988, 0x2968, 0x2968, 0x0841, 0x0841, 0x0841, 0x0841, 0x0841, 0x0841, 0x0841, 0x0841,
	0x0842, 0x0842, 0x0841, 0x0842, 0x0842, 0x0862, 0x0862, 0x0862, 0x0862, 0x0862, 0x0862, 0x0842,
	0x0862, 0x0862, 0x1083, 0x1083, 0x1083, 0x1083, 0x1083, 0x1083, 0x1083, 0x1083, 0x1083, 0x1083,
	0x1083, 0x1083, 0x1083, 0x1083, 0x1083, 0x1083, 0x1083, 0x1083, 0x1083, 0x1083, 0x1083, 0x1083,
	0x1083, 0x1083, 0x1083, 0x18C4, 0x2967, 0x2126, 0x2126, 0x2126, 0x2126, 0x2126, 0x2126, 0x2126,
	0x2126, 0x2126, 0x2106, 0x2106, 0x2105, 0x2105, 0x2105, 0x2105, 0x2105, 0x1905, 0x1905, 0x1905,
	0x1905, 0x1905, 0x2105, 0x2106, 0x2126, 0x1905, 0x18E5, 0x18E5, 0x2105, 0x2126, 0x2126, 0x2126,
	0x2126, 0x2126, 0x2126, 0x2126, 0x2126, 0x2126, 0x2126, 0x2126, 0x2126, 0x2126, 0x2126, 0x2947,
	0x2968, 0x2988, 0x2988, 0x3188, 0x3188, 0x2988, 0x2988, 0x3188, 0x3188, 0x2988, 0x2988, 0x3188,
	0x2988, 0x3188, 0x2988, 0x2988, 0x3188, 0x2988, 0x2988, 0x2988, 0x3188, 0x2988, 0x3188, 0x3188,
	0x3188, 0x2988, 0x2988, 0x3188, 0x2967, 0x2946, 0x2967, 0x2988, 0x2988, 0x2988, 0x2988, 0x2988,
	0x0841, 0x0841, 0x0841, 0x0841, 0x0841, 0x0841, 0x0841, 0x0841, 0x0841, 0x0842, 0x0842, 0x0842,
	0x0842, 0x0842, 0x0842, 0x0842, 0x0862, 0x0862, 0x0862, 0x0862, 0x0863, 0x0862, 0x0862, 0x1083,
	0x1083, 0x1083, 0x1083, 0x1083, 0x1083, 0x1083, 0x1083, 0x1083, 0x1083, 0x1083, 0x1083, 0x1083,
	0x1083, 0x1083, 0x1083, 0x1083, 0x1083, 0x1083, 0x1083, 0x1083, 0x1083, 0x1083, 0x0020, 0x0000,
	0x10A3, 0x2126, 0x2146, 0x2126, 0x2126, 0x2126, 0x2126, 0x2126, 0x2126, 0x2126, 0x2126, 0x2106,
	0x2105, 0x1905, 0x18E5, 0x2105, 0x1905, 0x18E5, 0x18E5, 0x18E5, 0x18E5, 0x18E5, 0x1905, 0x18E5,
	0x18C4, 0x2105, 0x2126, 0x2126, 0x2126, 0x2126, 0x2126, 0x2126, 0x2126, 0x2126, 0x2126, 0x2126,
	0x2126, 0x2126, 0x2126, 0x2126, 0x2126, 0x2126, 0x2126, 0x2126, 0x2126, 0x2967, 0x3188, 0x3188,
	0x3188, 0x2988, 0x2988, 0x3188, 0x3188, 0x2988, 0x2988, 0x3188, 0x2988, 0x2988, 0x2988, 0x2988,
	0x3188, 0x2988, 0x2988, 0x2988, 0x2988, 0x2988, 0x2988, 0x2988, 0x3188, 0x2988, 0x3188, 0x3188,
	0x2988, 0x2968, 0x3188, 0x2988, 0x2988, 0x3188, 0x3188, 0x3188, 0x0841, 0x0841, 0x0841, 0x0841,
	0x0841, 0x0841, 0x0841, 0x0021, 0x0841, 0x0841, 0x0841, 0x0841, 0x0842, 0x0842, 0x0842, 0x0842,
	0x0842, 0x0862, 0x0862, 0x0862, 0x0862, 0x0883, 0x0862, 0x0862, 0x0883, 0x0862, 0x1083, 0x1083,
	0x1083, 0x1083, 0x1083, 0x1083, 0x1083, 0x1083, 0x1083, 0x1083, 0x1083, 0x1083, 0x1083, 0x1083,
	0x1083, 0x1083, 0x1083, 0x10A3, 0x0862, 0x0000, 0x0000, 0x0000, 0x0000, 0x0862, 0x2126, 0x2126,
	0x2126, 0x2126, 0x2126, 0x2126, 0x2126, 0x2126, 0x2126, 0x2105, 0x2105, 0x2105, 0x1905, 0x18E5,
	0x18E5, 0x18E5, 0x18E5, 0x18E5, 0x18C4, 0x18C4, 0x18C4, 0x18C4, 0x18C4, 0x18E5, 0x18E5, 0x2105,
	0x2105, 0x2106, 0x2126, 0x2126, 0x2126, 0x2126, 0x2126, 0x2126, 0x2126, 0x2126, 0x2126, 0x2126,
	0x2126, 0x2126, 0x2126, 0x2126, 0x2126, 0x2126, 0x2947, 0x3188, 0x3188, 0x2988, 0x2988, 0x3188,
	0x3188, 0x2988, 0x2988, 0x3188, 0x2988, 0x2988, 0x2988, 0x3188, 0x3188, 0x2988, 0x2988, 0x2988,
	0x2988, 0x2988, 0x2988, 0x2988, 0x2968, 0x2988, 0x3188, 0x3188, 0x2988, 0x3188, 0x3188, 0x2988,
	0x3188, 0x3188, 0x3188, 0x3188, 0x0841, 0x0841, 0x0841, 0x0841, 0x0841, 0x0841, 0x0821, 0x0021,
	0x0041, 0x0021, 0x0021, 0x0041, 0x0041, 0x0841, 0x0842, 0x0841, 0x0842, 0x0862, 0x0862, 0x0862,
	0x0862, 0x0862, 0x0862, 0x0862, 0x0862, 0x0862, 0x0862, 0x0862, 0x0862, 0x1083, 0x1083, 0x1083,
	0x1083, 0x1083, 0x1083, 0x1083, 0x1083, 0x1083, 0x1083, 0x1083, 0x1083, 0x1083, 0x1083, 0x0841,
	0x0000, 0x0000, 0x0000, 0x0000, 0x0000, 0x0000, 0x0000, 0x18C4, 0x2947, 0x2126, 0x2126, 0x2126,
	0x2126, 0x2126, 0x2106, 0x2105, 0x2105, 0x2105, 0x18E5, 0x18E5, 0x18E5, 0x18C4, 0x10C4, 0x10A4,
	0x10A4, 0x10A3, 0x10A3, 0x18C4, 0x18C4, 0x18C4, 0x18C4, 0x18C4, 0x18E5, 0x1905, 0x1905, 0x1905,
	0x1905, 0x2105, 0x2105, 0x2105, 0x2106, 0x2106, 0x2126, 0x2126, 0x2126, 0x2126, 0x2126, 0x2126,
	0x2126, 0x2126, 0x2146, 0x2988, 0x2988, 0x2968, 0x2988, 0x3188, 0x3188, 0x2988, 0x2988, 0x3188,
	0x2988, 0x2988, 0x2988, 0x3188, 0x3188, 0x2988, 0x3188, 0x2988, 0x3188, 0x2988, 0x2988, 0x2988,
	0x2988, 0x3188, 0x2988, 0x3188, 0x2988, 0x2988, 0x3188, 0x3188, 0x2988, 0x2988, 0x3188, 0x3188,
	0x0841, 0x0841, 0x0841, 0x0841, 0x0841, 0x0841, 0x0821, 0x0021, 0x0041, 0x0021, 0x0821, 0x0021,
	0x0021, 0x0021, 0x0841, 0x0021, 0x0841, 0x0841, 0x0842, 0x0842, 0x0842, 0x0862, 0x0862, 0x0862,
	0x0883, 0x1083, 0x0883, 0x1083, 0x0862, 0x0862, 0x0862, 0x0862, 0x0862, 0x1083, 0x1083, 0x1083,
	0x1083, 0x1083, 0x1083, 0x1083, 0x1083, 0x1083, 0x0021, 0x0000, 0x0000, 0x0000, 0x0000, 0x0000,
	0x0000, 0x0000, 0x0000, 0x0000, 0x1083, 0x2126, 0x2126, 0x2126, 0x2126, 0x2106, 0x2105, 0x2105,
	0x2105, 0x1905, 0x18C4, 0x10A4, 0x18C4, 0x10A4, 0x18C4, 0x18C4, 0x10C4, 0x18C4, 0x18C4, 0x18C4,
	0x10A4, 0x10A4, 0x10C4, 0x10A4, 0x10A4, 0x18C4, 0x18E5, 0x18E5, 0x18E5, 0x18E5, 0x2105, 0x2105,
	0x2106, 0x2106, 0x2126, 0x2126, 0x2126, 0x2126, 0x2126, 0x2126, 0x2126, 0x2126, 0x2126, 0x2967,
	0x31A9, 0x3188, 0x2988, 0x2988, 0x3188, 0x2988, 0x2988, 0x3188, 0x2988, 0x2988, 0x2988, 0x3188,
	0x3188, 0x2988, 0x3188, 0x2988, 0x2988, 0x3188, 0x2988, 0x2988, 0x2988, 0x2988, 0x2988, 0x2988,
	0x2988, 0x2988, 0x2988, 0x2988, 0x2988, 0x2988, 0x3188, 0x3188, 0x0021, 0x0841, 0x0841, 0x0841,
	0x0841, 0x0841, 0x0821, 0x0021, 0x0041, 0x0021, 0x0021, 0x0021, 0x0021, 0x0021, 0x0021, 0x0021,
	0x0021, 0x0021, 0x0021, 0x0021, 0x0041, 0x0841, 0x0842, 0x0862, 0x0862, 0x0883, 0x1083, 0x1083,
	0x1083, 0x1083, 0x1083, 0x0862, 0x0862, 0x0863, 0x1083, 0x1083, 0x1083, 0x1083, 0x1083, 0x10A3,
	0x0862, 0x0000, 0x0000, 0x0000, 0x0000, 0x0000, 0x0000, 0x0000, 0x0000, 0x0000, 0x0000, 0x0000,
	0x0000, 0x0842, 0x2126, 0x2126, 0x2106, 0x2106, 0x2105, 0x2105, 0x1905, 0x18E5, 0x18C4, 0x18E5,
	0x18E5, 0x18E5, 0x18C4, 0x18C4, 0x10A4, 0x10A4, 0x10A3, 0x10A3, 0x10A3, 0x1083, 0x10A3, 0x10A3,
	0x10A3, 0x10A4, 0x18C4, 0x18E5, 0x18E5, 0x18E5, 0x2105, 0x2105, 0x2106, 0x2106, 0x2126, 0x2126,
	0x2126, 0x2126, 0x2126, 0x2126, 0x2126, 0x2126, 0x0841, 0x0000, 0x10C4, 0x2106, 0x3188, 0x31A8,
	0x3188, 0x2988, 0x2988, 0x3188, 0x3188, 0x2988, 0x3188, 0x3188, 0x3188, 0x3188, 0x3188, 0x2988,
	0x2988, 0x3188, 0x3188, 0x3188, 0x3188, 0x3188, 0x2988, 0x2988, 0x3188, 0x3188, 0x3188, 0x3188,
	0x2988, 0x2988, 0x2988, 0x2988, 0x0000, 0x0021, 0x0841, 0x0841, 0x0841, 0x0841, 0x0821, 0x0021,
	0x0041, 0x0021, 0x0021, 0x0021, 0x0021, 0x0021, 0x0021, 0x0841, 0x0841, 0x0021, 0x0021, 0x0021,
	0x0021, 0x0021, 0x0021, 0x0021, 0x0841, 0x0862, 0x0883, 0x1083, 0x1083, 0x1083, 0x1083, 0x1083,
	0x0862, 0x0862, 0x1083, 0x1083, 0x1083, 0x1083, 0x1083, 0x0841, 0x0000, 0x0000, 0x0000, 0x0000,
	0x0000, 0x0000, 0x0000, 0x0000, 0x0000, 0x0000, 0x0000, 0x0000, 0x0000, 0x0000, 0x0000, 0x18C4,
	0x2146, 0x2106, 0x2105, 0x2105, 0x18E5, 0x18C4, 0x18E4, 0x18E5, 0x18E5, 0x18E5, 0x18C4, 0x10A3,
	0x1083, 0x1083, 0x1083, 0x1083, 0x1083, 0x1083, 0x1083, 0x10A3, 0x10A3, 0x10A4, 0x18C4, 0x18E5,
	0x18E5, 0x18E5, 0x2105, 0x2105, 0x2106, 0x2106, 0x2126, 0x2126, 0x2126, 0x2126, 0x2126, 0x2126,
	0x2126, 0x0841, 0x0000, 0x0000, 0x0000, 0x0000, 0x0862, 0x2126, 0x2988, 0x2968, 0x2968, 0x2967,
	0x2967, 0x2968, 0x2967, 0x2968, 0x2988, 0x2967, 0x3188, 0x2968, 0x2967, 0x2988, 0x2988, 0x2967,
	0x2968, 0x2968, 0x2967, 0x2967, 0x2968, 0x2968, 0x2967, 0x2967, 0x2968, 0x2988, 0x2988, 0x2988,
	0x0000, 0x0000, 0x0021, 0x0841, 0x0841, 0x0841, 0x0821, 0x0021, 0x0041, 0x0021, 0x0021, 0x0021,
	0x0021, 0x0021, 0x0021, 0x0841, 0x0841, 0x0021, 0x0021, 0x0021, 0x0021, 0x0021, 0x0021, 0x0021,
	0x0021, 0x0842, 0x0842, 0x0862, 0x1083, 0x1083, 0x1083, 0x1083, 0x0862, 0x0862, 0x0862, 0x1083,
	0x1083, 0x1083, 0x0021, 0x0000, 0x0000, 0x0000, 0x0000, 0x0000, 0x0000, 0x0000, 0x0000, 0x0000,
	0x0000, 0x0000, 0x0000, 0x0000, 0x0000, 0x0000, 0x0000, 0x0000, 0x1083, 0x2105, 0x2106, 0x18E5,
	0x18E5, 0x18C4, 0x18E5, 0x18E5, 0x18E5, 0x18E5, 0x10C4, 0x1083, 0x1083, 0x1083, 0x1083, 0x1083,
	0x1083, 0x1083, 0x1083, 0x10A3, 0x10A3, 0x10A4, 0x18C4, 0x18E5, 0x18E5, 0x18E5, 0x2105, 0x2105,
	0x2106, 0x2106, 0x2126, 0x2126, 0x2126, 0x2126, 0x2126, 0x2126, 0x0841, 0x0000, 0x0000, 0x0000,
	0x0000, 0x0000, 0x0000, 0x0841, 0x10A3, 0x10A3, 0x10A4, 0x10A3, 0x10A3, 0x10A4, 0x10A3, 0x10A4,
	0x10A4, 0x10A3, 0x10A4, 0x10A3, 0x10A3, 0x10A4, 0x10A4, 0x10A3, 0x10A3, 0x10A3, 0x10A3, 0x10A3,
	0x10A3, 0x10A3, 0x10A3, 0x10A3, 0x10A4, 0x18C4, 0x18C4, 0x18C4, 0x0000, 0x0000, 0x0000, 0x0021,
	0x0841, 0x0841, 0x0821, 0x0021, 0x0041, 0x0021, 0x0021, 0x0021, 0x0021, 0x0021, 0x0021, 0x0841,
	0x0841, 0x0021, 0x0021, 0x0021, 0x0021, 0x0021, 0x0021, 0x0021, 0x0021, 0x0842, 0x0862, 0x0862,
	0x1083, 0x1083, 0x1083, 0x1083, 0x0883, 0x0862, 0x0862, 0x1083, 0x0862, 0x0000, 0x0000, 0x0000,
	0x0000, 0x0000, 0x0000, 0x0000, 0x0000, 0x0000, 0x0000, 0x0000, 0x0000, 0x0000, 0x0000, 0x0000,
	0x0000, 0x0000, 0x0000, 0x0000, 0x0000, 0x0841, 0x18E5, 0x18E5, 0x18C4, 0x18C4, 0x18E5, 0x18E5,
	0x18E5, 0x18C4, 0x10A3, 0x1083, 0x1083, 0x1083, 0x1083, 0x1083, 0x1083, 0x1083, 0x1083, 0x10A3,
	0x10A3, 0x10A4, 0x18C4, 0x18E5, 0x18E5, 0x18E5, 0x2105, 0x2105, 0x2106, 0x2106, 0x2126, 0x2126,
	0x2126, 0x2126, 0x2126, 0x0841, 0x0000, 0x0000, 0x0000, 0x0000, 0x0841, 0x0862, 0x1083, 0x10A3,
	0x1083, 0x1083, 0x1083, 0x1083, 0x1083, 0x1083, 0x1083, 0x1083, 0x1083, 0x1083, 0x1083, 0x1083,
	0x1083, 0x1083, 0x1083, 0x1083, 0x1083, 0x1083, 0x1083, 0x1083, 0x1083, 0x1083, 0x1083, 0x1083,
	0x1083, 0x1083, 0x1083, 0x1083, 0x0000, 0x0000, 0x0000, 0x0000, 0x0021, 0x0841, 0x0021, 0x0021,
	0x0041, 0x0021, 0x0021, 0x0021, 0x0021, 0x0021, 0x0021, 0x0841, 0x0841, 0x0021, 0x0021, 0x0021,
	0x0021, 0x0021, 0x0021, 0x0021, 0x0021, 0x0842, 0x0862, 0x0862, 0x0863, 0x1083, 0x1083, 0x1083,
	0x0883, 0x0863, 0x0862, 0x0841, 0x0000, 0x0000, 0x0000, 0x0000, 0x0000, 0x0000, 0x0000, 0x0000,
	0x0000, 0x0000, 0x0000, 0x0000, 0x0000, 0x0000, 0x0000, 0x0000, 0x0000, 0x0000, 0x0000, 0x0000,
	0x0000, 0x0000, 0x0000, 0x10A3, 0x2105, 0x18C4, 0x18E5, 0x18E5, 0x18C4, 0x10A4, 0x10A3, 0x1083,
	0x1083, 0x1083, 0x1083, 0x1083, 0x1083, 0x1083, 0x1083, 0x10A3, 0x10A3, 0x10A4, 0x18C4, 0x18E5,
	0x18E5, 0x18E5, 0x2105, 0x2105, 0x2105, 0x2105, 0x2126, 0x2126, 0x2126, 0x2126, 0x0841, 0x0000,
	0x0000, 0x0000, 0x0841, 0x1083, 0x1083, 0x1083, 0x1083, 0x1083, 0x1083, 0x1083, 0x1083, 0x1083,
	0x1083, 0x1083, 0x1083, 0x1083, 0x1083, 0x1083, 0x1083, 0x1083, 0x1083, 0x1083, 0x1083, 0x1083,
	0x1083, 0x1083, 0x1083, 0x1083, 0x1083, 0x1083, 0x1083, 0x1083, 0x1083, 0x1083, 0x1083, 0x1083,
	0x0000, 0x0000, 0x0000, 0x0000, 0x0000, 0x0021, 0x0841, 0x0021, 0x0841, 0x0021, 0x0021, 0x0021,
	0x0021, 0x0021, 0x0021, 0x0841, 0x0841, 0x0021, 0x0021, 0x0021, 0x0021, 0x0021, 0x0021, 0x0021,
	0x0021, 0x0842, 0x0862, 0x0862, 0x0862, 0x1083, 0x1083, 0x0883, 0x1083, 0x0862, 0x0020, 0x0000,
	0x0000, 0x0000, 0x0000, 0x0000, 0x0000, 0x0000, 0x0000, 0x0000, 0x0000, 0x0000, 0x0000, 0x0000,
	0x0000, 0x0000, 0x0000, 0x0000, 0x0000, 0x0000, 0x0000, 0x0000, 0x0000, 0x0000, 0x0000, 0x0000,
	0x0862, 0x18C4, 0x18E5, 0x18C4, 0x10C4, 0x10A3, 0x1083, 0x1083, 0x1083, 0x1083, 0x1083, 0x1083,
	0x1083, 0x1083, 0x1083, 0x10A3, 0x10A3, 0x10A4, 0x18C4, 0x18E5, 0x18E5, 0x1905, 0x2105, 0x2126,
	0x2126, 0x2126, 0x2126, 0x2106, 0x2106, 0x0841, 0x0000, 0x0021, 0x0862, 0x1083, 0x1083, 0x1083,
	0x1083, 0x1083, 0x1083, 0x1083, 0x1083, 0x1083, 0x1083, 0x1083, 0x1083, 0x1083, 0x1083, 0x1083,
	0x1083, 0x1083, 0x1083, 0x1083, 0x1083, 0x1083, 0x1083, 0x1083, 0x1083, 0x1083, 0x1083, 0x1083,
	0x1083, 0x1083, 0x1083, 0x1083, 0x1083, 0x1083, 0x1083, 0x1083, 0x0000, 0x0000, 0x0000, 0x0000,
	0x0000, 0x0000, 0x0000, 0x0000, 0x0020, 0x0021, 0x0021, 0x0021, 0x0041, 0x0021, 0x0021, 0x0841,
	0x0841, 0x0021, 0x0021, 0x0021, 0x0021, 0x0021, 0x0021, 0x0021, 0x0021, 0x0842, 0x0862, 0x0862,
	0x0862, 0x0862, 0x1083, 0x1083, 0x0842, 0x0000, 0x0000, 0x0000, 0x0000, 0x0000, 0x0000, 0x0000,
	0x0000, 0x0000, 0x0000, 0x0000, 0x0000, 0x0000, 0x0000, 0x0000, 0x0000, 0x0000, 0x0000, 0x0000,
	0x0000, 0x0000, 0x0000, 0x0000, 0x0000, 0x0000, 0x0000, 0x0000, 0x0000, 0x0841, 0x18C4, 0x18C4,
	0x10A4, 0x10A3, 0x10A3, 0x1083, 0x1083, 0x1083, 0x1083, 0x1083, 0x1083, 0x1083, 0x1083, 0x10A3,
	0x10A3, 0x10A4, 0x18C4, 0x1905, 0x1905, 0x18E5, 0x1905, 0x18C4, 0x1083, 0x1083, 0x0841, 0x0000,
	0x0000, 0x0841, 0x1083, 0x1083, 0x1083, 0x1083, 0x1083, 0x1083, 0x1083, 0x1083, 0x1083, 0x1083,
	0x1083, 0x1083, 0x1083, 0x1083, 0x1083, 0x1083, 0x1083, 0x1083, 0x1083, 0x1083, 0x1083, 0x1083,
	0x1083, 0x1083, 0x1083, 0x1083, 0x1083, 0x1083, 0x1083, 0x1083, 0x1083, 0x1083, 0x1083, 0x1083,
	0x1083, 0x1083, 0x1083, 0x1083, 0x0000, 0x0000, 0x0000, 0x0000, 0x0000, 0x0000, 0x0000, 0x0000,
	0x0000, 0x0000, 0x0000, 0x0000, 0x0000, 0x0021, 0x0021, 0x0021, 0x0841, 0x0021, 0x0021, 0x0021,
	0x0021, 0x0021, 0x0021, 0x0021, 0x0021, 0x0842, 0x0862, 0x0862, 0x0862, 0x1083, 0x1083, 0x0841,
	0x0000, 0x0000, 0x0000, 0x0000, 0x0000, 0x0000, 0x0000, 0x0000, 0x0000, 0x0000, 0x0000, 0x0000,
	0x0000, 0x0000, 0x0000, 0x0000, 0x0000, 0x0000, 0x0000, 0x0000, 0x0000, 0x0000, 0x0000, 0x0000,
	0x0000, 0x0000, 0x0000, 0x0000, 0x0000, 0x0000, 0x0000, 0x1083, 0x18C4, 0x10A3, 0x10A3, 0x1083,
	0x1083, 0x1083, 0x1083, 0x1083, 0x1083, 0x1083, 0x10A3, 0x10A4, 0x10A3, 0x10A4, 0x1083, 0x0862,
	0x0862, 0x0000, 0x0000, 0x0000, 0x0000, 0x0000, 0x0000, 0x0862, 0x1083, 0x10A3, 0x1083, 0x1083,
	0x1083, 0x1083, 0x1083, 0x1083, 0x1083, 0x1083, 0x1083, 0x1083, 0x1083, 0x1083, 0x1083, 0x1083,
	0x1083, 0x1083, 0x1083, 0x1083, 0x1083, 0x1083, 0x1083, 0x1083, 0x1083, 0x1083, 0x1083, 0x1083,
	0x1083, 0x1083, 0x1083, 0x1083, 0x1083, 0x1083, 0x1083, 0x1083, 0x1083, 0x1083, 0x1083, 0x1083,
	0x0000, 0x0000, 0x0000, 0x0000, 0x0000, 0x0000, 0x0000, 0x0000, 0x0000, 0x0000, 0x0000, 0x0000,
	0x0000, 0x0000, 0x0000, 0x0000, 0x0020, 0x0000, 0x0021, 0x0021, 0x0021, 0x0021, 0x0841, 0x0021,
	0x0021, 0x0842, 0x0862, 0x0862, 0x0862, 0x0862, 0x0020, 0x0000, 0x0000, 0x0000, 0x0000, 0x0000,
	0x0000, 0x0000, 0x0000, 0x0000, 0x0000, 0x0000, 0x0000, 0x0000, 0x0000, 0x0000, 0x0000, 0x0000,
	0x0000, 0x0000, 0x0000, 0x0000, 0x0000, 0x0000, 0x0000, 0x0000, 0x0000, 0x0000, 0x0000, 0x0000,
	0x0000, 0x0000, 0x0000, 0x0000, 0x0842, 0x10A3, 0x10A3, 0x1083, 0x1083, 0x1083, 0x10A3, 0x1083,
	0x1083, 0x1083, 0x0841, 0x0841, 0x0000, 0x0000, 0x0000, 0x0000, 0x0000, 0x0000, 0x0000, 0x0000,
	0x0841, 0x0862, 0x1083, 0x1083, 0x1083, 0x1083, 0x1083, 0x1083, 0x1083, 0x1083, 0x1083, 0x1083,
	0x1083, 0x1083, 0x1083, 0x1083, 0x1083, 0x1083, 0x1083, 0x1083, 0x1083, 0x1083, 0x1083, 0x1083,
	0x1083, 0x1083, 0x1083, 0x1083, 0x1083, 0x1083, 0x1083, 0x1083, 0x1083, 0x1083, 0x1083, 0x1083,
	0x1083, 0x1083, 0x1083, 0x1083, 0x1083, 0x1083, 0x1083, 0x1083, 0x0000, 0x0000, 0x0000, 0x0000,
	0x0000, 0x0000, 0x0000, 0x0000, 0x0000, 0x0000, 0x0000, 0x0000, 0x0000, 0x0000, 0x0000, 0x0000,
	0x0000, 0x0000, 0x0000, 0x0000, 0x0000, 0x0000, 0x0000, 0x0021, 0x0021, 0x0842, 0x0862, 0x0862,
	0x0841, 0x0000, 0x0000, 0x0000, 0x0000, 0x0000, 0x0000, 0x0000, 0x0000, 0x0000, 0x0000, 0x0000,
	0x0000, 0x0000, 0x0000, 0x0000, 0x0000, 0x0000, 0x0000, 0x0000, 0x0000, 0x0000, 0x0000, 0x0000,
	0x0000, 0x0000, 0x0000, 0x0000, 0x0000, 0x0000, 0x0000, 0x0000, 0x0000, 0x0000, 0x0000, 0x0000,
	0x0000, 0x0021, 0x1083, 0x1083, 0x1083, 0x1083, 0x0841, 0x0841, 0x0000, 0x0000, 0x0000, 0x0000,
	0x0000, 0x0000, 0x0000, 0x0000, 0x0000, 0x0021, 0x0841, 0x1083, 0x1083, 0x1083, 0x1083, 0x1083,
	0x1083, 0x1083, 0x1083, 0x1083, 0x1083, 0x1083, 0x1083, 0x1083, 0x1083, 0x1083, 0x1083, 0x1083,
	0x1083, 0x1083, 0x1083, 0x1083, 0x1083, 0x1083, 0x1083, 0x1083, 0x1083, 0x1083, 0x1083, 0x1083,
	0x1083, 0x1083, 0x1083, 0x1083, 0x1083, 0x1083, 0x1083, 0x1083, 0x1083, 0x1083, 0x1083, 0x1083,
	0x1083, 0x1083, 0x1083, 0x1083, 0x0000, 0x0000, 0x0000, 0x0000, 0x0000, 0x0000, 0x0000, 0x0000,
	0x0000, 0x0000, 0x0000, 0x0000, 0x0000, 0x0000, 0x0000, 0x0000, 0x0000, 0x0000, 0x0000, 0x0000,
	0x0000, 0x0000, 0x0000, 0x0000, 0x0000, 0x0000, 0x0020, 0x0020, 0x0000, 0x0000, 0x0000, 0x0000,
	0x0000, 0x0000, 0x0000, 0x0000, 0x0000, 0x0000, 0x0000, 0x0000, 0x0000, 0x0000, 0x0000, 0x0000,
	0x0000, 0x0000, 0x0000, 0x0000, 0x0000, 0x0000, 0x0000, 0x0000, 0x0000, 0x0000, 0x0000, 0x0000,
	0x0000, 0x0000, 0x0000, 0x0000, 0x0000, 0x0000, 0x0000, 0x0000, 0x0000, 0x0000, 0x0000, 0x0841,
	0x0000, 0x0000, 0x0000, 0x0000, 0x0000, 0x0000, 0x0000, 0x0000, 0x0000, 0x0000, 0x0000, 0x0020,
	0x0862, 0x1083, 0x10A3, 0x1083, 0x1083, 0x1083, 0x1083, 0x1083, 0x1083, 0x1083, 0x1083, 0x1083,
	0x1083, 0x1083, 0x1083, 0x1083, 0x1083, 0x1083, 0x1083, 0x1083, 0x1083, 0x1083, 0x1083, 0x1083,
	0x1083, 0x1083, 0x1083, 0x1083, 0x1083, 0x1083, 0x1083, 0x1083, 0x1083, 0x1083, 0x1083, 0x1083,
	0x1083, 0x1083, 0x1083, 0x1083, 0x1083, 0x1083, 0x1083, 0x1083, 0x1083, 0x1083, 0x1083, 0x1083,
	0x0000, 0x0000, 0x0000, 0x0000, 0x0000, 0x0000, 0x0000, 0x0000, 0x0000, 0x0000, 0x0000, 0x0000,
	0x0000, 0x0000, 0x0000, 0x0000, 0x0000, 0x0000, 0x0000, 0x0000, 0x0000, 0x0000, 0x0000, 0x0000,
	0x0000, 0x0000, 0x0000, 0x0000, 0x0000, 0x0000, 0x0000, 0x0000, 0x0000, 0x0000, 0x0000, 0x0000,
	0x0000, 0x0000, 0x0000, 0x0000, 0x0000, 0x0000, 0x0000, 0x0000, 0x0000, 0x0000, 0x0000, 0x0000,
	0x0000, 0x0000, 0x0000, 0x0000, 0x0000, 0x0000, 0x0000, 0x0000, 0x0000, 0x0000, 0x0000, 0x0000,
	0x0000, 0x0000, 0x0000, 0x0000, 0x0000, 0x0000, 0x0000, 0x0000, 0x0000, 0x0000, 0x0000, 0x0000,
	0x0000, 0x0000, 0x0000, 0x0000, 0x0000, 0x0841, 0x1083, 0x1083, 0x1083, 0x1083, 0x1083, 0x1083,
	0x1083, 0x1083, 0x1083, 0x1083, 0x1083, 0x1083, 0x1083, 0x1083, 0x1083, 0x1083, 0x1083, 0x1083,
	0x1083, 0x1083, 0x1083, 0x1083, 0x1083, 0x1083, 0x1083, 0x1083, 0x1083, 0x1083, 0x1083, 0x1083,
	0x1083, 0x1083, 0x1083, 0x1083, 0x1083, 0x1083, 0x1083, 0x1083, 0x1083, 0x1083, 0x1083, 0x1083,
	0x1083, 0x1083, 0x1083, 0x1083, 0x1083, 0x1083, 0x1083, 0x1083, 0x0000, 0x0000, 0x0000, 0x0000,
	0x0000, 0x0000, 0x0000, 0x0000, 0x0000, 0x0000, 0x0000, 0x0000, 0x0000, 0x0000, 0x0000, 0x0000,
	0x0000, 0x0000, 0x0000, 0x0000, 0x0000, 0x0000, 0x0000, 0x0000, 0x0000, 0x0000, 0x0000, 0x0000,
	0x0000, 0x0000, 0x0000, 0x0000, 0x0000, 0x0000, 0x0000, 0x0000, 0x0000, 0x0000, 0x0000, 0x0000,
	0x0000, 0x0000, 0x0000, 0x0000, 0x0000, 0x0000, 0x0000, 0x0000, 0x0000, 0x0000, 0x0000, 0x0000,
	0x0000, 0x0000, 0x0000, 0x0000, 0x0000, 0x0000, 0x0000, 0x0000, 0x0000, 0x0000, 0x0000, 0x0000,
	0x0000, 0x0000, 0x0000, 0x0000, 0x0000, 0x0000, 0x0000, 0x0000, 0x0000, 0x0000, 0x0020, 0x0862,
	0x1083, 0x1083, 0x1083, 0x1083, 0x1083, 0x1083, 0x1083, 0x1083, 0x1083, 0x1083, 0x1083, 0x1083,
	0x1083, 0x1083, 0x1083, 0x1083, 0x1083, 0x1083, 0x1083, 0x1083, 0x1083, 0x1083, 0x1083, 0x1083,
	0x1083, 0x1083, 0x1083, 0x1083, 0x1083, 0x1083, 0x1083, 0x1083, 0x1083, 0x1083, 0x1083, 0x1083,
	0x1083, 0x1083, 0x1083, 0x1083, 0x1083, 0x1083, 0x1083, 0x1083, 0x1083, 0x1083, 0x1083, 0x1083,
	0x1083, 0x1083, 0x1083, 0x1083, 0x0000, 0x0000, 0x0000, 0x0000, 0x0000, 0x0000, 0x0000, 0x0000,
	0x0000, 0x0000, 0x0000, 0x0000, 0x0000, 0x0000, 0x0000, 0x0000, 0x0000, 0x0000, 0x0000, 0x0000,
	0x0000, 0x0000, 0x0000, 0x0000, 0x0000, 0x0000, 0x0000, 0x0000, 0x0000, 0x0000, 0x0000, 0x0000,
	0x0000, 0x0000, 0x0000, 0x0000, 0x0000, 0x0000, 0x0000, 0x0000, 0x0000, 0x0000, 0x0000, 0x0000,
	0x0000, 0x0000, 0x0000, 0x0000, 0x0000, 0x0000, 0x0000, 0x0000, 0x0000, 0x0000, 0x0000, 0x0000,
	0x0000, 0x0000, 0x0000, 0x0000, 0x0000, 0x0000, 0x0000, 0x0000, 0x0000, 0x0000, 0x0000, 0x0000,
	0x0000, 0x0000, 0x0000, 0x0000, 0x0841, 0x1083, 0x1083, 0x1083, 0x1083, 0x1083, 0x1083, 0x1083,
	0x1083, 0x1083, 0x1083, 0x1083, 0x1083, 0x1083, 0x1083, 0x1083, 0x1083, 0x1083, 0x1083, 0x1083,
	0x1083, 0x1083, 0x1083, 0x1083, 0x1083, 0x1083, 0x1083, 0x1083, 0x1083, 0x1083, 0x1083, 0x1083,
	0x1083, 0x1083, 0x1083, 0x1083, 0x1083, 0x1083, 0x1083, 0x1083, 0x1083, 0x1083, 0x1083, 0x1083,
	0x1083, 0x1083, 0x1083, 0x1083, 0x1083, 0x1083, 0x1083, 0x1083, 0x1083, 0x1083, 0x1083, 0x1083,
	0x0000, 0x0000, 0x0000, 0x0000, 0x0000, 0x0000, 0x0000, 0x0000, 0x0000, 0x0000, 0x0000, 0x0000,
	0x0000, 0x0000, 0x0000, 0x0000, 0x0000, 0x0000, 0x0000, 0x0000, 0x0000, 0x0000, 0x0000, 0x0000,
	0x0000, 0x0000, 0x0000, 0x0000, 0x0000, 0x0000, 0x0000, 0x0000, 0x0000, 0x0000, 0x0000, 0x0000,
	0x0000, 0x0000, 0x0000, 0x0000, 0x0000, 0x0000, 0x0000, 0x0000, 0x0000, 0x0000, 0x0000, 0x0000,
	0x0000, 0x0000, 0x0000, 0x0000, 0x0000, 0x0000, 0x0000, 0x0000, 0x0000, 0x0000, 0x0000, 0x0000,
	0x0000, 0x0000, 0x0000, 0x0000, 0x0000, 0x0000, 0x0000, 0x0000, 0x0000, 0x0021, 0x0841, 0x1083,
	0x1083, 0x1083, 0x1083, 0x1083, 0x1083, 0x1083, 0x1083, 0x1083, 0x1083, 0x1083, 0x1083, 0x1083,
	0x1083, 0x1083, 0x1083, 0x1083, 0x1083, 0x1083, 0x1083, 0x1083, 0x1083, 0x1083, 0x1083, 0x1083,
	0x1083, 0x1083, 0x1083, 0x1083, 0x1083, 0x1083, 0x1083, 0x1083, 0x1083, 0x1083, 0x1083, 0x1083,
	0x1083, 0x1083, 0x1083, 0x1083, 0x1083, 0x1083, 0x1083, 0x1083, 0x1083, 0x1083, 0x1083, 0x1083,
	0x1083, 0x1083, 0x1083, 0x1083, 0x1083, 0x1083, 0x1083, 0x1083, 0x0000, 0x0000, 0x0000, 0x0000,
	0x0000, 0x0000, 0x0000, 0x0000, 0x0000, 0x0000, 0x0000, 0x0000, 0x0000, 0x0000, 0x0000, 0x0000,
	0x0000, 0x0000, 0x0000, 0x0000, 0x0000, 0x0000, 0x0000, 0x0000, 0x0000, 0x0000, 0x0000, 0x0000,
	0x0000, 0x0000, 0x0000, 0x0000, 0x0000, 0x0000, 0x0000, 0x0000, 0x0000, 0x0000, 0x0000, 0x0000,
	0x0000, 0x0000, 0x0000, 0x0000, 0x0000, 0x0000, 0x0000, 0x0000, 0x0000, 0x0000, 0x0000, 0x0000,
	0x0000, 0x0000, 0x0000, 0x0000, 0x0000, 0x0000, 0x0000, 0x0000, 0x0000, 0x0000, 0x0000, 0x0000,
	0x0000, 0x0000, 0x0000, 0x0841, 0x0862, 0x1083, 0x10A3, 0x1083, 0x1083, 0x1083, 0x1083, 0x1083,
	0x1083, 0x1083, 0x1083, 0x1083, 0x1083, 0x1083, 0x1083, 0x1083, 0x1083, 0x1083, 0x1083, 0x1083,
	0x1083, 0x1083, 0x1083, 0x1083, 0x1083, 0x1083, 0x1083, 0x1083, 0x1083, 0x1083, 0x1083, 0x1083,
	0x1083, 0x1083, 0x1083, 0x1083, 0x1083, 0x1083, 0x1083, 0x1083, 0x1083, 0x1083, 0x1083, 0x1083,
	0x1083, 0x1083, 0x1083, 0x1083, 0x1083, 0x1083, 0x1083, 0x1083, 0x1083, 0x1083, 0x1083, 0x1083,
	0x1083, 0x1083, 0x1083, 0x1083, 0x0000, 0x0000, 0x0000, 0x0000, 0x0000, 0x0000, 0x0000, 0x0000,
	0x0000, 0x0000, 0x0000, 0x0000, 0x0000, 0x0000, 0x0000, 0x0000, 0x0000, 0x0000, 0x0000, 0x0000,
	0x0000, 0x0000, 0x0000, 0x0000, 0x0000, 0x0000, 0x0000, 0x0000, 0x0000, 0x0000, 0x0000, 0x0000,
	0x0000, 0x0000, 0x0000, 0x0000, 0x0000, 0x0000, 0x0000, 0x0000, 0x0000, 0x0000, 0x0000, 0x0000,
	0x0000, 0x0000, 0x0000, 0x0000, 0x0000, 0x0000, 0x0000, 0x0000, 0x0000, 0x0000, 0x0000, 0x0000,
	0x0000, 0x0000, 0x0000, 0x0000, 0x0000, 0x0000, 0x0000, 0x0000, 0x0021, 0x0841, 0x1083, 0x1083,
	0x1083, 0x1083, 0x1083, 0x1083, 0x1083, 0x1083, 0x1083, 0x1083, 0x1083, 0x1083, 0x1083, 0x1083,
	0x1083, 0x1083, 0x1083, 0x1083, 0x1083, 0x1083, 0x1083, 0x1083, 0x1083, 0x1083, 0x1083, 0x1083,
	0x1083, 0x1083, 0x1083, 0x1083, 0x1083, 0x1083, 0x1083, 0x1083, 0x1083, 0x1083, 0x1083, 0x1083,
	0x1083, 0x1083, 0x1083, 0x1083, 0x1083, 0x1083, 0x1083, 0x1083, 0x1083, 0x1083, 0x1083, 0x1083,
	0x1083, 0x1083, 0x1083, 0x1083, 0x1083, 0x1083, 0x1083, 0x1083, 0x1083, 0x1083, 0x1083, 0x0021,
	0x0000, 0x0000, 0x0000, 0x0000, 0x0000, 0x0000, 0x0000, 0x0000, 0x0000, 0x0000, 0x0000, 0x0000,
	0x0000, 0x0000, 0x0000, 0x0000, 0x0000, 0x0000, 0x0000, 0x0000, 0x0000, 0x0000, 0x0000, 0x0000,
	0x0000, 0x0000, 0x0000, 0x0000, 0x0000, 0x0000, 0x0000, 0x0000, 0x0000, 0x0000, 0x0000, 0x0000,
	0x0000, 0x0000, 0x0000, 0x0000, 0x0000, 0x0000, 0x0000, 0x0000, 0x0000, 0x0000, 0x0000, 0x0000,
	0x0000, 0x0000, 0x0000, 0x0000, 0x0000, 0x0000, 0x0000, 0x0000, 0x0000, 0x0000, 0x0000, 0x0000,
	0x0000, 0x0000, 0x0020, 0x0862, 0x1083, 0x10A3, 0x1083, 0x1083, 0x1083, 0x1083, 0x1083, 0x1083,
	0x1083, 0x1083, 0x1083, 0x1083, 0x1083, 0x1083, 0x1083, 0x1083, 0x1083, 0x1083, 0x1083, 0x1083,
	0x1083, 0x1083, 0x1083, 0x1083, 0x1083, 0x1083, 0x1083, 0x1083, 0x1083, 0x1083, 0x1083, 0x1083,
	0x1083, 0x1083, 0x1083, 0x1083, 0x1083, 0x1083, 0x1083, 0x1083, 0x1083, 0x1083, 0x1083, 0x1083,
	0x1083, 0x1083, 0x1083, 0x1083, 0x1083, 0x1083, 0x1083, 0x1083, 0x1083, 0x1083, 0x1083, 0x1083,
	0x1083, 0x1083, 0x1083, 0x1083, 0x1083, 0x0862, 0x0020, 0x0000, 0x0000, 0x0000, 0x0000, 0x0000,
	0x0000, 0x0000, 0x0000, 0x0000, 0x0000, 0x0000, 0x0000, 0x0000, 0x0000, 0x0000, 0x0000, 0x0000,
	0x0000, 0x0000, 0x0000, 0x0000, 0x0000, 0x0000, 0x0000, 0x0000, 0x0000, 0x0000, 0x0000, 0x0000,
	0x0000, 0x0000, 0x0000, 0x0000, 0x0000, 0x0000, 0x0000, 0x0000, 0x0000, 0x0000, 0x0000, 0x0000,
	0x0000, 0x0000, 0x0000, 0x0000, 0x0000, 0x0000, 0x0000, 0x0000, 0x0000, 0x0000, 0x0000, 0x0000,
	0x0000, 0x0000, 0x0000, 0x0000, 0x0000, 0x0000, 0x0000, 0x0000, 0x0841, 0x1083, 0x1083, 0x1083,
	0x1083, 0x1083, 0x1083, 0x1083, 0x1083, 0x1083, 0x1083, 0x1083, 0x1083, 0x1083, 0x1083, 0x1083,
	0x1083, 0x1083, 0x1083, 0x1083, 0x1083, 0x1083, 0x1083, 0x1083, 0x1083, 0x1083, 0x1083, 0x1083,
	0x1083, 0x1083, 0x1083, 0x1083, 0x1083, 0x1083, 0x1083, 0x1083, 0x1083, 0x1083, 0x1083, 0x1083,
	0x1083, 0x1083, 0x1083, 0x1083, 0x1083, 0x1083, 0x1083, 0x1083, 0x1083, 0x1083, 0x1083, 0x1083,
	0x1083, 0x1083, 0x1083, 0x1083, 0x1083, 0x1083, 0x1083, 0x1083, 0x1083, 0x1083, 0x1083, 0x1083,
	0x0862, 0x0000, 0x0000, 0x0000, 0x0000, 0x0000, 0x0000, 0x0000, 0x0000, 0x0000, 0x0000, 0x0000,
	0x0000, 0x0000, 0x0000, 0x0000, 0x0000, 0x0000, 0x0000, 0x0000, 0x0000, 0x0000, 0x0000, 0x0000,
	0x0000, 0x0000, 0x0000, 0x0000, 0x0000, 0x0000, 0x0000, 0x0000, 0x0000, 0x0000, 0x0000, 0x0000,
	0x0000, 0x0000, 0x0000, 0x0000, 0x0000, 0x0000, 0x0000, 0x0000, 0x0000, 0x0000, 0x0000, 0x0000,
	0x0000, 0x0000, 0x0000, 0x0000, 0x0000, 0x0000, 0x0000, 0x0000, 0x0000, 0x0000, 0x0000, 0x0000,
	0x0000, 0x0020, 0x0862, 0x1083, 0x1083, 0x1083, 0x1083, 0x1083, 0x1083, 0x1083, 0x1083, 0x1083,
	0x1083, 0x1083, 0x1083, 0x1083, 0x1083, 0x1083, 0x1083, 0x1083, 0x1083, 0x1083, 0x1083, 0x1083,
	0x1083, 0x1083, 0x1083, 0x1083, 0x1083, 0x1083, 0x1083, 0x1083, 0x1083, 0x1083, 0x1083, 0x1083,
	0x1083, 0x1083, 0x1083, 0x1083, 0x1083, 0x1083, 0x1083, 0x1083, 0x1083, 0x1083, 0x1083, 0x1083,
	0x1083, 0x1083, 0x1083, 0x1083, 0x1083, 0x1083, 0x1083, 0x1083, 0x1083, 0x1083, 0x1083, 0x1083,
	0x1083, 0x1083, 0x1083, 0x1083, 0x1083, 0x1083, 0x1083, 0x0862, 0x0000, 0x0000, 0x0000, 0x0000,
	0x0000, 0x0000, 0x0000, 0x0000, 0x0000, 0x0000, 0x0000, 0x0000, 0x0000, 0x0000, 0x0000, 0x0000,
	0x0000, 0x0000, 0x0000, 0x0000, 0x0000, 0x0000, 0x0000, 0x0000, 0x0000, 0x0000, 0x0000, 0x0000,
	0x0000, 0x0000, 0x0000, 0x0000, 0x0000, 0x0000, 0x0000, 0x0000, 0x0000, 0x0000, 0x0000, 0x0000,
	0x0000, 0x0000, 0x0000, 0x0000, 0x0000, 0x0000, 0x0000, 0x0000, 0x0000, 0x0000, 0x0000, 0x0000,
	0x0000, 0x0000, 0x0000, 0x0000, 0x0000, 0x0000, 0x0000, 0x0841, 0x1083, 0x1083, 0x1083, 0x1083,
	0x1083, 0x1083, 0x1083, 0x1083, 0x1083, 0x1083, 0x1083, 0x1083, 0x1083, 0x1083, 0x1083, 0x1083,
	0x1083, 0x1083, 0x1083, 0x1083, 0x1083, 0x1083, 0x1083, 0x1083, 0x1083, 0x1083, 0x1083, 0x1083,
	0x1083, 0x1083, 0x1083, 0x1083, 0x1083, 0x1083, 0x1083, 0x1083, 0x1083, 0x1083, 0x1083, 0x1083,
	0x1083, 0x1083, 0x1083, 0x1083, 0x1083, 0x1083, 0x1083, 0x1083, 0x1083, 0x1083, 0x1083, 0x1083,
	0x1083, 0x1083, 0x1083, 0x1083, 0x1083, 0x1083, 0x1083, 0x1083, 0x1083, 0x1083, 0x1083, 0x1083,
	0x1083, 0x1083, 0x0862, 0x0000, 0x0000, 0x0000, 0x0000, 0x0000, 0x0000, 0x0000, 0x0000, 0x0000,
	0x0000, 0x0000, 0x0000, 0x0000, 0x0000, 0x0000, 0x0000, 0x0000, 0x0000, 0x0000, 0x0000, 0x0000,
	0x0000, 0x0000, 0x0000, 0x0000, 0x0000, 0x0000, 0x0000, 0x0000, 0x0000, 0x0000, 0x0000, 0x0000,
	0x0000, 0x0000, 0x0000, 0x0000, 0x0000, 0x0000, 0x0000, 0x0000, 0x0000, 0x0000, 0x0000, 0x0000,
	0x0000, 0x0000, 0x0000, 0x0000, 0x0000, 0x0000, 0x0000, 0x0000, 0x0000, 0x0000, 0x0000, 0x0000,
	0x0021, 0x0841, 0x1083, 0x1083, 0x1083, 0x1083, 0x1083, 0x1083, 0x1083, 0x1083, 0x1083, 0x1083,
	0x1083, 0x1083, 0x1083, 0x1083, 0x1083, 0x1083, 0x1083, 0x1083, 0x1083, 0x1083, 0x1083, 0x1083,
	0x1083, 0x1083, 0x1083, 0x1083, 0x1083, 0x1083, 0x1083, 0x1083, 0x1083, 0x1083, 0x1083, 0x1083,
	0x1083, 0x1083, 0x1083, 0x1083, 0x1083, 0x1083, 0x1083, 0x1083, 0x1083, 0x1083, 0x1083, 0x1083,
	0x1083, 0x1083, 0x1083, 0x1083, 0x1083, 0x1083, 0x1083, 0x1083, 0x1083, 0x1083, 0x1083, 0x1083,
	0x1083, 0x1083, 0x1083, 0x1083, 0x1083, 0x1083, 0x1083, 0x1083, 0x1083, 0x0862, 0x0000, 0x0000,
	0x0000, 0x0000, 0x0000, 0x0000, 0x0000, 0x0000, 0x0000, 0x0000, 0x0000, 0x0000, 0x0000, 0x0000,
	0x0000, 0x0000, 0x0000, 0x0000, 0x0000, 0x0000, 0x0000, 0x0000, 0x0000, 0x0000, 0x0000, 0x0000,
	0x0000, 0x0000, 0x0000, 0x0000, 0x0000, 0x0000, 0x0000, 0x0000, 0x0000, 0x0000, 0x0000, 0x0000,
	0x0000, 0x0000, 0x0000, 0x0000, 0x0000, 0x0000, 0x0000, 0x0000, 0x0000, 0x0000, 0x0000, 0x0000,
	0x0000, 0x0000, 0x0000, 0x0000, 0x0000, 0x0000, 0x0841, 0x0862, 0x1083, 0x10A3, 0x1083, 0x1083,
	0x1083, 0x1083, 0x1083, 0x1083, 0x1083, 0x1083, 0x1083, 0x1083, 0x1083, 0x1083, 0x1083, 0x1083,
	0x1083, 0x1083, 0x1083, 0x1083, 0x1083, 0x1083, 0x1083, 0x1083, 0x1083, 0x1083, 0x1083, 0x1083,
	0x1083, 0x1083, 0x1083, 0x1083, 0x1083, 0x1083, 0x1083, 0x1083, 0x1083, 0x1083, 0x1083, 0x1083,
	0x1083, 0x1083, 0x1083, 0x1083, 0x1083, 0x1083, 0x1083, 0x1083, 0x1083, 0x1083, 0x1083, 0x1083,
	0x1083, 0x1083, 0x1083, 0x1083, 0x1083, 0x1083, 0x1083, 0x1083, 0x1083, 0x1083, 0x1083, 0x1083,
	0x1083, 0x1083, 0x1083, 0x1083, 0x0021, 0x0000, 0x0000, 0x0000, 0x0000, 0x0000, 0x0000, 0x0000,
	0x0000, 0x0000, 0x0000, 0x0000, 0x0000, 0x0000, 0x0000, 0x0000, 0x0000, 0x0000, 0x0000, 0x0000,
	0x0000, 0x0000, 0x0000, 0x0000, 0x0000, 0x0000, 0x0000, 0x0000, 0x0000, 0x0000, 0x0000, 0x0000,
	0x0000, 0x0000, 0x0000, 0x0000, 0x0000, 0x0000, 0x0000, 0x0000, 0x0000, 0x0000, 0x0000, 0x0000,
	0x0000, 0x0000, 0x0000, 0x0000, 0x0000, 0x0000, 0x0000, 0x0000, 0x0000, 0x0000, 0x0000, 0x0021,
	0x0841, 0x1083, 0x1083, 0x1083, 0x1083, 0x1083, 0x1083, 0x1083, 0x1083, 0x1083, 0x1083, 0x1083,
	0x1083, 0x1083, 0x1083, 0x1083, 0x1083, 0x1083, 0x1083, 0x1083, 0x1083, 0x1083, 0x1083, 0x1083,
	0x1083, 0x1083, 0x1083, 0x1083, 0x1083, 0x1083, 0x1083, 0x1083, 0x1083, 0x1083, 0x1083, 0x1083,
	0x1083, 0x1083, 0x1083, 0x1083, 0x1083, 0x1083, 0x1083, 0x1083, 0x1083, 0x1083, 0x1083, 0x1083,
	0x1083, 0x1083, 0x1083, 0x1083, 0x1083, 0x1083, 0x1083, 0x1083, 0x1083, 0x1083, 0x1083, 0x1083,
	0x1083, 0x1083, 0x1083, 0x1083, 0x1083, 0x1083, 0x1083, 0x1083, 0x1083, 0x1083, 0x1083, 0x0020,
	0x0000, 0x0000, 0x0000, 0x0000, 0x0000, 0x0000, 0x0000, 0x0000, 0x0000, 0x0000, 0x0000, 0x0000,
	0x0000, 0x0000, 0x0000, 0x0000, 0x0000, 0x0000, 0x0000, 0x0000, 0x0000, 0x0000, 0x0000, 0x0000,
	0x0000, 0x0000, 0x0000, 0x0000, 0x0000, 0x0000, 0x0000, 0x0000, 0x0000, 0x0000, 0x0000, 0x0000,
	0x0000, 0x0000, 0x0000, 0x0000, 0x0000, 0x0000, 0x0000, 0x0000, 0x0000, 0x0000, 0x0000, 0x0000,
	0x0000, 0x0000, 0x0000, 0x0000, 0x0000, 0x0020, 0x0862, 0x1083, 0x10A3, 0x1083, 0x1083, 0x1083,
	0x1083, 0x1083, 0x1083, 0x1083, 0x1083, 0x1083, 0x1083, 0x1083, 0x1083, 0x1083, 0x1083, 0x1083,
	0x1083, 0x1083, 0x1083, 0x1083, 0x1083, 0x1083, 0x1083, 0x1083, 0x1083, 0x1083, 0x1083, 0x1083,
	0x1083, 0x1083, 0x1083, 0x1083, 0x1083, 0x1083, 0x1083, 0x1083, 0x1083, 0x1083, 0x1083, 0x1083,
	0x1083, 0x1083, 0x1083, 0x1083, 0x1083, 0x1083, 0x1083, 0x1083, 0x1083, 0x1083, 0x1083, 0x1083,
	0x1083, 0x1083, 0x1083, 0x1083, 0x1083, 0x1083, 0x1083, 0x1083, 0x1083, 0x1083, 0x1083, 0x1083,
	0x1083, 0x1083, 0x1083, 0x1083, 0x1083, 0x1083, 0x0020, 0x0000, 0x0000, 0x0000, 0x0000, 0x0000,
	0x0000, 0x0000, 0x0000, 0x0000, 0x0000, 0x0000, 0x0000, 0x0000, 0x0000, 0x0000, 0x0000, 0x0000,
	0x0000, 0x0000, 0x0000, 0x0000, 0x0000, 0x0000, 0x0000, 0x0000, 0x0000, 0x0000, 0x0000, 0x0000,
	0x0000, 0x0000, 0x0000, 0x0000, 0x0000, 0x0000, 0x0000, 0x0000, 0x0000, 0x0000, 0x0000, 0x0000,
	0x0000, 0x0000, 0x0000, 0x0000, 0x0000, 0x0000, 0x0000, 0x0000, 0x0000, 0x0000, 0x0000, 0x0841,
	0x1083, 0x1083, 0x1083, 0x1083, 0x1083, 0x1083, 0x1083, 0x1083, 0x1083, 0x1083, 0x1083, 0x1083,
	0x1083, 0x1083, 0x1083, 0x1083, 0x1083, 0x1083, 0x1083, 0x1083, 0x1083, 0x1083, 0x1083, 0x1083,
	0x1083, 0x1083, 0x1083, 0x1083, 0x1083, 0x1083, 0x1083, 0x1083, 0x1083, 0x1083, 0x1083, 0x1083,
	0x1083, 0x1083, 0x1083, 0x1083, 0x1083, 0x1083, 0x1083, 0x1083, 0x1083, 0x1083, 0x1083, 0x1083,
	0x1083, 0x1083, 0x1083, 0x1083, 0x1083, 0x1083, 0x1083, 0x1083, 0x1083, 0x1083, 0x1083, 0x1083,
	0x1083, 0x1083, 0x1083, 0x1083, 0x1083, 0x1083, 0x1083, 0x1083, 0x1083, 0x1083, 0x1083, 0x1083,
	0x1083, 0x0020, 0x0000, 0x0000, 0x0000, 0x0000, 0x0000, 0x0000, 0x0000, 0x0000, 0x0000, 0x0000,
	0x0000, 0x0000, 0x0000, 0x0000, 0x0000, 0x0000, 0x0000, 0x0000, 0x0000, 0x0000, 0x0000, 0x0000,
	0x0000, 0x0000, 0x0000, 0x0000, 0x0000, 0x0000, 0x0000, 0x0000, 0x0000, 0x0000, 0x0000, 0x0000,
	0x0000, 0x0000, 0x0000, 0x0000, 0x0000, 0x0000, 0x0000, 0x0000, 0x0000, 0x0000, 0x0000, 0x0000,
	0x0000, 0x0000, 0x0000, 0x0000, 0x0021, 0x0862, 0x1083, 0x1083, 0x1083, 0x1083, 0x1083, 0x1083,
	0x1083, 0x1083, 0x1083, 0x1083, 0x1083, 0x1083, 0x1083, 0x1083, 0x1083, 0x1083, 0x1083, 0x1083,
	0x1083, 0x1083, 0x1083, 0x1083, 0x1083, 0x1083, 0x1083, 0x1083, 0x1083, 0x1083, 0x1083, 0x1083,
	0x1083, 0x1083, 0x1083, 0x1083, 0x1083, 0x1083, 0x1083, 0x1083, 0x1083, 0x1083, 0x1083, 0x1083,
	0x1083, 0x1083, 0x1083, 0x1083, 0x1083, 0x1083, 0x1083, 0x1083, 0x1083, 0x1083, 0x1083, 0x1083,
	0x1083, 0x1083, 0x1083, 0x1083, 0x1083, 0x1083, 0x1083, 0x1083, 0x1083, 0x1083, 0x1083, 0x1083,
	0x1083, 0x1083, 0x1083, 0x1083, 0x1083, 0x1083, 0x1083, 0x0862, 0x0000, 0x0000, 0x0000, 0x0000,
	0x0000, 0x0000, 0x0000, 0x0000, 0x0000, 0x0000, 0x0000, 0x0000, 0x0000, 0x0000, 0x0000, 0x0000,
	0x0000, 0x0000, 0x0000, 0x0000, 0x0000, 0x0000, 0x0000, 0x0000, 0x0000, 0x0000, 0x0000, 0x0000,
	0x0000, 0x0000, 0x0000, 0x0000, 0x0000, 0x0000, 0x0000, 0x0000, 0x0000, 0x0000, 0x0000, 0x0000,
	0x0000, 0x0000, 0x0000, 0x0000, 0x0000, 0x0000, 0x0000, 0x0000, 0x0000, 0x0000, 0x0841, 0x0862,
	0x1083, 0x1083, 0x1083, 0x1083, 0x1083, 0x1083, 0x1083, 0x1083, 0x1083, 0x1083, 0x1083, 0x1083,
	0x1083, 0x1083, 0x1083, 0x1083, 0x1083, 0x1083, 0x1083, 0x1083, 0x1083, 0x1083, 0x1083, 0x1083,
	0x1083, 0x1083, 0x1083, 0x1083, 0x1083, 0x1083, 0x1083, 0x1083, 0x1083, 0x1083, 0x1083, 0x1083,
	0x1083, 0x1083, 0x1083, 0x1083, 0x1083, 0x1083, 0x1083, 0x1083, 0x1083, 0x1083, 0x1083, 0x1083,
	0x1083, 0x1083, 0x1083, 0x1083, 0x1083, 0x1083, 0x1083, 0x1083, 0x1083, 0x1083, 0x1083, 0x1083,
	0x1083, 0x1083, 0x1083, 0x1083, 0x1083, 0x1083, 0x1083, 0x1083, 0x1083, 0x1083, 0x1083, 0x1083,
	0x1083, 0x1083, 0x0862, 0x0000, 0x0000, 0x0000, 0x0000, 0x0000, 0x0000, 0x0000, 0x0000, 0x0000,
	0x0000, 0x0000, 0x0000, 0x0000, 0x0000, 0x0000, 0x0000, 0x0000, 0x0000, 0x0000, 0x0000, 0x0000,
	0x0000, 0x0000, 0x0000, 0x0000, 0x0000, 0x0000, 0x0000, 0x0000, 0x0000, 0x0000, 0x0000, 0x0000,
	0x0000, 0x0000, 0x0000, 0x0000, 0x0000, 0x0000, 0x0000, 0x0000, 0x0000, 0x0000, 0x0000, 0x0000,
	0x0000, 0x0000, 0x0000, 0x0021, 0x0841, 0x1083, 0x1083, 0x1083, 0x1083, 0x1083, 0x1083, 0x1083,
	0x1083, 0x1083, 0x1083, 0x1083, 0x1083, 0x1083, 0x1083, 0x1083, 0x1083, 0x1083, 0x1083, 0x1083,
	0x1083, 0x1083, 0x1083, 0x1083, 0x1083, 0x1083, 0x1083, 0x1083, 0x1083, 0x1083, 0x1083, 0x1083,
	0x1083, 0x1083, 0x1083, 0x1083, 0x1083, 0x1083, 0x1083, 0x1083, 0x1083, 0x1083, 0x1083, 0x1083,
	0x1083, 0x1083, 0x1083, 0x1083, 0x1083, 0x1083, 0x1083, 0x1083, 0x1083, 0x1083, 0x1083, 0x1083,
	0x1083, 0x1083, 0x1083, 0x1083, 0x1083, 0x1083, 0x1083, 0x1083, 0x1083, 0x1083, 0x1083, 0x1083,
	0x1083, 0x1083, 0x1083, 0x1083, 0x1083, 0x1083, 0x1083, 0x1083, 0x1083, 0x0862, 0x0000, 0x0000,
	0x0000, 0x0000, 0x0000, 0x0000, 0x0000, 0x0000, 0x0000, 0x0000, 0x0000, 0x0000, 0x0000, 0x0000,
	0x0000, 0x0000, 0x0000, 0x0000, 0x0000, 0x0000, 0x0000, 0x0000, 0x0000, 0x0000, 0x0000, 0x0000,
	0x0000, 0x0000, 0x0000, 0x0000, 0x0000, 0x0000, 0x0000, 0x0000, 0x0000, 0x0000, 0x0000, 0x0000,
	0x0000, 0x0000, 0x0000, 0x0000, 0x0000, 0x0000, 0x0000, 0x0000, 0x0000, 0x0020, 0x0862, 0x1083,
	0x10A3, 0x1083, 0x1083, 0x1083, 0x1083, 0x1083, 0x1083, 0x1083, 0x1083, 0x1083, 0x1083, 0x1083,
	0x1083, 0x1083, 0x1083, 0x1083, 0x1083, 0x1083, 0x1083, 0x1083, 0x1083, 0x1083, 0x1083, 0x1083,
	0x1083, 0x1083, 0x1083, 0x1083, 0x1083, 0x1083, 0x1083, 0x1083, 0x1083, 0x1083, 0x1083, 0x1083,
	0x1083, 0x1083, 0x1083, 0x1083, 0x1083, 0x1083, 0x1083, 0x1083, 0x1083, 0x1083, 0x1083, 0x1083,
	0x1083, 0x1083, 0x1083, 0x1083, 0x1083, 0x1083, 0x1083, 0x1083, 0x1083, 0x1083, 0x1083, 0x1083,
	0x1083, 0x1083, 0x1083, 0x1083, 0x1083, 0x1083, 0x1083, 0x1083, 0x1083, 0x1083, 0x1083, 0x1083,
	0x1083, 0x1083, 0x1083, 0x10A3, 0x0862, 0x0000, 0x0000, 0x0000, 0x0000, 0x0000, 0x0000, 0x0000,
	0x0000, 0x0000, 0x0000, 0x0000, 0x0000, 0x0000, 0x0000, 0x0000, 0x0000, 0x0000, 0x0000, 0x0000,
	0x0000, 0x0000, 0x0000, 0x0000, 0x0000, 0x0000, 0x0000, 0x0000, 0x0000, 0x0000, 0x0000, 0x0000,
	0x0000, 0x0000, 0x0000, 0x0000, 0x0000, 0x0000, 0x0000, 0x0000, 0x0000, 0x0000, 0x0000, 0x0000,
	0x0000, 0x0000, 0x0000, 0x0841, 0x1083, 0x1083, 0x1083, 0x1083, 0x1083, 0x1083, 0x1083, 0x1083,
	0x1083, 0x1083, 0x1083, 0x1083, 0x1083, 0x1083, 0x1083, 0x1083, 0x1083, 0x1083, 0x1083, 0x1083,
	0x1083, 0x1083, 0x1083, 0x1083, 0x1083, 0x1083, 0x1083, 0x1083, 0x1083, 0x1083, 0x1083, 0x1083,
	0x1083, 0x1083, 0x1083, 0x1083, 0x1083, 0x1083, 0x1083, 0x1083, 0x1083, 0x1083, 0x1083, 0x1083,
	0x1083, 0x1083, 0x1083, 0x1083, 0x1083, 0x1083, 0x1083, 0x1083, 0x1083, 0x1083, 0x1083, 0x1083,
	0x1083, 0x1083, 0x1083, 0x1083, 0x1083, 0x1083, 0x1083, 0x1083, 0x1083, 0x1083, 0x1083, 0x1083,
	0x1083, 0x1083, 0x1083, 0x1083, 0x1083, 0x1083, 0x1083, 0x1083, 0x1083, 0x1083, 0x1083, 0x0841,
	0x0000, 0x0000, 0x0000, 0x0000, 0x0000, 0x0000, 0x0000, 0x0000, 0x0000, 0x0000, 0x0000, 0x0000,
	0x0000, 0x0000, 0x0000, 0x0000, 0x0000, 0x0000, 0x0000, 0x0000, 0x0000, 0x0000, 0x0000, 0x0000,
	0x0000, 0x0000, 0x0000, 0x0000, 0x0000, 0x0000, 0x0000, 0x0000, 0x0000, 0x0000, 0x0000, 0x0000,
	0x0000, 0x0000, 0x0000, 0x0000, 0x0000, 0x0000, 0x0000, 0x0000, 0x0021, 0x0862, 0x1083, 0x1083,
	0x1083, 0x1083, 0x1083, 0x1083, 0x1083, 0x1083, 0x1083, 0x1083, 0x1083, 0x1083, 0x1083, 0x1083,
	0x1083, 0x1083, 0x1083, 0x1083, 0x1083, 0x1083, 0x1083, 0x1083, 0x1083, 0x1083, 0x1083, 0x1083,
	0x1083, 0x1083, 0x1083, 0x1083, 0x1083, 0x1083, 0x1083, 0x1083, 0x1083, 0x1083, 0x1083, 0x1083,
	0x1083, 0x1083, 0x1083, 0x1083, 0x1083, 0x1083, 0x1083, 0x1083, 0x1083, 0x1083, 0x1083, 0x1083,
	0x1083, 0x1083, 0x1083, 0x1083, 0x1083, 0x1083, 0x1083, 0x1083, 0x1083, 0x1083, 0x1083, 0x1083,
	0x1083, 0x1083, 0x1083, 0x1083, 0x1083, 0x1083, 0x1083, 0x1083, 0x1083, 0x1083, 0x1083, 0x1083,
	0x1083, 0x1083, 0x1083, 0x1083, 0x1083, 0x1083, 0x1083, 0x0020, 0x0000, 0x0000, 0x0000, 0x0000,
	0x0000, 0x0000, 0x0000, 0x0000, 0x0000, 0x0000, 0x0000, 0x0000, 0x0000, 0x0000, 0x0000, 0x0000,
	0x0000, 0x0000, 0x0000, 0x0000, 0x0000, 0x0000, 0x0000, 0x0000, 0x0000, 0x0000, 0x0000, 0x0000,
	0x0000, 0x0000, 0x0000, 0x0000, 0x0000, 0x0000, 0x0000, 0x0000, 0x0000, 0x0000, 0x0000, 0x0000,
	0x0000, 0x0000, 0x0841, 0x0862, 0x1083, 0x1083, 0x1083, 0x1083, 0x1083, 0x1083, 0x1083, 0x1083,
	0x1083, 0x1083, 0x1083, 0x1083, 0x1083, 0x1083, 0x1083, 0x1083, 0x1083, 0x1083, 0x1083, 0x1083,
	0x1083, 0x1083, 0x1083, 0x1083, 0x1083, 0x1083, 0x1083, 0x1083, 0x1083, 0x1083, 0x1083, 0x1083,
	0x1083, 0x1083, 0x1083, 0x1083, 0x1083, 0x1083, 0x1083, 0x1083, 0x1083, 0x1083, 0x1083, 0x1083,
	0x1083, 0x1083, 0x1083, 0x1083, 0x1083, 0x1083, 0x1083, 0x1083, 0x1083, 0x1083, 0x1083, 0x1083,
	0x1083, 0x1083, 0x1083, 0x1083, 0x1083, 0x1083, 0x1083, 0x1083, 0x1083, 0x1083, 0x1083, 0x1083,
	0x1083, 0x1083, 0x1083, 0x1083, 0x1083, 0x1083, 0x1083, 0x1083, 0x1083, 0x1083, 0x1083, 0x1083,
	0x1083, 0x1083, 0x1083, 0x1083, 0x0021, 0x0000, 0x0000, 0x0000, 0x0000, 0x0000, 0x0000, 0x0000,
	0x0000, 0x0000, 0x0000, 0x0000, 0x0000, 0x0000, 0x0000, 0x0000, 0x0000, 0x0000, 0x0000, 0x0000,
	0x0000, 0x0000, 0x0000, 0x0000, 0x0000, 0x0000, 0x0000, 0x0000, 0x0000, 0x0000, 0x0000, 0x0000,
	0x0000, 0x0000, 0x0000, 0x0000, 0x0000, 0x0000, 0x0000, 0x0021, 0x0841, 0x1083, 0x1083, 0x1083,
	0x1083, 0x1083, 0x1083, 0x1083, 0x1083, 0x1083, 0x1083, 0x1083, 0x1083, 0x1083, 0x1083, 0x1083,
	0x1083, 0x1083, 0x1083, 0x1083, 0x1083, 0x1083, 0x1083, 0x1083, 0x1083, 0x1083, 0x1083, 0x1083,
	0x1083, 0x1083, 0x1083, 0x1083, 0x1083, 0x1083, 0x1083, 0x1083, 0x1083, 0x1083, 0x1083, 0x1083,
	0x1083, 0x1083, 0x1083, 0x1083, 0x1083, 0x1083, 0x1083, 0x1083, 0x1083, 0x1083, 0x1083, 0x1083,
	0x1083, 0x1083, 0x1083, 0x1083, 0x1083, 0x1083, 0x1083, 0x1083, 0x1083, 0x1083, 0x1083, 0x1083,
	0x1083, 0x1083, 0x1083, 0x1083, 0x1083, 0x1083, 0x1083, 0x1083, 0x1083, 0x1083, 0x1083, 0x1083,
	0x1083, 0x1083, 0x1083, 0x1083, 0x1083, 0x1083, 0x1083, 0x1083, 0x1083, 0x1083, 0x1083, 0x1083,
	0x1083, 0x0021, 0x0000, 0x0000, 0x0000, 0x0000, 0x0000, 0x0000, 0x0000, 0x0000, 0x0000, 0x0000,
	0x0000, 0x0000, 0x0000, 0x0000, 0x0000, 0x0000, 0x0000, 0x0000, 0x0000, 0x0000, 0x0000, 0x0000,
	0x0000, 0x0000, 0x0000, 0x0000, 0x0000, 0x0000, 0x0000, 0x0000, 0x0000, 0x0000, 0x0000, 0x0000,
	0x0000, 0x0020, 0x0862, 0x1083, 0x10A3, 0x1083, 0x1083, 0x1083, 0x1083, 0x1083, 0x1083, 0x1083,
	0x1083, 0x1083, 0x1083, 0x1083, 0x1083, 0x1083, 0x1083, 0x1083, 0x1083, 0x1083, 0x1083, 0x1083,
	0x1083, 0x1083, 0x1083, 0x1083, 0x1083, 0x1083, 0x1083, 0x1083, 0x1083, 0x1083, 0x1083, 0x1083,
	0x1083, 0x1083, 0x1083, 0x1083, 0x1083, 0x1083, 0x1083, 0x1083, 0x1083, 0x1083, 0x1083, 0x1083,
	0x1083, 0x1083, 0x1083, 0x1083, 0x1083, 0x1083, 0x1083, 0x1083, 0x1083, 0x1083, 0x1083, 0x1083,
	0x1083, 0x1083, 0x1083, 0x1083, 0x1083, 0x1083, 0x1083, 0x1083, 0x1083, 0x1083, 0x1083, 0x1083,
	0x1083, 0x1083, 0x1083, 0x1083, 0x1083, 0x1083, 0x1083, 0x1083, 0x1083, 0x1083, 0x1083, 0x1083,
	0x1083, 0x1083, 0x1083, 0x1083, 0x1083, 0x1083, 0x1083, 0x1083, 0x1083, 0x1083, 0x0862, 0x0000,
	0x0000, 0x0000, 0x0000, 0x0000, 0x0000, 0x0000, 0x0000, 0x0000, 0x0000, 0x0000, 0x0000, 0x0000,
	0x0000, 0x0000, 0x0000, 0x0000, 0x0000, 0x0000, 0x0000, 0x0000, 0x0000, 0x0000, 0x0000, 0x0000,
	0x0000, 0x0000, 0x0000, 0x0000, 0x0000, 0x0000, 0x0000, 0x0841, 0x1083, 0x1083, 0x1083, 0x1083,
	0x1083, 0x1083, 0x1083, 0x1083, 0x1083, 0x1083, 0x1083, 0x1083, 0x1083, 0x1083, 0x1083, 0x1083,
	0x1083, 0x1083, 0x1083, 0x1083, 0x1083, 0x1083, 0x1083, 0x1083, 0x1083, 0x1083, 0x1083, 0x1083,
	0x1083, 0x1083, 0x1083, 0x1083, 0x1083, 0x1083, 0x1083, 0x1083, 0x1083, 0x1083, 0x1083, 0x1083,
	0x1083, 0x1083, 0x1083, 0x1083, 0x1083, 0x1083, 0x1083, 0x1083, 0x1083, 0x1083, 0x1083, 0x1083,
	0x1083, 0x1083, 0x1083, 0x1083, 0x1083, 0x1083, 0x1083, 0x1083, 0x1083, 0x1083, 0x1083, 0x1083,
	0x1083, 0x1083, 0x1083, 0x1083, 0x1083, 0x1083, 0x1083, 0x1083, 0x1083, 0x1083, 0x1083, 0x1083,
	0x1083, 0x1083, 0x1083, 0x1083, 0x1083, 0x1083, 0x1083, 0x1083, 0x1083, 0x1083, 0x1083, 0x1083,
	0x1083, 0x1083, 0x1083, 0x1083, 0x1083, 0x1083, 0x1083, 0x0862, 0x0000, 0x0000, 0x0000, 0x0000,
	0x0000, 0x0000, 0x0000, 0x0000, 0x0000, 0x0000, 0x0000, 0x0000, 0x0000, 0x0000, 0x0000, 0x0000,
	0x0000, 0x0000, 0x0000, 0x0000, 0x0000, 0x0000, 0x0000, 0x0000, 0x0000, 0x0000, 0x0000, 0x0000,
	0x0020, 0x0862, 0x1083, 0x1083, 0x1083, 0x1083, 0x1083, 0x1083, 0x1083, 0x1083, 0x1083, 0x1083,
	0x1083, 0x1083, 0x1083, 0x1083, 0x1083, 0x1083, 0x1083, 0x1083, 0x1083, 0x1083, 0x1083, 0x1083,
	0x1083, 0x1083, 0x1083, 0x1083, 0x1083, 0x1083, 0x1083, 0x1083, 0x1083, 0x1083, 0x1083, 0x1083,
	0x1083, 0x1083, 0x1083, 0x1083, 0x1083, 0x1083, 0x1083, 0x1083, 0x1083, 0x1083, 0x1083, 0x1083,
	0x1083, 0x1083, 0x1083, 0x1083, 0x1083, 0x1083, 0x1083, 0x1083, 0x1083, 0x1083, 0x1083, 0x1083,
	0x1083, 0x1083, 0x1083, 0x1083, 0x1083, 0x1083, 0x1083, 0x1083, 0x1083, 0x1083, 0x1083, 0x1083,
	0x1083, 0x1083, 0x1083, 0x1083, 0x1083, 0x1083, 0x1083, 0x1083, 0x1083, 0x1083, 0x1083, 0x1083,
	0x1083, 0x1083, 0x1083, 0x1083, 0x1083, 0x1083, 0x1083, 0x1083, 0x1083, 0x1083, 0x1083, 0x1083,
	0x1083, 0x1083, 0x1083, 0x1083, 0x0862, 0x0000, 0x0000, 0x0000, 0x0000, 0x0000, 0x0000, 0x0000,
	0x0000, 0x0000, 0x0000, 0x0000, 0x0000, 0x0000, 0x0000, 0x0000, 0x0000, 0x0000, 0x0000, 0x0000,
	0x0000, 0x0000, 0x0000, 0x0000, 0x0000, 0x0000, 0x0841, 0x1083, 0x1083, 0x1083, 0x1083, 0x1083,
	0x1083, 0x1083, 0x1083, 0x1083, 0x1083, 0x1083, 0x1083, 0x1083, 0x1083, 0x1083, 0x1083, 0x1083,
	0x1083, 0x1083, 0x1083, 0x1083, 0x1083, 0x1083, 0x1083, 0x1083, 0x1083, 0x1083, 0x1083, 0x1083,
	0x1083, 0x1083, 0x1083, 0x1083, 0x1083, 0x1083, 0x1083, 0x1083, 0x1083, 0x1083, 0x1083, 0x1083,
	0x1083, 0x1083, 0x1083, 0x1083, 0x1083, 0x1083, 0x1083, 0x1083, 0x1083, 0x1083, 0x1083, 0x1083,
	0x1083, 0x1083, 0x1083, 0x1083, 0x1083, 0x1083, 0x1083, 0x1083, 0x1083, 0x1083, 0x1083, 0x1083,
	0x1083, 0x1083, 0x1083, 0x1083, 0x1083, 0x1083, 0x1083, 0x1083, 0x1083, 0x1083, 0x1083, 0x1083,
	0x1083, 0x1083, 0x1083, 0x1083, 0x1083, 0x1083, 0x1083, 0x1083, 0x1083, 0x1083, 0x1083, 0x1083,
	0x1083, 0x1083, 0x1083, 0x1083, 0x1083, 0x1083, 0x1083, 0x1083, 0x1083, 0x1083, 0x1083, 0x1083,
	0x1083, 0x1083, 0x0020, 0x0000, 0x0000, 0x0000, 0x0000, 0x0000, 0x0000, 0x0000, 0x0000, 0x0000,
	0x0000, 0x0000, 0x0000, 0x0000, 0x0000, 0x0000, 0x0000, 0x0000, 0x0000, 0x0000, 0x0000, 0x0021,
	0x0841, 0x1083, 0x1083, 0x1083, 0x1083, 0x1083, 0x1083, 0x1083, 0x1083, 0x1083, 0x1083, 0x1083,
	0x1083, 0x1083, 0x1083, 0x1083, 0x1083, 0x1083, 0x1083, 0x1083, 0x1083, 0x1083, 0x1083, 0x1083,
	0x1083, 0x1083, 0x1083, 0x1083, 0x1083, 0x1083, 0x1083, 0x1083, 0x1083, 0x1083, 0x1083, 0x1083,
	0x1083, 0x1083, 0x1083, 0x1083, 0x1083, 0x1083, 0x1083, 0x1083, 0x1083, 0x1083, 0x1083, 0x1083,
	0x1083, 0x1083, 0x1083, 0x1083, 0x1083, 0x1083, 0x1083, 0x1083, 0x1083, 0x1083, 0x1083, 0x1083,
	0x1083, 0x1083, 0x1083, 0x1083, 0x1083, 0x1083, 0x1083, 0x1083, 0x1083, 0x1083, 0x1083, 0x1083,
	0x1083, 0x1083, 0x1083, 0x1083, 0x1083, 0x1083, 0x1083, 0x1083, 0x1083, 0x1083, 0x1083, 0x1083,
	0x1083, 0x1083, 0x1083, 0x1083, 0x1083, 0x1083, 0x1083, 0x1083, 0x1083, 0x1083, 0x1083, 0x1083,
	0x1083, 0x1083, 0x1083, 0x1083, 0x1083, 0x1083, 0x1083, 0x1083, 0x1083, 0x1083, 0x1083, 0x0020,
	0x0000, 0x0000, 0x0000, 0x0000, 0x0000, 0x0000, 0x0000, 0x0000, 0x0000, 0x0000, 0x0000, 0x0000,
	0x0000, 0x0000, 0x0000, 0x0000, 0x0000, 0x0841, 0x0862, 0x1083, 0x10A3, 0x1083, 0x1083, 0x1083,
	0x1083, 0x1083, 0x1083, 0x1083, 0x1083, 0x1083, 0x1083, 0x1083, 0x1083, 0x1083, 0x1083, 0x1083,
	0x1083, 0x1083, 0x1083, 0x1083, 0x1083, 0x1083, 0x1083, 0x1083, 0x1083, 0x1083, 0x1083, 0x1083,
	0x1083, 0x1083, 0x1083, 0x1083, 0x1083, 0x1083, 0x1083, 0x1083, 0x1083, 0x1083, 0x1083, 0x1083,
	0x1083, 0x1083, 0x1083, 0x1083, 0x1083, 0x1083, 0x1083, 0x1083, 0x1083, 0x1083, 0x1083, 0x1083,
	0x1083, 0x1083, 0x1083, 0x1083, 0x1083, 0x1083, 0x1083, 0x1083, 0x1083, 0x1083, 0x1083, 0x1083,
	0x1083, 0x1083, 0x1083, 0x1083, 0x1083, 0x1083, 0x1083, 0x1083, 0x1083, 0x1083, 0x1083, 0x1083,
	0x1083, 0x1083, 0x1083, 0x1083, 0x1083, 0x1083, 0x1083, 0x1083, 0x1083, 0x1083, 0x1083, 0x1083,
	0x1083, 0x1083, 0x1083, 0x1083, 0x1083, 0x1083, 0x1083, 0x1083, 0x1083, 0x1083, 0x1083, 0x1083,
	0x1083, 0x1083, 0x1083, 0x1083, 0x1083, 0x1083, 0x1083, 0x1083, 0x0021, 0x0000, 0x0000, 0x0000,
	0x0000, 0x0000, 0x0000, 0x0000, 0x0000, 0x0000, 0x0000, 0x0000, 0x0000, 0x0000, 0x0000, 0x0841,
	0x1083, 0x1083, 0x1083, 0x1083, 0x1083, 0x1083, 0x1083, 0x1083, 0x1083, 0x1083, 0x1083, 0x1083,
	0x1083, 0x1083, 0x1083, 0x1083, 0x1083, 0x1083, 0x1083, 0x1083, 0x1083, 0x1083, 0x1083, 0x1083,
	0x1083, 0x1083, 0x1083, 0x1083, 0x1083, 0x1083, 0x1083, 0x1083, 0x1083, 0x1083, 0x1083, 0x1083,
	0x1083, 0x1083, 0x1083, 0x1083, 0x1083, 0x1083, 0x1083, 0x1083, 0x1083, 0x1083, 0x1083, 0x1083,
	0x1083, 0x1083, 0x1083, 0x1083, 0x1083, 0x1083, 0x1083, 0x1083, 0x1083, 0x1083, 0x1083, 0x1083,
	0x1083, 0x1083, 0x1083, 0x1083, 0x1083, 0x1083, 0x1083, 0x1083, 0x1083, 0x1083, 0x1083, 0x1083,
	0x1083, 0x1083, 0x1083, 0x1083, 0x1083, 0x1083, 0x1083, 0x1083, 0x1083, 0x1083, 0x1083, 0x1083,
	0x1083, 0x1083, 0x1083, 0x1083, 0x1083, 0x1083, 0x1083, 0x1083, 0x1083, 0x1083, 0x1083, 0x1083,
	0x1083, 0x1083, 0x1083, 0x1083, 0x1083, 0x1083, 0x1083, 0x1083, 0x1083, 0x1083, 0x1083, 0x1083,
	0x1083, 0x1083, 0x1083, 0x1083, 0x1083, 0x0862, 0x0000, 0x0000, 0x0000, 0x0000, 0x0000, 0x0000,
	0x0000, 0x0000, 0x0000, 0x0000, 0x0020, 0x0862, 0x1083, 0x1083, 0x1083, 0x1083, 0x1083, 0x1083,
	0x1083, 0x1083, 0x1083, 0x1083, 0x1083, 0x1083, 0x1083, 0x1083, 0x1083, 0x1083, 0x1083, 0x1083,
	0x1083, 0x1083, 0x1083, 0x1083, 0x1083, 0x1083, 0x1083, 0x1083, 0x1083, 0x1083, 0x1083, 0x1083,
	0x1083, 0x1083, 0x1083, 0x1083, 0x1083, 0x1083, 0x1083, 0x1083, 0x1083, 0x1083, 0x1083, 0x1083,
	0x1083, 0x1083, 0x1083, 0x1083, 0x1083, 0x1083, 0x1083, 0x1083, 0x1083, 0x1083, 0x1083, 0x1083,
	0x1083, 0x1083, 0x1083, 0x1083, 0x1083, 0x1083, 0x1083, 0x1083, 0x1083, 0x1083, 0x1083, 0x1083,
	0x1083, 0x1083, 0x1083, 0x1083, 0x1083, 0x1083, 0x1083, 0x1083, 0x1083, 0x1083, 0x1083, 0x1083,
	0x1083, 0x1083, 0x1083, 0x1083, 0x1083, 0x1083, 0x1083, 0x1083, 0x1083, 0x1083, 0x1083, 0x1083,
	0x1083, 0x1083, 0x1083, 0x1083, 0x1083, 0x1083, 0x1083, 0x1083, 0x1083, 0x1083, 0x1083, 0x1083,
	0x1083, 0x1083, 0x1083, 0x1083, 0x1083, 0x1083, 0x1083, 0x1083, 0x1083, 0x1083, 0x1083, 0x1083,
	0x1083, 0x1083, 0x0862, 0x0000, 0x0000, 0x0000, 0x0000, 0x0000, 0x0000, 0x0000, 0x0841, 0x1083,
	0x1083, 0x1083, 0x1083, 0x1083, 0x1083, 0x1083, 0x1083, 0x1083, 0x1083, 0x1083, 0x1083, 0x1083,
	0x1083, 0x1083, 0x1083, 0x1083, 0x1083, 0x1083, 0x1083, 0x1083, 0x1083, 0x1083, 0x1083, 0x1083,
	0x1083, 0x1083, 0x1083, 0x1083, 0x1083, 0x1083, 0x1083, 0x1083, 0x1083, 0x1083, 0x1083, 0x1083,
	0x1083, 0x1083, 0x1083, 0x1083, 0x1083, 0x1083, 0x1083, 0x1083, 0x1083, 0x1083, 0x1083, 0x1083,
	0x1083, 0x1083, 0x1083, 0x1083, 0x1083, 0x1083, 0x1083, 0x1083, 0x1083, 0x1083, 0x1083, 0x1083,
	0x1083, 0x1083, 0x1083, 0x1083, 0x1083, 0x1083, 0x1083, 0x1083, 0x1083, 0x1083, 0x1083, 0x1083,
	0x1083, 0x1083, 0x1083, 0x1083, 0x1083, 0x1083, 0x1083, 0x1083, 0x1083, 0x1083, 0x1083, 0x1083,
	0x1083, 0x1083, 0x1083, 0x1083, 0x1083, 0x1083, 0x1083, 0x1083, 0x1083, 0x1083, 0x1083, 0x1083,
	0x1083, 0x1083, 0x1083, 0x1083, 0x1083, 0x1083, 0x1083, 0x1083, 0x1083, 0x1083, 0x1083, 0x1083,
	0x1083, 0x1083, 0x1083, 0x1083, 0x1083, 0x1083, 0x1083, 0x1083, 0x1083, 0x1083, 0x1083, 0x0862,
	0x0000, 0x0000, 0x0000, 0x0000, 0x0021, 0x1083, 0x1083, 0x1083, 0x1083, 0x1083, 0x1083, 0x1083,
	0x1083, 0x1083, 0x1083, 0x1083, 0x1083, 0x1083, 0x1083, 0x1083, 0x1083, 0x1083, 0x1083, 0x1083,
	0x1083, 0x1083, 0x1083, 0x1083, 0x1083, 0x1083, 0x1083, 0x1083, 0x1083, 0x1083, 0x1083, 0x1083,
	0x1083, 0x1083, 0x1083, 0x1083, 0x1083, 0x1083, 0x1083, 0x1083, 0x1083, 0x1083, 0x1083, 0x1083,
	0x1083, 0x1083, 0x1083, 0x1083, 0x1083, 0x1083, 0x1083, 0x1083, 0x1083, 0x1083, 0x1083, 0x1083,
	0x1083, 0x1083, 0x1083, 0x1083, 0x1083, 0x1083, 0x1083, 0x1083, 0x1083, 0x1083, 0x1083, 0x1083,
	0x1083, 0x1083, 0x1083, 0x1083, 0x1083, 0x1083, 0x1083, 0x1083, 0x1083, 0x1083, 0x1083, 0x1083,
	0x1083, 0x1083, 0x1083, 0x1083, 0x1083, 0x1083, 0x1083, 0x1083, 0x1083, 0x1083, 0x1083, 0x1083,
	0x1083, 0x1083, 0x1083, 0x1083, 0x1083, 0x1083, 0x1083, 0x1083, 0x1083, 0x1083, 0x1083, 0x1083,
	0x1083, 0x1083, 0x1083, 0x1083, 0x1083, 0x1083, 0x1083, 0x1083, 0x1083, 0x1083, 0x1083, 0x1083,
	0x1083, 0x1083, 0x1083, 0x1083, 0x1083, 0x1083, 0x1083, 0x1083, 0x1083, 0x0021, 0x0000, 0x0000,
	0x1083, 0x1083, 0x1083, 0x1083, 0x1083, 0x1083, 0x1083, 0x1083, 0x1083, 0x1083, 0x1083, 0x1083,
	0x1083, 0x1083, 0x1083, 0x1083, 0x1083, 0x1083, 0x1083, 0x1083, 0x1083, 0x1083, 0x1083, 0x1083,
	0x1083, 0x1083, 0x1083, 0x1083, 0x1083, 0x1083, 0x1083, 0x1083, 0x1083, 0x1083, 0x1083, 0x1083,
	0x1083, 0x1083, 0x1083, 0x1083, 0x1083, 0x1083, 0x1083, 0x1083, 0x1083, 0x1083, 0x1083, 0x1083,
	0x1083, 0x1083, 0x1083, 0x1083, 0x1083, 0x1083, 0x1083, 0x1083, 0x1083, 0x1083, 0x1083, 0x1083,
	0x1083, 0x1083, 0x1083, 0x1083, 0x1083, 0x1083, 0x1083, 0x1083, 0x1083, 0x1083, 0x1083, 0x1083,
	0x1083, 0x1083, 0x1083, 0x1083, 0x1083, 0x1083, 0x1083, 0x1083, 0x1083, 0x1083, 0x1083, 0x1083,
	0x1083, 0x1083, 0x1083, 0x1083, 0x1083, 0x1083, 0x1083, 0x1083, 0x1083, 0x1083, 0x1083, 0x1083,
	0x1083, 0x1083, 0x1083, 0x1083, 0x1083, 0x1083, 0x1083, 0x1083, 0x1083, 0x1083, 0x1083, 0x1083,
	0x1083, 0x1083, 0x1083, 0x1083, 0x1083, 0x1083, 0x1083, 0x1083, 0x1083, 0x1083, 0x1083, 0x1083,
	0x1083, 0x1083, 0x1083, 0x1083, 0x1083, 0x1083, 0x0020, 0x0000, 0x1083, 0x1083, 0x1083, 0x1083,
	0x1083, 0x1083, 0x1083, 0x1083, 0x1083, 0x1083, 0x1083, 0x1083, 0x1083, 0x1083, 0x1083, 0x1083,
	0x1083, 0x1083, 0x1083, 0x1083, 0x1083, 0x1083, 0x1083, 0x1083, 0x1083, 0x1083, 0x1083, 0x1083,
	0x1083, 0x1083, 0x1083, 0x1083, 0x1083, 0x1083, 0x1083, 0x1083, 0x1083, 0x1083, 0x1083, 0x1083,
	0x1083, 0x1083, 0x1083, 0x1083, 0x1083, 0x1083, 0x1083, 0x1083, 0x1083, 0x1083, 0x1083, 0x1083,
	0x1083, 0x1083, 0x1083, 0x1083, 0x1083, 0x1083, 0x1083, 0x1083, 0x1083, 0x1083, 0x1083, 0x1083,
	0x1083, 0x1083, 0x1083, 0x1083, 0x1083, 0x1083, 0x1083, 0x1083, 0x1083, 0x1083, 0x1083, 0x1083,
	0x1083, 0x1083, 0x1083, 0x1083, 0x1083, 0x1083, 0x1083, 0x1083, 0x1083, 0x1083, 0x1083, 0x1083,
	0x1083, 0x1083, 0x1083, 0x1083, 0x1083, 0x1083, 0x1083, 0x1083, 0x1083, 0x1083, 0x1083, 0x1083,
	0x1083, 0x1083, 0x1083, 0x1083, 0x1083, 0x1083, 0x1083, 0x1083, 0x1083, 0x1083, 0x1083, 0x1083,
	0x1083, 0x1083, 0x1083, 0x1083, 0x1083, 0x1083, 0x1083, 0x1083, 0x1083, 0x1083, 0x1083, 0x1083,
	0x1083, 0x1083, 0x1083, 0x0021, 0x1083, 0x1083, 0x1083, 0x1083, 0x1083, 0x1083, 0x1083, 0x1083,
	0x1083, 0x1083, 0x1083, 0x1083, 0x1083, 0x1083, 0x1083, 0x1083, 0x1083, 0x1083, 0x1083, 0x1083,
	0x1083, 0x1083, 0x1083, 0x1083, 0x1083, 0x1083, 0x1083, 0x1083, 0x1083, 0x1083, 0x1083, 0x1083,
	0x1083, 0x1083, 0x1083, 0x1083, 0x1083, 0x1083, 0x1083, 0x1083, 0x1083, 0x1083, 0x1083, 0x1083,
	0x1083, 0x1083, 0x1083, 0x1083, 0x1083, 0x1083, 0x1083, 0x1083, 0x1083, 0x1083, 0x1083, 0x1083,
	0x1083, 0x1083, 0x1083, 0x1083, 0x1083, 0x1083, 0x1083, 0x1083, 0x1083, 0x1083, 0x1083, 0x1083,
	0x1083, 0x1083, 0x1083, 0x1083, 0x1083, 0x1083, 0x1083, 0x1083, 0x1083, 0x1083, 0x1083, 0x1083,
	0x1083, 0x1083, 0x1083, 0x1083, 0x1083, 0x1083, 0x1083, 0x1083, 0x1083, 0x1083, 0x1083, 0x1083,
	0x1083, 0x1083, 0x1083, 0x1083, 0x1083, 0x1083, 0x1083, 0x1083, 0x1083, 0x1083, 0x1083, 0x1083,
	0x1083, 0x1083, 0x1083, 0x1083, 0x1083, 0x1083, 0x1083, 0x1083, 0x1083, 0x1083, 0x1083, 0x1083,
	0x1083, 0x1083, 0x1083, 0x1083, 0x1083, 0x1083, 0x1083, 0x1083, 0x1083, 0x1083, 0x1083, 0x1083,
	0x1083, 0x1083, 0x1083, 0x1083, 0x1083, 0x1083, 0x1083, 0x1083, 0x1083, 0x1083, 0x1083, 0x1083,
	0x1083, 0x1083, 0x1083, 0x1083, 0x1083, 0x1083, 0x1083, 0x1083, 0x1083, 0x1083, 0x1083, 0x1083,
	0x1083, 0x1083, 0x1083, 0x1083, 0x1083, 0x1083, 0x1083, 0x1083, 0x1083, 0x1083, 0x1083, 0x1083,
	0x1083, 0x1083, 0x1083, 0x1083, 0x1083, 0x1083, 0x1083, 0x1083, 0x1083, 0x1083, 0x1083, 0x1083,
	0x1083, 0x1083, 0x1083, 0x1083, 0x1083, 0x1083, 0x1083, 0x1083, 0x1083, 0x1083, 0x1083, 0x1083,
	0x1083, 0x1083, 0x1083, 0x1083, 0x1083, 0x1083, 0x1083, 0x1083, 0x1083, 0x1083, 0x1083, 0x1083,
	0x1083, 0x1083, 0x1083, 0x1083, 0x1083, 0x1083, 0x1083, 0x1083, 0x1083, 0x1083, 0x1083, 0x1083,
	0x1083, 0x1083, 0x1083, 0x1083, 0x1083, 0x1083, 0x1083, 0x1083, 0x1083, 0x1083, 0x1083, 0x1083,
	0x1083, 0x1083, 0x1083, 0x1083, 0x1083, 0x1083, 0x1083, 0x1083, 0x1083, 0x1083, 0x1083, 0x1083,
	0x1083, 0x1083, 0x1083, 0x1083, 0x1083, 0x1083, 0x1083, 0x1083, 0x1083, 0x1083, 0x1083, 0x1083,
	0x1083, 0x1083, 0x1083, 0x1083, 0x1083, 0x1083, 0x1083, 0x1083, 0x1083, 0x1083, 0x1083, 0x1083,
	0x1083, 0x1083, 0x1083, 0x1083, 0x1083, 0x1083, 0x1083, 0x1083, 0x1083, 0x1083, 0x1083, 0x1083,
	0x1083, 0x1083, 0x1083, 0x1083, 0x1083, 0x1083, 0x1083, 0x1083, 0x1083, 0x1083, 0x1083, 0x1083,
	0x1083, 0x1083, 0x1083, 0x1083, 0x1083, 0x1083, 0x1083, 0x1083, 0x1083, 0x1083, 0x1083, 0x1083,
	0x1083, 0x1083, 0x1083, 0x1083, 0x1083, 0x1083, 0x1083, 0x1083, 0x1083, 0x1083, 0x1083, 0x1083,
	0x1083, 0x1083, 0x1083, 0x1083, 0x1083, 0x1083, 0x1083, 0x1083, 0x1083, 0x1083, 0x1083, 0x1083,
	0x1083, 0x1083, 0x1083, 0x1083, 0x1083, 0x1083, 0x1083, 0x1083, 0x1083, 0x1083, 0x1083, 0x1083,
	0x1083, 0x1083, 0x1083, 0x1083, 0x1083, 0x1083, 0x1083, 0x1083, 0x1083, 0x1083, 0x1083, 0x1083,
	0x1083, 0x1083, 0x1083, 0x1083, 0x1083, 0x1083, 0x1083, 0x1083, 0x1083, 0x1083, 0x1083, 0x1083,
	0x1083, 0x1083, 0x1083, 0x1083, 0x1083, 0x1083, 0x1083, 0x1083, 0x1083, 0x1083, 0x1083, 0x1083,
	0x1083, 0x1083, 0x1083, 0x1083, 0x1083, 0x1083, 0x1083, 0x1083, 0x1083, 0x1083, 0x1083, 0x1083,
	0x1083, 0x1083, 0x1083, 0x1083, 0x1083, 0x1083, 0x1083, 0x1083, 0x1083, 0x1083, 0x1083, 0x1083,
	0x1083, 0x1083, 0x1083, 0x1083, 0x1083, 0x1083, 0x1083, 0x1083, 0x1083, 0x1083, 0x1083, 0x1083,
	0x1083, 0x1083, 0x1083, 0x1083, 0x1083, 0x1083, 0x1083, 0x1083, 0x1083, 0x1083, 0x1083, 0x1083,
	0x1083, 0x1083, 0x1083, 0x1083, 0x1083, 0x1083, 0x1083, 0x1083, 0x1083, 0x1083, 0x1083, 0x1083,
	0x1083, 0x1083, 0x1083, 0x1083, 0x1083, 0x1083, 0x1083, 0x1083, 0x1083, 0x1083, 0x1083, 0x1083,
	0x1083, 0x1083, 0x1083, 0x1083, 0x1083, 0x1083, 0x1083, 0x1083, 0x1083, 0x1083, 0x1083, 0x1083,
	0x1083, 0x1083, 0x1083, 0x1083, 0x1083, 0x1083, 0x1083, 0x1083, 0x1083, 0x1083, 0x1083, 0x1083,
	0x1083, 0x1083, 0x1083, 0x1083, 0x1083, 0x1083, 0x1083, 0x1083, 0x1083, 0x1083, 0x1083, 0x1083,
	0x1083, 0x1083, 0x1083, 0x1083, 0x1083, 0x1083, 0x1083, 0x1083, 0x1083, 0x1083, 0x1083, 0x1083,
	0x1083, 0x1083, 0x1083, 0x1083, 0x1083, 0x1083, 0x1083, 0x1083, 0x1083, 0x1083, 0x1083, 0x1083,
	0x1083, 0x1083, 0x1083, 0x1083, 0x1083, 0x1083, 0x1083, 0x1083, 0x1083, 0x1083, 0x1083, 0x1083,
	0x1083, 0x1083, 0x1083, 0x1083, 0x1083, 0x1083, 0x1083, 0x1083, 0x1083, 0x1083, 0x1083, 0x1083,
	0x1083, 0x1083, 0x1083, 0x1083, 0x1083, 0x1083, 0x1083, 0x1083, 0x1083, 0x1083, 0x1083, 0x1083,
	0x1083, 0x1083, 0x1083, 0x1083, 0x1083, 0x1083, 0x1083, 0x1083, 0x1083, 0x1083, 0x1083, 0x1083,
	0x1083, 0x1083, 0x1083, 0x1083, 0x1083, 0x1083, 0x1083, 0x1083, 0x1083, 0x1083, 0x1083, 0x1083,
	0x1083, 0x1083, 0x1083, 0x1083, 0x1083, 0x1083, 0x1083, 0x1083, 0x1083, 0x1083, 0x1083, 0x1083,
	0x1083, 0x1083, 0x1083, 0x1083, 0x1083, 0x1083, 0x1083, 0x1083, 0x1083, 0x1083, 0x1083, 0x1083,
	0x1083, 0x1083, 0x1083, 0x1083, 0x1083, 0x1083, 0x1083, 0x1083, 0x1083, 0x1083, 0x1083, 0x1083,
	0x1083, 0x1083, 0x1083, 0x1083, 0x1083, 0x1083, 0x1083, 0x1083, 0x1083, 0x1083, 0x1083, 0x1083,
	0x1083, 0x1083, 0x1083, 0x1083, 0x1083, 0x1083, 0x1083, 0x1083, 0x1083, 0x1083, 0x1083, 0x1083,
	0x1083, 0x1083, 0x1083, 0x1083, 0x1083, 0x1083, 0x1083, 0x1083, 0x1083, 0x1083, 0x1083, 0x1083,
	0x1083, 0x1083, 0x1083, 0x1083, 0x1083, 0x1083, 0x1083, 0x1083, 0x1083, 0x1083, 0x1083, 0x1083,
	0x1083, 0x1083, 0x1083, 0x1083, 0x1083, 0x1083, 0x1083, 0x1083, 0x1083, 0x1083, 0x1083, 0x1083,
	0x1083, 0x1083, 0x1083, 0x1083, 0x1083, 0x1083, 0x1083, 0x1083, 0x1083, 0x1083, 0x1083, 0x1083,
	0x1083, 0x1083, 0x1083, 0x1083, 0x1083, 0x1083, 0x1083, 0x1083, 0x1083, 0x1083, 0x1083, 0x1083,
	0x1083, 0x1083, 0x1083, 0x1083, 0x1083, 0x1083, 0x1083, 0x1083, 0x1083, 0x1083, 0x1083, 0x1083,
	0x1083, 0x1083, 0x1083, 0x1083, 0x1083, 0x1083, 0x1083, 0x1083, 0x1083, 0x1083, 0x1083, 0x1083,
	0x1083, 0x1083, 0x1083, 0x1083, 0x1083, 0x1083, 0x1083, 0x1083, 0x1083, 0x1083, 0x1083, 0x1083,
	0x1083, 0x1083, 0x1083, 0x1083, 0x1083, 0x1083, 0x1083, 0x1083, 0x1083, 0x1083, 0x1083, 0x1083,
	0x1083, 0x1083, 0x1083, 0x1083, 0x1083, 0x1083, 0x1083, 0x1083, 0x1083, 0x1083, 0x1083, 0x1083,
	0x1083, 0x1083, 0x1083, 0x1083, 0x1083, 0x1083, 0x1083, 0x1083, 0x1083, 0x1083, 0x1083, 0x1083,
	0x1083, 0x1083, 0x1083, 0x1083, 0x1083, 0x1083, 0x1083, 0x1083, 0x1083, 0x1083, 0x1083, 0x1083,
	0x1083, 0x1083, 0x1083, 0x1083, 0x1083, 0x1083, 0x1083, 0x1083, 0x1083, 0x1083, 0x1083, 0x1083,
	0x1083, 0x1083, 0x1083, 0x1083, 0x1083, 0x1083, 0x1083, 0x1083, 0x1083, 0x1083, 0x1083, 0x1083,
	0x1083, 0x1083, 0x1083, 0x1083, 0x1083, 0x1083, 0x1083, 0x1083, 0x1083, 0x1083, 0x1083, 0x1083,
	0x1083, 0x1083, 0x1083, 0x1083, 0x1083, 0x1083, 0x1083, 0x1083, 0x1083, 0x1083, 0x1083, 0x1083,
	0x1083, 0x1083, 0x1083, 0x1083, 0x1083, 0x1083, 0x1083, 0x1083, 0x1083, 0x1083, 0x1083, 0x1083,
	0x1083, 0x1083, 0x1083, 0x1083, 0x1083, 0x1083, 0x1083, 0x1083, 0x1083, 0x1083, 0x1083, 0x1083,
	0x1083, 0x1083, 0x1083, 0x1083, 0x1083, 0x1083, 0x1083, 0x1083, 0x1083, 0x1083, 0x1083, 0x1083,
	0x1083, 0x1083, 0x1083, 0x1083, 0x1083, 0x1083, 0x1083, 0x1083, 0x1083, 0x1083, 0x1083, 0x1083,
	0x1083, 0x1083, 0x1083, 0x1083, 0x1083, 0x1083, 0x1083, 0x1083, 0x1083, 0x1083, 0x1083, 0x1083,
	0x1083, 0x1083, 0x1083, 0x1083, 0x1083, 0x1083, 0x1083, 0x1083, 0x1083, 0x1083, 0x1083, 0x1083,
	0x1083, 0x1083, 0x1083, 0x1083, 0x1083, 0x1083, 0x1083, 0x1083, 0x1083, 0x1083, 0x1083, 0x1083,
	0x1083, 0x1083, 0x1083, 0x1083, 0x1083, 0x1083, 0x1083, 0x1083, 0x1083, 0x1083, 0x1083, 0x1083,
	0x1083, 0x1083, 0x1083, 0x1083, 0x1083, 0x1083, 0x1083, 0x1083, 0x1083, 0x1083, 0x1083, 0x1083,
	0x1083, 0x1083, 0x1083, 0x1083, 0x1083, 0x1083, 0x1083, 0x1083, 0x1083, 0x1083, 0x1083, 0x1083,
	0x1083, 0x1083, 0x1083, 0x1083, 0x1083, 0x1083, 0x1083, 0x1083, 0x1083, 0x1083, 0x1083, 0x1083,
	0x1083, 0x1083, 0x1083, 0x1083, 0x1083, 0x1083, 0x1083, 0x1083, 0x1083, 0x1083, 0x1083, 0x1083,
	0x1083, 0x1083, 0x1083, 0x1083, 0x1083, 0x1083, 0x1083, 0x1083, 0x1083, 0x1083, 0x1083, 0x1083,
	0x1083, 0x1083, 0x1083, 0x1083, 0x1083, 0x1083, 0x1083, 0x1083, 0x1083, 0x1083, 0x1083, 0x1083,
	0x1083, 0x1083, 0x1083, 0x1083, 0x1083, 0x1083, 0x1083, 0x1083, 0x1083, 0x1083, 0x1083, 0x1083,
	0x1083, 0x1083, 0x1083, 0x1083, 0x1083, 0x1083, 0x1083, 0x1083, 0x1083, 0x1083, 0x1083, 0x1083,
	0x1083, 0x1083, 0x1083, 0x1083, 0x1083, 0x1083, 0x1083, 0x1083, 0x1083, 0x1083, 0x1083, 0x1083,
	0x1083, 0x1083, 0x1083, 0x1083, 0x1083, 0x1083, 0x1083, 0x1083, 0x1083, 0x1083, 0x1083, 0x1083,
	0x1083, 0x1083, 0x1083, 0x1083, 0x1083, 0x1083, 0x1083, 0x1083, 0x1083, 0x1083, 0x1083, 0x1083,
	0x1083, 0x1083, 0x1083, 0x1083, 0x1083, 0x1083, 0x1083, 0x1083, 0x1083, 0x1083, 0x1083, 0x1083,
	0x1083, 0x1083, 0x1083, 0x1083, 0x1083, 0x1083, 0x1083, 0x1083, 0x1083, 0x1083, 0x1083, 0x1083,
	0x1083, 0x1083, 0x1083, 0x1083, 0x1083, 0x1083, 0x1083, 0x1083, 0x1083, 0x1083, 0x1083, 0x1083,
	0x1083, 0x1083, 0x1083, 0x1083, 0x1083, 0x1083, 0x1083, 0x1083, 0x1083, 0x1083, 0x1083, 0x1083,
	0x1083, 0x1083, 0x1083, 0x1083, 0x1083, 0x1083, 0x1083, 0x1083, 0x1083, 0x1083, 0x1083, 0x1083,
	0x1083, 0x1083, 0x1083, 0x1083, 0x1083, 0x1083, 0x1083, 0x1083, 0x1083, 0x1083, 0x1083, 0x1083,
	0x1083, 0x1083, 0x1083, 0x1083, 0x1083, 0x1083, 0x1083, 0x1083, 0x1083, 0x1083, 0x1083, 0x1083,
	0x1083, 0x1083, 0x1083, 0x1083, 0x1083, 0x1083, 0x1083, 0x1083, 0x1083, 0x1083, 0x1083, 0x1083,
	0x1083, 0x1083, 0x1083, 0x1083, 0x1083, 0x1083, 0x1083, 0x1083, 0x1083, 0x1083, 0x1083, 0x1083,
	0x1083, 0x1083, 0x1083, 0x1083, 0x1083, 0x1083, 0x1083, 0x1083, 0x1083, 0x1083, 0x1083, 0x1083,
	0x1083, 0x1083, 0x1083, 0x1083, 0x1083, 0x1083, 0x1083, 0x1083, 0x1083, 0x1083, 0x1083, 0x1083,
	0x1083, 0x1083, 0x1083, 0x1083, 0x1083, 0x1083, 0x1083, 0x1083, 0x1083, 0x1083, 0x1083, 0x1083,
	0x1083, 0x1083, 0x1083, 0x1083, 0x1083, 0x1083, 0x1083, 0x1083, 0x1083, 0x1083, 0x1083, 0x1083,
	0x1083, 0x1083, 0x1083, 0x1083, 0x1083, 0x1083, 0x1083, 0x1083, 0x1083, 0x1083, 0x1083, 0x1083,
	0x1083, 0x1083, 0x1083, 0x1083, 0x1083, 0x1083, 0x1083, 0x1083, 0x1083, 0x1083, 0x1083, 0x1083,
	0x1083, 0x1083, 0x1083, 0x1083, 0x1083, 0x1083, 0x1083, 0x1083, 0x1083, 0x1083, 0x1083, 0x1083,
	0x1083, 0x1083, 0x1083, 0x1083, 0x1083, 0x1083, 0x1083, 0x1083, 0x1083, 0x1083, 0x1083, 0x1083,
	0x1083, 0x1083, 0x1083, 0x1083, 0x1083, 0x1083, 0x1083, 0x1083, 0x1083, 0x1083, 0x1083, 0x1083,
	0x1083, 0x1083, 0x1083, 0x1083, 0x1083, 0x1083, 0x1083, 0x1083, 0x1083, 0x1083, 0x1083, 0x1083,
	0x1083, 0x1083, 0x1083, 0x1083, 0x1083, 0x1083, 0x1083, 0x1083, 0x1083, 0x1083, 0x1083, 0x1083,
	0x1083, 0x1083, 0x1083, 0x1083, 0x1083, 0x1083, 0x1083, 0x1083, 0x1083, 0x1083, 0x1083, 0x1083,
	0x1083, 0x1083, 0x1083, 0x1083, 0x1083, 0x1083, 0x1083, 0x1083, 0x1083, 0x1083, 0x1083, 0x1083,
	0x1083, 0x1083, 0x1083, 0x1083, 0x1083, 0x1083, 0x1083, 0x1083, 0x1083, 0x1083, 0x1083, 0x1083,
	0x1083, 0x1083, 0x1083, 0x1083, 0x1083, 0x1083, 0x1083, 0x1083, 0x1083, 0x1083, 0x1083, 0x1083,
	0x1083, 0x1083, 0x1083, 0x1083, 0x1083, 0x1083, 0x1083, 0x1083, 0x1083, 0x1083, 0x1083, 0x1083,
	0x1083, 0x1083, 0x1083, 0x1083, 0x1083, 0x1083, 0x1083, 0x1083, 0x1083, 0x1083, 0x1083, 0x1083,
	0x1083, 0x1083, 0x1083, 0x1083, 0x1083, 0x1083, 0x1083, 0x1083, 0x1083, 0x1083, 0x1083, 0x1083,
	0x1083, 0x1083, 0x1083, 0x1083, 0x1083, 0x1083, 0x1083, 0x1083, 0x1083, 0x1083, 0x1083, 0x1083,
	0x1083, 0x1083, 0x1083, 0x1083, 0x1083, 0x1083, 0x1083, 0x1083, 0x1083, 0x1083, 0x1083, 0x1083,
	0x1083, 0x1083, 0x1083, 0x1083, 0x1083, 0x1083, 0x1083, 0x1083, 0x1083, 0x1083, 0x1083, 0x1083,
	0x1083, 0x1083, 0x1083, 0x1083, 0x1083, 0x1083, 0x1083, 0x0862, 0x1083, 0x1083, 0x1083, 0x1083,
	0x1083, 0x1083, 0x1083, 0x1083, 0x1083, 0x1083, 0x1083, 0x1083, 0x1083, 0x1083, 0x1083, 0x1083,
	0x1083, 0x1083, 0x1083, 0x1083, 0x1083, 0x1083, 0x1083, 0x1083, 0x1083, 0x1083, 0x1083, 0x1083,
	0x1083, 0x1083, 0x1083, 0x1083, 0x1083, 0x1083, 0x1083, 0x1083, 0x1083, 0x1083, 0x1083, 0x1083,
	0x1083, 0x1083, 0x1083, 0x1083, 0x1083, 0x1083, 0x1083, 0x1083, 0x1083, 0x1083, 0x1083, 0x1083,
	0x1083, 0x1083, 0x1083, 0x1083, 0x1083, 0x1083, 0x1083, 0x1083, 0x1083, 0x1083, 0x1083, 0x1083,
	0x1083, 0x1083, 0x1083, 0x1083, 0x1083, 0x1083, 0x1083, 0x1083, 0x1083, 0x1083, 0x1083, 0x1083,
	0x1083, 0x1083, 0x1083, 0x1083, 0x1083, 0x1083, 0x1083, 0x1083, 0x1083, 0x1083, 0x1083, 0x1083,
	0x1083, 0x1083, 0x1083, 0x1083, 0x1083, 0x1083, 0x1083, 0x1083, 0x1083, 0x1083, 0x1083, 0x1083,
	0x1083, 0x1083, 0x1083, 0x1083, 0x1083, 0x1083, 0x1083, 0x1083, 0x1083, 0x1083, 0x1083, 0x1083,
	0x1083, 0x1083, 0x1083, 0x1083, 0x1083, 0x1083, 0x1083, 0x1083, 0x1083, 0x1083, 0x1083, 0x1083,
	0x1083, 0x1083, 0x0862, 0x0000,
};
