/* From ~/picojet/app/assets (picojet tools/convert_assets.py). Shipped with
   Gustavo Pezzi's pikuma.com 3D graphics course; picojet keeps it "under
   whatever terms they arrived with" (picojet LICENSE). Copied as is, with
   <stdint.h> for C. */
// Generated from efa.png by tools/convert_assets.py
// RGB565, row-major. const so it stays in flash and is sampled in place.
#pragma once
#include <stdint.h>

#define TEX_EFA_W 128
#define TEX_EFA_H 128

static const uint16_t tex_efa_data[16384] = {
	0x0000, 0x0000, 0x0000, 0x0000, 0x0000, 0x0000, 0x0000, 0x0000, 0x0000, 0x0000, 0x0000, 0x0000,
	0x0000, 0x0000, 0x0000, 0x0000, 0x0000, 0x0000, 0x0000, 0x0000, 0x0000, 0x0000, 0x0000, 0x0000,
	0x0000, 0x0000, 0x0000, 0x0000, 0x0000, 0x0000, 0x0000, 0x0000, 0x0000, 0x0000, 0x0000, 0x0000,
	0x0000, 0x0000, 0x0000, 0x0000, 0x0000, 0x0000, 0x0000, 0x0000, 0x0000, 0x0000, 0x0000, 0x0000,
	0x0000, 0x0000, 0x0000, 0x0000, 0x0000, 0x0000, 0x0000, 0x0000, 0x0000, 0x0000, 0x0000, 0x0000,
	0x0000, 0x0000, 0x0000, 0x0000, 0x0000, 0x0000, 0x0000, 0x0000, 0x0000, 0x0000, 0x0000, 0x0000,
	0x0000, 0x0000, 0x0000, 0x0000, 0x0000, 0x0000, 0x0000, 0x0000, 0x0000, 0x0000, 0x0000, 0x0000,
	0x0000, 0x0000, 0x0000, 0x0000, 0x0000, 0x0020, 0x5ACC, 0x5B0D, 0x5AEC, 0x5B0C, 0x5B0C, 0x52EB,
	0x52AB, 0x52AA, 0x4A6A, 0x4A69, 0x4A69, 0x4249, 0x4249, 0x4249, 0x4249, 0x4249, 0x4A8A, 0x4A8A,
	0x4A8A, 0x4AAA, 0x31C7, 0x0000, 0x0000, 0x0000, 0x0000, 0x0000, 0x0000, 0x0000, 0x0000, 0x0000,
	0x0000, 0x0000, 0x0000, 0x0000, 0x0000, 0x0000, 0x0000, 0x0000, 0x0000, 0x0000, 0x0000, 0x0000,
	0x0000, 0x0000, 0x0000, 0x0000, 0x0000, 0x0000, 0x0000, 0x0000, 0x0000, 0x0000, 0x0000, 0x0000,
	0x0000, 0x0000, 0x0000, 0x0000, 0x0000, 0x0000, 0x0000, 0x0000, 0x0000, 0x0000, 0x0000, 0x0000,
	0x0000, 0x0000, 0x0000, 0x0000, 0x0000, 0x0000, 0x0000, 0x0000, 0x0000, 0x0000, 0x0000, 0x0000,
	0x0000, 0x0000, 0x0000, 0x0000, 0x0000, 0x0000, 0x0000, 0x0000, 0x0000, 0x0000, 0x0000, 0x0000,
	0x0000, 0x0000, 0x0000, 0x0000, 0x0000, 0x0000, 0x0000, 0x0000, 0x0000, 0x0000, 0x0000, 0x0000,
	0x0000, 0x0000, 0x0000, 0x0000, 0x0000, 0x0000, 0x0000, 0x0000, 0x0000, 0x0000, 0x0000, 0x0000,
	0x0000, 0x0000, 0x0000, 0x0000, 0x0000, 0x0000, 0x0000, 0x0000, 0x0000, 0x0000, 0x0000, 0x0000,
	0x0000, 0x0020, 0x5ACC, 0x630D, 0x5AEC, 0x5AEC, 0x5B0C, 0x52EB, 0x4AAA, 0x4A8A, 0x4269, 0x4A69,
	0x4A69, 0x4249, 0x4249, 0x4249, 0x4249, 0x4249, 0x4A8A, 0x4A8A, 0x4A8A, 0x4A8A, 0x31A6, 0x0000,
	0x0000, 0x0000, 0x0000, 0x0000, 0x0000, 0x0000, 0x0000, 0x0000, 0x0000, 0x0000, 0x0000, 0x0000,
	0x0000, 0x0000, 0x0000, 0x0000, 0x0000, 0x0000, 0x0000, 0x0000, 0x0000, 0x0000, 0x0000, 0x0000,
	0x0000, 0x0000, 0x0000, 0x0000, 0x0000, 0x0000, 0x0000, 0x0000, 0x0000, 0x0000, 0x0000, 0x0000,
	0x0000, 0x0000, 0x0000, 0x0000, 0x0000, 0x0000, 0x0000, 0x0000, 0x0000, 0x0000, 0x0000, 0x0000,
	0x0000, 0x0000, 0x0000, 0x0000, 0x0000, 0x0000, 0x0000, 0x0000, 0x0000, 0x0000, 0x0000, 0x0000,
	0x0000, 0x0000, 0x0000, 0x0000, 0x0000, 0x0000, 0x0000, 0x0000, 0x0000, 0x0000, 0x0000, 0x0000,
	0x0000, 0x0000, 0x0000, 0x0000, 0x0000, 0x0000, 0x0000, 0x0000, 0x0000, 0x0000, 0x0000, 0x0000,
	0x0000, 0x0000, 0x0000, 0x0000, 0x0000, 0x0000, 0x0000, 0x0000, 0x0000, 0x0000, 0x0000, 0x0000,
	0x0000, 0x0000, 0x0000, 0x0000, 0x0000, 0x0000, 0x0000, 0x0000, 0x0000, 0x0020, 0x5ACC, 0x5B0C,
	0x5AEC, 0x5AEC, 0x5B0D, 0x5AEB, 0x4A8A, 0x4249, 0x4249, 0x4A6A, 0x4A69, 0x4249, 0x4249, 0x4249,
	0x4249, 0x4249, 0x4A8A, 0x4A8A, 0x4A8A, 0x4249, 0x2965, 0x0000, 0x0000, 0x0000, 0x0000, 0x0000,
	0x0000, 0x0000, 0x0000, 0x0000, 0x0000, 0x0000, 0x0000, 0x0000, 0x0000, 0x0000, 0x0000, 0x0000,
	0x0000, 0x0000, 0x0000, 0x0000, 0x0000, 0x0000, 0x0000, 0x0000, 0x0000, 0x0000, 0x0000, 0x0000,
	0x0000, 0x0000, 0x0000, 0x0000, 0x0000, 0x0000, 0x0000, 0x0000, 0x0000, 0x0000, 0x0000, 0x0000,
	0x0000, 0x0000, 0x0000, 0x0000, 0x0000, 0x0000, 0x0000, 0x0000, 0x0000, 0x0000, 0x0000, 0x0000,
	0x0000, 0x0000, 0x0000, 0x0000, 0x0000, 0x0000, 0x0000, 0x0000, 0x0000, 0x0000, 0x0000, 0x0000,
	0x0000, 0x0000, 0x0000, 0x0000, 0x0000, 0x0000, 0x0000, 0x0000, 0x0000, 0x0000, 0x0000, 0x0000,
	0x0000, 0x0000, 0x0000, 0x0000, 0x0000, 0x0000, 0x0000, 0x0000, 0x0000, 0x0000, 0x0000, 0x0000,
	0x0000, 0x0000, 0x0000, 0x0000, 0x0000, 0x0000, 0x0000, 0x0000, 0x0000, 0x0000, 0x0000, 0x0000,
	0x0000, 0x0000, 0x0000, 0x0000, 0x0000, 0x0020, 0x5ACC, 0x5AEC, 0x5AEC, 0x5AEC, 0x632D, 0x5B0C,
	0x4229, 0x3A08, 0x4249, 0x4A6A, 0x4269, 0x4249, 0x4249, 0x4249, 0x4249, 0x4269, 0x4A8A, 0x4AAA,
	0x4269, 0x39E7, 0x1904, 0x0000, 0x0000, 0x0000, 0x0000, 0x0000, 0x0000, 0x0000, 0x0000, 0x0000,
	0x0000, 0x0000, 0x0000, 0x0000, 0x0000, 0x0000, 0x0000, 0x0000, 0x0000, 0x0000, 0x0000, 0x0000,
	0x0000, 0x0000, 0x0000, 0x0000, 0x0000, 0x0000, 0x0000, 0x0000, 0x0000, 0x0000, 0x0000, 0x0000,
	0x0000, 0x0000, 0x0000, 0x0000, 0x0000, 0x0000, 0x0000, 0x0000, 0x0000, 0x0000, 0x0000, 0x0000,
	0x0000, 0x0000, 0x0000, 0x0000, 0x0000, 0x0000, 0x0000, 0x0000, 0x0000, 0x0000, 0x0000, 0x0000,
	0x0000, 0x0000, 0x0000, 0x0000, 0x0000, 0x0000, 0x0000, 0x0000, 0x0000, 0x0000, 0x0000, 0x0000,
	0x0000, 0x0000, 0x0000, 0x0000, 0x0000, 0x0000, 0x0000, 0x0000, 0x0000, 0x0000, 0x0000, 0x0000,
	0x0000, 0x0000, 0x0000, 0x0000, 0x0000, 0x0000, 0x0000, 0x0000, 0x0000, 0x0000, 0x0000, 0x0000,
	0x0000, 0x0000, 0x0000, 0x0000, 0x0000, 0x0000, 0x0000, 0x0000, 0x0000, 0x0000, 0x0000, 0x0000,
	0x0000, 0x0020, 0x5ACC, 0x5AEC, 0x5AEC, 0x5AEC, 0x5AEC, 0x52AB, 0x4228, 0x4208, 0x4A69, 0x4A8A,
	0x4269, 0x4228, 0x3A28, 0x3A28, 0x3A28, 0x4228, 0x4269, 0x4A6A, 0x31C7, 0x2165, 0x10A2, 0x0000,
	0x0000, 0x0000, 0x0000, 0x0000, 0x0000, 0x0000, 0x0000, 0x0000, 0x0000, 0x0000, 0x0000, 0x0000,
	0x0000, 0x0000, 0x0000, 0x0000, 0x0000, 0x0000, 0x0000, 0x0000, 0x0000, 0x0000, 0x0000, 0x0000,
	0x0000, 0x0000, 0x0000, 0x0000, 0x0000, 0x0000, 0x0000, 0x0000, 0x0000, 0x0000, 0x0000, 0x0000,
	0x0000, 0x0000, 0x0000, 0x0000, 0x0000, 0x0000, 0x0000, 0x0000, 0x0000, 0x0000, 0x0000, 0x0000,
	0x0000, 0x0000, 0x0000, 0x0000, 0x0000, 0x0000, 0x0000, 0x0000, 0x0000, 0x0000, 0x0000, 0x0000,
	0x0000, 0x0000, 0x0000, 0x0000, 0x0000, 0x0000, 0x0000, 0x0000, 0x0000, 0x0000, 0x0000, 0x0000,
	0x0000, 0x0000, 0x0000, 0x0000, 0x0000, 0x0000, 0x0000, 0x0000, 0x0000, 0x0000, 0x0000, 0x0000,
	0x0000, 0x0000, 0x0000, 0x0000, 0x0000, 0x0000, 0x0000, 0x0000, 0x0000, 0x0000, 0x0000, 0x0000,
	0x0000, 0x0000, 0x0000, 0x0000, 0x0000, 0x0000, 0x0000, 0x0000, 0x0000, 0x0020, 0x5ACC, 0x5AEC,
	0x5AEC, 0x5AEC, 0x52AB, 0x4249, 0x4208, 0x4208, 0x4A6A, 0x52AA, 0x4229, 0x0841, 0x0020, 0x0020,
	0x0020, 0x0020, 0x0020, 0x0020, 0x0861, 0x1082, 0x0020, 0x0000, 0x0000, 0x0000, 0x0000, 0x0000,
	0x0000, 0x0000, 0x0000, 0x0000, 0x0000, 0x0000, 0x0000, 0x0000, 0x0000, 0x0000, 0x0000, 0x0000,
	0x0000, 0x0000, 0x0000, 0x0000, 0x0000, 0x0000, 0x0000, 0x0000, 0x0000, 0x0000, 0x0000, 0x0000,
	0x0000, 0x0000, 0x0000, 0x0000, 0x0000, 0x0000, 0x0000, 0x0000, 0x0000, 0x0000, 0x0000, 0x0000,
	0x0000, 0x0000, 0x0000, 0x0000, 0x0000, 0x0000, 0x0000, 0x0000, 0x0000, 0x0000, 0x0000, 0x0000,
	0x0000, 0x0000, 0x0000, 0x0000, 0x0000, 0x0000, 0x0000, 0x0000, 0x0000, 0x0000, 0x0000, 0x0000,
	0x0000, 0x0000, 0x0000, 0x0000, 0x0000, 0x0000, 0x0000, 0x0000, 0x0000, 0x0000, 0x0000, 0x0000,
	0x0000, 0x0000, 0x0000, 0x0000, 0x0000, 0x0000, 0x0000, 0x0000, 0x0000, 0x0000, 0x0000, 0x0000,
	0x0000, 0x0000, 0x0000, 0x0000, 0x0000, 0x0000, 0x0000, 0x0000, 0x0000, 0x0000, 0x0000, 0x0000,
	0x0000, 0x0000, 0x0000, 0x0000, 0x0000, 0x0020, 0x5ACB, 0x630D, 0x5AEC, 0x5ACC, 0x528B, 0x4229,
	0x39C7, 0x4208, 0x4AAA, 0x52CB, 0x4249, 0x0000, 0x0000, 0x0000, 0x0000, 0x0000, 0x0000, 0x0000,
	0x0000, 0x0000, 0x0000, 0x0000, 0x0000, 0x0000, 0x0000, 0x0000, 0x0000, 0x0000, 0x0000, 0x0000,
	0x0000, 0x0000, 0x0000, 0x0000, 0x0000, 0x0000, 0x0000, 0x0000, 0x0000, 0x0000, 0x0000, 0x0000,
	0x0000, 0x0000, 0x0000, 0x0000, 0x0000, 0x0000, 0x0000, 0x0000, 0x0000, 0x0000, 0x0000, 0x0000,
	0x0000, 0x0000, 0x0000, 0x0000, 0x0000, 0x0000, 0x0000, 0x0000, 0x0000, 0x0000, 0x0000, 0x0000,
	0x0000, 0x0000, 0x0000, 0x0000, 0x0000, 0x0000, 0x0000, 0x0000, 0x0000, 0x0000, 0x0000, 0x0000,
	0x0000, 0x0000, 0x0000, 0x0000, 0x0000, 0x0000, 0x0000, 0x0000, 0x0000, 0x0000, 0x0000, 0x0000,
	0x0000, 0x0000, 0x0000, 0x0000, 0x0000, 0x0000, 0x0000, 0x0000, 0x0000, 0x0000, 0x0000, 0x0000,
	0x0000, 0x0000, 0x0000, 0x0000, 0x0000, 0x0000, 0x0000, 0x0000, 0x0000, 0x0000, 0x0000, 0x0000,
	0x0000, 0x0000, 0x0000, 0x0000, 0x0000, 0x0000, 0x0000, 0x0000, 0x0000, 0x0000, 0x0000, 0x0000,
	0x0000, 0x0020, 0x5ACC, 0x5ACC, 0x5AEC, 0x5ACC, 0x4A6A, 0x4208, 0x31C7, 0x4249, 0x52CB, 0x52CB,
	0x4249, 0x0020, 0x0000, 0x0000, 0x0000, 0x0000, 0x0000, 0x0000, 0x0000, 0x0000, 0x0000, 0x0000,
	0x0000, 0x0000, 0x0000, 0x0000, 0x0000, 0x0000, 0x0000, 0x0000, 0x0000, 0x0000, 0x0000, 0x0000,
	0x0000, 0x0000, 0x0000, 0x0000, 0x0000, 0x0000, 0x0000, 0x0000, 0x0000, 0x0000, 0x0000, 0x0000,
	0x0000, 0x0000, 0x0000, 0x0000, 0x0000, 0x0000, 0x0000, 0x0000, 0x0000, 0x0000, 0x0000, 0x0000,
	0x0000, 0x0000, 0x0000, 0x0000, 0x0000, 0x0000, 0x0000, 0x0000, 0x0000, 0x0000, 0x0000, 0x0000,
	0x0000, 0x0000, 0x0000, 0x0000, 0x0000, 0x0000, 0x0000, 0x0000, 0x0000, 0x0000, 0x0000, 0x0000,
	0x0000, 0x0000, 0x0000, 0x0000, 0x0000, 0x0000, 0x0000, 0x0000, 0x0000, 0x0000, 0x0000, 0x0000,
	0x0000, 0x0000, 0x0000, 0x0000, 0x0000, 0x0000, 0x0000, 0x0000, 0x0000, 0x0000, 0x0000, 0x0000,
	0x0000, 0x0000, 0x0000, 0x0000, 0x0000, 0x0000, 0x0000, 0x0000, 0x0000, 0x0000, 0x0000, 0x0000,
	0x0000, 0x0000, 0x0000, 0x0000, 0x0000, 0x0000, 0x0000, 0x0000, 0x0000, 0x0841, 0x8472, 0x73AF,
	0x52AB, 0x4A6A, 0x4229, 0x39C8, 0x39E8, 0x52CB, 0x52CB, 0x52EB, 0x4A69, 0x0020, 0x0000, 0x0000,
	0x0000, 0x0000, 0x0000, 0x0000, 0x0000, 0x0000, 0x0000, 0x0000, 0x0000, 0x0000, 0x0000, 0x0000,
	0x0000, 0x0000, 0x0000, 0x0000, 0x0000, 0x0000, 0x0000, 0x0000, 0x0000, 0x10A2, 0x4229, 0x0000,
	0x0000, 0x0000, 0x0000, 0x0000, 0x0000, 0x0000, 0x0000, 0x0000, 0x0000, 0x0000, 0x0000, 0x0000,
	0x0000, 0x0000, 0x0000, 0x0000, 0x0000, 0x0000, 0x0000, 0x0000, 0x0000, 0x0000, 0x0000, 0x0000,
	0x0000, 0x0000, 0x0000, 0x0000, 0x0000, 0x0000, 0x0000, 0x0000, 0x0000, 0x0000, 0x0000, 0x0000,
	0x0000, 0x0000, 0x0000, 0x0000, 0x0000, 0x0000, 0x0000, 0x0000, 0x0000, 0x0000, 0x0000, 0x0000,
	0x0000, 0x0000, 0x0000, 0x0000, 0x0000, 0x0000, 0x0000, 0x0000, 0x0000, 0x0000, 0x0000, 0x0000,
	0x0000, 0x0000, 0x0000, 0x0000, 0x0000, 0x0000, 0x0000, 0x0000, 0x0000, 0x0000, 0x0000, 0x0000,
	0x0000, 0x0000, 0x0000, 0x0000, 0x0000, 0x0000, 0x0000, 0x0000, 0x0000, 0x0000, 0x0000, 0x0000,
	0x0000, 0x0000, 0x0000, 0x0000, 0x0000, 0x0841, 0x9514, 0xA575, 0x8CB2, 0x73AF, 0x5AEC, 0x4208,
	0x4A69, 0x5B0C, 0x52EB, 0x5B0C, 0x4A8A, 0x0000, 0x0000, 0x0000, 0x0000, 0x0000, 0x0000, 0x0000,
	0x0000, 0x0000, 0x0000, 0x0000, 0x0000, 0x0000, 0x0000, 0x0000, 0x0000, 0x0000, 0x0000, 0x0000,
	0x0000, 0x0000, 0x0000, 0x0000, 0x10A2, 0x6B6E, 0x8C52, 0x5AEC, 0x0000, 0x0000, 0x0000, 0x0000,
	0x0000, 0x0000, 0x0000, 0x0000, 0x0000, 0x0000, 0x0000, 0x0000, 0x0000, 0x0000, 0x0000, 0x0000,
	0x0000, 0x0000, 0x0000, 0x0000, 0x0000, 0x0000, 0x0000, 0x0000, 0x0000, 0x0000, 0x0000, 0x0000,
	0x0000, 0x0000, 0x0000, 0x0000, 0x0000, 0x0000, 0x0000, 0x0000, 0x0000, 0x0000, 0x0000, 0x0000,
	0x0000, 0x0000, 0x0000, 0x0000, 0x0000, 0x0000, 0x0000, 0x0000, 0x0000, 0x0000, 0x0000, 0x0000,
	0x0000, 0x0000, 0x0000, 0x0000, 0x0000, 0x0000, 0x0000, 0x0000, 0x0000, 0x0000, 0x0000, 0x0000,
	0x0000, 0x0000, 0x0000, 0x0000, 0x0000, 0x0000, 0x0000, 0x0000, 0x0000, 0x0000, 0x0000, 0x0000,
	0x0000, 0x0000, 0x0000, 0x0000, 0x0000, 0x0000, 0x0000, 0x0000, 0x0000, 0x0000, 0x0000, 0x0000,
	0x0000, 0x0841, 0x94F3, 0x9D55, 0x9D55, 0x9D75, 0x9D55, 0x94F3, 0x6BAF, 0x52EB, 0x52CB, 0x5B0C,
	0x4A6A, 0x0861, 0x0000, 0x0000, 0x0000, 0x0000, 0x0000, 0x0000, 0x0000, 0x0000, 0x0000, 0x0000,
	0x0000, 0x0000, 0x0000, 0x0000, 0x0000, 0x0000, 0x0000, 0x0000, 0x0000, 0x0000, 0x1082, 0x4249,
	0x73D0, 0x8411, 0x7BD0, 0x8411, 0x0000, 0x0000, 0x0000, 0x0000, 0x0000, 0x0000, 0x0000, 0x0000,
	0x0000, 0x0000, 0x0000, 0x0000, 0x0000, 0x0000, 0x0000, 0x0000, 0x0000, 0x0000, 0x0000, 0x0000,
	0x0000, 0x0000, 0x0000, 0x0000, 0x0000, 0x0000, 0x0000, 0x0000, 0x0000, 0x0000, 0x0000, 0x0000,
	0x0000, 0x0000, 0x0000, 0x0000, 0x0000, 0x0000, 0x0000, 0x0000, 0x0000, 0x0000, 0x0000, 0x0000,
	0x0000, 0x0000, 0x0000, 0x0000, 0x0000, 0x0000, 0x0000, 0x0000, 0x0000, 0x0000, 0x0000, 0x0000,
	0x0000, 0x0000, 0x0000, 0x0000, 0x0000, 0x0000, 0x0000, 0x0000, 0x0000, 0x0000, 0x0000, 0x0000,
	0x0000, 0x0000, 0x0000, 0x0000, 0x0000, 0x0000, 0x0000, 0x0000, 0x0000, 0x0000, 0x0000, 0x0000,
	0x0000, 0x0000, 0x0000, 0x0000, 0x0000, 0x0000, 0x0000, 0x0000, 0x0000, 0x0020, 0x94F3, 0x9D55,
	0x9D34, 0x9D34, 0x9D35, 0xA575, 0x9D55, 0x8CB2, 0x6B8E, 0x4AAA, 0x39E7, 0x18C3, 0x0000, 0x0000,
	0x0000, 0x0000, 0x0000, 0x0841, 0x2945, 0x4229, 0x10C3, 0x0000, 0x0000, 0x0000, 0x0000, 0x0000,
	0x0000, 0x0000, 0x0000, 0x0000, 0x10A2, 0x4AAA, 0x7C11, 0x8452, 0x7BF1, 0x7BF0, 0x7BF0, 0x7BD0,
	0x0000, 0x0000, 0x0000, 0x0000, 0x0000, 0x0000, 0x0000, 0x0000, 0x0000, 0x0000, 0x0000, 0x0000,
	0x0000, 0x0000, 0x0000, 0x0000, 0x0000, 0x0000, 0x0000, 0x0000, 0x0000, 0x0000, 0x0000, 0x0000,
	0x0000, 0x0000, 0x0000, 0x0000, 0x0000, 0x0000, 0x0000, 0x0000, 0x0000, 0x0000, 0x0000, 0x0000,
	0x0020, 0x0041, 0x0021, 0x0021, 0x0021, 0x0020, 0x0020, 0x0020, 0x0041, 0x0020, 0x0020, 0x0020,
	0x0020, 0x0020, 0x0841, 0x0041, 0x0841, 0x0841, 0x0841, 0x0841, 0x0841, 0x0841, 0x0841, 0x0841,
	0x0841, 0x0841, 0x0841, 0x0841, 0x0841, 0x0841, 0x0841, 0x0841, 0x0841, 0x0841, 0x0841, 0x0841,
	0x0841, 0x0841, 0x0841, 0x0841, 0x0841, 0x0841, 0x0841, 0x0841, 0x0841, 0x0841, 0x0841, 0x0841,
	0x0841, 0x0841, 0x0841, 0x0841, 0x0841, 0x1082, 0x94F4, 0x9D55, 0x9D34, 0x9D35, 0x9D35, 0x9D55,
	0x9D55, 0x9D55, 0x9D55, 0x7C51, 0x52EB, 0x52CB, 0x52CB, 0x52AA, 0x6BAE, 0x73EF, 0x8471, 0x9514,
	0x9D55, 0xA596, 0x94F3, 0x52EB, 0x10A2, 0x0000, 0x0000, 0x0000, 0x0000, 0x10A2, 0x2124, 0x52CB,
	0x8CB3, 0x94F4, 0x8452, 0x7BF0, 0x7BF0, 0x7BF0, 0x7BF0, 0x7BF0, 0x0000, 0x0000, 0x31A6, 0x39C7,
	0x39C7, 0x39E7, 0x39E7, 0x4208, 0x4228, 0x4A49, 0x4A49, 0x4A69, 0x4A69, 0x528A, 0x528A, 0x52AA,
	0x52AA, 0x52AA, 0x5ACB, 0x5ACB, 0x52AA, 0x4249, 0x4249, 0x4249, 0x4269, 0x4249, 0x4229, 0x3A08,
	0x3A08, 0x3A08, 0x3A08, 0x3A08, 0x3A08, 0x3A08, 0x3A28, 0x4249, 0x73EF, 0x7C10, 0x7C10, 0x7410,
	0x7410, 0x73F0, 0x73F0, 0x7C10, 0x7C30, 0x7C10, 0x7410, 0x7C10, 0x8451, 0x7C51, 0x8471, 0x8472,
	0x8492, 0x8C92, 0x84B2, 0x84B2, 0x8C92, 0x8C92, 0x8C92, 0x8C92, 0x8C92, 0x8C92, 0x8C92, 0x8CB2,
	0x8C92, 0x8CB2, 0x8CB3, 0x8CB2, 0x8C92, 0x8CD3, 0x8CD3, 0x8CD3, 0x8CD3, 0x8CD3, 0x8CD3, 0x8CB3,
	0x8CD3, 0x94D3, 0x94D3, 0x8CD3, 0x94D3, 0x94F3, 0x94F3, 0x94F3, 0x94F3, 0x94D3, 0x94F3, 0x9514,
	0x94F4, 0x94F3, 0x9D34, 0x9D55, 0x9D35, 0x9D34, 0x9D35, 0x9D55, 0x9D55, 0x9D34, 0x9514, 0x9D55,
	0xA575, 0xA576, 0xADD7, 0xADD7, 0xA5B6, 0xADB6, 0xA596, 0xA575, 0x9D55, 0x9D34, 0x9D55, 0xA576,
	0x8CD3, 0x6B8E, 0x4A8A, 0x5B0C, 0x7C51, 0x94F3, 0x9514, 0xA575, 0x9514, 0x8CB2, 0x8431, 0x7BF0,
	0x7BF0, 0x7BF0, 0x7BF0, 0x7BF0, 0x0000, 0x528A, 0x7BEF, 0x7BCF, 0x7BEF, 0x8410, 0x8C51, 0x8C71,
	0x94B2, 0x9CD3, 0x9CF3, 0xA534, 0xAD55, 0xB596, 0xB5B6, 0xB5B6, 0xBDD7, 0xBDF7, 0xBDF7, 0xC618,
	0xB5D7, 0x94F3, 0x94D3, 0x9514, 0x9D34, 0x9D34, 0x94F4, 0x8C92, 0x8C92, 0x8CB2, 0x8CB2, 0x8C92,
	0x8C92, 0x8492, 0x8CB3, 0x94F3, 0x8492, 0x8492, 0x8492, 0x8472, 0x8472, 0x8472, 0x8C92, 0x8CB2,
	0x8C92, 0x8492, 0x8C92, 0x8C92, 0x8CB2, 0x8CB2, 0x8CB3, 0x8CB3, 0x8CB3, 0x8CD3, 0x9471, 0x9471,
	0x8CF3, 0x8CD3, 0x94D3, 0x94F3, 0x94F3, 0x94F3, 0x94F3, 0x94F4, 0x94F3, 0x94F4, 0x9514, 0x94F4,
	0x94F3, 0x9514, 0x9D14, 0x9514, 0x9D34, 0x9D34, 0x9534, 0x9514, 0x9D34, 0x9D34, 0x9D35, 0x9D34,
	0x9D34, 0x9D55, 0x9D35, 0x9D55, 0x9D35, 0x9D34, 0x9D55, 0x9D75, 0x9D55, 0x9D35, 0x9D34, 0x9D55,
	0x9D34, 0x9D35, 0x9D35, 0x9D55, 0x9D55, 0x9D34, 0x94F4, 0x9D55, 0x9D55, 0x9D55, 0x9D34, 0x9D55,
	0x9D55, 0x9D55, 0xA575, 0x9D55, 0x9D55, 0x9D55, 0x9D34, 0x9514, 0x9D34, 0xA555, 0xA596, 0xA576,
	0x9D55, 0x9514, 0x9514, 0x9514, 0x94F4, 0x8CB3, 0x8431, 0x7BF0, 0x7BD0, 0x7BF0, 0x7BF0, 0x7BD0,
	0x52AA, 0x7BCF, 0x6B6D, 0x6B6D, 0x738E, 0x73AE, 0x7BCF, 0x7BEF, 0x8430, 0x8C71, 0x8C71, 0x94B2,
	0x9CD3, 0x9CF3, 0xA514, 0xA534, 0xA534, 0xAD75, 0xAD75, 0xB596, 0xAD75, 0x8471, 0x8471, 0x8492,
	0x8CB2, 0x8CB2, 0x8CB2, 0x8492, 0x8492, 0x8492, 0x8472, 0x8471, 0x8472, 0x8471, 0x8451, 0x8471,
	0x8471, 0x8471, 0x8471, 0x8471, 0x8471, 0x8471, 0x8471, 0x8451, 0x8451, 0x8451, 0x8471, 0x8471,
	0x8471, 0x8471, 0x8492, 0x8471, 0x8492, 0x8BEF, 0x9B8D, 0x9BAE, 0x93EF, 0x8CB2, 0x8CB3, 0x8CB3,
	0x8CB3, 0x8CB2, 0x8CD3, 0x8CD3, 0x8CD3, 0x8CD3, 0x94D3, 0x94F3, 0x8CD3, 0x94D3, 0x94F3, 0x94F3,
	0x94F4, 0x94F3, 0x9514, 0x9514, 0x9514, 0x9514, 0x9514, 0x9514, 0x9514, 0x9514, 0x9514, 0x9514,
	0x9514, 0x9514, 0x9D34, 0x9D34, 0x9D34, 0x9D34, 0x9D34, 0x9D34, 0x9D34, 0x9D55, 0x9D55, 0x9D35,
	0x9D55, 0x9D34, 0x94F3, 0x9D55, 0x9D55, 0x9D55, 0x9D55, 0x9D55, 0x9D55, 0x9D55, 0xA575, 0x9D55,
	0x9D55, 0x9D55, 0x9D34, 0x9D34, 0x9514, 0x9514, 0x9514, 0x94F4, 0x9D34, 0x9514, 0x9514, 0x9D34,
	0x94F4, 0x8CB3, 0x8431, 0x7BD0, 0x7BD0, 0x7BF0, 0x7BD0, 0x7BD0, 0x73AE, 0x738E, 0x738E, 0x738E,
	0x738E, 0x73AE, 0x7BCF, 0x8410, 0x8C51, 0x8C71, 0x9492, 0x94B2, 0x9CD3, 0xA514, 0xA534, 0xA534,
	0xAD55, 0xAD75, 0xB596, 0xB5B6, 0xB5B6, 0x94B2, 0x8471, 0x8492, 0x8492, 0x8472, 0x8492, 0x8492,
	0x8472, 0x8471, 0x8451, 0x7C51, 0x7C51, 0x7C51, 0x7C30, 0x7C31, 0x7C30, 0x7C30, 0x7C30, 0x7C30,
	0x7C30, 0x7C30, 0x7C10, 0x7C31, 0x7C51, 0x7C51, 0x7C51, 0x8451, 0x8451, 0x8451, 0x8471, 0x8471,
	0x7C92, 0x9B6D, 0x746E, 0x746E, 0x9B4D, 0x84B2, 0x8492, 0x8C92, 0x8CB2, 0x8C92, 0x8C92, 0x8CB2,
	0x8CB2, 0x8CD3, 0x8CB3, 0x8CD3, 0x8CD3, 0x8CD3, 0x8CD3, 0x8CD3, 0x8CD3, 0x8CD3, 0x94D3, 0x94F3,
	0x8CD3, 0x8CD3, 0x94F3, 0x94F3, 0x94D3, 0x94F3, 0x94F3, 0x94F4, 0x94F3, 0x94F3, 0x94F4, 0x94F3,
	0x94F3, 0x94F3, 0x94F3, 0x94F3, 0x94F3, 0x9514, 0x9514, 0x94F4, 0x9514, 0x94D3, 0x8CB3, 0x9514,
	0x9D34, 0x9D34, 0x9D34, 0x9D34, 0x9D34, 0x9D34, 0x9D34, 0x9D34, 0x9D35, 0x9D34, 0x9514, 0x9514,
	0x9D34, 0x9D34, 0x9D34, 0x9D34, 0x9D34, 0x9514, 0x9514, 0x9D34, 0x9514, 0x94F3, 0x8411, 0x7C11,
	0x7BF0, 0x7C11, 0x7BD0, 0x7BF0, 0x738E, 0x738E, 0x738E, 0x738E, 0x738E, 0x73AE, 0x7BCF, 0x7BEF,
	0x8430, 0x8C71, 0x9492, 0x94B2, 0x9CD3, 0x9CF3, 0xA534, 0xA534, 0xAD55, 0xAD55, 0xAD75, 0xAD75,
	0xB596, 0x8C92, 0x7C10, 0x8451, 0x7C30, 0x7C30, 0x7C30, 0x7C30, 0x7C30, 0x7C30, 0x7C10, 0x7410,
	0x73EF, 0x7410, 0x73EF, 0x73EF, 0x73F0, 0x73EF, 0x73EF, 0x73EF, 0x7410, 0x7410, 0x7C10, 0x7C10,
	0x7C30, 0x7C30, 0x7C31, 0x7C51, 0x7C31, 0x7C51, 0x8451, 0x7C51, 0x7C51, 0x838E, 0x936D, 0x936D,
	0x83AE, 0x7C71, 0x8451, 0x8451, 0x8471, 0x8471, 0x8471, 0x8451, 0x8471, 0x8471, 0x8471, 0x8471,
	0x8471, 0x8471, 0x8471, 0x8451, 0x8471, 0x8471, 0x8451, 0x8451, 0x8451, 0x8471, 0x8471, 0x8471,
	0x8471, 0x8471, 0x8472, 0x8471, 0x8471, 0x8492, 0x8492, 0x8492, 0x8471, 0x8472, 0x8472, 0x8492,
	0x8492, 0x8492, 0x8C92, 0x8492, 0x8C92, 0x8472, 0x7C31, 0x8C92, 0x8CB2, 0x8CB2, 0x8CB2, 0x8CB2,
	0x8CB2, 0x8CB2, 0x8CB2, 0x8CD3, 0x8CD3, 0x8CB2, 0x8CB2, 0x8CB2, 0x8CB2, 0x8CB2, 0x8CB3, 0x8CB3,
	0x8CB2, 0x8CD3, 0x8CD3, 0x8CB3, 0x94F3, 0x8CB3, 0x7BF0, 0x7BD0, 0x7BD0, 0x7BD0, 0x7BF0, 0x7BD0,
	0x738E, 0x738E, 0x738E, 0x738E, 0x738E, 0x738E, 0x7BCF, 0x7BEF, 0x8430, 0x8C51, 0x9492, 0x94B2,
	0x9CF3, 0x9CD3, 0xA514, 0xA514, 0xA514, 0x9CF3, 0xA514, 0xA514, 0xA514, 0x8430, 0x73CF, 0x73EF,
	0x73CF, 0x6BCF, 0x6BAF, 0x6BAE, 0x6BAE, 0x73CF, 0x73EF, 0x73CF, 0x6BAE, 0x634D, 0x634D, 0x5B2C,
	0x5B2C, 0x634D, 0x73CF, 0x73EF, 0x73EF, 0x73EF, 0x73F0, 0x7410, 0x73F0, 0x7410, 0x7C10, 0x7C10,
	0x7C10, 0x7C10, 0x7C10, 0x7C30, 0x7C30, 0x7C30, 0x7BAF, 0x7BAF, 0x7410, 0x7410, 0x7410, 0x73F0,
	0x7410, 0x73F0, 0x7410, 0x73EF, 0x73F0, 0x73EF, 0x73F0, 0x73EF, 0x73EF, 0x73EF, 0x73EF, 0x73EF,
	0x73EF, 0x73EF, 0x73EF, 0x73EF, 0x73EF, 0x73EF, 0x73F0, 0x73EF, 0x73EF, 0x73EF, 0x73EF, 0x73EF,
	0x7410, 0x73F0, 0x73EF, 0x73EF, 0x73EF, 0x73F0, 0x73EF, 0x73F0, 0x7C10, 0x7C10, 0x7C10, 0x73F0,
	0x7C10, 0x73EF, 0x6BAE, 0x7C10, 0x7410, 0x7410, 0x7410, 0x7C10, 0x7C30, 0x7410, 0x7C10, 0x7C10,
	0x7410, 0x7C30, 0x7C30, 0x7C30, 0x7C30, 0x7C30, 0x8451, 0x7C51, 0x8451, 0x8471, 0x8471, 0x8471,
	0x8471, 0x8471, 0x738F, 0x6B6E, 0x6B8F, 0x6B6E, 0x738F, 0x738F, 0x738E, 0x738E, 0x738E, 0x738E,
	0x738E, 0x738E, 0x7BCF, 0x7BEF, 0x8410, 0x8C51, 0x8C51, 0x8C71, 0x8C71, 0x8C71, 0x8C71, 0x8C71,
	0x8C71, 0x9492, 0x9492, 0x8C71, 0x9492, 0x73AE, 0x634D, 0x636E, 0x5B2C, 0x52EB, 0x52EB, 0x52CB,
	0x52CB, 0x4AAA, 0x4AAA, 0x4AAA, 0x4AAA, 0x4249, 0x4249, 0x4249, 0x4249, 0x4A8A, 0x5B2C, 0x636D,
	0x6B8E, 0x6BAE, 0x6BCF, 0x73CF, 0x73CF, 0x73EF, 0x73EF, 0x73EF, 0x73EF, 0x73EF, 0x73EF, 0x73EF,
	0x73EF, 0x7410, 0x7410, 0x73EF, 0x73EF, 0x73EF, 0x73CF, 0x6BAF, 0x6BAE, 0x6BCF, 0x6BAE, 0x6BAE,
	0x6BAE, 0x6B8E, 0x6BAE, 0x6B8E, 0x6B8E, 0x6BAE, 0x6B8E, 0x6B8E, 0x6B8E, 0x636D, 0x636E, 0x6B8E,
	0x6B8E, 0x636E, 0x6BAE, 0x6B8E, 0x6B8E, 0x6BAE, 0x6BAE, 0x6B8E, 0x6BAE, 0x6B8E, 0x6B8E, 0x6BAE,
	0x6BAF, 0x6B8E, 0x6BAE, 0x6BAE, 0x6BAE, 0x6BAF, 0x6BAE, 0x6BAE, 0x73CF, 0x6BAF, 0x6B8E, 0x6BCF,
	0x6BCF, 0x73CF, 0x6BAE, 0x73CF, 0x73CF, 0x73CF, 0x6BCF, 0x73CF, 0x73CF, 0x6BAF, 0x73CF, 0x73CF,
	0x73CF, 0x73CF, 0x73EF, 0x73EF, 0x7410, 0x7410, 0x7C10, 0x7C10, 0x7C30, 0x7C30, 0x6B4E, 0x632D,
	0x634E, 0x634E, 0x632D, 0x632D, 0x738E, 0x738E, 0x738E, 0x738E, 0x738E, 0x738E, 0x73AE, 0x7BCF,
	0x7BCF, 0x7BEF, 0x7BEF, 0x7BEF, 0x8410, 0x8410, 0x8410, 0x8430, 0x8430, 0x8430, 0x8430, 0x8430,
	0x8C51, 0x6B8E, 0x5B4D, 0x636D, 0x5B2D, 0x5B0C, 0x5AEC, 0x52EB, 0x52CB, 0x52CB, 0x52CB, 0x52CB,
	0x52CB, 0x52CB, 0x4AAA, 0x4AAA, 0x52CB, 0x52AA, 0x52EB, 0x5B0C, 0x5B2C, 0x634D, 0x636D, 0x636D,
	0x636E, 0x6B8E, 0x6B8E, 0x6BAE, 0x6BAE, 0x6BAE, 0x6BAE, 0x6BAE, 0x6BAE, 0x6BCF, 0x6BAE, 0x6BAE,
	0x6BAE, 0x6B8E, 0x6B8E, 0x636E, 0x636D, 0x634D, 0x636D, 0x634D, 0x634D, 0x634D, 0x634D, 0x5B2D,
	0x5B2C, 0x5B2D, 0x634D, 0x5B2C, 0x5B2C, 0x5B2C, 0x5B2C, 0x5B2C, 0x5B2C, 0x5B2C, 0x5B2C, 0x5B2C,
	0x5B2C, 0x5B2C, 0x5B2C, 0x5B2C, 0x5B2C, 0x634D, 0x5B2C, 0x634D, 0x634D, 0x5B2D, 0x5B2C, 0x5B2C,
	0x634D, 0x5B2D, 0x634D, 0x634D, 0x634D, 0x634D, 0x5B0C, 0x636D, 0x634D, 0x636D, 0x634D, 0x634D,
	0x634D, 0x636D, 0x636D, 0x636D, 0x634D, 0x634D, 0x634D, 0x636D, 0x636D, 0x636D, 0x636E, 0x636D,
	0x6B8E, 0x6BAE, 0x6BAF, 0x6BCF, 0x73EF, 0x73EF, 0x630D, 0x5AEC, 0x5AEC, 0x5ACC, 0x52CC, 0x5ACC,
	0x738E, 0x738E, 0x738E, 0x6B6D, 0x738E, 0x738E, 0x738E, 0x7BCF, 0x7BCF, 0x7BEF, 0x7BEF, 0x7BEF,
	0x7BEF, 0x8410, 0x8410, 0x8430, 0x8430, 0x8430, 0x8C51, 0x8430, 0x8C51, 0x6B8E, 0x5B4D, 0x636D,
	0x634D, 0x634D, 0x634D, 0x5B2C, 0x5B2C, 0x5B2C, 0x5B0C, 0x5B0C, 0x5B0C, 0x5B0C, 0x5AEC, 0x5B0C,
	0x5B0C, 0x5B0C, 0x5B0C, 0x5B0C, 0x5B2C, 0x5B2C, 0x634D, 0x634D, 0x634D, 0x634D, 0x634D, 0x5B2C,
	0x634D, 0x636D, 0x636D, 0x636D, 0x636D, 0x636D, 0x636D, 0x634D, 0x5B2C, 0x5B0C, 0x5B0C, 0x52EB,
	0x52EB, 0x52CB, 0x52EB, 0x52CB, 0x52EB, 0x52CB, 0x52CB, 0x52CB, 0x52CB, 0x52CB, 0x52CB, 0x52CB,
	0x52CB, 0x52CB, 0x52CB, 0x52CB, 0x52CB, 0x52CB, 0x52CB, 0x52EB, 0x52CB, 0x52CB, 0x52EB, 0x52CB,
	0x52EB, 0x52EB, 0x5B0C, 0x5B0C, 0x52EB, 0x5B0C, 0x52EB, 0x52EB, 0x5AEC, 0x52EB, 0x5B0C, 0x5B0C,
	0x5B0C, 0x52EB, 0x52CB, 0x5B0C, 0x5B0C, 0x5B0C, 0x52CB, 0x52CB, 0x52EB, 0x52CB, 0x52CB, 0x52CB,
	0x52CB, 0x52CB, 0x52CB, 0x52CB, 0x52CB, 0x52CB, 0x52CB, 0x52CB, 0x52CB, 0x5B0C, 0x634D, 0x636E,
	0x636E, 0x636D, 0x52AB, 0x528B, 0x52AB, 0x528B, 0x528B, 0x52AB, 0x738E, 0x738E, 0x738E, 0x6B6D,
	0x738E, 0x738E, 0x738E, 0x73AE, 0x7BCF, 0x7BEF, 0x7BEF, 0x7BEF, 0x8410, 0x7BEF, 0x8410, 0x8410,
	0x8410, 0x8430, 0x8430, 0x8410, 0x8430, 0x6B6D, 0x5B2C, 0x634D, 0x634D, 0x634D, 0x5B2D, 0x5B2C,
	0x5B2C, 0x5B2C, 0x5B2C, 0x5B2C, 0x5B2C, 0x5B0C, 0x5B0C, 0x5B0C, 0x5B0C, 0x5B0C, 0x5B0C, 0x5B0C,
	0x5B0C, 0x634D, 0x634D, 0x5B2D, 0x5B2C, 0x5B0C, 0x52EB, 0x5AEB, 0x52EC, 0x5B0C, 0x634D, 0x634D,
	0x636D, 0x6B8E, 0x636D, 0x52CB, 0x4AAA, 0x4AAA, 0x4AAA, 0x4A8A, 0x4A8A, 0x4A8A, 0x4A8A, 0x4A8A,
	0x4A8A, 0x4A8A, 0x4A8A, 0x4A8A, 0x4A8A, 0x4AAA, 0x4A8A, 0x4A8A, 0x4AAA, 0x4A8A, 0x4A8A, 0x52AA,
	0x4AAA, 0x4AAA, 0x52CB, 0x52CB, 0x4AAA, 0x52AA, 0x52CB, 0x52CB, 0x4AAA, 0x52CB, 0x52CB, 0x52CB,
	0x52CB, 0x52CB, 0x52CB, 0x52CB, 0x52CB, 0x52EB, 0x52EB, 0x52CB, 0x52CB, 0x52CB, 0x52CB, 0x52EB,
	0x52EB, 0x5AEC, 0x52CB, 0x52CB, 0x4AAA, 0x4A8A, 0x4AAA, 0x4AAA, 0x4A8A, 0x52AA, 0x52CB, 0x52AA,
	0x4AAA, 0x4A8A, 0x4A8A, 0x4AAA, 0x4A8A, 0x4AAA, 0x634D, 0x636D, 0x636D, 0x634D, 0x52AB, 0x528B,
	0x528B, 0x528B, 0x528B, 0x528B, 0x738E, 0x738E, 0x738E, 0x738E, 0x738E, 0x738E, 0x738E, 0x73AE,
	0x7BCF, 0x7BEF, 0x8410, 0x7BEF, 0x8410, 0x8410, 0x8410, 0x8410, 0x8410, 0x8430, 0x8430, 0x8410,
	0x8410, 0x6B8E, 0x5B2C, 0x634D, 0x634D, 0x634D, 0x5B2C, 0x5B2C, 0x5B2C, 0x5B2C, 0x5B2C, 0x634D,
	0x5B2C, 0x5B2C, 0x5B2C, 0x5B2C, 0x5B0C, 0x5B2C, 0x634D, 0x634D, 0x634D, 0x634D, 0x5B2C, 0x5B2C,
	0x5B2C, 0x636D, 0x636D, 0x636D, 0x636D, 0x636D, 0x636D, 0x636D, 0x636D, 0x636D, 0x634D, 0x5B2C,
	0x5B0C, 0x52CB, 0x52CB, 0x52CB, 0x52AA, 0x4AAA, 0x4AAA, 0x4AAA, 0x4AAA, 0x4AAA, 0x4A8A, 0x4AAA,
	0x4AAA, 0x4AAA, 0x4AAA, 0x4A8A, 0x4A8A, 0x4AAA, 0x4A8A, 0x4AAA, 0x4AAA, 0x4A8A, 0x52AA, 0x4AAA,
	0x4A8A, 0x4AAA, 0x4AAA, 0x4AAA, 0x4AAA, 0x4A8A, 0x4AAA, 0x4AAA, 0x4AAA, 0x4AAA, 0x4AAA, 0x52CB,
	0x52AA, 0x52AA, 0x4AAA, 0x4AAA, 0x4AAA, 0x52CB, 0x52EB, 0x52CB, 0x52CB, 0x52EB, 0x52EB, 0x52CB,
	0x52CB, 0x52AA, 0x52CB, 0x52CB, 0x52CB, 0x52EB, 0x52EB, 0x5AEC, 0x52EB, 0x52EB, 0x5B0C, 0x5B0C,
	0x5B0C, 0x5B2C, 0x5B2C, 0x634D, 0x634D, 0x634D, 0x52AB, 0x528B, 0x528B, 0x528B, 0x528A, 0x528A,
	0x738E, 0x738E, 0x738E, 0x738E, 0x738E, 0x738E, 0x738E, 0x738E, 0x73AE, 0x7BCF, 0x7BEF, 0x7BCF,
	0x7BEF, 0x7BEF, 0x7BEF, 0x7BEF, 0x7BEF, 0x8410, 0x8410, 0x8410, 0x7BEF, 0x6B8E, 0x632C, 0x634D,
	0x634D, 0x634D, 0x5B2C, 0x5B2C, 0x5B2C, 0x5B2C, 0x5B2C, 0x634D, 0x5B2C, 0x5B2C, 0x5B0C, 0x632D,
	0x632D, 0x4A69, 0x2124, 0x2986, 0x4AAA, 0x634D, 0x634D, 0x5B2C, 0x634D, 0x634D, 0x634D, 0x634D,
	0x636D, 0x636D, 0x634D, 0x634D, 0x634D, 0x634D, 0x634D, 0x634D, 0x634D, 0x5B2C, 0x5B0C, 0x5B0C,
	0x5B0C, 0x5B0C, 0x52EB, 0x52EB, 0x52EB, 0x52EB, 0x52EB, 0x52CB, 0x52CB, 0x52EB, 0x52CB, 0x52EB,
	0x52CB, 0x52CB, 0x52CB, 0x52CB, 0x52EB, 0x52CB, 0x52CB, 0x52CB, 0x52EB, 0x52CB, 0x52AB, 0x52CB,
	0x52CB, 0x52CB, 0x52CB, 0x52CB, 0x52CB, 0x52EB, 0x52CB, 0x52EB, 0x5AEC, 0x5AEC, 0x52EB, 0x52EB,
	0x5B0C, 0x5B0C, 0x52EB, 0x52EB, 0x5B0C, 0x5B0C, 0x5B0C, 0x5B0C, 0x5B0C, 0x5B0C, 0x5B0C, 0x5B0C,
	0x5B0C, 0x5B0C, 0x5B0C, 0x5B2C, 0x5B2C, 0x5B2C, 0x5B2C, 0x5B2C, 0x5B0C, 0x5B2C, 0x5B2C, 0x634D,
	0x636D, 0x632D, 0x52AB, 0x528B, 0x528B, 0x528B, 0x528B, 0x528A, 0x738E, 0x738E, 0x738E, 0x738E,
	0x73AE, 0x7BCF, 0x7BCF, 0x7BEF, 0x8430, 0x8C51, 0x9492, 0x9492, 0x8C71, 0x8C71, 0x9492, 0x9492,
	0x94B2, 0x8C71, 0x8430, 0x8430, 0x8410, 0x73AE, 0x634D, 0x5B2C, 0x634D, 0x634D, 0x5B2C, 0x5B2C,
	0x5B2C, 0x5B2C, 0x5B2C, 0x634D, 0x5B2C, 0x5B0C, 0x634D, 0x52CB, 0x2145, 0x0861, 0x0000, 0x0841,
	0x18E3, 0x31A6, 0x52CB, 0x634D, 0x5B2D, 0x634D, 0x634D, 0x634D, 0x634D, 0x634D, 0x634D, 0x634D,
	0x634D, 0x634D, 0x634D, 0x634D, 0x5B2D, 0x5B2D, 0x634D, 0x5B2C, 0x5B0C, 0x5B2C, 0x5B0C, 0x5B0C,
	0x5AEC, 0x5B0C, 0x5B0C, 0x5AEC, 0x5AEC, 0x5B0C, 0x5B0C, 0x5B0C, 0x5B0C, 0x5B0C, 0x5B0C, 0x5B0C,
	0x5B0C, 0x5B0C, 0x5B0C, 0x5B0C, 0x5B2C, 0x5B2C, 0x5B2C, 0x5B0C, 0x5B0C, 0x5B2C, 0x5B2C, 0x5B0C,
	0x5B2C, 0x5B2C, 0x5B0C, 0x5B2C, 0x5B2C, 0x5B2C, 0x5B2C, 0x5B2C, 0x5B0C, 0x5B0C, 0x5B0C, 0x5B2C,
	0x5B2C, 0x5B2C, 0x5B0C, 0x5B0C, 0x5B0C, 0x5B0C, 0x5B0C, 0x5B0C, 0x5AEB, 0x52EB, 0x52EB, 0x5B0C,
	0x5B0C, 0x5B0C, 0x5B0C, 0x5B0C, 0x5B0C, 0x5B2C, 0x5B2C, 0x634D, 0x634D, 0x632D, 0x52CB, 0x528B,
	0x528B, 0x528B, 0x528B, 0x528B, 0x738E, 0x738E, 0x738E, 0x73AE, 0x73AE, 0x7BCF, 0x8410, 0x8C51,
	0x9492, 0x9CF3, 0xA534, 0xAD55, 0xB596, 0xBDD7, 0xBDF7, 0xC618, 0xC638, 0xC638, 0xCE59, 0xCE79,
	0xC659, 0xB5D7, 0x9D34, 0x7C30, 0x636D, 0x5B2C, 0x5B2C, 0x632D, 0x5B2C, 0x5B2C, 0x632D, 0x634D,
	0x5B2C, 0x634D, 0x52CB, 0x18C3, 0x0041, 0x0861, 0x0841, 0x0861, 0x2124, 0x10A2, 0x10A2, 0x52CB,
	0x634D, 0x5B2C, 0x634D, 0x634D, 0x5B2D, 0x634D, 0x5B2D, 0x5B2C, 0x5B2D, 0x634D, 0x5B2D, 0x634D,
	0x634D, 0x5B2C, 0x634D, 0x5B2D, 0x5B2C, 0x632D, 0x5B2C, 0x5B2C, 0x5B0C, 0x5B2C, 0x5B0C, 0x5B2C,
	0x5B2C, 0x5B0C, 0x5B0C, 0x5B0C, 0x5AEC, 0x5B0C, 0x5B0C, 0x5B0C, 0x5B2C, 0x5B0C, 0x5B0C, 0x5AEC,
	0x5B0C, 0x5B0C, 0x5AEC, 0x52EB, 0x52EB, 0x52EB, 0x52EB, 0x52EB, 0x52EB, 0x5B0C, 0x52EB, 0x52EB,
	0x52EB, 0x52EB, 0x52EB, 0x5B0C, 0x5B0C, 0x5B0C, 0x5B0C, 0x5B0C, 0x5B0C, 0x5B0C, 0x5B0C, 0x5B2C,
	0x5B2C, 0x5B2C, 0x5B2C, 0x5B2C, 0x636E, 0x6B8E, 0x6B8E, 0x6B8E, 0x6B8E, 0x6B8E, 0x6BAE, 0x6B8E,
	0x636D, 0x636D, 0x634D, 0x634D, 0x5B0C, 0x52EB, 0x52CB, 0x52AB, 0x52AB, 0x52CB, 0x52CB, 0x52CB,
	0x738E, 0x738E, 0x738E, 0x738E, 0x73AE, 0x7BCF, 0x7BEF, 0x8430, 0x8C71, 0x9CD3, 0xA514, 0xA534,
	0xB596, 0xB5B6, 0xBDF7, 0xC618, 0xC638, 0xCE59, 0xCE79, 0xD69A, 0xD69A, 0xB5F7, 0xA575, 0xA575,
	0x9534, 0x7C31, 0x634D, 0x5B0C, 0x5B0C, 0x5B0C, 0x5B0C, 0x5B0C, 0x5B2C, 0x52CB, 0x1904, 0x1082,
	0x10A3, 0x10A2, 0x1082, 0x0861, 0x10A3, 0x0020, 0x0000, 0x18C3, 0x5B2C, 0x634D, 0x5B2C, 0x634D,
	0x5B2C, 0x5B2C, 0x5B2D, 0x5B2C, 0x5B2C, 0x5B2C, 0x5B2C, 0x5B2D, 0x5B2D, 0x5B2C, 0x5B0C, 0x52EB,
	0x5B0C, 0x634D, 0x636D, 0x634D, 0x634D, 0x636D, 0x636D, 0x636D, 0x636D, 0x6BCF, 0x73CF, 0x6BCF,
	0x6BCF, 0x73CF, 0x73CF, 0x73CF, 0x73CF, 0x73CF, 0x6BAF, 0x73CF, 0x73CF, 0x73CF, 0x73F0, 0x7C51,
	0x7C51, 0x7C51, 0x7C51, 0x7C51, 0x8451, 0x7C51, 0x7C51, 0x7C51, 0x8451, 0x8451, 0x7C51, 0x8492,
	0x8CD3, 0x8CB2, 0x8CB2, 0x8CD3, 0x8CD3, 0x8CB2, 0x8CB3, 0x94D3, 0x8CD3, 0x8CD3, 0x8CD3, 0x8CB3,
	0x8CD3, 0x8CD3, 0x8CD3, 0x8CD3, 0x8492, 0x8471, 0x7C51, 0x73F0, 0x6BCF, 0x6BAE, 0x636D, 0x5B2C,
	0x52EB, 0x52CB, 0x52CB, 0x52CB, 0x52CB, 0x52CB, 0x52CB, 0x52CB, 0x738E, 0x738E, 0x738E, 0x738E,
	0x738E, 0x73AE, 0x7BEF, 0x8430, 0x8C71, 0x9CD3, 0xA514, 0xAD55, 0xB596, 0xBDD7, 0xBDF7, 0xC618,
	0xC638, 0xCE59, 0xCE79, 0xD69A, 0xD6BA, 0xB5D7, 0x9D35, 0x9D55, 0xA576, 0xA596, 0x9514, 0x8451,
	0x7C30, 0x7C30, 0x7C30, 0x7C30, 0x6B8E, 0x2104, 0x10A3, 0x18E3, 0x18E3, 0x18E3, 0x1904, 0x0882,
	0x0861, 0x1082, 0x0000, 0x0000, 0x1904, 0x5B2C, 0x636E, 0x634D, 0x5B2C, 0x5B2C, 0x5B2C, 0x5B2C,
	0x5B2C, 0x5B0C, 0x5AEC, 0x5B2C, 0x636E, 0x6BCF, 0x73CF, 0x7C30, 0x8451, 0x8CB2, 0x94F3, 0x9D34,
	0x9D55, 0xA575, 0x9D55, 0x9514, 0xA575, 0xA596, 0xA596, 0xA596, 0xA596, 0xA575, 0xA576, 0xA576,
	0xA596, 0x9D55, 0x9D35, 0xA596, 0xA576, 0xA576, 0xA596, 0xADB6, 0xADB6, 0xADB6, 0xA5B6, 0xADB6,
	0xADB6, 0xA596, 0xA596, 0xADB6, 0xADB6, 0xADB6, 0xA5B6, 0xA596, 0xA596, 0xA575, 0x9D55, 0xA596,
	0xA596, 0x9D55, 0x9D34, 0x94F3, 0x94D3, 0x94F3, 0x94F3, 0x94D3, 0x8CD3, 0x8CD3, 0x94D3, 0x8CD3,
	0x8492, 0x8471, 0x7C31, 0x73EF, 0x6BAF, 0x6BAE, 0x6B8E, 0x634D, 0x5AEC, 0x52CB, 0x52CB, 0x52CB,
	0x52AB, 0x4AAA, 0x52CB, 0x52EB, 0x73AE, 0x738E, 0x738E, 0x738E, 0x738E, 0x73AE, 0x7BEF, 0x8430,
	0x8C51, 0x94B2, 0x9CF3, 0xA514, 0xAD75, 0xB596, 0xBDF7, 0xC618, 0xC638, 0xC638, 0xCE79, 0xD69A,
	0xDEDB, 0xB5B6, 0x9D35, 0xA575, 0x9D55, 0x9D55, 0x9D34, 0x9D14, 0x9D55, 0x9D55, 0x9D55, 0x9D34,
	0x9514, 0x5AEC, 0x18C3, 0x18E4, 0x18E3, 0x18C3, 0x10A2, 0x1904, 0x10C3, 0x0841, 0x0020, 0x0020,
	0x0000, 0x18C3, 0x3A08, 0x5B0C, 0x634D, 0x5B2C, 0x634D, 0x6B8E, 0x6BAE, 0x73EF, 0x7C31, 0x8CD3,
	0x9D35, 0x9D55, 0x9D55, 0xA575, 0xA575, 0xA575, 0x9D55, 0x9D55, 0xA596, 0xA576, 0x9D55, 0x9D35,
	0xA596, 0xA596, 0xA576, 0xA575, 0xA576, 0xA575, 0xA596, 0xA575, 0xA576, 0x9D55, 0x9534, 0xA596,
	0xA575, 0xA575, 0xA576, 0xA575, 0xA575, 0xA576, 0xA575, 0xA596, 0xA575, 0x9D75, 0xA575, 0xA575,
	0xA575, 0xA575, 0xA575, 0xA576, 0xA596, 0x9D55, 0x9D14, 0xA575, 0x9D55, 0x9D34, 0x9D34, 0x9514,
	0x94F3, 0x8CD3, 0x8CB3, 0x8CB3, 0x8CB2, 0x8492, 0x8472, 0x8471, 0x7C30, 0x7C10, 0x73EF, 0x6BAE,
	0x636E, 0x634D, 0x5B2C, 0x52EB, 0x52AA, 0x4AAA, 0x4AAA, 0x4A8A, 0x52CB, 0x5B0C, 0x5B0C, 0x5B2C,
	0x6B6D, 0x7BCF, 0x73AE, 0x738E, 0x738E, 0x73AE, 0x7BEF, 0x8430, 0x8C51, 0x9492, 0x94B2, 0x94B2,
	0x9CD3, 0xA534, 0xAD55, 0xB596, 0xB5B6, 0xBDF7, 0xC618, 0xC638, 0xD69A, 0xAD96, 0x9D34, 0xA575,
	0x9D35, 0x9D34, 0x9514, 0x94F3, 0x9514, 0x9514, 0x9514, 0x9514, 0x9514, 0x9D55, 0x5B2D, 0x2145,
	0x2945, 0x2145, 0x2104, 0x1904, 0x2124, 0x1082, 0x18E3, 0x10A2, 0x0020, 0x0000, 0x0000, 0x0861,
	0x52CB, 0x8472, 0x8C92, 0x94D3, 0x94F3, 0x9514, 0x9D35, 0x9D55, 0x9D55, 0x9D55, 0x9D55, 0x9D55,
	0x9D55, 0xA575, 0xA575, 0xA575, 0xA575, 0x9514, 0x9514, 0x9D55, 0x9D75, 0xA575, 0xA575, 0x9D55,
	0x9D55, 0xA575, 0xA575, 0x9D55, 0x9D55, 0x9D55, 0x9514, 0x9D55, 0xA575, 0x9D55, 0x9D55, 0x9D55,
	0x9D55, 0x9D55, 0x9D55, 0x9D55, 0x9D55, 0x9D55, 0x9D55, 0x9D55, 0x9D55, 0x9D55, 0x9D55, 0x9D55,
	0x9D55, 0x9514, 0x8CD3, 0x9D35, 0x9D55, 0x9D34, 0x94F4, 0x94F3, 0x8CD3, 0x8CB2, 0x8CB2, 0x8471,
	0x7C51, 0x7C51, 0x7C30, 0x7C10, 0x7C30, 0x7C30, 0x7C10, 0x73CF, 0x73EF, 0x73EF, 0x73EF, 0x73EF,
	0x73CF, 0x6BAF, 0x634D, 0x634D, 0x634D, 0x634D, 0x634D, 0x632D, 0x0841, 0x39C7, 0x6B4D, 0x73AE,
	0x7BEF, 0x73AE, 0x7BEF, 0x8430, 0x8C71, 0x9492, 0x94B2, 0x94B2, 0x9CF3, 0xA534, 0xA534, 0xAD55,
	0xAD75, 0xAD75, 0xB5B6, 0xBDD7, 0xBDF7, 0x9D14, 0x8CD3, 0x9514, 0x9514, 0x94F3, 0x94F4, 0x94F4,
	0x9514, 0x9D34, 0x9D34, 0x9514, 0x9514, 0x9514, 0x9D35, 0x6BAF, 0x4A69, 0x4A8A, 0x4249, 0x31C7,
	0x31A6, 0x2125, 0x10A3, 0x18E3, 0x0020, 0x0000, 0x0000, 0x0000, 0x4A8A, 0x8CD3, 0x8CB2, 0x94F3,
	0x94F4, 0x94F3, 0x9514, 0x9D34, 0x9D34, 0x9D34, 0x9514, 0x9514, 0x9D14, 0x9D34, 0x9D34, 0x9D34,
	0x94F4, 0x8CB2, 0x9D55, 0x9D34, 0x9D34, 0x9D34, 0x9514, 0x9534, 0x9D14, 0x9D34, 0x9514, 0x9514,
	0x9D34, 0x94F3, 0x8CD3, 0x9D55, 0x9D35, 0x9D35, 0x9D34, 0x9D35, 0x9D55, 0x9D55, 0x9D34, 0x9D34,
	0x9D55, 0xA575, 0xA575, 0xA575, 0xA575, 0xA575, 0xA575, 0x9D75, 0xA575, 0x9D55, 0x9514, 0xA576,
	0xA575, 0x9D55, 0x9D35, 0x9D34, 0x9D34, 0x9514, 0x9514, 0x94F3, 0x94F3, 0x94F3, 0x94D3, 0x8CD3,
	0x8CB3, 0x8CB2, 0x8C92, 0x8492, 0x8472, 0x8492, 0x8C92, 0x8492, 0x8471, 0x7C51, 0x6B6E, 0x6B6E,
	0x6B6E, 0x6B4E, 0x6B4E, 0x6B4E, 0x0000, 0x0000, 0x0020, 0x2104, 0x5ACB, 0x7BEF, 0x8430, 0x8430,
	0x8C51, 0x9492, 0x94B2, 0x94B2, 0x9CF3, 0xA534, 0xA534, 0xAD55, 0xAD75, 0xB596, 0xB5B6, 0xB5D7,
	0xB5B6, 0x9D14, 0x8CB2, 0x8CB3, 0x94F3, 0x9514, 0x9514, 0x94F3, 0x9D14, 0x9D34, 0x9D34, 0x9514,
	0x9514, 0x9514, 0x9514, 0x9D34, 0x8451, 0x73EF, 0x7C31, 0x7C31, 0x7C30, 0x6BAF, 0x634D, 0x52EB,
	0x4A6A, 0x31C7, 0x10A2, 0x1904, 0x6BCF, 0x8CB2, 0x8C92, 0x8CB3, 0x8CD3, 0x8CD3, 0x8CB3, 0x8CB3,
	0x8C92, 0x8CB2, 0x8CB3, 0x8CD3, 0x8CD3, 0x8CD3, 0x8CD3, 0x8CD3, 0x8CB3, 0x8472, 0x8471, 0x8471,
	0x8C92, 0x8CB3, 0x8CB2, 0x8CB2, 0x8CB2, 0x8CD3, 0x8CD3, 0x8CD3, 0x94D3, 0x8CB3, 0x94F3, 0x9D55,
	0x9D55, 0x9D55, 0x9D55, 0x9D75, 0xA575, 0xA575, 0xA575, 0xA575, 0xA575, 0x9D55, 0xA575, 0x9D55,
	0xA575, 0xA575, 0xA575, 0xA576, 0xA576, 0x9D55, 0x9D34, 0xA596, 0x9D75, 0x9D55, 0x9D35, 0xA575,
	0x9D55, 0x9D34, 0x9D55, 0x9514, 0x9514, 0x9D34, 0x94F3, 0x9D34, 0x94F3, 0x94F3, 0x94F3, 0x8CD3,
	0x94F3, 0x8CD3, 0x94D3, 0x8CD3, 0x8CB2, 0x8CB2, 0x7BD0, 0x73AF, 0x73B0, 0x73D0, 0x73AF, 0x73AF,
	0x0000, 0x0000, 0x0000, 0x0000, 0x0000, 0x2124, 0x630C, 0x8C71, 0x9CD3, 0x9492, 0x9492, 0x94B2,
	0x9CF3, 0xA534, 0xA534, 0xAD55, 0xAD75, 0xB596, 0xB5B6, 0xB5B6, 0xB596, 0x9D34, 0x8CD3, 0x94D3,
	0x9514, 0x9D34, 0x9514, 0x94F3, 0x9D34, 0x9514, 0x9D34, 0x94F4, 0x94F4, 0x9514, 0x9514, 0x9514,
	0x9514, 0x8CD3, 0x8472, 0x8472, 0x8492, 0x8471, 0x7C30, 0x7C30, 0x7410, 0x4A6A, 0x2125, 0x2145,
	0x8451, 0x8CD3, 0x8C92, 0x8C92, 0x8C92, 0x8CB2, 0x8472, 0x8471, 0x8451, 0x8471, 0x8492, 0x8C92,
	0x8492, 0x8CB2, 0x8CB2, 0x8CB2, 0x94F3, 0x8CB2, 0x8CB2, 0x8CB3, 0x8CB3, 0x8CD3, 0x8CD3, 0x8CD3,
	0x94F3, 0x94F4, 0x94F4, 0x94F4, 0x94F3, 0x94F3, 0x9514, 0x9D34, 0x9D35, 0x9D35, 0x9D34, 0x9D55,
	0x9D55, 0xA575, 0x9D55, 0xA575, 0x9D55, 0x9D55, 0xA575, 0x9D55, 0x9D55, 0x9D55, 0xA575, 0xA596,
	0xA596, 0x9D55, 0x9514, 0xA596, 0xA575, 0xA575, 0x9D55, 0x9D55, 0x9D55, 0xA575, 0x9D55, 0x9D55,
	0x9D55, 0x9D34, 0x9D34, 0x9514, 0x9514, 0x94F4, 0x94F4, 0x9D34, 0x9D34, 0x9514, 0x94F3, 0x94F3,
	0x8CD3, 0x8C92, 0x7BF0, 0x73D0, 0x7BD0, 0x7BD0, 0x73AF, 0x73AF, 0x0000, 0x0000, 0x0000, 0x0000,
	0x0000, 0x0000, 0x0000, 0x2945, 0x4A69, 0x8430, 0xA514, 0x9CF3, 0x9CF3, 0xA514, 0xA534, 0xAD55,
	0xB596, 0xB596, 0xB5B6, 0xB5B6, 0xAD96, 0x9D34, 0x94F3, 0x9514, 0x9D34, 0x9D34, 0x9D34, 0x9D34,
	0x9D35, 0x9D14, 0x9D34, 0x9514, 0x9514, 0x9514, 0x9514, 0x9514, 0x94F3, 0x9D14, 0x94F3, 0x8492,
	0x8471, 0x7C10, 0x0861, 0x0020, 0x0020, 0x0000, 0x0000, 0x0000, 0x0841, 0x6B8E, 0x94D3, 0x8C92,
	0x8C92, 0x8472, 0x8471, 0x8492, 0x8492, 0x8472, 0x8492, 0x8492, 0x8C92, 0x8C92, 0x8492, 0x8CB2,
	0x8C92, 0x8492, 0x8CB2, 0x8CB2, 0x8CB2, 0x8CB2, 0x8C92, 0x8C92, 0x8CD3, 0x8CD3, 0x8CD3, 0x8CD3,
	0x94D3, 0x8CD3, 0x8CD3, 0x94F3, 0x94F3, 0x94D3, 0x8CD3, 0x94F3, 0x94F4, 0x94F4, 0x94F3, 0x9D34,
	0x9D34, 0x9D34, 0x9D34, 0x9D34, 0x9D34, 0x9D34, 0x9D34, 0x9D35, 0x9D55, 0x9514, 0x94F4, 0x9D34,
	0x9D35, 0x9D34, 0x9D14, 0x9514, 0x9514, 0x9D34, 0x9D34, 0x9514, 0x94F3, 0x8CB3, 0x8CB3, 0x8CB2,
	0x8CB2, 0x8CB3, 0x8CB2, 0x8CD3, 0x8CD3, 0x8CB2, 0x8CD3, 0x8CD3, 0x8CD3, 0x8C92, 0x7C11, 0x7BD0,
	0x7BD0, 0x73D0, 0x73AF, 0x73AF, 0x0000, 0x0000, 0x0000, 0x0000, 0x0000, 0x0000, 0x0000, 0x0000,
	0x0000, 0x0841, 0x4A69, 0x8C71, 0xA514, 0xAD75, 0xA534, 0xA534, 0xB596, 0xB596, 0xB5B6, 0xB596,
	0xAD75, 0x9D34, 0x9514, 0x9534, 0x9D34, 0x9D35, 0x9D55, 0x9D55, 0x9D35, 0x9D55, 0x9D34, 0x9D34,
	0x9D34, 0x9D34, 0x9514, 0x9514, 0x9514, 0x9D34, 0x9514, 0x9D34, 0x9514, 0x7C30, 0x0020, 0x0000,
	0x0000, 0x0000, 0x0000, 0x0000, 0x0000, 0x2124, 0x94F3, 0x8C92, 0x8492, 0x8451, 0x8471, 0x8CB2,
	0x8CB2, 0x8C92, 0x8CB2, 0x8CB2, 0x8CB2, 0x8CB2, 0x8492, 0x8CB2, 0x8CB2, 0x8492, 0x8CB2, 0x8CB2,
	0x8CB2, 0x8CB2, 0x8492, 0x8492, 0x8CB2, 0x8492, 0x8492, 0x8492, 0x8CB2, 0x8C92, 0x8CB2, 0x8C92,
	0x8492, 0x8492, 0x8471, 0x8C92, 0x8492, 0x8492, 0x8472, 0x8C92, 0x8CD3, 0x8CB2, 0x8CB2, 0x8492,
	0x8CB2, 0x8CB2, 0x8492, 0x8CB2, 0x8CB2, 0x8492, 0x8492, 0x8CB2, 0x8492, 0x8CB2, 0x8492, 0x8451,
	0x8471, 0x8492, 0x8492, 0x8C92, 0x8471, 0x7C51, 0x7C51, 0x7C51, 0x7C51, 0x8471, 0x7C51, 0x8471,
	0x8492, 0x8451, 0x8472, 0x8C92, 0x8CB2, 0x8C72, 0x7C11, 0x7BD0, 0x7BD0, 0x73D0, 0x73AF, 0x73AF,
	0x0000, 0x0000, 0x0000, 0x0000, 0x0000, 0x0000, 0x0000, 0x0000, 0x0000, 0x0000, 0x0000, 0x0841,
	0x2965, 0x7BEF, 0xAD75, 0xB596, 0xB596, 0xB596, 0xB5B6, 0xB596, 0xAD75, 0xA534, 0x9D14, 0x9D34,
	0x9D35, 0x9D55, 0x9D55, 0x9D55, 0x9D55, 0x9D55, 0x9D55, 0x9D35, 0x9D55, 0x9D55, 0x9D34, 0x9D35,
	0x9D55, 0x9D35, 0x9D55, 0x9D55, 0xA575, 0x94F3, 0x0041, 0x0000, 0x0000, 0x0000, 0x0000, 0x0000,
	0x0000, 0x0000, 0x5B2C, 0x94D3, 0x8471, 0x8471, 0x8492, 0x8CB2, 0x94D3, 0x94F3, 0x9514, 0x9514,
	0x9514, 0x9514, 0x94F3, 0x9514, 0x9514, 0x94F4, 0x94F3, 0x94F3, 0x9514, 0x9D14, 0x9514, 0x94F3,
	0x94F3, 0x94F3, 0x94F3, 0x94F3, 0x94F3, 0x94F4, 0x94F4, 0x94F3, 0x94F3, 0x94D3, 0x94D3, 0x94F3,
	0x94F3, 0x8CD3, 0x94D3, 0x94F3, 0x94F3, 0x8CD3, 0x94F3, 0x8CD3, 0x8CD3, 0x8CD3, 0x8CD3, 0x8CD3,
	0x8CD3, 0x8CB2, 0x8CB2, 0x8CD3, 0x8CD3, 0x8CD3, 0x8CB2, 0x8CB2, 0x8CB2, 0x8CB2, 0x8CB2, 0x94D3,
	0x8CB3, 0x8CD3, 0x8CD3, 0x8CB2, 0x8CD3, 0x8CD3, 0x8CD3, 0x94D3, 0x8CD3, 0x8CD3, 0x8CB2, 0x8CB2,
	0x8CB2, 0x8C92, 0x7C11, 0x7BF0, 0x7BD0, 0x73D0, 0x73AF, 0x73AF, 0x0000, 0x0000, 0x0000, 0x0000,
	0x0000, 0x0000, 0x0000, 0x0000, 0x0000, 0x0000, 0x0000, 0x0000, 0x0000, 0x0000, 0x3186, 0x8410,
	0xAD75, 0xBDF7, 0xBDD7, 0xAD75, 0xAD55, 0xA534, 0x9D34, 0x9D35, 0x9D55, 0x9D55, 0x9D55, 0x9D55,
	0xA575, 0x9D55, 0x9D55, 0xA575, 0xA575, 0x9D55, 0x9D35, 0x9D55, 0xA575, 0x9D55, 0x9D55, 0x9D55,
	0xA575, 0x9514, 0x0841, 0x0000, 0x0000, 0x0000, 0x0000, 0x0000, 0x0000, 0x0000, 0x0020, 0x8451,
	0x8C92, 0x8492, 0x8CB2, 0x8CD3, 0x94F4, 0x94F4, 0x8CD3, 0x94D3, 0x8CB3, 0x8CD3, 0x8CD3, 0x8CD3,
	0x8CD3, 0x8CD3, 0x8CD3, 0x8CD3, 0x94D3, 0x8CD3, 0x94F3, 0x8CD3, 0x8CD3, 0x8CD3, 0x8CB3, 0x8CB3,
	0x8CB3, 0x8CD3, 0x8CD3, 0x8CD3, 0x8CD3, 0x8CD3, 0x8CD3, 0x8CD3, 0x8CD3, 0x8CB3, 0x8CD3, 0x8CD3,
	0x8CD3, 0x8CD3, 0x8CD3, 0x8CD3, 0x8CB3, 0x8CB3, 0x8CB2, 0x8CB2, 0x8CB3, 0x8CB2, 0x8CB2, 0x8CB3,
	0x8CB3, 0x8CB2, 0x8CB2, 0x8CB3, 0x8CD3, 0x8CB2, 0x8CB2, 0x8CD3, 0x8CB2, 0x8CB2, 0x8CB2, 0x8CB2,
	0x8CB2, 0x8CD3, 0x8CB3, 0x8CB2, 0x8CB2, 0x8C92, 0x8C92, 0x8CB2, 0x8CB3, 0x8CD3, 0x8472, 0x7BD0,
	0x7BD0, 0x73D0, 0x73AF, 0x73AF, 0x0000, 0x0000, 0x0000, 0x0000, 0x0000, 0x0000, 0x0000, 0x0000,
	0x0000, 0x0000, 0x0000, 0x0000, 0x0000, 0x0000, 0x0000, 0x0000, 0x1082, 0x5ACB, 0xAD55, 0xBDF7,
	0xAD76, 0xA555, 0x9D55, 0x9D55, 0x9D55, 0x9D55, 0x9D55, 0xA575, 0xA575, 0xA575, 0xA575, 0xA575,
	0x9D75, 0xA575, 0xA575, 0xA575, 0x9D55, 0x9D55, 0x9D55, 0x9D35, 0xA575, 0x9514, 0x0841, 0x0000,
	0x0000, 0x0000, 0x0000, 0x0000, 0x0000, 0x0000, 0x0000, 0x4249, 0x94F3, 0x8492, 0x8CB3, 0x94F3,
	0x9514, 0x94D3, 0x8CD3, 0x9D34, 0x9D34, 0x9514, 0x9D34, 0x9D14, 0x9514, 0x9D34, 0x9D34, 0x9D34,
	0x9D34, 0x9D34, 0x9514, 0x9D34, 0x9514, 0x9D34, 0x9D34, 0x9D34, 0x9D34, 0x9D34, 0x9D34, 0x9D34,
	0x9D34, 0x9D34, 0x9D34, 0x9D34, 0x9D35, 0x9D34, 0x9D34, 0x9D14, 0x9D34, 0x9D34, 0x9D14, 0x9D14,
	0x9D35, 0x9514, 0x9514, 0x9D34, 0x9D34, 0x9D34, 0x9D35, 0x9D14, 0x9D34, 0x9514, 0x9514, 0x9514,
	0x9D14, 0x9514, 0x9D14, 0x9514, 0x9514, 0x9514, 0x9514, 0x8CB3, 0x8CD3, 0x9514, 0x94F3, 0x94F4,
	0x94F3, 0x94F3, 0x94F3, 0x94F3, 0x94F3, 0x94F3, 0x9514, 0x8472, 0x7BD0, 0x73D0, 0x73AF, 0x7BD0,
	0x0000, 0x0000, 0x0000, 0x0000, 0x0000, 0x0000, 0x0000, 0x0000, 0x0000, 0x0000, 0x0000, 0x0000,
	0x0000, 0x0000, 0x0000, 0x0000, 0x0000, 0x0000, 0x0841, 0x52CB, 0x9CF4, 0x9D14, 0x9514, 0xA596,
	0x9D55, 0x9D55, 0xA575, 0xA575, 0xA575, 0xA575, 0xA575, 0xA575, 0xA575, 0xA575, 0x9D75, 0x9D55,
	0xA575, 0xA575, 0xA575, 0xA575, 0xA596, 0x9534, 0x0841, 0x0000, 0x0000, 0x0000, 0x0000, 0x0000,
	0x0000, 0x0000, 0x0000, 0x0841, 0x8472, 0x8CD3, 0x8CD3, 0x94F3, 0x94F3, 0x94F3, 0x9D34, 0x9D55,
	0x9D55, 0x9D55, 0x9D55, 0xA575, 0x9D55, 0x9D55, 0x9D55, 0x9D55, 0xA575, 0x9D55, 0x9D55, 0x9D55,
	0xA575, 0x9D55, 0x9D55, 0xA575, 0xA575, 0x9D55, 0x9D75, 0xA575, 0xA575, 0x9D55, 0x9D55, 0xA576,
	0xA575, 0xA575, 0xA575, 0xA575, 0x9D55, 0x9D75, 0xA575, 0x9D55, 0x9D55, 0x9D55, 0xA575, 0xA575,
	0xA575, 0x9D55, 0xA575, 0xA575, 0x9D55, 0x9D55, 0xA575, 0x9D55, 0x9D55, 0x9D55, 0x9D55, 0x9D55,
	0x9D55, 0x9D55, 0x9D55, 0x94F3, 0x9514, 0x9D35, 0x9D35, 0x9D35, 0x9D34, 0x9D35, 0x9D34, 0x9D34,
	0x9D34, 0x9D34, 0x9D34, 0x9D34, 0x8C92, 0x738F, 0x7BF0, 0x52CB, 0x0000, 0x0000, 0x0841, 0x10A3,
	0x10A3, 0x10A3, 0x10A3, 0x10A3, 0x10A3, 0x10A3, 0x10A3, 0x10A3, 0x10A3, 0x10A3, 0x10A3, 0x10A3,
	0x10A3, 0x18C3, 0x0841, 0x0000, 0x0841, 0x0841, 0x0861, 0x73CF, 0xADD7, 0x9D55, 0xA575, 0xA575,
	0xA575, 0xA575, 0xA576, 0xA576, 0xA596, 0xA575, 0xA575, 0xA575, 0xA575, 0xA575, 0x9D55, 0x9D55,
	0xA596, 0x9D34, 0x0841, 0x0000, 0x0000, 0x0000, 0x0000, 0x0000, 0x0000, 0x0000, 0x0000, 0x0000,
	0x2965, 0x9514, 0x8CD3, 0x94F3, 0x94F3, 0x9514, 0x9D55, 0x9D55, 0x9D55, 0x9D55, 0x9D55, 0x9D55,
	0x9D75, 0x9D55, 0x9D55, 0x9D55, 0xA575, 0x9D55, 0x9D75, 0xA575, 0xA575, 0xA575, 0xA575, 0xA575,
	0x9D55, 0x9D75, 0x9D55, 0xA575, 0x9D55, 0x9D55, 0xA575, 0x9D75, 0x9D55, 0x9D55, 0xA575, 0xA575,
	0xA575, 0x9D55, 0xA575, 0xA575, 0x9D55, 0x9D55, 0xA575, 0x9D55, 0x9D55, 0x9D55, 0xA575, 0x9D55,
	0x9D55, 0x9D55, 0x9D55, 0x9D55, 0x9D55, 0x9D55, 0x9D55, 0x9D55, 0x9D55, 0x9D55, 0x9D55, 0x94D3,
	0x9D34, 0x9D55, 0x9D35, 0x9D34, 0x9D35, 0x9D34, 0x9D35, 0x9D55, 0x9D55, 0x9D55, 0x9D55, 0x9D55,
	0x9D55, 0x94D4, 0x528B, 0x0000, 0x0000, 0x0000, 0x10A3, 0x2987, 0x2967, 0x2967, 0x2967, 0x2967,
	0x2967, 0x2967, 0x2967, 0x2967, 0x2967, 0x2967, 0x2967, 0x2967, 0x2967, 0x2967, 0x2966, 0x0862,
	0x0000, 0x0000, 0x0000, 0x0000, 0x73CF, 0xADF7, 0x9D55, 0xA575, 0xA575, 0xA576, 0xA576, 0xA575,
	0xA575, 0xA575, 0xA575, 0xA575, 0xA575, 0xA576, 0xA575, 0xA575, 0xA596, 0x9D34, 0x0841, 0x0000,
	0x0000, 0x0000, 0x0000, 0x0000, 0x0000, 0x0000, 0x0000, 0x0000, 0x0000, 0x634D, 0x9D55, 0x8CD3,
	0x94F4, 0x9D34, 0x9D55, 0x9D55, 0x9D55, 0x9D55, 0x9D55, 0x9D55, 0xA575, 0xA575, 0x9D55, 0xA575,
	0xA575, 0x9D75, 0xA575, 0x9D55, 0x9D75, 0xA575, 0xA596, 0xA575, 0xA575, 0x9D55, 0xA575, 0xA575,
	0xA575, 0xA575, 0xA575, 0xA575, 0x9D55, 0xA575, 0xA575, 0xA575, 0xA575, 0xA575, 0xA575, 0xA575,
	0xA575, 0xA575, 0xA575, 0xA575, 0xA575, 0xA576, 0xA575, 0x9D55, 0xA575, 0x9D55, 0x9D55, 0x9D75,
	0x9D55, 0xA575, 0x9D55, 0x9D55, 0xA575, 0x9D55, 0xA555, 0x94F4, 0x9D34, 0x9D55, 0x9D55, 0x9D55,
	0x9D55, 0x9D55, 0x9D55, 0x9D55, 0x9D55, 0x9D55, 0x9D55, 0x9D55, 0xA596, 0x73EF, 0x0000, 0x0000,
	0x0000, 0x0000, 0x10A3, 0x2967, 0x2146, 0x2146, 0x2146, 0x2146, 0x2146, 0x2146, 0x2146, 0x2146,
	0x2146, 0x2146, 0x2146, 0x2146, 0x2146, 0x2146, 0x2967, 0x10A3, 0x0000, 0x0000, 0x0000, 0x0000,
	0x0000, 0x73EF, 0xADD7, 0x9D55, 0xA576, 0xA576, 0xA576, 0xA575, 0xA596, 0xA596, 0xA576, 0xA596,
	0xA575, 0xA596, 0xA596, 0xA575, 0xA576, 0x9514, 0x0841, 0x0000, 0x0000, 0x0000, 0x0000, 0x0000,
	0x0000, 0x0000, 0x0000, 0x0000, 0x0000, 0x0000, 0x636E, 0x9D35, 0x9D14, 0x9D34, 0x9D55, 0x9D55,
	0x9D55, 0x9D55, 0x9D55, 0xA575, 0xA575, 0xA575, 0xA576, 0xA575, 0xA575, 0xA575, 0xA575, 0xA575,
	0xA575, 0xA575, 0xA575, 0xA575, 0xA576, 0xA575, 0xA576, 0xA575, 0xA575, 0xA575, 0xA575, 0xA575,
	0xA575, 0xA576, 0xA575, 0xA575, 0xA575, 0xA576, 0xA575, 0xA575, 0xA575, 0xA575, 0xA596, 0xA575,
	0x9D55, 0xA575, 0xA575, 0xA575, 0xA575, 0xA575, 0x9D55, 0xA575, 0x9D55, 0xA575, 0xA575, 0xA575,
	0xA575, 0xA575, 0xA575, 0x9514, 0x9D35, 0x9D55, 0x9D55, 0x9D55, 0x9D55, 0x9D55, 0x9D55, 0x9D55,
	0x9D55, 0x9D55, 0x9D55, 0x9D55, 0xADD7, 0x4A69, 0x0000, 0x0020, 0x0000, 0x0000, 0x10A3, 0x2967,
	0x2146, 0x2146, 0x2146, 0x2946, 0x2946, 0x2146, 0x2146, 0x2946, 0x2946, 0x2946, 0x2946, 0x2946,
	0x2946, 0x2146, 0x2967, 0x10A3, 0x0000, 0x0000, 0x0000, 0x0000, 0x0000, 0x0000, 0x73EF, 0xADF7,
	0x9D55, 0xA576, 0xA575, 0xA596, 0xA596, 0xA596, 0xA576, 0xA575, 0xA596, 0xA596, 0xA576, 0xA576,
	0xA576, 0x9D34, 0x0841, 0x0000, 0x0000, 0x0000, 0x0000, 0x0000, 0x0000, 0x0000, 0x0000, 0x0000,
	0x0000, 0x0000, 0x0000, 0x2986, 0x9D55, 0xA575, 0x9D55, 0x9D55, 0x9D55, 0x9D55, 0x9D55, 0xA575,
	0xA575, 0xA575, 0xA576, 0xA575, 0xA576, 0xA576, 0xA575, 0xA575, 0xA575, 0xA575, 0xA575, 0xA596,
	0xA576, 0x9D55, 0xA596, 0xA575, 0xA575, 0xA575, 0xA575, 0xA575, 0xA576, 0xA596, 0xA575, 0xA575,
	0xA575, 0xA575, 0xA575, 0xA575, 0xA576, 0xA575, 0xA596, 0xA575, 0xA575, 0xA575, 0xA575, 0xA575,
	0xA575, 0xA575, 0x9D55, 0xA575, 0xA575, 0xA575, 0xA575, 0xA575, 0x9D75, 0xA575, 0xA575, 0x9514,
	0x9D35, 0x9D55, 0x9D55, 0x9D55, 0x9D55, 0x9D55, 0x9D55, 0x9D55, 0x9D55, 0x9D55, 0x9D55, 0x9D35,
	0xADD7, 0x52AA, 0x0000, 0x0000, 0x0000, 0x0000, 0x10A3, 0x2967, 0x2146, 0x2146, 0x2146, 0x2946,
	0x2146, 0x2146, 0x2946, 0x2946, 0x2946, 0x2946, 0x2946, 0x2946, 0x2946, 0x2146, 0x2967, 0x10A3,
	0x0000, 0x0000, 0x0000, 0x0000, 0x0000, 0x0000, 0x0000, 0x73EF, 0xB5F7, 0x9D55, 0xA576, 0xA596,
	0xA596, 0xA596, 0xA596, 0xA596, 0xA596, 0xA576, 0xA576, 0xA576, 0xA596, 0x9D34, 0x0841, 0x0000,
	0x0000, 0x0000, 0x0000, 0x0000, 0x0000, 0x0000, 0x0000, 0x0000, 0x0000, 0x0000, 0x0000, 0x0000,
	0x2986, 0x9D34, 0xA596, 0x9D35, 0x9D55, 0x9D55, 0x9D55, 0xA575, 0xA575, 0xA576, 0xA596, 0xA596,
	0xA596, 0xA596, 0xA576, 0xA596, 0xA575, 0xA576, 0xA576, 0xA596, 0xA576, 0xA596, 0xA575, 0xA576,
	0xA596, 0xA596, 0xA575, 0xA576, 0xA596, 0xA576, 0xA596, 0xA575, 0xA576, 0xA576, 0xA576, 0xA596,
	0xA596, 0xA576, 0xA596, 0xA575, 0xA575, 0xA596, 0xA596, 0xA576, 0xA576, 0xA575, 0xA575, 0xA575,
	0xA575, 0xA575, 0xA576, 0xA575, 0xA575, 0xA575, 0xA575, 0x9514, 0x9D55, 0xA575, 0x9D55, 0x9D55,
	0x9D55, 0x9D55, 0x9D55, 0x9D55, 0x9D55, 0x9D55, 0x9D55, 0x9D35, 0xADD7, 0x4AAA, 0x0000, 0x0000,
	0x0000, 0x0000, 0x1082, 0x2946, 0x2146, 0x2946, 0x2146, 0x2146, 0x2946, 0x2146, 0x2146, 0x2946,
	0x2946, 0x2946, 0x2946, 0x2946, 0x2946, 0x2946, 0x2967, 0x10A3, 0x0000, 0x0000, 0x0000, 0x0000,
	0x0000, 0x0000, 0x0000, 0x0000, 0x73EF, 0xB5F8, 0xA596, 0xA5B6, 0xA596, 0xA596, 0xADB6, 0xA5B6,
	0xA596, 0xA5B6, 0xA596, 0xA596, 0xA5B6, 0x9D55, 0x0841, 0x0000, 0x0000, 0x0000, 0x0000, 0x0000,
	0x0000, 0x0000, 0x0000, 0x0000, 0x0000, 0x0000, 0x0000, 0x0000, 0x0000, 0x0841, 0x73CF, 0xADD7,
	0x9D55, 0x9D55, 0x9D55, 0xA575, 0xA575, 0xA596, 0xA596, 0xA596, 0xA596, 0xA575, 0xA596, 0xA596,
	0xA596, 0xA576, 0xA596, 0xA596, 0xA575, 0xA575, 0xA596, 0xA596, 0xA576, 0xA596, 0xA575, 0xA596,
	0xA596, 0xA596, 0xA596, 0xA576, 0xA575, 0xA596, 0xA596, 0xA576, 0xA596, 0xA576, 0xA596, 0xA576,
	0xA575, 0xA575, 0xA576, 0xA575, 0xA575, 0xA576, 0xA575, 0xA575, 0xA575, 0x9D55, 0xA576, 0xA575,
	0xA576, 0xA575, 0xA575, 0x9514, 0x9D55, 0xA576, 0x9D55, 0x9D55, 0x9D55, 0x9D55, 0xA575, 0xA575,
	0xA575, 0xA575, 0xA575, 0x9D55, 0xADD7, 0x52AA, 0x0000, 0x0000, 0x0000, 0x0000, 0x0861, 0x18E4,
	0x18E4, 0x2126, 0x2126, 0x2126, 0x2146, 0x2946, 0x2946, 0x2946, 0x2946, 0x2946, 0x2946, 0x2946,
	0x2946, 0x2946, 0x2967, 0x10A3, 0x0000, 0x0000, 0x0000, 0x0000, 0x0000, 0x0000, 0x0000, 0x0000,
	0x0000, 0x73EF, 0xA576, 0x9D34, 0x9D35, 0x9D55, 0x9D55, 0x9D34, 0x9D34, 0x9D34, 0x9D55, 0x9D34,
	0x9D55, 0x94F3, 0x0841, 0x0000, 0x0000, 0x0000, 0x0000, 0x0000, 0x0000, 0x0000, 0x0000, 0x0000,
	0x0000, 0x0000, 0x0000, 0x0000, 0x0000, 0x0000, 0x0000, 0x73CF, 0xA596, 0x9D55, 0x9D55, 0xA575,
	0xA576, 0xA596, 0xA596, 0xA596, 0xA596, 0xA575, 0xA576, 0xA596, 0xA596, 0xA596, 0xA596, 0xA575,
	0xA596, 0xA596, 0xA596, 0xA596, 0xA596, 0xA575, 0xA575, 0xA596, 0xA596, 0xA576, 0xA596, 0xA576,
	0xA575, 0xA596, 0xA596, 0xA596, 0xA596, 0xA576, 0xA575, 0xA596, 0xA596, 0xA575, 0xA576, 0xA575,
	0xA575, 0xA576, 0xA575, 0xA575, 0xA575, 0xA575, 0xA575, 0x9D75, 0xA575, 0xA575, 0xA575, 0x9514,
	0x9D55, 0xA596, 0xA575, 0xA575, 0xA575, 0xA575, 0xA575, 0xA575, 0xA575, 0xA575, 0xA575, 0x9D55,
	0xADF7, 0x52AB, 0x0000, 0x0000, 0x0000, 0x0000, 0x0021, 0x0882, 0x0862, 0x0841, 0x10A3, 0x1905,
	0x2105, 0x2126, 0x2146, 0x2146, 0x2146, 0x2146, 0x2146, 0x2946, 0x2946, 0x2146, 0x2967, 0x10A3,
	0x0000, 0x0000, 0x0000, 0x0000, 0x0000, 0x0000, 0x0000, 0x0000, 0x0000, 0x0000, 0x0841, 0x0841,
	0x0841, 0x0841, 0x0841, 0x0841, 0x0841, 0x0841, 0x0841, 0x0841, 0x0841, 0x0841, 0x0000, 0x0000,
	0x0000, 0x0000, 0x0000, 0x0000, 0x0000, 0x0000, 0x0000, 0x0000, 0x0000, 0x0000, 0x0000, 0x0000,
	0x0000, 0x0000, 0x0000, 0x0000, 0x31A6, 0xA576, 0xADB7, 0x9D55, 0xA596, 0xA596, 0xA596, 0xA596,
	0xA575, 0xA575, 0xA576, 0xA575, 0xA596, 0xA596, 0xA596, 0xA576, 0xA596, 0xA596, 0xA596, 0xA596,
	0xA596, 0xA576, 0xA596, 0xA596, 0xA596, 0xA596, 0xA596, 0xA596, 0xA596, 0xA596, 0xA596, 0xA576,
	0xA596, 0xA596, 0xA576, 0xA576, 0xA575, 0xA596, 0xA596, 0xA596, 0xA596, 0xA575, 0xA576, 0xA596,
	0xA576, 0x9D75, 0x9D55, 0xA575, 0xA575, 0xA576, 0xA575, 0x9514, 0x9D55, 0xA575, 0xA576, 0xA576,
	0xA575, 0xA596, 0xA596, 0xA596, 0xA596, 0xA596, 0xA596, 0xA575, 0xB5F7, 0x52CB, 0x0000, 0x0000,
	0x0000, 0x0000, 0x0000, 0x0000, 0x0000, 0x0000, 0x0841, 0x1083, 0x10A3, 0x18E4, 0x18E5, 0x2105,
	0x2125, 0x2126, 0x2126, 0x2126, 0x2126, 0x2126, 0x2946, 0x1083, 0x0000, 0x0000, 0x0000, 0x0000,
	0x0000, 0x0000, 0x0000, 0x0000, 0x0000, 0x0000, 0x0000, 0x0000, 0x0000, 0x0000, 0x0000, 0x0000,
	0x0000, 0x0000, 0x0000, 0x0000, 0x0000, 0x0000, 0x0000, 0x0000, 0x0000, 0x0000, 0x0000, 0x0000,
	0x0000, 0x0000, 0x0000, 0x0000, 0x0000, 0x0000, 0x0000, 0x0000, 0x0000, 0x0000, 0x0000, 0x0000,
	0x0000, 0x2965, 0x7C30, 0xADD7, 0x9D55, 0xA596, 0xA596, 0xA576, 0xA575, 0xA576, 0xA576, 0xA596,
	0xA596, 0xA596, 0xA596, 0xA596, 0xA596, 0xA596, 0xA596, 0xA596, 0xA596, 0xA576, 0xA596, 0xA596,
	0xA596, 0xA596, 0xA596, 0xA596, 0xA596, 0xA596, 0xA596, 0xA576, 0xA576, 0xA576, 0xA596, 0xA596,
	0xA576, 0xA576, 0xA596, 0xA576, 0xA596, 0xA596, 0xA575, 0xA575, 0xA575, 0xA596, 0xA596, 0xA575,
	0xA575, 0xA575, 0xA576, 0x9514, 0x9D55, 0xA576, 0xA575, 0xA575, 0xA576, 0xA576, 0xA575, 0xA575,
	0xA575, 0xA575, 0xA575, 0xA555, 0xB5F7, 0x52AB, 0x0000, 0x0000, 0x0000, 0x0000, 0x0000, 0x0000,
	0x0000, 0x0000, 0x0000, 0x0021, 0x0862, 0x1083, 0x10A3, 0x18C4, 0x1905, 0x2105, 0x2105, 0x2105,
	0x2105, 0x2105, 0x2126, 0x1082, 0x0000, 0x0000, 0x0000, 0x0000, 0x0000, 0x0000, 0x0000, 0x0000,
	0x0000, 0x0000, 0x0000, 0x0000, 0x0000, 0x0000, 0x0000, 0x0000, 0x0000, 0x0000, 0x0000, 0x0000,
	0x0000, 0x0000, 0x0000, 0x0000, 0x0000, 0x0000, 0x0000, 0x0000, 0x0000, 0x0000, 0x0000, 0x0000,
	0x0000, 0x0000, 0x0000, 0x0000, 0x0000, 0x0000, 0x0000, 0x0000, 0x0000, 0x0000, 0x0000, 0x73EF,
	0xB618, 0xA596, 0xA576, 0xA576, 0xA575, 0xA576, 0xA596, 0xA596, 0xA575, 0xA576, 0xA596, 0xA596,
	0xA596, 0xA596, 0xA596, 0xA576, 0xA596, 0xA596, 0xA575, 0xA596, 0xA596, 0xA596, 0xA596, 0xA596,
	0xA596, 0xA596, 0xA596, 0xA596, 0xA576, 0xA576, 0xA576, 0xA596, 0xA596, 0xA575, 0xA576, 0xA596,
	0xA596, 0xA596, 0xA596, 0xA575, 0xA596, 0xA576, 0xA596, 0xA575, 0xA596, 0xA596, 0xA596, 0x9534,
	0x9D55, 0xA575, 0xA575, 0xA575, 0xA575, 0xA576, 0xA576, 0xA576, 0xA576, 0xA576, 0xA576, 0x9D75,
	0xADF7, 0x52AB, 0x0000, 0x0000, 0x0000, 0x0000, 0x0020, 0x0020, 0x0000, 0x0000, 0x0000, 0x0021,
	0x0841, 0x1083, 0x10A3, 0x18E4, 0x2105, 0x2105, 0x2105, 0x2105, 0x2105, 0x2105, 0x2126, 0x1082,
	0x0000, 0x0000, 0x0000, 0x0000, 0x0000, 0x0000, 0x0000, 0x0000, 0x0000, 0x0000, 0x0000, 0x0000,
	0x0000, 0x0000, 0x0000, 0x0000, 0x0000, 0x0000, 0x0000, 0x0000, 0x0000, 0x0000, 0x0000, 0x0000,
	0x0000, 0x0000, 0x0000, 0x0000, 0x0000, 0x0000, 0x0000, 0x0000, 0x0000, 0x0000, 0x0000, 0x0000,
	0x0000, 0x0000, 0x0000, 0x0000, 0x0000, 0x0000, 0x0000, 0x0000, 0x52CB, 0xA576, 0xA596, 0xA575,
	0xA575, 0xA576, 0xA596, 0xA596, 0xA575, 0xA596, 0xA596, 0xA596, 0xA596, 0xA596, 0xA596, 0xA576,
	0xA596, 0xA596, 0xA596, 0xA596, 0xA596, 0xA575, 0xA596, 0xA596, 0xA576, 0xA596, 0xA596, 0xA596,
	0xA596, 0xA596, 0xA575, 0xA575, 0xA576, 0xA596, 0xA596, 0xA575, 0xA596, 0xA596, 0xA596, 0xA596,
	0xA596, 0xA575, 0xA575, 0xA596, 0xA596, 0xA575, 0xA596, 0x9D34, 0x9D55, 0xA596, 0xA575, 0xA575,
	0xA576, 0xA596, 0xA596, 0xA596, 0xA596, 0xA596, 0xA596, 0xA575, 0xB5F8, 0x52CB, 0x0000, 0x0020,
	0x0000, 0x0000, 0x0841, 0x1082, 0x0862, 0x10A3, 0x18E4, 0x1905, 0x18E4, 0x2105, 0x2125, 0x2126,
	0x2946, 0x2946, 0x2946, 0x2946, 0x2946, 0x2946, 0x2967, 0x10A3, 0x0000, 0x0000, 0x0000, 0x0000,
	0x0000, 0x0000, 0x0000, 0x0000, 0x0000, 0x0000, 0x0000, 0x0000, 0x0000, 0x0000, 0x0000, 0x0000,
	0x0000, 0x0000, 0x0000, 0x0000, 0x0000, 0x0000, 0x0000, 0x0000, 0x0000, 0x0000, 0x0000, 0x0000,
	0x0000, 0x0000, 0x0000, 0x0000, 0x0000, 0x0000, 0x0000, 0x0000, 0x0000, 0x0000, 0x0000, 0x0000,
	0x0000, 0x0000, 0x0000, 0x0000, 0x0000, 0x3186, 0xADB6, 0xADD7, 0x9D55, 0xA596, 0xA596, 0xA596,
	0xA596, 0xA596, 0xA596, 0xA5B6, 0xA596, 0xA576, 0xA596, 0xA596, 0xA596, 0xA596, 0xA596, 0xA596,
	0xA596, 0xA596, 0xA596, 0xA596, 0xA596, 0xA596, 0xA596, 0xA596, 0xA596, 0xA596, 0xA575, 0xA596,
	0xA596, 0xA596, 0xA575, 0xA575, 0xA596, 0xA596, 0xA596, 0xA596, 0xA596, 0xA596, 0xA596, 0xA596,
	0xA576, 0xA575, 0xA575, 0x9514, 0x9D55, 0xA596, 0xA575, 0xA575, 0xA596, 0xA576, 0xA596, 0xA596,
	0xA596, 0xA596, 0xA596, 0xA575, 0xADF7, 0x4AAA, 0x0000, 0x0000, 0x0000, 0x0000, 0x0862, 0x18E4,
	0x18C4, 0x2125, 0x2946, 0x2946, 0x2946, 0x2987, 0x2987, 0x3188, 0x31A8, 0x31A8, 0x31A8, 0x31A8,
	0x31A8, 0x31A8, 0x31C9, 0x18C4, 0x0000, 0x0000, 0x0000, 0x0000, 0x0000, 0x0000, 0x0000, 0x0000,
	0x0000, 0x0000, 0x0000, 0x0000, 0x0000, 0x0000, 0x0000, 0x0000, 0x0000, 0x0000, 0x0000, 0x0000,
	0x0000, 0x0000, 0x0000, 0x0000, 0x0000, 0x0000, 0x0000, 0x0000, 0x0000, 0x0000, 0x0000, 0x0000,
	0x0000, 0x0000, 0x0000, 0x0000, 0x0000, 0x0000, 0x0000, 0x0000, 0x0000, 0x0000, 0x0000, 0x0000,
	0x0020, 0x0000, 0x2965, 0x7C31, 0xADD7, 0x9D55, 0xA576, 0xA596, 0xA596, 0xA596, 0xA596, 0xA596,
	0xA576, 0xA596, 0xA596, 0xA596, 0xA596, 0xA596, 0xA596, 0xA596, 0xA596, 0xA596, 0xA596, 0xA596,
	0xA596, 0xA596, 0xA596, 0xA596, 0xA596, 0xA596, 0xA596, 0xA596, 0xA596, 0xA596, 0xA596, 0xA596,
	0xA596, 0xA596, 0xA596, 0xA596, 0xA596, 0xA596, 0xA596, 0xA576, 0xA576, 0xA596, 0xA576, 0x9534,
	0xA575, 0xA596, 0xA576, 0xA575, 0xA596, 0xA596, 0xA596, 0xA596, 0xA596, 0xA596, 0xA596, 0xA5B6,
	0x9D55, 0x0861, 0x0000, 0x0000, 0x0000, 0x0000, 0x1082, 0x2126, 0x2105, 0x2125, 0x2946, 0x2967,
	0x2967, 0x31A8, 0x39C9, 0x39C9, 0x39E9, 0x39E9, 0x39E9, 0x39E9, 0x39E9, 0x39E9, 0x420A, 0x18E4,
	0x0000, 0x0000, 0x0000, 0x0000, 0x0000, 0x0000, 0x0000, 0x0000, 0x0000, 0x0000, 0x0000, 0x0000,
	0x0000, 0x0000, 0x0000, 0x0000, 0x0000, 0x0000, 0x0000, 0x0000, 0x0000, 0x0000, 0x0000, 0x0000,
	0x0000, 0x0000, 0x0000, 0x0000, 0x0000, 0x0000, 0x0000, 0x0000, 0x0000, 0x0000, 0x0000, 0x0000,
	0x0000, 0x0000, 0x0000, 0x0000, 0x0000, 0x0000, 0x0000, 0x0000, 0x0000, 0x0000, 0x0000, 0x0000,
	0x73EF, 0xB618, 0xA576, 0xA576, 0xA596, 0xA596, 0xA596, 0xA596, 0xA596, 0xA596, 0xA596, 0xA596,
	0xA596, 0xA596, 0xA596, 0xA5B6, 0xA596, 0xA576, 0xA596, 0xA596, 0xA596, 0xA596, 0xA596, 0xA596,
	0xA576, 0xA596, 0xA596, 0xA596, 0xA596, 0xA596, 0xA596, 0xA596, 0xA596, 0xA596, 0xA576, 0xA596,
	0xA596, 0xA596, 0xA596, 0xA596, 0xA596, 0xA576, 0xA596, 0x9514, 0xA575, 0xA596, 0xA596, 0xA596,
	0xA596, 0xA596, 0xA596, 0xA596, 0xA596, 0xA596, 0xA576, 0xA596, 0x9D34, 0x0841, 0x0000, 0x0000,
	0x0000, 0x0000, 0x10A3, 0x2967, 0x2946, 0x2967, 0x2987, 0x3187, 0x31A8, 0x31C9, 0x39E9, 0x3A0A,
	0x3A0A, 0x3A0A, 0x3A0A, 0x3A0A, 0x3A0A, 0x3A0A, 0x422B, 0x2105, 0x0000, 0x0000, 0x0000, 0x0000,
	0x0000, 0x0000, 0x0000, 0x0000, 0x0000, 0x0000, 0x0000, 0x0000, 0x0000, 0x0000, 0x0000, 0x0000,
	0x0000, 0x0000, 0x0000, 0x0000, 0x0000, 0x0000, 0x0000, 0x0000, 0x0000, 0x0000, 0x0000, 0x0000,
	0x0000, 0x0000, 0x0000, 0x0000, 0x0000, 0x0000, 0x0000, 0x0000, 0x0000, 0x0000, 0x0000, 0x0000,
	0x0000, 0x0000, 0x0000, 0x0000, 0x0000, 0x0000, 0x0000, 0x0000, 0x0000, 0x52CB, 0xA576, 0xA596,
	0xA575, 0xA596, 0xA596, 0xA596, 0xA596, 0xA596, 0xA596, 0xA596, 0xA596, 0xA5B6, 0xA576, 0xA596,
	0xA596, 0xA596, 0xA596, 0xA596, 0xA596, 0xA5B6, 0xA596, 0xA596, 0xA596, 0xA596, 0xA576, 0xA596,
	0xA596, 0xA596, 0xA596, 0xA596, 0xA596, 0xA596, 0xA596, 0xA596, 0xA596, 0xA596, 0xA576, 0xA596,
	0xA596, 0xA596, 0xA596, 0x9514, 0x9514, 0x9D34, 0x9D34, 0x9D34, 0x9D34, 0x9D55, 0x9D55, 0x9D75,
	0xA575, 0xA575, 0xA575, 0xA596, 0x9D34, 0x0841, 0x0000, 0x0000, 0x0000, 0x0000, 0x18C4, 0x31A8,
	0x2987, 0x31A8, 0x31A8, 0x31C9, 0x39C9, 0x39E9, 0x39E9, 0x3A0A, 0x420A, 0x420A, 0x420A, 0x420A,
	0x420A, 0x3A0A, 0x422B, 0x2105, 0x0000, 0x0000, 0x0000, 0x0000, 0x0000, 0x0000, 0x0000, 0x0000,
	0x0000, 0x0000, 0x0000, 0x0000, 0x0000, 0x0000, 0x0020, 0x0020, 0x0000, 0x0000, 0x0000, 0x0000,
	0x0000, 0x0000, 0x0000, 0x0000, 0x0000, 0x0000, 0x0000, 0x0000, 0x0000, 0x0000, 0x0000, 0x0000,
	0x0000, 0x0000, 0x0000, 0x0000, 0x0000, 0x0000, 0x0020, 0x0041, 0x0841, 0x0841, 0x0841, 0x0841,
	0x0841, 0x0000, 0x0000, 0x0000, 0x0000, 0x0000, 0x3186, 0xADB6, 0xADF7, 0xA596, 0xA5B6, 0xA575,
	0xA596, 0xA596, 0xA596, 0xA596, 0xA596, 0xA596, 0xA596, 0xA596, 0xA596, 0xA596, 0xA596, 0xA576,
	0xA576, 0xA596, 0xA596, 0xA596, 0xA596, 0xA596, 0xA596, 0xA596, 0xA596, 0xA596, 0xA596, 0xA596,
	0xA596, 0xA596, 0xA596, 0xA596, 0xA596, 0xA596, 0xA576, 0xA596, 0xA596, 0xA596, 0xA596, 0x9D34,
	0x9D35, 0x9D55, 0xA575, 0xA575, 0xA575, 0xA575, 0xA576, 0xA576, 0xA576, 0xA576, 0xA576, 0xA596,
	0x9D35, 0x0841, 0x0000, 0x0000, 0x0000, 0x0000, 0x18E4, 0x3A0A, 0x39C9, 0x39C9, 0x39C9, 0x39E9,
	0x39E9, 0x39E9, 0x3A0A, 0x3A0A, 0x420A, 0x420A, 0x420A, 0x420A, 0x420A, 0x3A0A, 0x422B, 0x2105,
	0x0000, 0x0020, 0x31C8, 0x39E9, 0x39E9, 0x39E9, 0x39E9, 0x39E9, 0x39E9, 0x39E9, 0x39E9, 0x39E9,
	0x39E9, 0x3188, 0x6B8F, 0x6B8F, 0x3188, 0x39E9, 0x39E9, 0x39E9, 0x39E9, 0x39E9, 0x39E9, 0x39E9,
	0x39E9, 0x39E9, 0x39E9, 0x39E9, 0x39E9, 0x39E9, 0x39E9, 0x39E9, 0x39E9, 0x39E9, 0x39E9, 0x39E9,
	0x39E9, 0x39C9, 0x39E9, 0x8472, 0x94F3, 0x9D55, 0x9D35, 0xA575, 0x9514, 0x0841, 0x0000, 0x0000,
	0x0000, 0x0020, 0x0000, 0x2965, 0x7C30, 0xA575, 0x9D55, 0xB5F8, 0xADD7, 0xA596, 0xA596, 0xA596,
	0xA596, 0xA576, 0xA5B6, 0xA596, 0xA596, 0xA596, 0xA596, 0xA596, 0xA596, 0xA596, 0xA596, 0xA5B6,
	0xA596, 0xA596, 0xA596, 0xA596, 0xA596, 0xA596, 0xA596, 0xA596, 0xA596, 0xA596, 0xA596, 0xA596,
	0xA596, 0xA576, 0xA596, 0xA596, 0xA576, 0xA596, 0xA596, 0x9D34, 0xA575, 0xA596, 0xA596, 0xA596,
	0xA596, 0xA596, 0xA596, 0xA596, 0xA596, 0xA596, 0xA596, 0xADB6, 0x9D55, 0x0841, 0x0000, 0x0000,
	0x0000, 0x0000, 0x2105, 0x424B, 0x420A, 0x422A, 0x420A, 0x422A, 0x422A, 0x422A, 0x422A, 0x422A,
	0x422A, 0x422A, 0x422B, 0x422B, 0x422B, 0x422A, 0x4A6B, 0x2105, 0x0000, 0x0020, 0x39E9, 0x3A0A,
	0x3A0A, 0x3A0A, 0x3A0A, 0x3A0A, 0x3A0A, 0x3A0A, 0x3A0A, 0x3A0A, 0x420A, 0x31A8, 0x73F0, 0x73F0,
	0x31A8, 0x420A, 0x3A0A, 0x3A0A, 0x3A0A, 0x3A0A, 0x3A0A, 0x3A0A, 0x3A0A, 0x3A0A, 0x3A0A, 0x3A0A,
	0x3A0A, 0x3A0A, 0x3A0A, 0x3A0A, 0x3A0A, 0x3A0A, 0x3A0A, 0x3A0A, 0x3A0A, 0x39E9, 0x422A, 0x8CD3,
	0x9D55, 0xA5B6, 0xA596, 0xADD7, 0x9D75, 0x0841, 0x0000, 0x0000, 0x0000, 0x0000, 0x0000, 0x0000,
	0x0000, 0x0841, 0x1082, 0x4AAA, 0x7410, 0xADF7, 0xA596, 0xA596, 0xA576, 0xA596, 0xA596, 0xA596,
	0xA5B6, 0xA596, 0xA596, 0xA596, 0xA596, 0xA596, 0xA596, 0xA596, 0xA5B6, 0xA596, 0xA596, 0xA596,
	0xA596, 0xA596, 0xA596, 0xA596, 0xA596, 0xA596, 0xA596, 0xA596, 0xA596, 0xA596, 0xA596, 0xA596,
	0xA596, 0xA596, 0xA596, 0x9D34, 0x9D55, 0xA596, 0xA596, 0xA596, 0xA596, 0xA596, 0xA596, 0xA596,
	0xA596, 0xA596, 0xA596, 0xADB6, 0x9D55, 0x0841, 0x0000, 0x0000, 0x0000, 0x0000, 0x2105, 0x424B,
	0x420A, 0x422A, 0x422B, 0x422A, 0x422A, 0x422B, 0x422B, 0x424B, 0x422B, 0x422B, 0x422B, 0x422B,
	0x422B, 0x422A, 0x4A6B, 0x2105, 0x0000, 0x0020, 0x39E9, 0x3A0A, 0x3A0A, 0x3A0A, 0x3A0A, 0x3A0A,
	0x3A0A, 0x3A0A, 0x3A0A, 0x3A0A, 0x3A0A, 0x31A8, 0x73AF, 0x6BAF, 0x31A8, 0x3A0A, 0x3A0A, 0x3A0A,
	0x3A0A, 0x3A0A, 0x3A0A, 0x3A0A, 0x3A0A, 0x3A0A, 0x3A0A, 0x3A0A, 0x3A0A, 0x3A0A, 0x3A0A, 0x3A0A,
	0x3A0A, 0x3A0A, 0x3A0A, 0x3A0A, 0x3A0A, 0x39E9, 0x422A, 0x8CB3, 0x9D34, 0xA596, 0xA576, 0xADB6,
	0x9D55, 0x0841, 0x0000, 0x0000, 0x0000, 0x0000, 0x0000, 0x0000, 0x0000, 0x0000, 0x0000, 0x0000,
	0x630C, 0x9D14, 0x9D55, 0xA596, 0xA596, 0xA596, 0xA596, 0xA596, 0xA596, 0xA596, 0xA596, 0xA596,
	0xA596, 0xA596, 0xA5B6, 0xA596, 0xA596, 0xA5B6, 0xA596, 0xA596, 0xA596, 0xA596, 0xA596, 0xA596,
	0xA596, 0xA596, 0xA596, 0xA596, 0xA596, 0xA596, 0xA596, 0xA596, 0xA596, 0xA596, 0xA596, 0x9D34,
	0xA575, 0xA596, 0xA596, 0xA596, 0xA596, 0xA596, 0xA596, 0xA596, 0xA596, 0xA596, 0xA596, 0xADB6,
	0x9D55, 0x0841, 0x0000, 0x0000, 0x0000, 0x0000, 0x2105, 0x424B, 0x420A, 0x422A, 0x420A, 0x422A,
	0x420A, 0x420A, 0x420A, 0x420A, 0x420A, 0x420A, 0x420A, 0x420A, 0x420A, 0x3A0A, 0x422B, 0x2105,
	0x0000, 0x0020, 0x31A8, 0x39C9, 0x39C9, 0x39C9, 0x39C9, 0x39C9, 0x39C9, 0x39C9, 0x39C9, 0x39C9,
	0x39E9, 0x3188, 0x6B6E, 0x6B6E, 0x3188, 0x39E9, 0x39C9, 0x39C9, 0x39C9, 0x39C9, 0x39C9, 0x39C9,
	0x39C9, 0x39C9, 0x39C9, 0x39C9, 0x39C9, 0x39C9, 0x39C9, 0x39C9, 0x39C9, 0x39C9, 0x39C9, 0x39C9,
	0x39C9, 0x31C9, 0x39E9, 0x8C92, 0x9514, 0xA575, 0xA575, 0xA5B6, 0x9D34, 0x0841, 0x0000, 0x0000,
	0x0000, 0x0000, 0x0000, 0x0000, 0x0000, 0x0000, 0x2124, 0x6B6D, 0x94B2, 0x8430, 0x8C51, 0x8C92,
	0xA555, 0xA5B6, 0xA596, 0xA596, 0xA596, 0xA596, 0xA596, 0xA5B6, 0xA596, 0xA596, 0xA596, 0xA596,
	0xA596, 0xA5B6, 0xA596, 0xA596, 0xA596, 0xA596, 0xA596, 0xA596, 0xA596, 0xA596, 0xA596, 0xA596,
	0xA596, 0xA596, 0xA596, 0xA596, 0xA596, 0xA596, 0xA596, 0x9D34, 0xA575, 0xA596, 0xA596, 0xA596,
	0xA596, 0xA596, 0xA596, 0xA596, 0xA596, 0xA596, 0xA596, 0xADB6, 0x9D55, 0x0841, 0x0000, 0x0000,
	0x0000, 0x0000, 0x2105, 0x422B, 0x3A0A, 0x39E9, 0x39E9, 0x39E9, 0x39E9, 0x39E9, 0x39E9, 0x39E9,
	0x39E9, 0x39E9, 0x39E9, 0x39E9, 0x39E9, 0x39E9, 0x420A, 0x18E4, 0x0000, 0x0000, 0x2146, 0x2947,
	0x2947, 0x2947, 0x2947, 0x2947, 0x2947, 0x2947, 0x2947, 0x2947, 0x2967, 0x2106, 0x632D, 0x632D,
	0x2106, 0x2967, 0x2947, 0x2947, 0x2947, 0x2947, 0x2947, 0x2947, 0x2947, 0x2947, 0x2947, 0x2947,
	0x2947, 0x2947, 0x2947, 0x2947, 0x2947, 0x2947, 0x2947, 0x2947, 0x2947, 0x2947, 0x2987, 0x9514,
	0xA5B6, 0xB5F8, 0xB5F7, 0xBE38, 0xADB6, 0x0841, 0x0000, 0x0000, 0x0000, 0x0000, 0x0000, 0x0000,
	0x0000, 0x4A49, 0x8C51, 0x94B2, 0x8C51, 0x8C51, 0x8430, 0x8430, 0x8C51, 0x9D14, 0xA5B6, 0xA596,
	0xA596, 0xA596, 0xA596, 0xA5B6, 0xA5B6, 0xA596, 0xA5B6, 0xA596, 0xA5B6, 0xA596, 0xA596, 0xA5B6,
	0xA596, 0xA5B6, 0xA596, 0xA596, 0xA5B6, 0xA596, 0xA596, 0xA5B6, 0xA5B6, 0xA596, 0xA596, 0xA596,
	0xA596, 0xA596, 0xA5B6, 0x9D35, 0xA575, 0xA596, 0xA596, 0xA596, 0xA596, 0xA596, 0xA596, 0xA596,
	0xA596, 0xA596, 0xA596, 0xADB6, 0x9D35, 0x0841, 0x0000, 0x0000, 0x0000, 0x0000, 0x18E4, 0x420A,
	0x39E9, 0x39E9, 0x39C9, 0x39C9, 0x39C9, 0x39C9, 0x39C9, 0x39C9, 0x31C8, 0x31A8, 0x31A8, 0x31A8,
	0x31A8, 0x3188, 0x31C8, 0x18C4, 0x0000, 0x0000, 0x2105, 0x2126, 0x2126, 0x2126, 0x2126, 0x2126,
	0x2126, 0x2126, 0x2126, 0x2126, 0x2126, 0x18C5, 0x632D, 0x632D, 0x18C5, 0x2126, 0x2126, 0x2126,
	0x2126, 0x2126, 0x2126, 0x2126, 0x2126, 0x2126, 0x2126, 0x2126, 0x2126, 0x2126, 0x2126, 0x2126,
	0x2126, 0x2126, 0x2126, 0x2126, 0x2126, 0x2126, 0x2126, 0x4249, 0x4A8A, 0x52CB, 0x52CB, 0x52CB,
	0x4AAA, 0x0020, 0x0000, 0x0000, 0x0000, 0x0000, 0x0000, 0x2124, 0x6B6D, 0x9CF3, 0x8C51, 0x8C51,
	0x8C51, 0x8C51, 0x8430, 0x8430, 0x8430, 0x8430, 0x94F3, 0xA5B6, 0xA596, 0xA596, 0xA596, 0xA596,
	0xA5B6, 0xA596, 0xA596, 0xA596, 0xA596, 0xA596, 0xA596, 0xA5B6, 0xA596, 0xA596, 0xA596, 0xA596,
	0xA596, 0xA596, 0xA596, 0xA596, 0xA596, 0xA596, 0xA596, 0xA596, 0xA5B6, 0xA596, 0xA596, 0x9D34,
	0xA575, 0xA596, 0xA596, 0xA596, 0xA596, 0xA596, 0xA596, 0xA596, 0xA596, 0xA596, 0xA596, 0xA5B6,
	0xA575, 0x0841, 0x0000, 0x0000, 0x0000, 0x0000, 0x18E4, 0x39E9, 0x31A8, 0x31C8, 0x31A8, 0x31A8,
	0x31A8, 0x31A8, 0x31A8, 0x3187, 0x2967, 0x2967, 0x2967, 0x2967, 0x2967, 0x2967, 0x3187, 0x10A3,
	0x0000, 0x0000, 0x2106, 0x2126, 0x2126, 0x2126, 0x2126, 0x2126, 0x2126, 0x2126, 0x2126, 0x2126,
	0x2126, 0x18C5, 0x5B2D, 0x5B0D, 0x18C5, 0x2126, 0x2126, 0x2126, 0x2126, 0x2126, 0x2126, 0x2126,
	0x2126, 0x2126, 0x2126, 0x2126, 0x2126, 0x2126, 0x2126, 0x2126, 0x2126, 0x2126, 0x2126, 0x2126,
	0x2126, 0x2126, 0x2106, 0x0000, 0x0000, 0x0000, 0x0000, 0x0000, 0x0000, 0x0000, 0x0000, 0x0000,
	0x0000, 0x0000, 0x2945, 0x8C71, 0x94B2, 0x8C51, 0x8C51, 0x8C51, 0x8C51, 0x8C51, 0x8430, 0x8430,
	0x8430, 0x8C51, 0x8430, 0x94F3, 0xA596, 0xA596, 0xA596, 0xA5B6, 0xADB6, 0xA5B6, 0xA596, 0xA5B6,
	0xA596, 0xA596, 0xA596, 0xA596, 0xA5B6, 0xA596, 0xA596, 0xA5B6, 0xA5B6, 0xA596, 0xA596, 0xA596,
	0xA596, 0xA596, 0xA5B6, 0xA555, 0xA4F3, 0xA555, 0xA5B7, 0x9D34, 0xA575, 0xA596, 0xA596, 0xA5B6,
	0xA596, 0xA596, 0xA596, 0xA596, 0xA596, 0xA596, 0xA576, 0xADD7, 0x7410, 0x0020, 0x0000, 0x0000,
	0x0000, 0x0000, 0x18C4, 0x31C8, 0x3187, 0x3187, 0x2987, 0x2967, 0x2967, 0x2967, 0x2967, 0x2946,
	0x2946, 0x2946, 0x2946, 0x2946, 0x2946, 0x2946, 0x2967, 0x10A3, 0x0000, 0x0000, 0x2106, 0x2126,
	0x2126, 0x2126, 0x2126, 0x2126, 0x2126, 0x2126, 0x2126, 0x2126, 0x2126, 0x18C5, 0x5AEC, 0x5B0D,
	0x18C5, 0x2126, 0x2126, 0x2126, 0x2126, 0x2126, 0x2126, 0x2126, 0x2126, 0x2126, 0x2126, 0x2126,
	0x2126, 0x2126, 0x2126, 0x2126, 0x2126, 0x2126, 0x2126, 0x2126, 0x2126, 0x2126, 0x2106, 0x0020,
	0x0000, 0x0000, 0x0000, 0x0000, 0x0000, 0x0000, 0x0000, 0x0000, 0x0841, 0x5ACB, 0x8C92, 0x8C71,
	0x8C51, 0x8C71, 0x8C51, 0x8C51, 0x8C51, 0x8C51, 0x8430, 0x8430, 0x8430, 0x8C51, 0x8C51, 0x8430,
	0x94B2, 0xA596, 0xA5B6, 0xADB6, 0xA5B6, 0xA596, 0xA596, 0xA596, 0xA5B6, 0xA5B6, 0xA596, 0xA5B6,
	0xA596, 0xA5B6, 0xA5B6, 0xA596, 0xA596, 0xA596, 0xA596, 0xA596, 0xA5B6, 0xA596, 0xA575, 0xBC51,
	0xBC71, 0xBC51, 0xA575, 0x9D35, 0x9D75, 0xA596, 0xA596, 0xA596, 0xA596, 0xA596, 0xA596, 0xA596,
	0xA596, 0xA596, 0xA575, 0xB618, 0x4A8A, 0x0000, 0x0000, 0x0000, 0x0000, 0x0000, 0x10C3, 0x3188,
	0x2967, 0x2966, 0x2946, 0x2946, 0x2946, 0x2946, 0x2946, 0x2946, 0x2146, 0x2146, 0x2946, 0x2946,
	0x2946, 0x2146, 0x2967, 0x10A3, 0x0000, 0x0000, 0x2106, 0x2126, 0x2126, 0x2126, 0x2126, 0x2126,
	0x2126, 0x2126, 0x2126, 0x2126, 0x2126, 0x18C5, 0x5AEC, 0x5B0C, 0x18C5, 0x2126, 0x2126, 0x2126,
	0x2126, 0x2126, 0x2126, 0x2126, 0x2126, 0x2126, 0x2126, 0x2126, 0x2126, 0x2126, 0x2126, 0x2126,
	0x2126, 0x2126, 0x2126, 0x2126, 0x2126, 0x2126, 0x2106, 0x0000, 0x0000, 0x0000, 0x0000, 0x0000,
	0x0000, 0x0000, 0x0000, 0x2104, 0x6B8E, 0x7C10, 0x8430, 0x8C51, 0x8C71, 0x8C71, 0x8C51, 0x8C51,
	0x8C71, 0x8C51, 0x8430, 0x8430, 0x8C51, 0x8C51, 0x8C51, 0x8C51, 0x8430, 0x94B2, 0xA5B6, 0xA5B6,
	0xA5B6, 0xA596, 0xA596, 0xA596, 0xA5B6, 0xA5B6, 0xA596, 0xA596, 0xA596, 0xA596, 0xA596, 0xA596,
	0xA5B6, 0xA596, 0xA596, 0xA596, 0xA596, 0xA5B6, 0xA4F3, 0xBC71, 0x7612, 0xBC91, 0xACF4, 0x9D55,
	0xA575, 0xA596, 0xA596, 0xA596, 0xA596, 0xA596, 0xA596, 0xA596, 0xA596, 0xA596, 0xA596, 0xB618,
	0x52CB, 0x0000, 0x0000, 0x0000, 0x0000, 0x0000, 0x10A3, 0x2967, 0x2146, 0x2946, 0x2946, 0x2946,
	0x2946, 0x2946, 0x2946, 0x2946, 0x2946, 0x2946, 0x2946, 0x2946, 0x2946, 0x2946, 0x2967, 0x10A3,
	0x0000, 0x0000, 0x2126, 0x2126, 0x2126, 0x2126, 0x2126, 0x2126, 0x2126, 0x2126, 0x2126, 0x2126,
	0x2146, 0x18C5, 0x5B2D, 0x632D, 0x18C5, 0x2146, 0x2126, 0x2126, 0x2126, 0x2126, 0x2126, 0x2126,
	0x2126, 0x2126, 0x2126, 0x2126, 0x2126, 0x2126, 0x2126, 0x2126, 0x2126, 0x2126, 0x2126, 0x2126,
	0x2126, 0x2126, 0x2126, 0x0000, 0x0000, 0x0000, 0x0000, 0x0000, 0x0000, 0x0000, 0x4A6A, 0x6BAE,
	0x6BAE, 0x6BAE, 0x8430, 0x8C71, 0x8C71, 0x8C71, 0x8C71, 0x9492, 0x8C71, 0x8C51, 0x8C51, 0x8C51,
	0x8C51, 0x8C51, 0x8C51, 0x8C51, 0x8C51, 0x8C30, 0x9D34, 0xADB6, 0xA5B6, 0xA596, 0xA596, 0xA596,
	0xA596, 0xADB6, 0xA5B6, 0xA596, 0xA596, 0xA596, 0xA5B6, 0xA5B6, 0xA596, 0xA5B6, 0xADB6, 0xA596,
	0xA596, 0xA5B6, 0xA575, 0xBC51, 0xBC71, 0xBC71, 0xAD96, 0x9D55, 0xA575, 0xA596, 0xA596, 0xA596,
	0xA5B6, 0xA596, 0xA596, 0xA596, 0xA596, 0xA596, 0xA596, 0xB618, 0x52CB, 0x0000, 0x0000, 0x0000,
	0x0000, 0x0000, 0x10A3, 0x2967, 0x2946, 0x2946, 0x2146, 0x2946, 0x2946, 0x2946, 0x2946, 0x2946,
	0x2966, 0x2966, 0x2946, 0x2946, 0x2946, 0x2946, 0x2967, 0x10A3, 0x0000, 0x0000, 0x2105, 0x2126,
	0x2106, 0x2106, 0x2106, 0x2106, 0x2106, 0x2106, 0x2106, 0x2106, 0x2126, 0x18C5, 0x52EC, 0x5B0C,
	0x18C4, 0x2126, 0x2106, 0x2106, 0x2106, 0x2106, 0x2106, 0x2106, 0x2106, 0x2106, 0x2106, 0x2106,
	0x2106, 0x2106, 0x2106, 0x2106, 0x2106, 0x2106, 0x2106, 0x2106, 0x2106, 0x2126, 0x2105, 0x0000,
	0x0000, 0x0000, 0x0000, 0x0000, 0x18E3, 0x4AAA, 0x6BAE, 0x636D, 0x636E, 0x6B8E, 0x73CF, 0x7BEF,
	0x7BEF, 0x7BEF, 0x7BEF, 0x7BEF, 0x73AE, 0x73AE, 0x73AE, 0x73AF, 0x7C10, 0x8430, 0x8430, 0x8430,
	0x8451, 0x8430, 0x94B2, 0xA5B6, 0xA5B6, 0xA596, 0xA596, 0xA596, 0xA5B6, 0xA5B6, 0xADB6, 0xA5B6,
	0xA596, 0xA596, 0xA596, 0xA5B6, 0xA596, 0xA596, 0xA5B6, 0xA596, 0xA596, 0xA596, 0xA596, 0xA555,
	0xACF3, 0xA555, 0xA5B6, 0x9D34, 0xA575, 0xA596, 0xA596, 0xA596, 0xA596, 0xA596, 0xA596, 0xA596,
	0xA596, 0xA596, 0xA576, 0xB618, 0x52CB, 0x0000, 0x0000, 0x0000, 0x0000, 0x0000, 0x10A3, 0x2967,
	0x2946, 0x2946, 0x2946, 0x2946, 0x2946, 0x2946, 0x2966, 0x2966, 0x2946, 0x2946, 0x2946, 0x2946,
	0x2946, 0x2946, 0x2967, 0x10A3, 0x0000, 0x0000, 0x0000, 0x0000, 0x0000, 0x0000, 0x0000, 0x0000,
	0x0000, 0x0000, 0x0000, 0x0000, 0x0000, 0x0000, 0x0020, 0x0020, 0x0000, 0x0000, 0x0000, 0x0000,
	0x0000, 0x0000, 0x0000, 0x0000, 0x0000, 0x0000, 0x0000, 0x0000, 0x0000, 0x0000, 0x0000, 0x0000,
	0x0000, 0x0000, 0x0000, 0x0000, 0x0000, 0x0000, 0x0000, 0x0000, 0x0000, 0x0000, 0x0000, 0x31A7,
	0x636D, 0x6BAE, 0x636D, 0x638E, 0x636D, 0x638E, 0x636E, 0x636D, 0x638E, 0x636D, 0x636D, 0x5B2C,
	0x5B0C, 0x5B0C, 0x5B0C, 0x5B0C, 0x5B2C, 0x6B6E, 0x73AF, 0x7BEF, 0x7C10, 0x8410, 0x8C71, 0xADD7,
	0xA596, 0xA596, 0xA596, 0xA5B6, 0xA5B6, 0xA5B6, 0xA596, 0xA596, 0xA5B6, 0xADB6, 0xA596, 0xA596,
	0xA596, 0xA596, 0xA596, 0xA596, 0xA596, 0xA596, 0xA596, 0xA596, 0xA5B6, 0xA596, 0xA596, 0x9D35,
	0xA576, 0xA5B6, 0xA596, 0xA596, 0xA596, 0xA596, 0xA596, 0xA596, 0xA596, 0xA596, 0xA576, 0xB618,
	0x52CB, 0x0000, 0x0000, 0x0000, 0x0000, 0x0000, 0x10A3, 0x2987, 0x2946, 0x2966, 0x2966, 0x2946,
	0x2966, 0x2966, 0x2966, 0x2946, 0x2946, 0x2946, 0x2946, 0x2946, 0x2946, 0x2946, 0x2967, 0x10A3,
	0x0000, 0x0000, 0x0000, 0x0000, 0x0000, 0x0000, 0x0000, 0x0000, 0x0000, 0x0000, 0x0000, 0x0000,
	0x0000, 0x0000, 0x0000, 0x0000, 0x0000, 0x0000, 0x0000, 0x0000, 0x0000, 0x0000, 0x0000, 0x0000,
	0x0000, 0x0000, 0x0000, 0x0000, 0x0000, 0x0000, 0x0000, 0x0000, 0x0000, 0x0000, 0x0000, 0x0000,
	0x0000, 0x0000, 0x0000, 0x0000, 0x0000, 0x0020, 0x4269, 0x73CF, 0x636D, 0x636D, 0x636D, 0x638E,
	0x636E, 0x636E, 0x636D, 0x6B8E, 0x6B8E, 0x6B8E, 0x634D, 0x634D, 0x636D, 0x636D, 0x636D, 0x636D,
	0x634D, 0x634D, 0x634D, 0x6B8E, 0x73AE, 0x73CF, 0x738E, 0x7C10, 0xB618, 0xA596, 0xA596, 0xA5B6,
	0xA5B6, 0xA5B6, 0xA596, 0xA596, 0xA5B6, 0xA596, 0xA596, 0xA5B6, 0xADB6, 0xA596, 0xA596, 0xA596,
	0xA596, 0xA596, 0xA596, 0xA596, 0xA596, 0xA596, 0xA596, 0x9D34, 0x9D75, 0xA596, 0xA5B6, 0xA596,
	0xA596, 0xA596, 0xA596, 0xA596, 0xA596, 0xA596, 0xA576, 0xB618, 0x52CB, 0x0000, 0x0000, 0x0000,
	0x0000, 0x0000, 0x10A3, 0x2987, 0x2946, 0x2966, 0x2966, 0x2946, 0x2966, 0x2946, 0x2946, 0x2946,
	0x2146, 0x2946, 0x2946, 0x2946, 0x2946, 0x2946, 0x2967, 0x10A3, 0x0000, 0x0000, 0x0000, 0x0000,
	0x0000, 0x0000, 0x0000, 0x0000, 0x0000, 0x0000, 0x0000, 0x0000, 0x0000, 0x0000, 0x0000, 0x0000,
	0x0000, 0x0000, 0x0000, 0x0000, 0x0000, 0x0000, 0x0000, 0x0000, 0x0000, 0x0000, 0x0000, 0x0000,
	0x0000, 0x0000, 0x0000, 0x0000, 0x0000, 0x0000, 0x0000, 0x0000, 0x0000, 0x0000, 0x0000, 0x0000,
	0x1904, 0x634D, 0x6B8E, 0x634D, 0x636D, 0x636D, 0x636D, 0x636D, 0x638E, 0x636E, 0x638E, 0x638E,
	0x638E, 0x636D, 0x5B2C, 0x634D, 0x634D, 0x634D, 0x634D, 0x636D, 0x636D, 0x636D, 0x634D, 0x636D,
	0x636D, 0x6B8E, 0x632D, 0x0020, 0x73EF, 0xADF7, 0xA5B6, 0xA596, 0xA5B6, 0xA596, 0xA596, 0xA596,
	0xA596, 0xA596, 0xA596, 0xA5B6, 0xA596, 0xA596, 0xA596, 0xA596, 0xA5B6, 0xA596, 0xA596, 0xA596,
	0xA596, 0xA576, 0xA596, 0x9D35, 0xA575, 0xA596, 0xA596, 0xA596, 0xA596, 0xA596, 0xA596, 0xA596,
	0xA596, 0xA596, 0xA575, 0xB618, 0x52CB, 0x0000, 0x0000, 0x0000, 0x0000, 0x0000, 0x10A3, 0x2967,
	0x2146, 0x2946, 0x2946, 0x2946, 0x2946, 0x2146, 0x2946, 0x2146, 0x2146, 0x2146, 0x2946, 0x2946,
	0x2946, 0x2146, 0x2967, 0x10A3, 0x0000, 0x0000, 0x0000, 0x0000, 0x0000, 0x0000, 0x0000, 0x0000,
	0x0000, 0x0000, 0x0000, 0x0000, 0x0000, 0x0000, 0x0000, 0x0000, 0x0000, 0x0000, 0x0000, 0x0000,
	0x0000, 0x0000, 0x0000, 0x0000, 0x0000, 0x0000, 0x0000, 0x0000, 0x0000, 0x0000, 0x0000, 0x0000,
	0x0000, 0x0000, 0x0000, 0x0000, 0x0000, 0x0000, 0x0020, 0x4269, 0x6B8E, 0x636D, 0x636D, 0x636D,
	0x636D, 0x636D, 0x636D, 0x636D, 0x638E, 0x638E, 0x638E, 0x6B8E, 0x6B8E, 0x634D, 0x634D, 0x634D,
	0x634D, 0x634D, 0x636D, 0x634D, 0x636D, 0x636D, 0x636D, 0x636D, 0x634D, 0x6BAE, 0x31C7, 0x0000,
	0x0000, 0x31A7, 0xADD7, 0xADF8, 0xA596, 0xA596, 0xA596, 0xA596, 0xA596, 0xA596, 0xA596, 0xA596,
	0xA575, 0xA576, 0xA596, 0xA596, 0xA596, 0xA596, 0xA596, 0xA596, 0xA576, 0xA596, 0xA596, 0x9514,
	0x9D55, 0xA575, 0x9D55, 0xA575, 0xA575, 0x9D55, 0x9D75, 0xA575, 0xA575, 0xA575, 0x9D55, 0xADD7,
	0x4AAA, 0x0000, 0x0000, 0x0000, 0x0000, 0x0000, 0x10A3, 0x2987, 0x2967, 0x2967, 0x2967, 0x2967,
	0x2967, 0x2967, 0x2967, 0x2967, 0x2967, 0x2967, 0x2967, 0x2967, 0x2967, 0x2967, 0x2966, 0x0841,
	0x0000, 0x0000, 0x0000, 0x0000, 0x0000, 0x0000, 0x0000, 0x0000, 0x0000, 0x0000, 0x0000, 0x0000,
	0x0000, 0x0000, 0x0000, 0x0000, 0x0000, 0x0000, 0x0000, 0x0000, 0x0000, 0x0000, 0x0000, 0x0000,
	0x0000, 0x0000, 0x0000, 0x0000, 0x0000, 0x0000, 0x0000, 0x0000, 0x0000, 0x0000, 0x0000, 0x0000,
	0x0000, 0x1904, 0x634D, 0x6B8E, 0x636D, 0x636D, 0x636D, 0x636D, 0x636D, 0x638E, 0x638E, 0x636D,
	0x638E, 0x636E, 0x638E, 0x6B8E, 0x634D, 0x5B2C, 0x634D, 0x634D, 0x634D, 0x634D, 0x636D, 0x636D,
	0x634D, 0x634D, 0x634D, 0x634D, 0x636D, 0x5B2C, 0x0020, 0x0000, 0x0000, 0x0000, 0x2965, 0x8451,
	0xB5F8, 0xA575, 0xA596, 0xA596, 0xA596, 0xA596, 0xA596, 0xA596, 0xA5B6, 0xA596, 0xA575, 0xA576,
	0xA575, 0xA575, 0xA575, 0xA575, 0xA575, 0xA575, 0xA596, 0x9D35, 0x9514, 0x9D34, 0x9514, 0x9D34,
	0x9534, 0x9D34, 0x9D55, 0x9D55, 0x9D55, 0x9D55, 0x9D35, 0xADD7, 0x52AB, 0x0000, 0x0000, 0x0000,
	0x0000, 0x0000, 0x0841, 0x10A3, 0x10A3, 0x10A3, 0x10A3, 0x10A3, 0x10A3, 0x10A3, 0x10A3, 0x10A3,
	0x10A3, 0x10A3, 0x10A3, 0x10A3, 0x10A3, 0x10C3, 0x0841, 0x0000, 0x0000, 0x0000, 0x0000, 0x0000,
	0x0000, 0x0000, 0x0000, 0x0000, 0x0000, 0x0000, 0x0000, 0x0000, 0x0000, 0x0000, 0x0000, 0x0000,
	0x0000, 0x0000, 0x0000, 0x0000, 0x0000, 0x0000, 0x0000, 0x0000, 0x0000, 0x0000, 0x0000, 0x0000,
	0x0000, 0x0000, 0x0000, 0x0000, 0x0000, 0x0000, 0x0000, 0x0000, 0x31C7, 0x636D, 0x6B8E, 0x634D,
	0x636D, 0x636D, 0x636D, 0x636D, 0x636D, 0x636D, 0x636D, 0x636D, 0x638E, 0x636E, 0x638E, 0x636D,
	0x5B2C, 0x634D, 0x634D, 0x634D, 0x634D, 0x636D, 0x634D, 0x634D, 0x634D, 0x634D, 0x634D, 0x634D,
	0x6B8E, 0x31A6, 0x0000, 0x0000, 0x0000, 0x0000, 0x0000, 0x0000, 0x7410, 0xBE39, 0xA5B6, 0xA596,
	0xA5B6, 0xA596, 0xA5B6, 0xADD7, 0xADD7, 0xA5B6, 0xADB6, 0xADB6, 0xA596, 0xA576, 0xA596, 0xA596,
	0xA575, 0xA596, 0xA596, 0xA596, 0xA596, 0xA596, 0xA596, 0xA596, 0xA575, 0x9D55, 0x9D55, 0x9D55,
	0x9D55, 0x9D55, 0x9D55, 0xADB6, 0x4269, 0x0000, 0x0000, 0x0000, 0x0000, 0x0000, 0x0000, 0x0000,
	0x0000, 0x0000, 0x0000, 0x0000, 0x0000, 0x0000, 0x0000, 0x0000, 0x0000, 0x0000, 0x0000, 0x0000,
	0x0000, 0x0000, 0x0000, 0x0000, 0x0000, 0x0000, 0x0000, 0x0000, 0x0000, 0x0000, 0x0000, 0x0000,
	0x0000, 0x0000, 0x0000, 0x0000, 0x0000, 0x0000, 0x0000, 0x0000, 0x0000, 0x0000, 0x0000, 0x0000,
	0x0000, 0x0000, 0x0000, 0x0000, 0x0000, 0x0000, 0x0000, 0x0000, 0x0000, 0x0000, 0x0000, 0x0000,
	0x0000, 0x0000, 0x18E3, 0x4A8A, 0x6BAE, 0x636D, 0x636D, 0x636D, 0x636D, 0x636D, 0x636D, 0x636D,
	0x636D, 0x636D, 0x636D, 0x636E, 0x636E, 0x636D, 0x636E, 0x634D, 0x634D, 0x634D, 0x634D, 0x634D,
	0x634D, 0x634D, 0x634D, 0x634D, 0x634D, 0x634D, 0x634D, 0x636D, 0x5B2C, 0x0041, 0x0000, 0x0000,
	0x0000, 0x0000, 0x0000, 0x0000, 0x0000, 0x52CB, 0x9D55, 0xADB6, 0x9D55, 0x9D34, 0x9514, 0x94F3,
	0x8CD3, 0x8C92, 0x94F3, 0x8CB3, 0x8492, 0x8472, 0x8472, 0x8471, 0x8471, 0x8492, 0x8492, 0x8472,
	0x8472, 0x8471, 0x8492, 0x8472, 0x7C30, 0x8471, 0x8471, 0x8471, 0x8471, 0x8471, 0x8471, 0x8492,
	0x2145, 0x0000, 0x0000, 0x0000, 0x0000, 0x0000, 0x0000, 0x0000, 0x0000, 0x0000, 0x0000, 0x0000,
	0x0000, 0x0000, 0x0000, 0x0000, 0x0000, 0x0000, 0x0000, 0x0000, 0x0000, 0x0000, 0x0000, 0x0000,
	0x0000, 0x0000, 0x0000, 0x0000, 0x0000, 0x0000, 0x0000, 0x0000, 0x0000, 0x0000, 0x0000, 0x0000,
	0x0000, 0x0000, 0x0000, 0x0000, 0x0000, 0x0000, 0x0000, 0x0000, 0x0000, 0x0000, 0x0000, 0x0000,
	0x0000, 0x0000, 0x0000, 0x0000, 0x0000, 0x0000, 0x0000, 0x0000, 0x0000, 0x31A6, 0x634D, 0x6B8E,
	0x634D, 0x636D, 0x636D, 0x636E, 0x636D, 0x636D, 0x636D, 0x636D, 0x636D, 0x636D, 0x636E, 0x636D,
	0x636D, 0x6B8E, 0x634D, 0x5B2C, 0x634D, 0x634D, 0x634D, 0x634D, 0x634D, 0x634D, 0x634D, 0x634D,
	0x634D, 0x634D, 0x634D, 0x6B8E, 0x31A6, 0x0000, 0x0000, 0x0000, 0x0000, 0x0000, 0x0000, 0x0000,
	0x0000, 0x0000, 0x52CB, 0x73F0, 0x634D, 0x634D, 0x5B2C, 0x5B0C, 0x5B0C, 0x5B0C, 0x6B8E, 0x8CB3,
	0x94F3, 0x8CD3, 0x94F3, 0x94F3, 0x94F3, 0x9514, 0x9514, 0x94F3, 0x94F4, 0x94F3, 0x94F3, 0x94F3,
	0x8CB2, 0x7C10, 0x7C10, 0x7C10, 0x7C10, 0x7C10, 0x7C10, 0x7C10, 0x8451, 0x2104, 0x0000, 0x0000,
	0x0000, 0x0000, 0x0000, 0x0000, 0x0000, 0x0000, 0x0000, 0x0000, 0x0000, 0x0000, 0x0000, 0x0000,
	0x0000, 0x0000, 0x0000, 0x0000, 0x0000, 0x0000, 0x0000, 0x0000, 0x0000, 0x0000, 0x0000, 0x0000,
	0x0000, 0x0000, 0x0000, 0x0000, 0x0000, 0x0000, 0x0000, 0x0000, 0x0000, 0x0000, 0x0000, 0x0000,
	0x0000, 0x0000, 0x0000, 0x0000, 0x0000, 0x0000, 0x0000, 0x0000, 0x0000, 0x0000, 0x0000, 0x0000,
	0x0000, 0x0000, 0x0000, 0x0020, 0x4249, 0x6BCF, 0x636D, 0x634D, 0x636D, 0x636D, 0x636D, 0x636D,
	0x636D, 0x636D, 0x636D, 0x636D, 0x636D, 0x636D, 0x636D, 0x636D, 0x636D, 0x636E, 0x5B2D, 0x634D,
	0x634D, 0x634D, 0x634D, 0x634D, 0x634D, 0x634D, 0x634D, 0x634D, 0x634D, 0x634D, 0x636D, 0x5B0C,
	0x0041, 0x0000, 0x0000, 0x0000, 0x0000, 0x0000, 0x0000, 0x0000, 0x0000, 0x0000, 0x18C3, 0x5AEC,
	0x5B0C, 0x5B0C, 0x5B0C, 0x5B0C, 0x5B2C, 0x632D, 0x73CF, 0x8471, 0x8492, 0x8492, 0x8CB2, 0x8C92,
	0x8C92, 0x8CB2, 0x8CB2, 0x8C92, 0x8C92, 0x8C92, 0x8492, 0x8C92, 0x8471, 0x7C30, 0x7C10, 0x7410,
	0x7410, 0x7410, 0x73F0, 0x7C30, 0x52CB, 0x0841, 0x0000, 0x0000, 0x0000, 0x0000, 0x0000, 0x0000,
	0x0000, 0x0000, 0x0000, 0x0000, 0x0000, 0x0000, 0x0000, 0x0000, 0x0000, 0x0000, 0x0000, 0x0000,
	0x0000, 0x0000, 0x0000, 0x0000, 0x0000, 0x0000, 0x0000, 0x0000, 0x0000, 0x0000, 0x0000, 0x0000,
	0x0000, 0x0000, 0x0000, 0x0000, 0x0000, 0x0000, 0x0000, 0x0000, 0x0000, 0x0000, 0x0000, 0x0000,
	0x0000, 0x0000, 0x0000, 0x0000, 0x0000, 0x0000, 0x0000, 0x0000, 0x0000, 0x0000, 0x1904, 0x5B2C,
	0x636D, 0x634D, 0x634D, 0x636D, 0x634D, 0x634D, 0x636D, 0x636D, 0x636D, 0x636D, 0x636D, 0x636D,
	0x636D, 0x636D, 0x636D, 0x636D, 0x6B8E, 0x634D, 0x5B2C, 0x634D, 0x634D, 0x634D, 0x634D, 0x634D,
	0x634D, 0x634D, 0x634D, 0x634D, 0x634D, 0x634D, 0x6B8E, 0x31C7, 0x0000, 0x0000, 0x0000, 0x0000,
	0x0000, 0x0000, 0x0000, 0x0000, 0x0000, 0x0000, 0x18C3, 0x52EB, 0x52EB, 0x52EB, 0x52EB, 0x52EB,
	0x52EB, 0x5AEC, 0x5B2D, 0x634D, 0x5B2C, 0x5B2D, 0x5B2D, 0x634D, 0x5B2C, 0x5B2D, 0x634D, 0x634D,
	0x632D, 0x5B2D, 0x5B2C, 0x5B2C, 0x634D, 0x634D, 0x634D, 0x632D, 0x632D, 0x632D, 0x5B2C, 0x636D,
	0x4228, 0x0020, 0x0000, 0x0000, 0x0000, 0x0000, 0x0000, 0x0000, 0x0000, 0x0000, 0x0000, 0x0000,
	0x0000, 0x0000, 0x0000, 0x0000, 0x0000, 0x0000, 0x0000, 0x0000, 0x0000, 0x0000, 0x0000, 0x0000,
	0x0000, 0x0000, 0x0000, 0x0000, 0x0000, 0x0000, 0x0000, 0x0000, 0x0000, 0x0000, 0x0000, 0x0000,
	0x0000, 0x0000, 0x0000, 0x0000, 0x0000, 0x0000, 0x0000, 0x0000, 0x0000, 0x0000, 0x0000, 0x0000,
	0x0000, 0x0000, 0x0000, 0x0000, 0x0020, 0x4249, 0x6B8E, 0x634D, 0x634D, 0x634D, 0x634D, 0x636D,
	0x634D, 0x636D, 0x636D, 0x634D, 0x636D, 0x636D, 0x636D, 0x636D, 0x636E, 0x638E, 0x636D, 0x636D,
	0x636D, 0x5B2C, 0x634D, 0x634D, 0x634D, 0x634D, 0x634D, 0x634D, 0x634D, 0x634D, 0x634D, 0x634D,
	0x634D, 0x634D, 0x636E, 0x18E3, 0x0000, 0x0000, 0x0000, 0x0000, 0x0000, 0x0000, 0x0000, 0x0000,
	0x0000, 0x0000, 0x4249, 0x5B2C, 0x52EB, 0x52EB, 0x52EB, 0x52EB, 0x52CB, 0x52CB, 0x5B0C, 0x5B2C,
	0x5B2C, 0x5B2C, 0x5B2D, 0x5B2D, 0x5B2C, 0x632D, 0x5B2D, 0x634D, 0x5B2C, 0x5B2C, 0x5B2C, 0x5B2C,
	0x634D, 0x5B2C, 0x5B0C, 0x5B0C, 0x5B0C, 0x5B0C, 0x5B0C, 0x5B0C, 0x634D, 0x18C3, 0x0000, 0x0000,
	0x0000, 0x0000, 0x0000, 0x0000, 0x0000, 0x0000, 0x0000, 0x0000, 0x0000, 0x0000, 0x0000, 0x0000,
	0x0000, 0x0000, 0x0000, 0x0000, 0x0000, 0x0000, 0x0000, 0x0000, 0x0000, 0x0000, 0x0000, 0x0000,
	0x0000, 0x0000, 0x0000, 0x0000, 0x0000, 0x0000, 0x0000, 0x0000, 0x0000, 0x0000, 0x0000, 0x0000,
	0x0000, 0x0000, 0x0000, 0x0000, 0x0000, 0x0000, 0x0000, 0x0000, 0x0000, 0x0000, 0x0000, 0x18E3,
	0x5B2C, 0x636D, 0x634D, 0x634D, 0x634D, 0x634D, 0x634D, 0x634D, 0x634D, 0x634D, 0x634D, 0x636D,
	0x636D, 0x636D, 0x636D, 0x636D, 0x636D, 0x636D, 0x636D, 0x636D, 0x5B2C, 0x634D, 0x634D, 0x634D,
	0x634D, 0x634D, 0x634D, 0x634D, 0x634D, 0x634D, 0x634D, 0x634D, 0x634D, 0x6B8E, 0x4A8A, 0x0000,
	0x0000, 0x0000, 0x0000, 0x0000, 0x0000, 0x0000, 0x0000, 0x0000, 0x0000, 0x31C7, 0x5B2C, 0x636E,
	0x636D, 0x636D, 0x634D, 0x634D, 0x5B2D, 0x5B2C, 0x5B2D, 0x5B2C, 0x5B2C, 0x5B2C, 0x5B2C, 0x5B2C,
	0x5B2C, 0x5B2C, 0x5B2C, 0x5B2C, 0x5B2C, 0x5B2C, 0x5B2C, 0x5B2C, 0x5B2C, 0x634D, 0x5B2C, 0x5B2C,
	0x5B2C, 0x5B2C, 0x5B2C, 0x632D, 0x18E3, 0x0000, 0x0000, 0x0000, 0x0000, 0x0000, 0x0000, 0x0000,
	0x0000, 0x0000, 0x0000, 0x0000, 0x0000, 0x0000, 0x0000, 0x0000, 0x0000, 0x0000, 0x0000, 0x0000,
	0x0000, 0x0000, 0x0000, 0x0000, 0x0000, 0x0000, 0x0000, 0x0000, 0x0000, 0x0000, 0x0000, 0x0000,
	0x0000, 0x0000, 0x0000, 0x0000, 0x0000, 0x0000, 0x0000, 0x0000, 0x0000, 0x0000, 0x0000, 0x0000,
	0x0000, 0x0000, 0x0000, 0x0000, 0x0000, 0x0000, 0x31A6, 0x634D, 0x636D, 0x5B2D, 0x634D, 0x634D,
	0x634D, 0x634D, 0x634D, 0x634D, 0x634D, 0x634D, 0x636D, 0x636D, 0x636D, 0x636D, 0x636D, 0x636D,
	0x636D, 0x636E, 0x6B8E, 0x636D, 0x5B0C, 0x634D, 0x634D, 0x634D, 0x634D, 0x634D, 0x636D, 0x634D,
	0x634D, 0x634D, 0x634D, 0x636D, 0x634D, 0x6B8E, 0x18C3, 0x0000, 0x0000, 0x0000, 0x0000, 0x0000,
	0x0000, 0x0000, 0x0000, 0x0000, 0x4A6A, 0x73CF, 0x636D, 0x636D, 0x636D, 0x636D, 0x636D, 0x636D,
	0x636D, 0x636D, 0x636D, 0x636D, 0x634D, 0x634D, 0x634D, 0x634D, 0x634D, 0x634D, 0x634D, 0x634D,
	0x634D, 0x636D, 0x634D, 0x636D, 0x634D, 0x634D, 0x634D, 0x634D, 0x634D, 0x634D, 0x634D, 0x6B8E,
	0x2965, 0x0000, 0x0000, 0x0000, 0x0000, 0x0000, 0x0000, 0x0000, 0x0000, 0x0000, 0x0000, 0x0000,
	0x0000, 0x0000, 0x0000, 0x0000, 0x0000, 0x0000, 0x0000, 0x0000, 0x0000, 0x0000, 0x0000, 0x0000,
	0x0000, 0x0000, 0x0000, 0x0000, 0x0000, 0x0000, 0x0000, 0x0000, 0x0000, 0x0000, 0x0000, 0x0000,
	0x0000, 0x0000, 0x0000, 0x0000, 0x0000, 0x0000, 0x0000, 0x0000, 0x0000, 0x0000, 0x0000, 0x0000,
	0x18C3, 0x4A69, 0x6B8E, 0x634D, 0x634D, 0x5B2D, 0x634D, 0x634D, 0x634D, 0x634D, 0x634D, 0x634D,
	0x634D, 0x634D, 0x634D, 0x634D, 0x634D, 0x634D, 0x636D, 0x636D, 0x634D, 0x636D, 0x636E, 0x5B2C,
	0x634D, 0x634D, 0x634D, 0x634D, 0x634D, 0x634D, 0x634D, 0x634D, 0x634D, 0x634D, 0x634D, 0x634D,
	0x638E, 0x4A69, 0x0000, 0x0000, 0x0000, 0x0000, 0x0000, 0x0000, 0x0000, 0x0000, 0x18E3, 0x4AAA,
	0x6BAE, 0x634D, 0x636D, 0x636D, 0x636D, 0x636D, 0x636D, 0x636D, 0x636D, 0x636D, 0x636D, 0x636D,
	0x634D, 0x636D, 0x634D, 0x634D, 0x634D, 0x634D, 0x636D, 0x5B2C, 0x5B0C, 0x5B2C, 0x5B2C, 0x5B0C,
	0x5B2C, 0x5B2C, 0x632D, 0x634D, 0x634D, 0x634D, 0x5B2C, 0x6B8E, 0x31A6, 0x0000, 0x0000, 0x0000,
	0x0000, 0x0000, 0x0000, 0x0000, 0x0000, 0x0000, 0x0000, 0x0000, 0x0000, 0x0000, 0x0000, 0x0000,
	0x0000, 0x0000, 0x0000, 0x0000, 0x0000, 0x0000, 0x0000, 0x0000, 0x0000, 0x0000, 0x0000, 0x0000,
	0x0000, 0x0000, 0x0000, 0x0000, 0x0000, 0x0000, 0x0000, 0x0000, 0x0000, 0x0000, 0x0000, 0x0000,
	0x0000, 0x0000, 0x0000, 0x0000, 0x0000, 0x0000, 0x0000, 0x2986, 0x5B2C, 0x636D, 0x5B0C, 0x5B2D,
	0x634D, 0x634D, 0x5B2D, 0x634D, 0x5B4D, 0x5B2C, 0x634D, 0x634D, 0x634D, 0x634D, 0x634D, 0x636D,
	0x634D, 0x634D, 0x634D, 0x636D, 0x634D, 0x636D, 0x634D, 0x5B2C, 0x634D, 0x634D, 0x634D, 0x634D,
	0x634D, 0x634D, 0x634D, 0x634D, 0x634D, 0x634D, 0x634D, 0x5B4D, 0x636D, 0x10C3, 0x0000, 0x0000,
	0x0000, 0x0000, 0x0000, 0x0000, 0x0000, 0x1904, 0x6B8E, 0x6BAE, 0x636D, 0x636D, 0x636D, 0x636D,
	0x636D, 0x636D, 0x636D, 0x636D, 0x636D, 0x636D, 0x636D, 0x636D, 0x636D, 0x636D, 0x636D, 0x636D,
	0x636D, 0x636D, 0x636D, 0x5B0C, 0x5B2D, 0x634D, 0x634D, 0x634D, 0x634D, 0x634D, 0x634D, 0x634D,
	0x634D, 0x634D, 0x634D, 0x6B8E, 0x31A6, 0x0000, 0x0000, 0x0000, 0x0000, 0x0000, 0x0000, 0x0000,
	0x0000, 0x0000, 0x0000, 0x0000, 0x0000, 0x0000, 0x0000, 0x0000, 0x0000, 0x0000, 0x0000, 0x0000,
	0x0000, 0x0000, 0x0000, 0x0000, 0x0000, 0x0000, 0x0000, 0x0000, 0x0000, 0x0000, 0x0000, 0x0000,
	0x0000, 0x0000, 0x0000, 0x0000, 0x0000, 0x0000, 0x0000, 0x0000, 0x0000, 0x0000, 0x0000, 0x0000,
	0x0000, 0x0020, 0x4228, 0x636D, 0x5B2C, 0x5B2C, 0x5B2C, 0x5B2C, 0x5B2C, 0x634D, 0x634D, 0x634D,
	0x634D, 0x5B2D, 0x634D, 0x634D, 0x634D, 0x634D, 0x634D, 0x634D, 0x634D, 0x634D, 0x634D, 0x634D,
	0x634D, 0x636D, 0x5B2C, 0x5B2D, 0x634D, 0x634D, 0x634D, 0x634D, 0x634D, 0x634D, 0x634D, 0x634D,
	0x634D, 0x634D, 0x634D, 0x6B8E, 0x4A6A, 0x0000, 0x0000, 0x0000, 0x0000, 0x0000, 0x0000, 0x0000,
	0x4A69, 0x6BAE, 0x636E, 0x636D, 0x636D, 0x636D, 0x636D, 0x636D, 0x636D, 0x636D, 0x636D, 0x636D,
	0x636D, 0x636D, 0x636D, 0x636D, 0x636D, 0x636D, 0x636D, 0x634D, 0x636D, 0x636D, 0x636D, 0x5B2C,
	0x634D, 0x636D, 0x636D, 0x636D, 0x636D, 0x636D, 0x636D, 0x636D, 0x636D, 0x636D, 0x634D, 0x6BAE,
	0x31A6, 0x0000, 0x0000, 0x0000, 0x0000, 0x0000, 0x0000, 0x0000, 0x0000, 0x0000, 0x0000, 0x0000,
	0x0000, 0x0000, 0x0000, 0x0000, 0x0000, 0x0000, 0x0000, 0x0000, 0x0000, 0x0000, 0x0000, 0x0000,
	0x0000, 0x0000, 0x0000, 0x0000, 0x0000, 0x0000, 0x0000, 0x0000, 0x0000, 0x0000, 0x0000, 0x0000,
	0x0000, 0x0000, 0x0000, 0x0000, 0x0000, 0x0000, 0x0000, 0x0000, 0x18E3, 0x52EB, 0x5B2C, 0x5B0C,
	0x5B2C, 0x5B2C, 0x5B2C, 0x5B2C, 0x5B2C, 0x5B2C, 0x5B2C, 0x5B2C, 0x5B2D, 0x5B2D, 0x634D, 0x634D,
	0x634D, 0x634D, 0x634D, 0x634D, 0x634D, 0x634D, 0x634D, 0x636D, 0x636D, 0x5B2C, 0x5B2C, 0x634D,
	0x634D, 0x634D, 0x634D, 0x634D, 0x634D, 0x634D, 0x634D, 0x634D, 0x634D, 0x634D, 0x634D, 0x636D,
	0x18C3, 0x0000, 0x0000, 0x0000, 0x0000, 0x0000, 0x0020, 0x4A69, 0x6BAF, 0x636D, 0x636D, 0x636D,
	0x636D, 0x636D, 0x636D, 0x636D, 0x636D, 0x636D, 0x636D, 0x636D, 0x636D, 0x636D, 0x636D, 0x636D,
	0x636D, 0x636D, 0x636D, 0x636D, 0x636D, 0x636D, 0x636D, 0x5B2C, 0x634D, 0x636D, 0x636D, 0x636D,
	0x634D, 0x634D, 0x634D, 0x634D, 0x634D, 0x634D, 0x634D, 0x6BAE, 0x31A6, 0x0000, 0x0000, 0x0000,
	0x0000, 0x0000, 0x0000, 0x0000, 0x0000, 0x0000, 0x0000, 0x0000, 0x0000, 0x0000, 0x0000, 0x0000,
	0x0000, 0x0000, 0x0000, 0x0000, 0x0000, 0x0000, 0x0000, 0x0000, 0x0000, 0x0000, 0x0000, 0x0000,
	0x0000, 0x0000, 0x0000, 0x0000, 0x0000, 0x0000, 0x0000, 0x0000, 0x0000, 0x0000, 0x0000, 0x0000,
	0x0000, 0x0000, 0x0020, 0x3A28, 0x5B2C, 0x5B2C, 0x5B0C, 0x5B0C, 0x5B0C, 0x5B2C, 0x5B2C, 0x5B2C,
	0x5B2C, 0x5B2D, 0x634D, 0x634D, 0x5B2C, 0x5B2C, 0x5B2C, 0x634D, 0x634D, 0x634D, 0x634D, 0x634D,
	0x634D, 0x634D, 0x634D, 0x634D, 0x634D, 0x5B0C, 0x5B2D, 0x5B2D, 0x634D, 0x634D, 0x634D, 0x634D,
	0x634D, 0x634D, 0x634D, 0x634D, 0x634D, 0x634D, 0x634D, 0x5AEC, 0x0000, 0x0000, 0x0000, 0x0000,
	0x0000, 0x18E4, 0x634D, 0x6B8E, 0x636D, 0x636D, 0x636D, 0x636D, 0x636D, 0x636D, 0x636D, 0x636D,
	0x636D, 0x636D, 0x636D, 0x636D, 0x636D, 0x636D, 0x636D, 0x636D, 0x636D, 0x636D, 0x636D, 0x636D,
	0x636D, 0x636D, 0x636E, 0x5B2C, 0x634D, 0x636D, 0x636D, 0x636D, 0x636D, 0x636D, 0x636D, 0x636D,
	0x636D, 0x636D, 0x634D, 0x6BAE, 0x31A6, 0x0000, 0x0000, 0x0000, 0x0000, 0x0000, 0x0000, 0x0000,
	0x0000, 0x0000, 0x0000, 0x0000, 0x0000, 0x0000, 0x0000, 0x0000, 0x0000, 0x0000, 0x0000, 0x0000,
	0x0000, 0x0000, 0x0000, 0x0000, 0x0000, 0x0000, 0x0000, 0x0000, 0x0000, 0x0000, 0x0000, 0x0000,
	0x0000, 0x0000, 0x0000, 0x0000, 0x0000, 0x0000, 0x0000, 0x0000, 0x0000, 0x18E3, 0x5AEC, 0x5B2C,
	0x5B0C, 0x5B0C, 0x5B0C, 0x5B0C, 0x5B0C, 0x5B0C, 0x5B0C, 0x5B0C, 0x5B0C, 0x5B2C, 0x5B2C, 0x5B2C,
	0x634D, 0x5B2C, 0x5B2C, 0x5B2C, 0x634D, 0x632D, 0x634D, 0x634D, 0x634D, 0x634D, 0x634D, 0x634D,
	0x5B0C, 0x5B2C, 0x5B2C, 0x5B2D, 0x634D, 0x634D, 0x634D, 0x634D, 0x634D, 0x634D, 0x634D, 0x634D,
	0x634D, 0x5B4D, 0x6B8E, 0x31A6, 0x0000, 0x0000, 0x0000, 0x0000, 0x1904, 0x636E, 0x6B8E, 0x636D,
	0x636D, 0x636D, 0x636D, 0x636D, 0x636D, 0x636D, 0x636D, 0x636D, 0x636D, 0x636D, 0x636D, 0x636D,
	0x636D, 0x636D, 0x636D, 0x636D, 0x636D, 0x636D, 0x636D, 0x636D, 0x636D, 0x636D, 0x636D, 0x5B2C,
	0x634D, 0x636D, 0x636D, 0x636D, 0x636D, 0x636D, 0x636D, 0x636D, 0x636D, 0x636D, 0x634D, 0x6BAE,
	0x31A6, 0x0000, 0x0000, 0x0000, 0x0000, 0x0000, 0x0000, 0x0000, 0x0000, 0x0000, 0x0000, 0x0000,
	0x0000, 0x0000, 0x0000, 0x0000, 0x0000, 0x0000, 0x0000, 0x0000, 0x0000, 0x0000, 0x0000, 0x0000,
	0x0000, 0x0000, 0x0000, 0x0000, 0x0000, 0x0000, 0x0000, 0x0000, 0x0000, 0x0000, 0x0000, 0x0000,
	0x0000, 0x0000, 0x0000, 0x0000, 0x2986, 0x52EB, 0x5B2C, 0x5B0C, 0x5B0C, 0x5B0C, 0x5B0C, 0x5B0C,
	0x5B2C, 0x5B2C, 0x5B2C, 0x5B0C, 0x5B2C, 0x5B2C, 0x5B2C, 0x5B2C, 0x5B2C, 0x5B2C, 0x5B2C, 0x5B2C,
	0x5B2C, 0x634D, 0x634D, 0x634D, 0x634D, 0x634D, 0x634D, 0x5B2C, 0x5B0C, 0x5B2C, 0x5B2C, 0x5B2C,
	0x634D, 0x634D, 0x5B2C, 0x5B2C, 0x634D, 0x634D, 0x634D, 0x634D, 0x634D, 0x634D, 0x5B0C, 0x0041,
	0x0000, 0x0000, 0x0000, 0x4269, 0x6B8E, 0x636D, 0x636D, 0x636D, 0x636D, 0x636D, 0x636D, 0x636D,
	0x636D, 0x636D, 0x636D, 0x636D, 0x636D, 0x636D, 0x636D, 0x636D, 0x636D, 0x636D, 0x636D, 0x636D,
	0x636D, 0x636D, 0x636D, 0x636D, 0x636D, 0x636D, 0x636E, 0x5B2C, 0x634D, 0x636D, 0x636D, 0x636D,
	0x636D, 0x636D, 0x636D, 0x636D, 0x636D, 0x636D, 0x634D, 0x6BAE, 0x31A6, 0x0000, 0x0000, 0x0000,
	0x0000, 0x0000, 0x0000, 0x0000, 0x0000, 0x0000, 0x0000, 0x0000, 0x0000, 0x0000, 0x0000, 0x0000,
	0x0000, 0x0000, 0x0000, 0x0000, 0x0000, 0x0000, 0x0000, 0x0000, 0x0000, 0x0000, 0x0000, 0x0000,
	0x0000, 0x0000, 0x0000, 0x0000, 0x0000, 0x0000, 0x0000, 0x0000, 0x0000, 0x0000, 0x10C3, 0x4249,
	0x5B2C, 0x52EB, 0x52EB, 0x5B0C, 0x5B0C, 0x5B0C, 0x5B2C, 0x5B0C, 0x5B0C, 0x5B0C, 0x5B0C, 0x5B0C,
	0x5B0C, 0x5B2C, 0x5B2C, 0x5B0C, 0x5B0C, 0x5B0C, 0x5B2C, 0x5B2C, 0x5B2C, 0x5B2C, 0x5B2C, 0x5B2C,
	0x5B2D, 0x5B2C, 0x634D, 0x52EB, 0x5B0C, 0x5B2C, 0x5B2C, 0x5B2C, 0x5B2C, 0x634D, 0x5B2D, 0x5B2C,
	0x5B2C, 0x5B2C, 0x5B2C, 0x5B2C, 0x5B2C, 0x636D, 0x2986, 0x0000, 0x0000, 0x0020, 0x4269, 0x6BAE,
	0x636D, 0x636D, 0x636D, 0x636D, 0x636D, 0x636D, 0x636D, 0x636D, 0x636D, 0x636D, 0x636D, 0x636D,
	0x636D, 0x636D, 0x636D, 0x636D, 0x636D, 0x636D, 0x636D, 0x636D, 0x636D, 0x636D, 0x636D, 0x636D,
	0x636D, 0x636D, 0x636D, 0x5B2C, 0x634D, 0x636D, 0x636D, 0x636D, 0x636D, 0x636D, 0x636D, 0x636D,
	0x636D, 0x636D, 0x634D, 0x6BAE, 0x31A7, 0x0000, 0x0000, 0x0000, 0x0000, 0x0000, 0x0000, 0x0000,
	0x0000, 0x0000, 0x0000, 0x0000, 0x0000, 0x0000, 0x0000, 0x0000, 0x0000, 0x0000, 0x0000, 0x0000,
	0x0000, 0x0000, 0x0000, 0x0000, 0x0000, 0x0000, 0x0000, 0x0000, 0x0000, 0x0000, 0x0000, 0x0000,
	0x0000, 0x0000, 0x0000, 0x0000, 0x0020, 0x18E3, 0x5B0C, 0x5B0C, 0x52EB, 0x52EB, 0x52EB, 0x52EB,
	0x5B0C, 0x5B0C, 0x5B0C, 0x5B0C, 0x5B0C, 0x5B0C, 0x5B0C, 0x5B0C, 0x5AEB, 0x5B0C, 0x5B0C, 0x5B0C,
	0x5B0C, 0x5B0C, 0x5B2C, 0x5B0C, 0x5B0C, 0x5B2C, 0x5B2C, 0x5B2C, 0x5B2C, 0x5B2D, 0x5B0C, 0x52CB,
	0x52CB, 0x52CB, 0x52EB, 0x52CB, 0x52CB, 0x52CB, 0x5B2C, 0x634D, 0x634D, 0x634D, 0x634D, 0x634D,
	0x634D, 0x5B2C, 0x0841, 0x0000, 0x18E4, 0x634D, 0x6B8E, 0x634D, 0x636D, 0x636D, 0x636D, 0x636D,
	0x636D, 0x636D, 0x636D, 0x636D, 0x636D, 0x636D, 0x636D, 0x636D, 0x636D, 0x636D, 0x636D, 0x636D,
	0x636D, 0x636D, 0x636D, 0x636D, 0x636D, 0x636D, 0x636D, 0x636D, 0x636D, 0x636D, 0x636D, 0x5B2C,
	0x634D, 0x636D, 0x636D, 0x636D, 0x636D, 0x636D, 0x636D, 0x636D, 0x636D, 0x636D, 0x634D, 0x6BAF,
	0x2986, 0x0000, 0x0000, 0x0000, 0x0000, 0x0000, 0x0000, 0x0000, 0x0000, 0x0000, 0x0000, 0x0000,
	0x0000, 0x0000, 0x0000, 0x0000, 0x0000, 0x0000, 0x0000, 0x0000, 0x0000, 0x0000, 0x0000, 0x0000,
	0x0000, 0x0000, 0x0000, 0x0000, 0x0000, 0x0000, 0x0000, 0x0000, 0x0000, 0x0000, 0x0000, 0x0000,
	0x10A2, 0x5B0C, 0x5B0C, 0x52CB, 0x52EB, 0x52EB, 0x52EB, 0x5AEB, 0x5B0C, 0x5B0C, 0x52EB, 0x5B0C,
	0x5B0C, 0x5B0C, 0x5B0C, 0x5B0C, 0x5B0C, 0x5B0C, 0x5B0C, 0x5B0C, 0x5B0C, 0x5B2C, 0x5B2C, 0x5B0C,
	0x5B0C, 0x5B2C, 0x5B2C, 0x5B2C, 0x5B2C, 0x5B2C, 0x52EB, 0x52CB, 0x52EB, 0x52EB, 0x52CB, 0x52EB,
	0x52EB, 0x5B0C, 0x634D, 0x634D, 0x634D, 0x634D, 0x634D, 0x634D, 0x634D, 0x6BAE, 0x2986, 0x18C3,
	0x6B8E, 0x636E, 0x634D, 0x636D, 0x636D, 0x636D, 0x636D, 0x636D, 0x636D, 0x636D, 0x636D, 0x636D,
	0x636D, 0x636D, 0x636D, 0x636D, 0x636D, 0x636D, 0x636D, 0x636D, 0x636D, 0x636D, 0x636D, 0x636D,
	0x636D, 0x636D, 0x636D, 0x636D, 0x636D, 0x636D, 0x636D, 0x5B2C, 0x634D, 0x636D, 0x636D, 0x636D,
	0x636D, 0x636D, 0x636D, 0x636D, 0x636D, 0x636D, 0x634D, 0x6B8E, 0x4A69, 0x0000, 0x0000, 0x0000,
	0x0000, 0x0000, 0x0000, 0x0000, 0x0000, 0x0000, 0x0000, 0x0000, 0x0000, 0x0000, 0x0000, 0x0000,
	0x0000, 0x0000, 0x0000, 0x0000, 0x0000, 0x0000, 0x0000, 0x0000, 0x0000, 0x0000, 0x0000, 0x0000,
	0x0000, 0x0000, 0x0000, 0x0000, 0x0000, 0x0000, 0x0000, 0x0000, 0x0000, 0x18C3, 0x5B0C, 0x5B0C,
	0x52EB, 0x52EB, 0x5AEB, 0x5B0C, 0x5B0C, 0x5B0C, 0x5B0C, 0x5B0C, 0x5B0C, 0x5B0C, 0x5B0C, 0x5B0C,
	0x5B0C, 0x5B0C, 0x5B0C, 0x5B0C, 0x5B0C, 0x5B2C, 0x5B2C, 0x5B0C, 0x5B0C, 0x5B2C, 0x5B2C, 0x5B2C,
	0x5B2C, 0x5B2C, 0x52EB, 0x52CB, 0x52CB, 0x52CB, 0x52CB, 0x52CB, 0x52CB, 0x52EB, 0x634D, 0x634D,
	0x634D, 0x634D, 0x634D, 0x634D, 0x634D, 0x634D, 0x634D, 0x636D, 0x636D, 0x634D, 0x636D, 0x636D,
	0x636D, 0x636D, 0x636D, 0x636D, 0x636D, 0x636D, 0x636D, 0x636D, 0x636D, 0x636D, 0x636D, 0x636D,
	0x636D, 0x636D, 0x636D, 0x636D, 0x636D, 0x636D, 0x636D, 0x636D, 0x636D, 0x636D, 0x636D, 0x636D,
	0x636D, 0x636D, 0x636D, 0x5B2C, 0x634D, 0x636D, 0x636D, 0x636D, 0x636D, 0x636D, 0x636D, 0x636D,
	0x636D, 0x636D, 0x636D, 0x636D, 0x634D, 0x0020, 0x0000, 0x0000, 0x0000, 0x0000, 0x0000, 0x0000,
	0x0000, 0x0000, 0x0000, 0x0000, 0x0000, 0x0000, 0x0000, 0x0000, 0x0000, 0x0000, 0x0000, 0x0000,
	0x0000, 0x0000, 0x0000, 0x0000, 0x0000, 0x0000, 0x0000, 0x0000, 0x0000, 0x0000, 0x0000, 0x0000,
	0x0000, 0x0000, 0x0000, 0x0000, 0x0000, 0x0000, 0x18E3, 0x52EB, 0x52EB, 0x5AEB, 0x5B0C, 0x5B0C,
	0x5B0C, 0x5B0C, 0x5B0C, 0x5B0C, 0x5B0C, 0x5B0C, 0x5B0C, 0x5B0C, 0x5B0C, 0x5B0C, 0x5B0C, 0x5B0C,
	0x5B0C, 0x5B2C, 0x5B2C, 0x5B0C, 0x5B0C, 0x5B2C, 0x5B2C, 0x5B2C, 0x5B2C, 0x52EC, 0x4269, 0x4229,
	0x3A28, 0x4249, 0x4228, 0x4228, 0x4249, 0x4269, 0x5B2C, 0x634D, 0x634D, 0x634D, 0x634D, 0x634D,
	0x634D, 0x634D, 0x636D, 0x636D, 0x634D, 0x636D, 0x636D, 0x636D, 0x636D, 0x636D, 0x636D, 0x636D,
	0x636D, 0x636D, 0x636D, 0x636D, 0x636D, 0x636D, 0x636D, 0x636D, 0x636D, 0x636D, 0x636D, 0x636D,
	0x636D, 0x636D, 0x636D, 0x636D, 0x636D, 0x636D, 0x636D, 0x636D, 0x636D, 0x636D, 0x636D, 0x5B2C,
	0x634D, 0x636D, 0x636D, 0x636D, 0x636D, 0x636D, 0x636D, 0x636D, 0x636D, 0x636D, 0x636D, 0x636E,
	0x5B2C, 0x0020, 0x0000, 0x0000, 0x0000, 0x0000, 0x0000, 0x0000, 0x0000, 0x0000, 0x0000, 0x0000,
	0x0000, 0x0000, 0x0000, 0x0000, 0x0000, 0x0000, 0x0000, 0x0000, 0x0000, 0x0000, 0x0000, 0x0000,
	0x0000, 0x0000, 0x0000, 0x0000, 0x0000, 0x0000, 0x0000, 0x0000, 0x0000, 0x0000, 0x0000, 0x0000,
	0x0000, 0x0020, 0x0000, 0x31A6, 0x636D, 0x5AEC, 0x5B0C, 0x5B0C, 0x5B0C, 0x5B0C, 0x5B0C, 0x5B0C,
	0x5B0C, 0x5B0C, 0x5B0C, 0x5B0C, 0x5B0C, 0x5B0C, 0x5B0C, 0x5B0C, 0x5B0C, 0x5B2C, 0x5B2C, 0x5B0C,
	0x5B0C, 0x5B2C, 0x5B2C, 0x5B2C, 0x5B2C, 0x4249, 0x31C7, 0x2986, 0x2145, 0x2965, 0x2145, 0x29A6,
	0x31C7, 0x39E7, 0x4A8A, 0x5B0C, 0x632D, 0x634D, 0x634D, 0x634D, 0x634D, 0x636D, 0x636D, 0x636D,
	0x636D, 0x636D, 0x636D, 0x636D, 0x636D, 0x636D, 0x636D, 0x636D, 0x636D, 0x636D, 0x636D, 0x636D,
	0x636D, 0x636D, 0x636D, 0x636D, 0x636D, 0x636D, 0x636D, 0x636D, 0x636D, 0x636D, 0x636D, 0x636D,
	0x636D, 0x636D, 0x636D, 0x636D, 0x636D, 0x636D, 0x636D, 0x5B2C, 0x634D, 0x636E, 0x636D, 0x636D,
	0x636D, 0x636D, 0x636D, 0x636D, 0x636D, 0x636D, 0x636D, 0x636E, 0x632D, 0x0020, 0x0000, 0x0000,
	0x0000, 0x0000, 0x0000, 0x0000, 0x0000, 0x0000, 0x0000, 0x0000, 0x0000, 0x0000, 0x0000, 0x0000,
	0x0000, 0x0000, 0x0000, 0x0000, 0x0000, 0x0000, 0x0000, 0x0000, 0x0000, 0x0000, 0x0000, 0x0000,
	0x0000, 0x0000, 0x0000, 0x0000, 0x0000, 0x0000, 0x0000, 0x0000, 0x0000, 0x0000, 0x18E3, 0x634D,
	0x634D, 0x634D, 0x5B2C, 0x5B0C, 0x5B0C, 0x5AEB, 0x5B0C, 0x5B0C, 0x5B0C, 0x5B0C, 0x5B0C, 0x5B0C,
	0x5B0C, 0x5B0C, 0x5B0C, 0x5B0C, 0x5B0C, 0x5B2C, 0x5B2C, 0x5B0C, 0x5B0C, 0x5B2C, 0x5B2C, 0x5B2C,
	0x5AEC, 0x39E8, 0x2986, 0x2965, 0x2145, 0x2145, 0x2965, 0x2986, 0x31C7, 0x39E7, 0x3A08, 0x4A8A,
	0x5B0C, 0x5B2C, 0x5B2C, 0x634D, 0x636D, 0x636D, 0x636D, 0x636D, 0x636D, 0x636D, 0x636D, 0x636D,
	0x636D, 0x636D, 0x636D, 0x636D, 0x636D, 0x636D, 0x636D, 0x636D, 0x636D, 0x636D, 0x636D, 0x636D,
	0x636D, 0x636D, 0x636D, 0x636D, 0x636D, 0x636D, 0x636D, 0x636D, 0x636D, 0x636D, 0x636D, 0x636D,
	0x636D, 0x636D, 0x636D, 0x5B2C, 0x634D, 0x636D, 0x636D, 0x636D, 0x636D, 0x636D, 0x636D, 0x636D,
	0x636D, 0x636D, 0x636D, 0x6B8E, 0x634D, 0x0020, 0x0000, 0x0000, 0x0000, 0x0000, 0x0000, 0x0000,
	0x0000, 0x0000, 0x0000, 0x0000, 0x0000, 0x0000, 0x0000, 0x0000, 0x0000, 0x0000, 0x0000, 0x0000,
	0x0000, 0x0000, 0x0000, 0x0000, 0x0000, 0x0000, 0x0000, 0x0000, 0x0000, 0x0000, 0x0000, 0x0000,
	0x0000, 0x0000, 0x0000, 0x0000, 0x0000, 0x18E3, 0x636D, 0x636D, 0x634D, 0x634D, 0x634D, 0x634D,
	0x632D, 0x5B2C, 0x5B0C, 0x5AEC, 0x5B0C, 0x5B0C, 0x5B0C, 0x5B0C, 0x5B0C, 0x5B0C, 0x5B0C, 0x5B0C,
	0x5B0C, 0x5B2C, 0x5B2C, 0x5B0C, 0x5B0C, 0x5B2C, 0x5B2C, 0x5B2C, 0x52CB, 0x31A7, 0x2965, 0x2145,
	0x2145, 0x2145, 0x2965, 0x2986, 0x31C7, 0x39E7, 0x39E7, 0x4228, 0x4A8A, 0x52EB, 0x634D, 0x636D,
	0x636D, 0x636D, 0x636D, 0x636D, 0x636D, 0x636D, 0x636D, 0x636D, 0x636D, 0x636D, 0x636D, 0x636D,
	0x636D, 0x636D, 0x636D, 0x636D, 0x636D, 0x636D, 0x636D, 0x636D, 0x636D, 0x636D, 0x636D, 0x636D,
	0x636D, 0x636D, 0x636D, 0x636D, 0x636D, 0x636D, 0x636D, 0x636D, 0x636D, 0x636D, 0x636D, 0x5B2C,
	0x634D, 0x636D, 0x636D, 0x636D, 0x636D, 0x636D, 0x636D, 0x636D, 0x636D, 0x636D, 0x636D, 0x636E,
	0x632D, 0x0020, 0x0000, 0x0000, 0x0000, 0x0000, 0x0000, 0x0000, 0x0000, 0x0000, 0x0000, 0x0000,
	0x0000, 0x0000, 0x0000, 0x0000, 0x0000, 0x0000, 0x0000, 0x0000, 0x0000, 0x0000, 0x0000, 0x0000,
	0x0000, 0x0000, 0x0000, 0x0000, 0x0000, 0x0000, 0x0000, 0x0000, 0x0000, 0x0000, 0x0000, 0x0000,
	0x18E3, 0x636D, 0x636D, 0x634D, 0x634D, 0x634D, 0x634D, 0x634D, 0x634D, 0x634D, 0x634D, 0x5B2C,
	0x5B0C, 0x5AEB, 0x5B0C, 0x5B0C, 0x5B0C, 0x5B0C, 0x5B0C, 0x5B2C, 0x5B2C, 0x5B2C, 0x5B2C, 0x5B0C,
	0x5B2C, 0x5B2C, 0x5B2D, 0x5B2C, 0x52AA, 0x2986, 0x2145, 0x2145, 0x2145, 0x2145, 0x2965, 0x2986,
	0x31C7, 0x39E7, 0x39E7, 0x3A08, 0x4228, 0x5B0C, 0x636D, 0x636D, 0x636D, 0x636D, 0x636D, 0x636D,
	0x636D, 0x636D, 0x636D, 0x636D, 0x636D, 0x636D, 0x636D, 0x636D, 0x636D, 0x636D, 0x636D, 0x636D,
	0x636D, 0x636D, 0x636D, 0x636D, 0x636D, 0x636D, 0x636D, 0x636D, 0x636D, 0x636D, 0x636D, 0x636D,
	0x636D, 0x636D, 0x636D, 0x636D, 0x636D, 0x636D, 0x636D, 0x5B2C, 0x634D, 0x636D, 0x636D, 0x636D,
	0x636D, 0x636D, 0x636D, 0x636D, 0x636D, 0x636D, 0x636D, 0x636E, 0x632D, 0x0020, 0x0000, 0x0000,
	0x0000, 0x0000, 0x0000, 0x0000, 0x0000, 0x0000, 0x0000, 0x0000, 0x0000, 0x0000, 0x0000, 0x0000,
	0x0000, 0x0000, 0x0000, 0x0000, 0x0000, 0x0000, 0x0000, 0x0000, 0x0000, 0x0000, 0x0000, 0x0000,
	0x0000, 0x0000, 0x0000, 0x0000, 0x0000, 0x0000, 0x0000, 0x18E3, 0x636E, 0x636D, 0x634D, 0x634D,
	0x634D, 0x634D, 0x634D, 0x634D, 0x634D, 0x634D, 0x634D, 0x634D, 0x634D, 0x5B2C, 0x52CB, 0x52CB,
	0x52CB, 0x52CB, 0x52CB, 0x52EB, 0x52EB, 0x5AEC, 0x5AEC, 0x52EB, 0x52EB, 0x5AEC, 0x5B0C, 0x5AEB,
	0x4A69, 0x2965, 0x2145, 0x2145, 0x2145, 0x2145, 0x2965, 0x2986, 0x31C7, 0x39E7, 0x39E7, 0x39E7,
	0x52AB, 0x636D, 0x636D, 0x636D, 0x636D, 0x636D, 0x636D, 0x636D, 0x636D, 0x636D, 0x636D, 0x636D,
	0x636D, 0x636D, 0x636D, 0x636D, 0x636D, 0x636D, 0x636D, 0x636D, 0x636D, 0x636D, 0x636D, 0x636D,
	0x636D, 0x636D, 0x636D, 0x636D, 0x636D, 0x636D, 0x636D, 0x636D, 0x636D, 0x636D, 0x636D, 0x636D,
	0x636D, 0x636D, 0x636D, 0x5B2C, 0x634D, 0x634D, 0x634D, 0x634D, 0x634D, 0x634D, 0x634D, 0x634D,
	0x636D, 0x636D, 0x636D, 0x636D, 0x5B2C, 0x0020, 0x0000, 0x0000, 0x0000, 0x0000, 0x0000, 0x0000,
	0x0000, 0x0000, 0x0000, 0x0000, 0x0000, 0x0000, 0x0000, 0x0000, 0x0000, 0x0000, 0x0000, 0x0000,
	0x0000, 0x0000, 0x0000, 0x0000, 0x0000, 0x0000, 0x0000, 0x0000, 0x0000, 0x0000, 0x0000, 0x0000,
	0x0000, 0x0000, 0x18E3, 0x636D, 0x636D, 0x634D, 0x634D, 0x634D, 0x634D, 0x634D, 0x634D, 0x634D,
	0x634D, 0x634D, 0x634D, 0x636D, 0x636D, 0x6B8E, 0x4A8A, 0x0020, 0x0020, 0x0020, 0x0020, 0x0020,
	0x0020, 0x0020, 0x0020, 0x0020, 0x0020, 0x0020, 0x0020, 0x0020, 0x0020, 0x0861, 0x2145, 0x2145,
	0x2145, 0x2145, 0x2965, 0x29A6, 0x31C7, 0x31E7, 0x39E7, 0x52EB, 0x636D, 0x636D, 0x636D, 0x636D,
	0x636D, 0x636D, 0x636D, 0x636D, 0x636D, 0x636D, 0x636D, 0x636D, 0x636D, 0x636D, 0x636D, 0x636D,
	0x636D, 0x636D, 0x636D, 0x636D, 0x636D, 0x636D, 0x636D, 0x636D, 0x636D, 0x636D, 0x636D, 0x636D,
	0x636D, 0x636D, 0x636D, 0x636D, 0x636D, 0x636D, 0x636D, 0x636D, 0x636D, 0x636D, 0x636D, 0x5B2C,
	0x5B0C, 0x5B2C, 0x5B2C, 0x5B2C, 0x5B2C, 0x5B2C, 0x634D, 0x634D, 0x634D, 0x634D, 0x634D, 0x636D,
	0x5B2C, 0x0020, 0x0000, 0x0000, 0x0000, 0x0000, 0x0000, 0x0000, 0x0000, 0x0000, 0x0000, 0x0000,
	0x0000, 0x0000, 0x0000, 0x0000, 0x0000, 0x0000, 0x0000, 0x0000, 0x0000, 0x0000, 0x0000, 0x0000,
	0x0000, 0x0000, 0x0000, 0x0000, 0x0000, 0x0000, 0x0000, 0x0000, 0x0000, 0x18E3, 0x636D, 0x634D,
	0x634D, 0x636D, 0x636D, 0x634D, 0x634D, 0x634D, 0x634D, 0x634D, 0x634D, 0x634D, 0x636D, 0x636D,
	0x636D, 0x634D, 0x6BAE, 0x4269, 0x0000, 0x0000, 0x0000, 0x0000, 0x0000, 0x0000, 0x0000, 0x0000,
	0x0000, 0x0000, 0x0000, 0x0000, 0x0000, 0x0000, 0x0861, 0x2145, 0x2145, 0x2145, 0x2965, 0x2986,
	0x31A6, 0x3A08, 0x52EB, 0x636D, 0x634D, 0x636D, 0x636D, 0x636D, 0x636D, 0x636D, 0x636D, 0x636D,
	0x636D, 0x636D, 0x636D, 0x636D, 0x636D, 0x636D, 0x636D, 0x636D, 0x636D, 0x636D, 0x636D, 0x636D,
	0x636D, 0x636D, 0x636D, 0x636D, 0x636D, 0x636D, 0x636D, 0x636D, 0x636D, 0x636D, 0x636D, 0x636D,
	0x636D, 0x636D, 0x636D, 0x636D, 0x636D, 0x636D, 0x636D, 0x5B2C, 0x634D, 0x636D, 0x636D, 0x636D,
	0x636D, 0x636D, 0x636D, 0x636D, 0x636D, 0x636D, 0x636D, 0x636D, 0x5B2C, 0x0020, 0x0000, 0x0000,
	0x0000, 0x0000, 0x0000, 0x0000, 0x0000, 0x0000, 0x0000, 0x0000, 0x0000, 0x0000, 0x0000, 0x0000,
	0x0000, 0x0000, 0x0000, 0x0000, 0x0000, 0x0000, 0x0000, 0x0000, 0x0000, 0x0000, 0x0000, 0x0000,
	0x0000, 0x0000, 0x0000, 0x0000, 0x18E3, 0x636D, 0x634D, 0x634D, 0x634D, 0x636D, 0x636D, 0x636D,
	0x634D, 0x634D, 0x634D, 0x634D, 0x634D, 0x636D, 0x636D, 0x636D, 0x636D, 0x636D, 0x634D, 0x6BAE,
	0x4249, 0x0000, 0x0000, 0x0000, 0x0000, 0x0000, 0x0000, 0x0000, 0x0000, 0x0000, 0x0000, 0x0000,
	0x0000, 0x0000, 0x0000, 0x0861, 0x2965, 0x2145, 0x2965, 0x3A08, 0x52EB, 0x634D, 0x636D, 0x634D,
	0x636D, 0x636D, 0x636D, 0x636D, 0x636D, 0x636D, 0x636D, 0x636D, 0x636D, 0x636D, 0x636D, 0x636D,
	0x636D, 0x636D, 0x636D, 0x636D, 0x636D, 0x636D, 0x636D, 0x636D, 0x636D, 0x636D, 0x636D, 0x636D,
	0x636D, 0x636D, 0x636D, 0x636D, 0x636D, 0x636D, 0x636D, 0x636D, 0x636D, 0x636D, 0x636D, 0x636D,
	0x636D, 0x636D, 0x636D, 0x5B2C, 0x634D, 0x636D, 0x636D, 0x636D, 0x636D, 0x636D, 0x636D, 0x636D,
	0x636D, 0x636D, 0x636D, 0x636E, 0x634D, 0x0041, 0x0000, 0x0000, 0x0000, 0x0000, 0x0000, 0x0000,
	0x0000, 0x0000, 0x0000, 0x0000, 0x0000, 0x0000, 0x0000, 0x0000, 0x0000, 0x0000, 0x0000, 0x0000,
	0x0000, 0x0000, 0x0000, 0x0000, 0x0000, 0x0000, 0x0000, 0x0000, 0x0000, 0x0000, 0x0000, 0x1904,
	0x634D, 0x634D, 0x634D, 0x634D, 0x634D, 0x634D, 0x636D, 0x636D, 0x634D, 0x634D, 0x634D, 0x634D,
	0x634D, 0x634D, 0x634D, 0x634D, 0x634D, 0x634D, 0x634D, 0x6B8E, 0x39E7, 0x0000, 0x0020, 0x0000,
	0x0000, 0x0000, 0x0020, 0x0000, 0x0000, 0x0000, 0x0000, 0x0000, 0x0000, 0x0000, 0x0000, 0x0000,
	0x0000, 0x31A6, 0x5B2C, 0x636D, 0x636E, 0x634D, 0x634D, 0x634D, 0x636D, 0x636D, 0x634D, 0x636D,
	0x636D, 0x636D, 0x636D, 0x636D, 0x636D, 0x636D, 0x636D, 0x636D, 0x636D, 0x636D, 0x636D, 0x636D,
	0x636D, 0x636D, 0x636D, 0x636D, 0x636D, 0x636D, 0x636D, 0x636D, 0x636D, 0x636D, 0x636D, 0x636D,
	0x636D, 0x636D, 0x636D, 0x636D, 0x636D, 0x636D, 0x636D, 0x636D, 0x636D, 0x636D, 0x636D, 0x5B2C,
	0x634D, 0x636D, 0x636D, 0x636D, 0x636D, 0x636D, 0x636D, 0x636D, 0x636D, 0x636D, 0x636D, 0x634D,
	0x6BAE, 0x31A6, 0x0000, 0x0000, 0x0000, 0x0000, 0x0000, 0x0000, 0x0000, 0x0000, 0x0000, 0x0000,
	0x0000, 0x0000, 0x0000, 0x0000, 0x0000, 0x0000, 0x0000, 0x0000, 0x0000, 0x0000, 0x0000, 0x0000,
	0x0000, 0x0000, 0x0000, 0x0000, 0x0000, 0x0000, 0x4249, 0x636E, 0x634D, 0x634D, 0x634D, 0x634D,
	0x634D, 0x634D, 0x634D, 0x634D, 0x634D, 0x634D, 0x634D, 0x5B2D, 0x634D, 0x634D, 0x634D, 0x634D,
	0x634D, 0x634D, 0x634D, 0x636E, 0x2986, 0x10A2, 0x2124, 0x18C3, 0x18C3, 0x18C3, 0x18E3, 0x0041,
	0x0000, 0x0000, 0x0000, 0x0000, 0x0000, 0x0000, 0x0000, 0x0000, 0x31A6, 0x5B2C, 0x636E, 0x636D,
	0x634D, 0x634D, 0x634D, 0x634D, 0x636D, 0x636D, 0x634D, 0x636D, 0x636D, 0x636D, 0x636D, 0x636D,
	0x636D, 0x636D, 0x636D, 0x636D, 0x636D, 0x636D, 0x636D, 0x636D, 0x636D, 0x636D, 0x636D, 0x636D,
	0x636D, 0x636D, 0x636D, 0x636D, 0x636D, 0x636D, 0x636D, 0x636D, 0x636D, 0x636D, 0x636D, 0x636D,
	0x636D, 0x636D, 0x636D, 0x636D, 0x636D, 0x636D, 0x636D, 0x5B2C, 0x634D, 0x636D, 0x636D, 0x636D,
	0x636D, 0x636D, 0x636D, 0x636D, 0x636D, 0x636D, 0x636D, 0x634D, 0x6BAE, 0x31C7, 0x0000, 0x0000,
	0x0000, 0x0000, 0x0000, 0x0000, 0x0000, 0x0000, 0x0000, 0x0000, 0x0000, 0x0000, 0x0000, 0x0000,
	0x0000, 0x0000, 0x0000, 0x0000, 0x0000, 0x0000, 0x0000, 0x0000, 0x0000, 0x0000, 0x0000, 0x0000,
	0x0000, 0x4249, 0x6B8E, 0x634D, 0x634D, 0x634D, 0x634D, 0x634D, 0x634D, 0x634D, 0x634D, 0x634D,
	0x634D, 0x634D, 0x634D, 0x634D, 0x634D, 0x634D, 0x634D, 0x634D, 0x634D, 0x636D, 0x5B0C, 0x31A6,
	0x2124, 0x2125, 0x2104, 0x18E3, 0x18C3, 0x18E3, 0x18E3, 0x18E3, 0x0041, 0x0000, 0x0000, 0x0000,
	0x0000, 0x0000, 0x0000, 0x4269, 0x6BAF, 0x636D, 0x634D, 0x636D, 0x636D, 0x634D, 0x634D, 0x634D,
	0x636D, 0x636D, 0x636D, 0x636D, 0x636D, 0x636D, 0x636D, 0x636D, 0x636D, 0x636D, 0x636D, 0x636D,
	0x636D, 0x636D, 0x636D, 0x636D, 0x636D, 0x634D, 0x636D, 0x636D, 0x636D, 0x636D, 0x636D, 0x636D,
	0x636D, 0x636D, 0x636D, 0x636D, 0x636D, 0x636D, 0x636D, 0x636D, 0x636D, 0x636D, 0x636D, 0x636D,
	0x636D, 0x636D, 0x636D, 0x5B2C, 0x634D, 0x636D, 0x636D, 0x636D, 0x636D, 0x636D, 0x636D, 0x636D,
	0x636D, 0x636D, 0x636D, 0x634D, 0x6BAE, 0x31A6, 0x0000, 0x0000, 0x0000, 0x0000, 0x0000, 0x0000,
	0x0000, 0x0000, 0x0000, 0x0000, 0x0000, 0x0000, 0x0000, 0x0000, 0x0000, 0x0000, 0x0000, 0x0000,
	0x0000, 0x0000, 0x0000, 0x0000, 0x0000, 0x0000, 0x0000, 0x0020, 0x4229, 0x636D, 0x5B2C, 0x634D,
	0x634D, 0x634D, 0x634D, 0x634D, 0x634D, 0x634D, 0x634D, 0x634D, 0x634D, 0x5B2D, 0x5B2D, 0x634D,
	0x634D, 0x634D, 0x634D, 0x5B2D, 0x634D, 0x5B0C, 0x31A6, 0x2104, 0x2124, 0x2124, 0x2104, 0x18E3,
	0x18C3, 0x18E3, 0x18E3, 0x18E3, 0x18E3, 0x0041, 0x0000, 0x0000, 0x0000, 0x18C3, 0x4A8A, 0x6B8E,
	0x632D, 0x634D, 0x634D, 0x636D, 0x636D, 0x634D, 0x634D, 0x634D, 0x634D, 0x636D, 0x634D, 0x636D,
	0x636D, 0x636D, 0x636D, 0x636D, 0x636D, 0x636D, 0x634D, 0x636D, 0x636D, 0x636D, 0x636D, 0x636D,
	0x636D, 0x636D, 0x636D, 0x636D, 0x636D, 0x636D, 0x636D, 0x636D, 0x636D, 0x636D, 0x636D, 0x636D,
	0x636D, 0x636D, 0x636D, 0x636D, 0x636D, 0x636D, 0x636D, 0x636D, 0x636D, 0x636D, 0x636D, 0x5B2C,
	0x634D, 0x636D, 0x634D, 0x636D, 0x636D, 0x636D, 0x636D, 0x636D, 0x636D, 0x636D, 0x636D, 0x634D,
	0x6BAE, 0x31A6, 0x0000, 0x0000, 0x0000, 0x0000, 0x0000, 0x0000, 0x0000, 0x0000, 0x0000, 0x0000,
	0x0000, 0x0000, 0x0000, 0x0000, 0x0000, 0x0000, 0x0000, 0x0000, 0x0000, 0x0000, 0x0841, 0x0841,
	0x39C7, 0x39C7, 0x31A6, 0x52EB, 0x634D, 0x5B2C, 0x5B2C, 0x634D, 0x634D, 0x634D, 0x634D, 0x634D,
	0x634D, 0x634D, 0x634D, 0x634D, 0x5B2C, 0x5B2C, 0x5B2C, 0x5B2C, 0x5B2C, 0x5B2C, 0x5B2C, 0x634D,
	0x52EB, 0x31A6, 0x2945, 0x2145, 0x2124, 0x2124, 0x2104, 0x18E3, 0x18C3, 0x18C3, 0x18E3, 0x18E3,
	0x18E3, 0x18E3, 0x0841, 0x0000, 0x1904, 0x634D, 0x638E, 0x634D, 0x634D, 0x634D, 0x634D, 0x636D,
	0x636D, 0x636D, 0x634D, 0x634D, 0x636D, 0x636D, 0x636D, 0x634D, 0x636D, 0x636D, 0x636D, 0x636D,
	0x636D, 0x636D, 0x634D, 0x636D, 0x636D, 0x636D, 0x634D, 0x636D, 0x636D, 0x636D, 0x636D, 0x636D,
	0x636D, 0x636D, 0x636D, 0x636D, 0x636D, 0x634D, 0x636D, 0x636D, 0x636D, 0x636D, 0x636D, 0x636D,
	0x636D, 0x636D, 0x636D, 0x636D, 0x636D, 0x636D, 0x636D, 0x5B2C, 0x634D, 0x636D, 0x636D, 0x636D,
	0x636D, 0x636D, 0x636D, 0x636D, 0x636D, 0x636D, 0x636D, 0x634D, 0x6BAE, 0x31A6, 0x0000, 0x0000,
	0x0000, 0x0000, 0x0000, 0x0000, 0x0000, 0x0000, 0x0000, 0x0000, 0x0000, 0x0000, 0x0000, 0x0000,
	0x0000, 0x0020, 0x0020, 0x2124, 0x4A49, 0x630C, 0x8430, 0x73CF, 0x7C10, 0x7BEF, 0x6B6D, 0x5B2C,
	0x5B2C, 0x5B2C, 0x5B2C, 0x5B2D, 0x634D, 0x634D, 0x634D, 0x634D, 0x634D, 0x634D, 0x634D, 0x5B2C,
	0x5B2C, 0x5B2D, 0x5B2C, 0x5B0C, 0x5B0C, 0x5B0C, 0x5B0C, 0x5B0C, 0x3A08, 0x2986, 0x2965, 0x2125,
	0x2124, 0x2124, 0x2104, 0x18E3, 0x10C3, 0x18C3, 0x18E3, 0x18E3, 0x18E3, 0x18E3, 0x10C3, 0x3A08,
	0x636D, 0x634D, 0x5B2D, 0x634D, 0x634D, 0x634D, 0x634D, 0x636D, 0x636D, 0x636D, 0x634D, 0x636D,
	0x636D, 0x634D, 0x636D, 0x636D, 0x636D, 0x636D, 0x636D, 0x634D, 0x634D, 0x634D, 0x636D, 0x636D,
	0x636D, 0x636D, 0x636D, 0x636D, 0x636D, 0x636D, 0x636D, 0x636D, 0x636D, 0x636D, 0x636D, 0x636D,
	0x636D, 0x636D, 0x636D, 0x636D, 0x636D, 0x636D, 0x636D, 0x636D, 0x636D, 0x634D, 0x636D, 0x636D,
	0x636D, 0x636D, 0x636D, 0x5B2C, 0x634D, 0x636D, 0x636D, 0x636D, 0x636D, 0x636D, 0x636D, 0x636D,
	0x636D, 0x636D, 0x636D, 0x634D, 0x6BAE, 0x31A6, 0x0000, 0x0000, 0x0000, 0x0000, 0x0000, 0x0000,
	0x0000, 0x0000, 0x0000, 0x0000, 0x0020, 0x0020, 0x2104, 0x4228, 0x4228, 0x7BCF, 0x7BEF, 0x8430,
	0x9492, 0x8C71, 0x8430, 0x8410, 0x73AE, 0x6B8E, 0x5B2C, 0x5B0C, 0x5B2C, 0x5B2C, 0x5B2C, 0x5B2C,
	0x5B2D, 0x634D, 0x634D, 0x634D, 0x634D, 0x634D, 0x634D, 0x5B2C, 0x5B2C, 0x5B0C, 0x5B2C, 0x5B0C,
	0x5B0C, 0x5B0C, 0x5AEB, 0x4AAA, 0x3A08, 0x2986, 0x2965, 0x2125, 0x2124, 0x2125, 0x1904, 0x18E3,
	0x10C3, 0x10C3, 0x18E3, 0x18E3, 0x18E3, 0x18E3, 0x18E3, 0x4AAA, 0x634D, 0x5B2C, 0x634D, 0x634D,
	0x634D, 0x634D, 0x634D, 0x634D, 0x634D, 0x634D, 0x634D, 0x634D, 0x636D, 0x634D, 0x636D, 0x636D,
	0x636D, 0x636D, 0x634D, 0x636D, 0x636D, 0x636D, 0x636D, 0x636D, 0x636D, 0x636D, 0x636D, 0x636D,
	0x636D, 0x636D, 0x636D, 0x636D, 0x636D, 0x636D, 0x636D, 0x636D, 0x636D, 0x636D, 0x636D, 0x636D,
	0x636D, 0x636D, 0x634D, 0x634D, 0x636D, 0x636D, 0x636D, 0x636D, 0x636D, 0x636D, 0x636D, 0x5B2C,
	0x634D, 0x636D, 0x636D, 0x634D, 0x636D, 0x636D, 0x636D, 0x636D, 0x636D, 0x636D, 0x636D, 0x634D,
	0x6BAE, 0x31A6, 0x0000, 0x0000, 0x0000, 0x0000, 0x0000, 0x0000, 0x0020, 0x2104, 0x4208, 0x39E7,
	0x738E, 0x7BCF, 0x8410, 0x8C71, 0x8C71, 0x8430, 0x8430, 0x8430, 0x8410, 0x8430, 0x8430, 0x7C10,
	0x7BCF, 0x73AE, 0x5B2C, 0x52EB, 0x5B0C, 0x5B2C, 0x5B2C, 0x5B2C, 0x5B2C, 0x5B2C, 0x5B2D, 0x5B2C,
	0x5B2C, 0x5B2C, 0x5B0C, 0x5B0C, 0x5B0C, 0x52EB, 0x5B0C, 0x5AEC, 0x5B0C, 0x52EB, 0x52CB, 0x4AAA,
	0x3A28, 0x29A6, 0x2965, 0x2124, 0x2104, 0x2145, 0x1904, 0x18E3, 0x10C3, 0x10C3, 0x18E3, 0x18E3,
	0x18E3, 0x18E3, 0x18E3, 0x4A8A, 0x634D, 0x5B2D, 0x634D, 0x634D, 0x634D, 0x636D, 0x636D, 0x634D,
	0x634D, 0x636D, 0x634D, 0x634D, 0x636D, 0x634D, 0x634D, 0x634D, 0x636D, 0x636D, 0x636D, 0x636D,
	0x634D, 0x636D, 0x634D, 0x634D, 0x636D, 0x634D, 0x636D, 0x636D, 0x634D, 0x634D, 0x634D, 0x634D,
	0x636D, 0x636D, 0x636D, 0x636D, 0x636D, 0x636D, 0x636D, 0x636D, 0x636D, 0x636D, 0x636D, 0x636D,
	0x636D, 0x636D, 0x636D, 0x636D, 0x636D, 0x636D, 0x636D, 0x5B2C, 0x634D, 0x636D, 0x636D, 0x636D,
	0x636D, 0x636D, 0x636D, 0x636D, 0x636D, 0x636D, 0x636D, 0x634D, 0x6BAE, 0x31A6, 0x0000, 0x0000,
	0x0000, 0x0000, 0x0000, 0x528A, 0x738E, 0x7BCF, 0x8C51, 0x8430, 0x7BEF, 0x8410, 0x7BEF, 0x7BEF,
	0x8410, 0x8410, 0x8430, 0x8430, 0x8430, 0x8430, 0x8430, 0x8410, 0x7BEF, 0x73AE, 0x5B2C, 0x52EB,
	0x5AEC, 0x5B0C, 0x5B2C, 0x5B2C, 0x5B2C, 0x5B2C, 0x5B2C, 0x5B0C, 0x5B0C, 0x5B0C, 0x5B0C, 0x5B0C,
	0x52CB, 0x52CB, 0x52CB, 0x52CB, 0x52EB, 0x52EB, 0x52CB, 0x52AA, 0x4249, 0x31A6, 0x2145, 0x2125,
	0x1904, 0x2145, 0x2104, 0x18C3, 0x18C3, 0x1082, 0x18E3, 0x18E3, 0x18E3, 0x18E3, 0x18E3, 0x4AAA,
	0x634D, 0x5B2C, 0x634D, 0x634D, 0x634D, 0x636D, 0x636D, 0x636D, 0x634D, 0x634D, 0x634D, 0x634D,
	0x634D, 0x634D, 0x634D, 0x634D, 0x634D, 0x634D, 0x634D, 0x634D, 0x634D, 0x636D, 0x634D, 0x634D,
	0x634D, 0x636D, 0x636D, 0x636D, 0x636D, 0x634D, 0x636D, 0x636D, 0x634D, 0x634D, 0x636D, 0x636D,
	0x636D, 0x636D, 0x636D, 0x636D, 0x636D, 0x636D, 0x636D, 0x636D, 0x636D, 0x634D, 0x636D, 0x634D,
	0x636D, 0x634D, 0x636D, 0x5B2C, 0x634D, 0x634D, 0x636D, 0x636D, 0x636D, 0x636D, 0x636D, 0x636D,
	0x636D, 0x636D, 0x636D, 0x634D, 0x6BAE, 0x31A7, 0x0000, 0x0000, 0x0000, 0x0000, 0x528A, 0x7BEF,
	0x73AE, 0x7BCF, 0x7BCF, 0x7BCF, 0x7BCF, 0x7BEF, 0x7BEF, 0x8410, 0x8430, 0x8430, 0x8430, 0x8430,
	0x8430, 0x8430, 0x8430, 0x8410, 0x7BEF, 0x73AE, 0x5B2C, 0x52EB, 0x52CB, 0x5AEC, 0x5B2C, 0x5B0C,
	0x5B0C, 0x5B2C, 0x5B0C, 0x5B0C, 0x52EB, 0x52CB, 0x52CB, 0x4AAA, 0x4A8A, 0x4A69, 0x4A8A, 0x52CB,
	0x52EB, 0x52EB, 0x52CB, 0x52AA, 0x4A8A, 0x31C7, 0x2145, 0x2145, 0x18E3, 0x2124, 0x10C3, 0x1082,
	0x1082, 0x0020, 0x0861, 0x18C3, 0x18E3, 0x10C3, 0x3A08, 0x5B2C, 0x5B2C, 0x5B2D, 0x634D, 0x634D,
	0x634D, 0x634D, 0x634D, 0x634D, 0x634D, 0x634D, 0x634D, 0x634D, 0x634D, 0x634D, 0x634D, 0x636D,
	0x634D, 0x634D, 0x634D, 0x634D, 0x634D, 0x634D, 0x634D, 0x634D, 0x634D, 0x634D, 0x634D, 0x634D,
	0x634D, 0x634D, 0x634D, 0x634D, 0x634D, 0x636D, 0x634D, 0x634D, 0x636D, 0x636D, 0x634D, 0x636D,
	0x634D, 0x634D, 0x636D, 0x634D, 0x636D, 0x636D, 0x636D, 0x634D, 0x634D, 0x634D, 0x636D, 0x5B2C,
	0x634D, 0x636D, 0x636D, 0x636D, 0x636D, 0x636D, 0x636D, 0x636D, 0x636D, 0x636D, 0x636D, 0x634D,
	0x6BAE, 0x2986, 0x0000, 0x0000, 0x0000, 0x528A, 0x7BEF, 0x738E, 0x73AE, 0x7BCF, 0x7BEF, 0x7BCF,
	0x7BCF, 0x7BEF, 0x7BEF, 0x8410, 0x8430, 0x8430, 0x8430, 0x8430, 0x8430, 0x8430, 0x8430, 0x8430,
	0x7BEF, 0x6BAE, 0x634D, 0x52EB, 0x52CB, 0x52EB, 0x52CB, 0x52AB, 0x52CB, 0x52CB, 0x4AAA, 0x52AA,
	0x4AAA, 0x4A8A, 0x4A69, 0x4A8A, 0x52AB, 0x52AA, 0x52CB, 0x52EB, 0x52EB, 0x52EB, 0x52CB, 0x52CB,
	0x4A8A, 0x31A6, 0x18C3, 0x10C3, 0x10A2, 0x0861, 0x0841, 0x0041, 0x0000, 0x0000, 0x0020, 0x0861,
	0x10C3, 0x3A28, 0x5B4D, 0x5B2C, 0x5B2C, 0x5B2D, 0x634D, 0x634D, 0x634D, 0x634D, 0x634D, 0x634D,
	0x634D, 0x634D, 0x634D, 0x634D, 0x634D, 0x634D, 0x634D, 0x634D, 0x634D, 0x634D, 0x634D, 0x634D,
	0x634D, 0x634D, 0x634D, 0x634D, 0x634D, 0x634D, 0x634D, 0x634D, 0x634D, 0x634D, 0x634D, 0x634D,
	0x634D, 0x634D, 0x634D, 0x634D, 0x634D, 0x636D, 0x636D, 0x634D, 0x634D, 0x634D, 0x636D, 0x634D,
	0x634D, 0x636D, 0x634D, 0x634D, 0x634D, 0x634D, 0x636D, 0x5B2C, 0x634D, 0x636D, 0x636D, 0x636D,
	0x636D, 0x636D, 0x636D, 0x636D, 0x636D, 0x636D, 0x636D, 0x634D, 0x6B8E, 0x4A8A, 0x0000, 0x0000,
	0x52AA, 0x7BCF, 0x738E, 0x738E, 0x73AE, 0x7BCF, 0x7BEF, 0x7BCF, 0x7BCF, 0x7BEF, 0x7BEF, 0x8410,
	0x8430, 0x8430, 0x8430, 0x8430, 0x8430, 0x8430, 0x8430, 0x8430, 0x8410, 0x6B8E, 0x634D, 0x5B0C,
	0x52AA, 0x4AAA, 0x52CB, 0x52EB, 0x52EB, 0x52EB, 0x52CB, 0x5B0C, 0x5B0C, 0x5B0C, 0x5B0C, 0x5B2C,
	0x5B2C, 0x5B2C, 0x5B2C, 0x5B0C, 0x5B0C, 0x5B0C, 0x52EB, 0x52CB, 0x4AAA, 0x2986, 0x0882, 0x0841,
	0x0841, 0x0041, 0x0020, 0x0000, 0x0000, 0x0000, 0x0000, 0x0841, 0x3A28, 0x5B2C, 0x5B0C, 0x5B2C,
	0x5B2C, 0x5B2C, 0x634D, 0x634D, 0x634D, 0x634D, 0x634D, 0x634D, 0x634D, 0x634D, 0x634D, 0x5B2D,
	0x634D, 0x634D, 0x634D, 0x634D, 0x634D, 0x634D, 0x634D, 0x634D, 0x634D, 0x634D, 0x634D, 0x634D,
	0x634D, 0x634D, 0x634D, 0x634D, 0x634D, 0x634D, 0x634D, 0x634D, 0x634D, 0x634D, 0x634D, 0x634D,
	0x634D, 0x634D, 0x634D, 0x634D, 0x634D, 0x634D, 0x634D, 0x634D, 0x634D, 0x634D, 0x634D, 0x634D,
	0x636D, 0x634D, 0x636D, 0x5B2C, 0x5B2D, 0x634D, 0x634D, 0x634D, 0x634D, 0x634D, 0x634D, 0x634D,
	0x634D, 0x634D, 0x634D, 0x634D, 0x634D, 0x632D, 0x39C7, 0x0000, 0x73AE, 0x6B6D, 0x738E, 0x738E,
	0x73AE, 0x7BCF, 0x7BEF, 0x7BCF, 0x7BCF, 0x7BEF, 0x7BEF, 0x8410, 0x8430, 0x8430, 0x8430, 0x8430,
	0x8430, 0x8430, 0x8430, 0x8430, 0x8430, 0x6B8E, 0x5B2D, 0x634D, 0x5B2C, 0x5B2C, 0x634D, 0x634D,
	0x634D, 0x634D, 0x634D, 0x634D, 0x5B2D, 0x634D, 0x634D, 0x5B2C, 0x5B2D, 0x5B2C, 0x5B2C, 0x5B2C,
	0x5B2C, 0x5B0C, 0x52EB, 0x52AA, 0x52CA, 0x2966, 0x0841, 0x0841, 0x0861, 0x0020, 0x0862, 0x0861,
	0x0020, 0x0000, 0x0841, 0x3A28, 0x5B0C, 0x52CB, 0x5B0C, 0x5B2C, 0x5B2D, 0x5B2C, 0x5B2C, 0x634D,
	0x5B2C, 0x634D, 0x5B2D, 0x5B2D, 0x634D, 0x634D, 0x5B2C, 0x634D, 0x632D, 0x5B2D, 0x634D, 0x634D,
	0x634D, 0x634D, 0x634D, 0x634D, 0x634D, 0x634D, 0x634D, 0x634D, 0x634D, 0x634D, 0x634D, 0x636D,
	0x634D, 0x634D, 0x634D, 0x634D, 0x634D, 0x634D, 0x634D, 0x634D, 0x634D, 0x634D, 0x634D, 0x634D,
	0x634D, 0x634D, 0x634D, 0x634D, 0x634D, 0x634D, 0x636D, 0x634D, 0x634D, 0x634D, 0x636D, 0x5B0C,
	0x634D, 0x634D, 0x634D, 0x636D, 0x634D, 0x634D, 0x634D, 0x634D, 0x634D, 0x634D, 0x634D, 0x634D,
	0x5AEC, 0x4A6A, 0x52AB, 0x39E8, 0x738E, 0x738E, 0x738E, 0x738E, 0x73AE, 0x7BCF, 0x7BEF, 0x7BCF,
	0x7BCF, 0x7BEF, 0x7BEF, 0x8410, 0x8430, 0x8410, 0x8430, 0x8430, 0x8430, 0x8430, 0x8430, 0x8430,
	0x8C51, 0x6B6E, 0x5B2D, 0x634D, 0x634D, 0x634D, 0x634D, 0x634D, 0x634D, 0x634D, 0x634D, 0x634D,
	0x634D, 0x634D, 0x634D, 0x634D, 0x634D, 0x5B2D, 0x634D, 0x5B2C, 0x5B2C, 0x5B0C, 0x5B0C, 0x52CB,
	0x4AAA, 0x2966, 0x0000, 0x0841, 0x0020, 0x0020, 0x0841, 0x0861, 0x0020, 0x0861, 0x4249, 0x5B0C,
	0x52EB, 0x52CB, 0x52CB, 0x5B0C, 0x5B0C, 0x5B0C, 0x5B0C, 0x5B0C, 0x5B0C, 0x5B0C, 0x5B0C, 0x5B0C,
	0x5B0C, 0x5B0C, 0x5B0C, 0x5B2C, 0x5B2C, 0x5B2C, 0x5B0C, 0x5B2C, 0x5B2C, 0x5B0C, 0x5B0C, 0x5B2C,
	0x5B2C, 0x5B2C, 0x5B0C, 0x5B2C, 0x5B2C, 0x5B2C, 0x5B2C, 0x5B2C, 0x5B2C, 0x5B2C, 0x5B2C, 0x5B2C,
	0x5B2C, 0x5B2C, 0x5B2C, 0x5B2C, 0x5B2C, 0x5B2C, 0x634D, 0x5B2C, 0x5B2D, 0x5B2D, 0x5B2C, 0x5B2C,
	0x5B2D, 0x5B2D, 0x634D, 0x634D, 0x5B2D, 0x5B2C, 0x634D, 0x5B0C, 0x5B2C, 0x634D, 0x634D, 0x634D,
	0x5B2D, 0x634D, 0x5B2C, 0x5B2C, 0x5B2D, 0x5B2D, 0x634D, 0x5AEC, 0x528B, 0x528B, 0x528A, 0x52AB,
	0x738E, 0x738E, 0x738E, 0x738E, 0x738E, 0x7BCF, 0x7BEF, 0x7BCF, 0x7BCF, 0x7BEF, 0x7BEF, 0x8410,
	0x8410, 0x8430, 0x8430, 0x8430, 0x8430, 0x8C51, 0x8C51, 0x8C51, 0x8C71, 0x738E, 0x5B2D, 0x636D,
	0x636D, 0x636D, 0x634D, 0x636D, 0x634D, 0x634D, 0x636D, 0x634D, 0x634D, 0x634D, 0x634D, 0x634D,
	0x634D, 0x634D, 0x634D, 0x5B2D, 0x5B2C, 0x5B0C, 0x5B0C, 0x52CB, 0x52CB, 0x2145, 0x0000, 0x0882,
	0x0882, 0x0020, 0x0000, 0x0841, 0x2124, 0x4249, 0x4AAA, 0x4AAB, 0x52EB, 0x52EB, 0x52CB, 0x52CB,
	0x52CB, 0x52CB, 0x52CB, 0x52CB, 0x52CB, 0x52CB, 0x52CB, 0x52CB, 0x52EB, 0x52CB, 0x52CB, 0x52CB,
	0x52CB, 0x52EB, 0x52EB, 0x52EB, 0x52CB, 0x52EB, 0x52EB, 0x52EB, 0x52EB, 0x52CB, 0x52EB, 0x52EB,
	0x52EB, 0x52EB, 0x52EB, 0x52EB, 0x52EB, 0x52EB, 0x52EB, 0x52EB, 0x52EB, 0x52EB, 0x52EB, 0x52EB,
	0x52EB, 0x5B0C, 0x5B0C, 0x52EB, 0x5B0C, 0x52EC, 0x5B0C, 0x5B0C, 0x5B0C, 0x5B0C, 0x5B0C, 0x52EC,
	0x5B0C, 0x5B0C, 0x5B0C, 0x5B0C, 0x5B0C, 0x5B0C, 0x5B0C, 0x5B0C, 0x5B0C, 0x5B0C, 0x5B0C, 0x5B2C,
	0x5B2C, 0x5B2C, 0x5AEC, 0x52AB, 0x528B, 0x528B, 0x528B, 0x528A, 0x738E, 0x738E, 0x738E, 0x738E,
	0x738E, 0x7BCF, 0x7BEF, 0x7BCF, 0x7BCF, 0x7BEF, 0x8410, 0x8410, 0x8410, 0x8430, 0x8C51, 0x8430,
	0x8C51, 0x8C51, 0x8C51, 0x8C51, 0x8C51, 0x6B8E, 0x5B4D, 0x636D, 0x636D, 0x636D, 0x636D, 0x636D,
	0x636D, 0x636D, 0x636D, 0x636D, 0x634D, 0x634D, 0x634D, 0x634D, 0x634D, 0x634D, 0x634D, 0x634D,
	0x5B2D, 0x5B2C, 0x5B0C, 0x52CB, 0x52EB, 0x2965, 0x0000, 0x0041, 0x0041, 0x10A3, 0x2145, 0x4A8A,
	0x52EB, 0x4A69, 0x4A69, 0x4A8A, 0x52CB, 0x52CB, 0x52EB, 0x52EB, 0x52CB, 0x52EB, 0x52EB, 0x52EB,
	0x52EB, 0x52EB, 0x52EB, 0x52EB, 0x52EB, 0x52EB, 0x52EB, 0x52EB, 0x52EB, 0x52EB, 0x52EB, 0x52CB,
	0x52EB, 0x5AEC, 0x52EB, 0x52EB, 0x5AEC, 0x52CB, 0x52CB, 0x52EB, 0x5B0C, 0x52EC, 0x52EB, 0x52EB,
	0x52EB, 0x5AEC, 0x52EB, 0x52EB, 0x52EB, 0x5B0C, 0x52EB, 0x52EB, 0x52EB, 0x5B0C, 0x52EB, 0x5B0C,
	0x5B0C, 0x5B0C, 0x5B0C, 0x5B0C, 0x5B0C, 0x5B0C, 0x5B0C, 0x5B2C, 0x5B0C, 0x5B0C, 0x5B2C, 0x5B2C,
	0x5B2C, 0x5B0C, 0x5B2C, 0x5B2C, 0x5B2C, 0x634D, 0x5B2C, 0x5B2C, 0x5B2C, 0x5B2C, 0x52CB, 0x52AB,
	0x528B, 0x528B, 0x528B, 0x528B, 0x738E, 0x738E, 0x738E, 0x738E, 0x738E, 0x7BCF, 0x7BCF, 0x7BCF,
	0x8410, 0x8410, 0x8410, 0x8430, 0x8430, 0x8430, 0x8C51, 0x8430, 0x8C51, 0x8C51, 0x8C51, 0x8C51,
	0x8C51, 0x6B8E, 0x634D, 0x636D, 0x636D, 0x636D, 0x636D, 0x636D, 0x636D, 0x636D, 0x636D, 0x636D,
	0x636D, 0x636D, 0x634D, 0x634D, 0x636D, 0x634D, 0x634D, 0x634D, 0x5B2C, 0x5B2C, 0x5B0C, 0x52CB,
	0x4AAA, 0x3A08, 0x0861, 0x0861, 0x39E8, 0x5B0C, 0x636D, 0x636D, 0x52EB, 0x4249, 0x4A69, 0x4A8A,
	0x4A8A, 0x4A8A, 0x4A8A, 0x4A8A, 0x4A8A, 0x4A8A, 0x4A8A, 0x4A8A, 0x4A8A, 0x4A8A, 0x4A8A, 0x4A8A,
	0x4A8A, 0x4A8A, 0x4A8A, 0x4A69, 0x4A8A, 0x4A8A, 0x4A8A, 0x4A8A, 0x4AAA, 0x4A8A, 0x4A8A, 0x4A8A,
	0x4A69, 0x4A69, 0x4A69, 0x4269, 0x4269, 0x4249, 0x4269, 0x4AAA, 0x52CB, 0x52CB, 0x52CB, 0x52CB,
	0x52CB, 0x52CB, 0x52CB, 0x52CB, 0x52CB, 0x52CB, 0x52CB, 0x52EB, 0x52EB, 0x52CB, 0x52EB, 0x52EB,
	0x52EB, 0x52EB, 0x5B0C, 0x5B2C, 0x52EB, 0x52CB, 0x4AAA, 0x52CB, 0x52EB, 0x52CB, 0x52EB, 0x52EB,
	0x52EB, 0x52EB, 0x5AEC, 0x5B2C, 0x5B2D, 0x5B0C, 0x52CB, 0x528B, 0x528B, 0x528B, 0x528B, 0x528B,
	0x738E, 0x738E, 0x738E, 0x738E, 0x738E, 0x7BCF, 0x7BCF, 0x7BCF, 0x7BEF, 0x8410, 0x8410, 0x8430,
	0x8430, 0x8430, 0x8C51, 0x8C51, 0x8C51, 0x8C51, 0x8C51, 0x8C51, 0x8430, 0x73AE, 0x636D, 0x636D,
	0x636D, 0x636D, 0x636D, 0x636D, 0x636D, 0x636D, 0x636D, 0x636D, 0x636D, 0x636D, 0x634D, 0x634D,
	0x636D, 0x634D, 0x634D, 0x634D, 0x5B2C, 0x5B2C, 0x5B0C, 0x52CB, 0x4AAA, 0x4AAA, 0x4A8A, 0x5B0C,
	0x636D, 0x634D, 0x5B2D, 0x5B2C, 0x5B2C, 0x52AA, 0x4A69, 0x4269, 0x4A69, 0x4A8A, 0x4A8A, 0x4A8A,
	0x4A8A, 0x4A8A, 0x4A8A, 0x4A8A, 0x4A8A, 0x4A8A, 0x4A8A, 0x4A69, 0x4A69, 0x4A8A, 0x4AAA, 0x4AAA,
	0x52CB, 0x52EB, 0x52EB, 0x52EB, 0x5B0C, 0x5AEC, 0x52EB, 0x52EB, 0x52EB, 0x52EB, 0x52EB, 0x52EB,
	0x52EB, 0x52EB, 0x52CB, 0x5B0C, 0x5B2C, 0x5B2C, 0x5B2C, 0x5B2C, 0x5B2C, 0x5B2C, 0x5B2C, 0x5B2C,
	0x5B2C, 0x5B2C, 0x5B2C, 0x5B2C, 0x5B2C, 0x5B2C, 0x5B2C, 0x5B2C, 0x5B2C, 0x5B2C, 0x5B2C, 0x5B2C,
	0x5B0C, 0x5B0C, 0x52EB, 0x52EB, 0x5B0C, 0x5AEC, 0x5B0C, 0x5B0C, 0x5B0C, 0x5B0C, 0x5B2C, 0x634D,
	0x634D, 0x5B0C, 0x52AB, 0x528B, 0x528B, 0x528B, 0x528B, 0x528B, 0x738E, 0x738E, 0x738E, 0x738E,
	0x738E, 0x73AE, 0x7BCF, 0x7BCF, 0x7BEF, 0x8410, 0x8410, 0x8430, 0x8430, 0x8430, 0x8C51, 0x8C51,
	0x8C51, 0x8C51, 0x8C51, 0x8C51, 0x8430, 0x73AF, 0x636D, 0x636D, 0x636D, 0x636D, 0x636D, 0x636D,
	0x636D, 0x636D, 0x636D, 0x636D, 0x636D, 0x636D, 0x634D, 0x634D, 0x636D, 0x634D, 0x634D, 0x634D,
	0x5B2C, 0x5B2C, 0x5B0C, 0x52EB, 0x5B0C, 0x5B2C, 0x634D, 0x634D, 0x5B2D, 0x634D, 0x634D, 0x5B2C,
	0x634D, 0x634D, 0x5B0C, 0x5B0C, 0x5B0C, 0x5B2C, 0x5B2D, 0x5B2C, 0x5B2C, 0x5B2D, 0x634D, 0x634D,
	0x5B2C, 0x634D, 0x634D, 0x634D, 0x5B2D, 0x634D, 0x634D, 0x634D, 0x634D, 0x634D, 0x634D, 0x634D,
	0x634D, 0x636D, 0x636D, 0x634D, 0x634D, 0x634D, 0x634D, 0x636D, 0x636D, 0x636D, 0x634D, 0x634D,
	0x634D, 0x634D, 0x634D, 0x634D, 0x634D, 0x634D, 0x634D, 0x634D, 0x634D, 0x634D, 0x634D, 0x634D,
	0x634D, 0x634D, 0x632D, 0x634D, 0x634D, 0x634D, 0x5B2C, 0x634D, 0x632D, 0x634D, 0x632D, 0x5B2C,
	0x634D, 0x634D, 0x634D, 0x634D, 0x634D, 0x634D, 0x636D, 0x634D, 0x634D, 0x5B2C, 0x52AB, 0x528B,
	0x528B, 0x528B, 0x528B, 0x528A, 0x738E, 0x6B6D, 0x738E, 0x738E, 0x738E, 0x7BCF, 0x7BCF, 0x7BCF,
	0x7BEF, 0x8410, 0x8410, 0x8430, 0x8430, 0x8430, 0x8C51, 0x8C51, 0x8C51, 0x8C51, 0x8C51, 0x8C51,
	0x8430, 0x73CF, 0x6B6E, 0x636D, 0x636D, 0x636D, 0x636D, 0x636D, 0x636D, 0x636D, 0x636D, 0x636D,
	0x636D, 0x636D, 0x634D, 0x634D, 0x636D, 0x634D, 0x634D, 0x634D, 0x5B2C, 0x5B2C, 0x5B2C, 0x632D,
	0x634D, 0x5B2C, 0x5B2C, 0x5B2C, 0x634D, 0x634D, 0x634D, 0x5B2C, 0x5B2D, 0x634D, 0x634D, 0x634D,
	0x634D, 0x634D, 0x634D, 0x634D, 0x634D, 0x634D, 0x634D, 0x634D, 0x634D, 0x634D, 0x634D, 0x634D,
	0x634D, 0x634D, 0x634D, 0x634D, 0x634D, 0x634D, 0x634D, 0x634D, 0x634D, 0x634D, 0x634D, 0x634D,
	0x634D, 0x634D, 0x634D, 0x634D, 0x634D, 0x634D, 0x634D, 0x634D, 0x634D, 0x634D, 0x634D, 0x634D,
	0x634D, 0x634D, 0x634D, 0x634D, 0x634D, 0x634D, 0x634D, 0x634D, 0x634D, 0x634D, 0x634D, 0x634D,
	0x634D, 0x634D, 0x634D, 0x634D, 0x634D, 0x634D, 0x634D, 0x634D, 0x634D, 0x634D, 0x634D, 0x634D,
	0x634D, 0x634D, 0x634D, 0x634D, 0x634D, 0x634D, 0x52AB, 0x528B, 0x528B, 0x528B, 0x528A, 0x528A,
	0x738E, 0x738E, 0x738E, 0x738E, 0x738E, 0x7BCF, 0x7BCF, 0x7BCF, 0x7BEF, 0x8410, 0x8410, 0x8430,
	0x8430, 0x8430, 0x8C51, 0x8C51, 0x8C51, 0x8C51, 0x8C51, 0x8C51, 0x8410, 0x73CF, 0x6B8E, 0x636D,
	0x636D, 0x636D, 0x636D, 0x636D, 0x636D, 0x636D, 0x636D, 0x636D, 0x636D, 0x636D, 0x634D, 0x634D,
	0x636D, 0x634D, 0x634D, 0x634D, 0x5B2C, 0x5B2D, 0x634D, 0x634D, 0x634D, 0x634D, 0x634D, 0x634D,
	0x634D, 0x634D, 0x634D, 0x634D, 0x634D, 0x634D, 0x634D, 0x634D, 0x634D, 0x634D, 0x634D, 0x634D,
	0x634D, 0x634D, 0x634D, 0x634D, 0x634D, 0x634D, 0x634D, 0x634D, 0x634D, 0x634D, 0x634D, 0x634D,
	0x634D, 0x634D, 0x634D, 0x634D, 0x634D, 0x634D, 0x634D, 0x636D, 0x634D, 0x636D, 0x634D, 0x634D,
	0x634D, 0x634D, 0x636D, 0x634D, 0x634D, 0x634D, 0x634D, 0x634D, 0x634D, 0x634D, 0x634D, 0x634D,
	0x634D, 0x634D, 0x634D, 0x636D, 0x634D, 0x634D, 0x634D, 0x634D, 0x634D, 0x634D, 0x636D, 0x634D,
	0x634D, 0x636D, 0x636D, 0x634D, 0x634D, 0x636D, 0x636D, 0x636D, 0x636D, 0x636D, 0x636D, 0x636D,
	0x636D, 0x634D, 0x52AB, 0x528B, 0x52AB, 0x528B, 0x52AB, 0x52AB, 0x2104, 0x738E, 0x738E, 0x738E,
	0x738E, 0x7BCF, 0x7BCF, 0x7BCF, 0x7BEF, 0x8410, 0x8410, 0x8430, 0x8430, 0x8430, 0x8C51, 0x8C51,
	0x8C51, 0x8C51, 0x8C51, 0x8C51, 0x8410, 0x73CF, 0x6B8E, 0x636D, 0x636D, 0x636D, 0x636D, 0x636D,
	0x636D, 0x636D, 0x636D, 0x636D, 0x636D, 0x636D, 0x634D, 0x634D, 0x636D, 0x634D, 0x634D, 0x634D,
	0x634D, 0x634D, 0x634D, 0x634D, 0x634D, 0x634D, 0x634D, 0x634D, 0x634D, 0x634D, 0x634D, 0x634D,
	0x634D, 0x634D, 0x634D, 0x634D, 0x634D, 0x634D, 0x634D, 0x634D, 0x634D, 0x634D, 0x634D, 0x634D,
	0x634D, 0x634D, 0x634D, 0x634D, 0x634D, 0x634D, 0x636D, 0x634D, 0x636D, 0x634D, 0x634D, 0x634D,
	0x634D, 0x636D, 0x636D, 0x636D, 0x636D, 0x634D, 0x636D, 0x634D, 0x634D, 0x634D, 0x634D, 0x634D,
	0x634D, 0x636D, 0x634D, 0x636D, 0x634D, 0x634D, 0x634D, 0x634D, 0x634D, 0x634D, 0x634D, 0x634D,
	0x636D, 0x634D, 0x636D, 0x636D, 0x634D, 0x634D, 0x634D, 0x636D, 0x636D, 0x636D, 0x636D, 0x636D,
	0x636D, 0x636D, 0x636D, 0x636D, 0x636D, 0x636D, 0x636D, 0x636D, 0x636D, 0x634D, 0x52AB, 0x528B,
	0x528B, 0x52AB, 0x528B, 0x528B, 0x0000, 0x2104, 0x73AE, 0x738E, 0x738E, 0x73AE, 0x7BCF, 0x7BCF,
	0x7BEF, 0x7BEF, 0x8410, 0x8410, 0x8410, 0x8410, 0x8430, 0x8430, 0x8430, 0x8430, 0x8430, 0x8430,
	0x8410, 0x73CF, 0x6B8E, 0x636D, 0x636D, 0x636D, 0x634D, 0x634D, 0x636D, 0x636D, 0x634D, 0x636D,
	0x634D, 0x634D, 0x634D, 0x634D, 0x634D, 0x634D, 0x634D, 0x634D, 0x636D, 0x636D, 0x636D, 0x636D,
	0x636D, 0x636D, 0x636D, 0x636D, 0x634D, 0x634D, 0x634D, 0x636D, 0x634D, 0x634D, 0x634D, 0x636D,
	0x636D, 0x636D, 0x634D, 0x634D, 0x636D, 0x634D, 0x636D, 0x636D, 0x636D, 0x636D, 0x634D, 0x636D,
	0x634D, 0x636D, 0x636D, 0x636D, 0x634D, 0x636D, 0x636D, 0x636D, 0x634D, 0x636D, 0x636D, 0x636D,
	0x636D, 0x636D, 0x636D, 0x636D, 0x636D, 0x636D, 0x636D, 0x636D, 0x636D, 0x636D, 0x636D, 0x634D,
	0x636D, 0x636D, 0x636D, 0x636D, 0x636D, 0x636D, 0x636D, 0x636D, 0x636D, 0x636D, 0x636D, 0x636D,
	0x636D, 0x636D, 0x636D, 0x636D, 0x636D, 0x636D, 0x636D, 0x636D, 0x636D, 0x636D, 0x636D, 0x636D,
	0x636D, 0x636D, 0x636D, 0x636D, 0x636D, 0x634D, 0x52AB, 0x528B, 0x528B, 0x528B, 0x528A, 0x528A,
	0x0000, 0x0000, 0x2104, 0x73AE, 0x7BEF, 0x8410, 0x8430, 0x8430, 0x8C51, 0x8C71, 0x8C71, 0x8C71,
	0x8C71, 0x9492, 0x9492, 0x9492, 0x9492, 0x94B2, 0x94B2, 0x94B2, 0x8C71, 0x8430, 0x73CF, 0x73AF,
	0x6BAF, 0x6BAF, 0x6BAE, 0x6BAE, 0x6BAF, 0x6BAF, 0x6BAE, 0x6BAF, 0x6BAE, 0x6BAE, 0x6BAE, 0x6BAE,
	0x6BAE, 0x638E, 0x634D, 0x636D, 0x636D, 0x636D, 0x636D, 0x636D, 0x636D, 0x636D, 0x636D, 0x636D,
	0x636D, 0x636D, 0x636D, 0x636D, 0x636D, 0x636D, 0x636D, 0x636D, 0x636D, 0x636D, 0x636D, 0x636D,
	0x636D, 0x636D, 0x636D, 0x636D, 0x636D, 0x636D, 0x636D, 0x636D, 0x636D, 0x636D, 0x636D, 0x636D,
	0x636D, 0x636D, 0x636D, 0x636D, 0x636D, 0x636D, 0x636D, 0x636D, 0x636D, 0x636D, 0x636D, 0x636D,
	0x636D, 0x636D, 0x636D, 0x636D, 0x636D, 0x636D, 0x636D, 0x636D, 0x636D, 0x636D, 0x636D, 0x636D,
	0x636D, 0x636D, 0x636D, 0x636D, 0x636D, 0x636D, 0x636D, 0x636D, 0x636D, 0x636D, 0x636D, 0x636D,
	0x636D, 0x636D, 0x636D, 0x636D, 0x636D, 0x636D, 0x636D, 0x636D, 0x636D, 0x636D, 0x636D, 0x636D,
	0x636D, 0x634D, 0x52AB, 0x528B, 0x528A, 0x4A8A, 0x528A, 0x528A, 0x0000, 0x0000, 0x0000, 0x18E3,
	0x39E7, 0x39C7, 0x39E7, 0x39E7, 0x39E7, 0x4208, 0x4208, 0x4208, 0x4208, 0x4208, 0x4228, 0x4228,
	0x4228, 0x4228, 0x4228, 0x4228, 0x4208, 0x39E7, 0x31C7, 0x31A6, 0x31A6, 0x31A6, 0x31A6, 0x31A6,
	0x31A6, 0x31A6, 0x31A6, 0x31A6, 0x31A6, 0x31A6, 0x31A6, 0x31A6, 0x31A6, 0x4A8A, 0x6B8E, 0x636D,
	0x636D, 0x636D, 0x636D, 0x636D, 0x636D, 0x636D, 0x636D, 0x636D, 0x636D, 0x636D, 0x636D, 0x636D,
	0x636D, 0x636D, 0x636D, 0x636D, 0x636D, 0x636D, 0x636D, 0x636D, 0x636D, 0x636D, 0x636D, 0x636D,
	0x636D, 0x636D, 0x636D, 0x636D, 0x636D, 0x636D, 0x636D, 0x636D, 0x636D, 0x636D, 0x636D, 0x636D,
	0x636D, 0x636D, 0x636D, 0x636D, 0x636D, 0x636D, 0x636D, 0x636D, 0x636D, 0x636D, 0x636D, 0x636D,
	0x636D, 0x636D, 0x636D, 0x636D, 0x636D, 0x636D, 0x636D, 0x636D, 0x636D, 0x636D, 0x636D, 0x636D,
	0x636D, 0x636D, 0x636D, 0x636D, 0x636D, 0x636D, 0x636D, 0x636D, 0x636D, 0x636D, 0x636D, 0x636D,
	0x636D, 0x634D, 0x634D, 0x634D, 0x634D, 0x634D, 0x634D, 0x634D, 0x634D, 0x5B2D, 0x528B, 0x4A6A,
	0x528A, 0x4A8A, 0x528B, 0x528A, 0x0000, 0x0000, 0x0000, 0x0000, 0x0000, 0x0000, 0x0000, 0x0000,
	0x0000, 0x0000, 0x0000, 0x0000, 0x0000, 0x0000, 0x0000, 0x0000, 0x0000, 0x0000, 0x0000, 0x0000,
	0x0000, 0x0000, 0x0000, 0x0000, 0x0000, 0x0000, 0x0000, 0x0000, 0x0000, 0x0000, 0x0000, 0x0000,
	0x0000, 0x0000, 0x0000, 0x0000, 0x0000, 0x3186, 0x6BAF, 0x636D, 0x636D, 0x636D, 0x636D, 0x636D,
	0x636D, 0x636D, 0x636D, 0x636D, 0x636D, 0x636D, 0x636D, 0x636D, 0x636D, 0x636D, 0x636D, 0x636D,
	0x636D, 0x636D, 0x636D, 0x636D, 0x636D, 0x636D, 0x636D, 0x636D, 0x636D, 0x636D, 0x636D, 0x636D,
	0x636D, 0x636D, 0x636D, 0x636D, 0x636D, 0x636D, 0x636D, 0x636D, 0x636D, 0x636D, 0x636D, 0x636D,
	0x636D, 0x636D, 0x636D, 0x636D, 0x636D, 0x636D, 0x636D, 0x636D, 0x636D, 0x636D, 0x636D, 0x636D,
	0x636D, 0x636D, 0x636D, 0x636D, 0x636D, 0x636D, 0x636D, 0x636D, 0x636D, 0x636E, 0x636D, 0x636D,
	0x636D, 0x636D, 0x634D, 0x634D, 0x634D, 0x634D, 0x634D, 0x634D, 0x634D, 0x634D, 0x634D, 0x634D,
	0x634D, 0x5B2D, 0x634D, 0x634D, 0x634D, 0x634D, 0x528B, 0x528A, 0x4A8A, 0x528A, 0x4A8A, 0x4A8A,
	0x0000, 0x0000, 0x0000, 0x0000, 0x0000, 0x0000, 0x0000, 0x0000, 0x0000, 0x0000, 0x0000, 0x0000,
	0x0000, 0x0000, 0x0000, 0x0000, 0x0000, 0x0000, 0x0000, 0x0000, 0x0000, 0x0000, 0x0000, 0x0000,
	0x0000, 0x0000, 0x0000, 0x0000, 0x0000, 0x0000, 0x0000, 0x0000, 0x0000, 0x0000, 0x0000, 0x0020,
	0x0000, 0x31A6, 0x73CF, 0x636D, 0x636D, 0x636D, 0x636D, 0x636D, 0x636D, 0x636D, 0x636D, 0x636D,
	0x636D, 0x636D, 0x636D, 0x636D, 0x636D, 0x636D, 0x636D, 0x636D, 0x636D, 0x636D, 0x636D, 0x636D,
	0x634D, 0x636D, 0x636D, 0x636D, 0x636D, 0x636D, 0x636D, 0x636D, 0x636D, 0x636D, 0x636D, 0x636D,
	0x634D, 0x636D, 0x636D, 0x636D, 0x636D, 0x636D, 0x636D, 0x636D, 0x636D, 0x636D, 0x636D, 0x636D,
	0x636D, 0x636D, 0x636D, 0x636D, 0x636D, 0x636D, 0x636D, 0x636D, 0x636D, 0x636D, 0x636D, 0x636D,
	0x636D, 0x636D, 0x636D, 0x636D, 0x634D, 0x634D, 0x634D, 0x634D, 0x634D, 0x634D, 0x634D, 0x634D,
	0x5B2C, 0x5B2D, 0x5B2D, 0x5B2C, 0x5B2C, 0x5B2C, 0x634D, 0x5B2C, 0x5B2C, 0x5B2C, 0x5B2C, 0x5B2C,
	0x5B2C, 0x5B2C, 0x4A8A, 0x4A6A, 0x4A6A, 0x4A6A, 0x4A6A, 0x4A6A, 0x0000, 0x0000, 0x0000, 0x0000,
	0x0000, 0x0000, 0x0000, 0x0000, 0x0000, 0x0000, 0x0000, 0x0000, 0x0000, 0x0000, 0x0000, 0x0000,
	0x0000, 0x0000, 0x0000, 0x0000, 0x0000, 0x0000, 0x0000, 0x0000, 0x0000, 0x0000, 0x0000, 0x0000,
	0x0000, 0x0000, 0x0000, 0x0000, 0x0000, 0x0000, 0x0000, 0x0000, 0x0000, 0x0020, 0x4A8A, 0x6B8E,
	0x636D, 0x636D, 0x636D, 0x636D, 0x636D, 0x636D, 0x636D, 0x636D, 0x636D, 0x636D, 0x636D, 0x636D,
	0x636D, 0x636D, 0x636D, 0x636D, 0x636D, 0x636D, 0x636D, 0x636D, 0x634D, 0x636D, 0x636D, 0x636D,
	0x636D, 0x636D, 0x636D, 0x636D, 0x636D, 0x636D, 0x636D, 0x636D, 0x636D, 0x636D, 0x636D, 0x636D,
	0x636D, 0x636D, 0x636D, 0x636D, 0x636D, 0x636D, 0x636D, 0x636D, 0x636D, 0x636D, 0x636D, 0x636D,
	0x636D, 0x636D, 0x636D, 0x636D, 0x636D, 0x636D, 0x636D, 0x636D, 0x636D, 0x636D, 0x636D, 0x634D,
	0x634D, 0x634D, 0x634D, 0x5B2C, 0x634D, 0x634D, 0x634D, 0x634D, 0x634D, 0x634D, 0x5B2C, 0x5B2C,
	0x5B2C, 0x5B2C, 0x5B2C, 0x5B2C, 0x5B2D, 0x5B2D, 0x5B2D, 0x5B2C, 0x5B2C, 0x5AEC, 0x4A8A, 0x4A4A,
	0x4A6A, 0x4A6A, 0x4A6A, 0x4A6A,
};
