/* From ~/picojet/app/assets (picojet tools/convert_assets.py). Shipped with
   Gustavo Pezzi's pikuma.com 3D graphics course; picojet keeps it "under
   whatever terms they arrived with" (picojet LICENSE). Copied as is, with
   <stdint.h> for C. */
// Generated from crab.png by tools/convert_assets.py
// RGB565, row-major. const so it stays in flash and is sampled in place.
#pragma once
#include <stdint.h>

#define TEX_CRAB_W 128
#define TEX_CRAB_H 128

static const uint16_t tex_crab_data[16384] = {
	0x1860, 0x1040, 0x0000, 0x1040, 0x0820, 0x1881, 0x1881, 0x0840, 0x3123, 0x5226, 0x41C5, 0x3964,
	0x2903, 0x0000, 0x0800, 0x0820, 0x1040, 0x1040, 0x0820, 0x20A1, 0x28E2, 0x1880, 0x1860, 0x5A26,
	0x834A, 0x8B4A, 0x8A86, 0x8266, 0x7A66, 0x7245, 0x7224, 0x8244, 0x7A23, 0x7A23, 0x8223, 0x71C2,
	0x71A2, 0x7182, 0x6141, 0x5901, 0x7121, 0x48C1, 0x20A1, 0x48C1, 0x98C1, 0x80C1, 0x60E1, 0x6101,
	0x6901, 0x6101, 0x6101, 0x6101, 0x5060, 0x82C8, 0xA40C, 0x7A87, 0x7AA7, 0x7A87, 0x7AE8, 0x7B08,
	0x72E8, 0x7AE9, 0x6A67, 0x7A86, 0x8AE7, 0x9307, 0x9307, 0x8AC6, 0x8AC6, 0x8AC6, 0x8285, 0x8A85,
	0x82A6, 0x72A8, 0x72A8, 0x7AC8, 0x8309, 0x8AE8, 0x8AE6, 0x8AE7, 0x8AE8, 0x82E7, 0x7A84, 0x7A83,
	0x82A3, 0x82A3, 0x8AE3, 0x82A2, 0x82C2, 0x8AE3, 0x8AE3, 0x82A2, 0x82C2, 0x8AE3, 0x8B23, 0x9B43,
	0xA383, 0xABC4, 0xC404, 0xCC24, 0xDCA5, 0xDC85, 0xDC85, 0xE4A5, 0xDCA5, 0xE4A5, 0xE4C5, 0xDCA5,
	0xDC65, 0xE4C6, 0xE4A5, 0xE4A6, 0xE4A6, 0xDC86, 0xE4C6, 0xDCC5, 0xDCA5, 0xD485, 0xD485, 0xCC45,
	0xAB84, 0xABA4, 0x8305, 0x49A4, 0x51E4, 0x51E4, 0x51E4, 0x51E4, 0x1880, 0x1860, 0x0820, 0x0820,
	0x0820, 0x1040, 0x20C1, 0x1060, 0x20E2, 0x5A67, 0x41C5, 0x3143, 0x4184, 0x0840, 0x0000, 0x0800,
	0x0820, 0x0820, 0x0820, 0x20C2, 0x28C1, 0x1860, 0x20A1, 0x5A46, 0x834A, 0x8B4A, 0x8A86, 0x8266,
	0x7A66, 0x7245, 0x7224, 0x8244, 0x7A23, 0x7A23, 0x8223, 0x71C2, 0x71A2, 0x7182, 0x6141, 0x5901,
	0x7121, 0x48C1, 0x20A1, 0x48C1, 0x90C2, 0x88C1, 0x60E1, 0x6101, 0x6901, 0x60E1, 0x6983, 0x6942,
	0x5060, 0x7225, 0x9BEB, 0x7AA7, 0x7AA8, 0x7AA7, 0x7266, 0x7286, 0x7AC8, 0x72C8, 0x7287, 0x8AC7,
	0x9307, 0x9307, 0x9307, 0x8AC6, 0x8AC6, 0x8AA6, 0x8285, 0x8A85, 0x82A7, 0x72A8, 0x72A7, 0x82E9,
	0x8329, 0x8AE8, 0x8AE6, 0x8AE7, 0x8B08, 0x82E8, 0x82A4, 0x7A83, 0x82A3, 0x82A3, 0x8AC3, 0x8AC2,
	0x82A2, 0x8AE2, 0x8B03, 0x82A2, 0x82C3, 0x8AE3, 0x8B03, 0x9B43, 0xA383, 0xABC4, 0xC404, 0xCC44,
	0xDC85, 0xDC85, 0xDC85, 0xE4C6, 0xDCA5, 0xE4A5, 0xE4C5, 0xDCA5, 0xD465, 0xE4C5, 0xE4A5, 0xE4A6,
	0xDCA6, 0xDC85, 0xE4C6, 0xDCC5, 0xDCA5, 0xDC85, 0xD4A5, 0xCC45, 0xB3E4, 0xB405, 0x8B25, 0x51E4,
	0x5204, 0x5204, 0x5204, 0x5205, 0x2080, 0x1880, 0x1060, 0x0800, 0x0820, 0x0820, 0x1060, 0x1081,
	0x1881, 0x41A5, 0x3984, 0x28E2, 0x3964, 0x20A2, 0x2081, 0x20A1, 0x20A1, 0x3103, 0x3123, 0x2902,
	0x1060, 0x1040, 0x3102, 0x6287, 0x7B29, 0x8B6A, 0x8A86, 0x8266, 0x7A86, 0x7245, 0x7224, 0x8264,
	0x7A23, 0x7A03, 0x8223, 0x71C2, 0x71A2, 0x7181, 0x6141, 0x5901, 0x7121, 0x48C1, 0x20A1, 0x48A1,
	0x88A1, 0x88C1, 0x68E1, 0x5901, 0x6901, 0x60E1, 0x71C4, 0x7205, 0x5922, 0x69C4, 0x8309, 0x7267,
	0x6A05, 0x61A4, 0x6205, 0x6A45, 0x6A25, 0x7266, 0x8AE8, 0x9349, 0x8B49, 0x9328, 0x92E6, 0x92E6,
	0x8AC6, 0x8AC6, 0x8285, 0x8AA5, 0x7AA7, 0x72A8, 0x72A8, 0x8B2A, 0x8329, 0x82E8, 0x8AE7, 0x8AE7,
	0x8B08, 0x82E8, 0x82A5, 0x7A83, 0x82A3, 0x82A2, 0x82A3, 0x8AE3, 0x82C2, 0x8AC2, 0x8AE3, 0x82A3,
	0x82A2, 0x82C3, 0x8B03, 0x9B43, 0xA3A4, 0xABC4, 0xBBE4, 0xCC24, 0xDC85, 0xE4A5, 0xE4C6, 0xE4C6,
	0xE4C6, 0xDCC6, 0xE4C6, 0xDC85, 0xDC85, 0xE4C5, 0xE4C5, 0xDCC7, 0xE4C8, 0xE4C7, 0xE4C7, 0xE4C6,
	0xDCA5, 0xDCA5, 0xDCA5, 0xDC65, 0xBC25, 0xB445, 0xB405, 0x6265, 0x51E4, 0x5A05, 0x5204, 0x51E4,
	0x2080, 0x2080, 0x2080, 0x1040, 0x0000, 0x1040, 0x20C2, 0x3102, 0x4184, 0x4184, 0x28E2, 0x20A1,
	0x28C2, 0x20A2, 0x20A1, 0x3123, 0x49A5, 0x51E5, 0x6226, 0x6226, 0x51E6, 0x20A1, 0x3122, 0x7B09,
	0x7B29, 0x9349, 0x9286, 0x8286, 0x7A66, 0x7245, 0x7224, 0x8244, 0x7A23, 0x8223, 0x8A23, 0x71C2,
	0x71A2, 0x7182, 0x6141, 0x5901, 0x7121, 0x50C1, 0x2081, 0x48C1, 0x80A1, 0x88E1, 0x60C1, 0x58E1,
	0x6902, 0x6922, 0x6163, 0x7AA7, 0x6102, 0x69C5, 0x7287, 0x61A5, 0x6164, 0x6184, 0x6A46, 0x6266,
	0x6246, 0x6A45, 0x8AC7, 0x9348, 0x8B69, 0x8329, 0x9348, 0xA347, 0x9B07, 0x92E6, 0x82A5, 0x8AA5,
	0x82C7, 0x7288, 0x7AC8, 0x8B6A, 0x8329, 0x8B08, 0x8AE7, 0x82E7, 0x8AE8, 0x8308, 0x82A5, 0x7A84,
	0x7A83, 0x82A3, 0x82A3, 0x8AC3, 0x9303, 0x8B03, 0x8AE3, 0x82C2, 0x8AC3, 0x8AE3, 0x8B03, 0x9B63,
	0x9B83, 0xABC4, 0xBC04, 0xC425, 0xD465, 0xE4A5, 0xE4E6, 0xE4C5, 0xDCC6, 0xDCC5, 0xE4C5, 0xE4C5,
	0xDCC5, 0xE4C5, 0xE4C6, 0xE4C6, 0xE4C7, 0xE4C7, 0xE4C7, 0xE4C6, 0xDCA6, 0xDCA6, 0xDCA5, 0xCC45,
	0xB405, 0xB405, 0xC465, 0x8B66, 0x49C4, 0x49C4, 0x41A4, 0x3984, 0x20A0, 0x2080, 0x20A0, 0x1860,
	0x4164, 0x51E5, 0x4164, 0x49A5, 0x49C5, 0x3984, 0x28E2, 0x28C2, 0x30C2, 0x30C2, 0x40C2, 0x4103,
	0x49C5, 0x6288, 0x730A, 0x6ACA, 0x72A9, 0x6A88, 0x5A26, 0x7B29, 0x7309, 0x8308, 0x9AE7, 0x9308,
	0x8AC7, 0x92C6, 0x9AC6, 0x92A4, 0x9AA4, 0xAAC4, 0x9263, 0x8202, 0x9A22, 0x89E2, 0x89A2, 0x7962,
	0x6901, 0x50E1, 0x20A1, 0x60E1, 0x88A1, 0x7881, 0x5880, 0x5901, 0x6183, 0x6102, 0x6142, 0x6122,
	0x50C1, 0x6143, 0x6A26, 0x61E5, 0x61A4, 0x5984, 0x8309, 0x8B8B, 0x7309, 0x6A46, 0x7A87, 0x8B08,
	0xA368, 0xB3A9, 0xCBEA, 0xDBE9, 0xD3E8, 0xC3A8, 0x9B48, 0x9307, 0x82E8, 0x7B08, 0x936A, 0x936A,
	0x8B29, 0x8B29, 0x8B08, 0x82E7, 0x8AE8, 0x8308, 0x82C6, 0x7AA4, 0x7AA4, 0x82C4, 0x8AE4, 0x8AE3,
	0x9B03, 0x9303, 0x8AE3, 0x8AE3, 0x8AE3, 0x8B03, 0x9363, 0x9B84, 0x9BA4, 0xABC4, 0xC424, 0xD465,
	0xDCA5, 0xE4C5, 0xE4C6, 0xE4C6, 0xE4C6, 0xE4A5, 0xE4A5, 0xE4C5, 0xE4A5, 0xE4C6, 0xE4C7, 0xE4C8,
	0xDCC7, 0xDCA8, 0xDCA7, 0xD4A7, 0xCC86, 0xD485, 0xD4A5, 0xC405, 0xB405, 0xAC26, 0xC465, 0xAC25,
	0x41C4, 0x3964, 0x3984, 0x4184, 0x2080, 0x20A0, 0x1860, 0x4163, 0x6AA8, 0x5A47, 0x6A88, 0x5206,
	0x41A4, 0x49A5, 0x4184, 0x3103, 0x38E3, 0x38E3, 0x48C2, 0x6164, 0x5A06, 0x6B0B, 0x83EF, 0x9451,
	0x7B8D, 0x6268, 0x7B29, 0x72E8, 0x72E8, 0x72C8, 0x7AE8, 0x9308, 0x8A86, 0x8286, 0x9285, 0x9AA5,
	0x8A64, 0x8A43, 0x8223, 0x81E2, 0x7181, 0x6941, 0x6921, 0x60E1, 0x58E1, 0x30C1, 0x28C1, 0x70C1,
	0x90C1, 0x7881, 0x68C1, 0x6983, 0x69C4, 0x5942, 0x5901, 0x58C1, 0x5102, 0x5964, 0x61C6, 0x6A26,
	0x8287, 0x82A8, 0x7287, 0x72C8, 0x72E8, 0x7266, 0x82A6, 0x8AE7, 0x8B28, 0x9349, 0xBBC9, 0xBB88,
	0xBB67, 0xBB87, 0xA326, 0x9B26, 0x8AE7, 0x8B4A, 0x938B, 0x938B, 0x8B49, 0x8B08, 0x8B08, 0x8B08,
	0x8AE8, 0x8308, 0x82C6, 0x82C6, 0x82E6, 0x82E6, 0x82E5, 0x82C3, 0x9303, 0x9B23, 0x9303, 0x8B03,
	0x8AE3, 0x9323, 0x9343, 0xA3A4, 0xB3E4, 0xB404, 0xCC45, 0xDC85, 0xE4A5, 0xE4A5, 0xE4C6, 0xE4C6,
	0xE4C6, 0xD485, 0xDCA5, 0xD465, 0xD445, 0xD466, 0xD487, 0xD488, 0xCC89, 0xD4A9, 0xCC67, 0xC467,
	0xC446, 0xC445, 0xCC45, 0xC445, 0xBC05, 0xABE5, 0xB405, 0xC4A5, 0x62A5, 0x41A4, 0x51E5, 0x5A05,
	0x3102, 0x1860, 0x30E2, 0x6AA8, 0x6B0B, 0x83EF, 0x7B6C, 0x62A8, 0x5A47, 0x5A06, 0x41A4, 0x4123,
	0x4103, 0x4903, 0x50E3, 0x6164, 0x730B, 0x7BCE, 0x8C31, 0x8C51, 0x8C30, 0x8C0F, 0x72C8, 0x7AA7,
	0x8B08, 0x9328, 0x8308, 0x8AE8, 0x8AA6, 0x8AA6, 0x8A85, 0x8A65, 0x8A64, 0x8223, 0x8223, 0x79E2,
	0x71C2, 0x71A2, 0x7141, 0x6921, 0x50E1, 0x30C1, 0x50C1, 0x80E2, 0x88E2, 0x80E1, 0x7101, 0x6922,
	0x69C4, 0x6A26, 0x6102, 0x5922, 0x5964, 0x59A6, 0x71E6, 0x79C6, 0x8A67, 0xA32A, 0x7AA8, 0x6246,
	0x6267, 0x6A66, 0x8B08, 0x8B49, 0x7B4A, 0x7B29, 0x9328, 0x9B07, 0x92E6, 0x8AA5, 0x8B07, 0x9BAB,
	0x93AC, 0x8B49, 0x8B8B, 0x8B8B, 0x8B6A, 0x8329, 0x8B29, 0x8B49, 0x8B49, 0x8B28, 0x82E6, 0x82C6,
	0x82E6, 0x82E6, 0x82C4, 0x82C3, 0x9303, 0x9B23, 0x9B43, 0x9323, 0x9343, 0x9B84, 0xA3A4, 0xABE4,
	0xC445, 0xCC65, 0xDCA5, 0xE485, 0xE4A5, 0xE4A5, 0xE4A5, 0xDCA6, 0xD485, 0xCC45, 0xCC45, 0xC405,
	0xBC06, 0xBC06, 0xBC27, 0xBC48, 0xBC49, 0xBC4A, 0xAC09, 0xB429, 0xB448, 0xB405, 0xC405, 0xC446,
	0xB3E5, 0xAC26, 0xABC5, 0xD485, 0x93A6, 0x5A25, 0x6265, 0x6265, 0x7B4B, 0x5A68, 0x6288, 0x7BAE,
	0x8C10, 0x8C30, 0x83AD, 0x7B2A, 0x72E9, 0x6267, 0x51E5, 0x4964, 0x5144, 0x5124, 0x5903, 0x69A5,
	0x838D, 0x83EE, 0x9471, 0x9472, 0x8430, 0x83AE, 0x7287, 0x7267, 0x8AE7, 0x9B28, 0x82E8, 0x8B09,
	0x8AA7, 0x82C7, 0x8AA6, 0x8AA6, 0x8A64, 0x8264, 0x8A43, 0x7A02, 0x7A25, 0x79E3, 0x7161, 0x6941,
	0x48E1, 0x30C1, 0x70E2, 0x78C1, 0x7922, 0x7942, 0x7922, 0x7963, 0x7267, 0x7AA8, 0x7963, 0x7163,
	0x71A5, 0x69C6, 0x69E7, 0x71A5, 0x8185, 0x8985, 0x7A06, 0x6267, 0x6A46, 0x7266, 0x7AC7, 0x8308,
	0x8329, 0x9307, 0x92E6, 0x8AC6, 0x8AC6, 0x93CC, 0x8BCE, 0x93EE, 0x93CD, 0x8B6A, 0x8BAC, 0x8B8B,
	0xA3CC, 0x93ED, 0x8B6B, 0x936A, 0x8B49, 0x8B28, 0x9327, 0x9307, 0x82E6, 0x82E6, 0x8AE5, 0x8AE3,
	0x9323, 0x9323, 0x9323, 0x9323, 0x9B63, 0xABA4, 0xB3E4, 0xBC25, 0xCC45, 0xDC85, 0xE4C6, 0xE4A6,
	0xE4A6, 0xDC85, 0xD465, 0xCC65, 0xCC65, 0xBC05, 0xB3E5, 0xB3C5, 0xABC6, 0xA3A7, 0xABC7, 0xA3E8,
	0xAC08, 0xA3E9, 0xA3EA, 0xA3EA, 0xA3E9, 0xABE7, 0xBC27, 0xCC67, 0xCC45, 0xBC05, 0xB445, 0xC465,
	0xBC65, 0x6A85, 0x6245, 0x6225, 0x7B4B, 0x7B8C, 0x6B0A, 0x6B2B, 0x8C30, 0x8C30, 0x8C0F, 0x83CE,
	0x838C, 0x6A88, 0x6247, 0x49A5, 0x4924, 0x4903, 0x6144, 0x7247, 0x7B4B, 0x83AE, 0x9430, 0x8C10,
	0x9472, 0x7B2B, 0x6A46, 0x7287, 0x9307, 0xA308, 0x8AE8, 0x8AE7, 0x8AA6, 0x82C7, 0x8AA6, 0x8AA6,
	0x8AA5, 0x8A64, 0x8A64, 0x8244, 0x7A44, 0x69A2, 0x6961, 0x6941, 0x40C1, 0x48C1, 0x78C1, 0x68C1,
	0x7901, 0x8162, 0x7942, 0x7942, 0x81A3, 0x7962, 0x7942, 0x7942, 0x71A5, 0x69C6, 0x61A6, 0x5965,
	0x6165, 0x6165, 0x69A5, 0x6A46, 0x6A66, 0x72C8, 0x72C8, 0x82C7, 0x8329, 0x8B28, 0x8AE6, 0x92C5,
	0x8B8B, 0x9430, 0x8BEF, 0x8BEE, 0x8BCD, 0x8B6A, 0x836B, 0x8BAD, 0x9BCE, 0x93CD, 0x938B, 0x938B,
	0x938A, 0x9B69, 0x9B69, 0x9347, 0x8306, 0x8B07, 0x9325, 0x9B23, 0x9B43, 0x9B43, 0x9343, 0xA384,
	0xABC4, 0xB3E4, 0xBC05, 0xC425, 0xCC65, 0xE4A6, 0xDCA6, 0xDC85, 0xD445, 0xC425, 0xBC25, 0xBC05,
	0xB3E5, 0xA385, 0x9B65, 0x9B65, 0x9346, 0x8B47, 0x9367, 0x9367, 0x9387, 0x9389, 0x9389, 0x9BCA,
	0x9BCA, 0xA3EA, 0xB409, 0xBC29, 0xC448, 0xCC67, 0xBC45, 0xBC05, 0xC485, 0x7AE5, 0x59E5, 0x5A05,
	0x734B, 0x7B4B, 0x6288, 0x5206, 0x6AEA, 0x8C10, 0x83EF, 0x83EF, 0x83AC, 0x7B29, 0x72E9, 0x51E6,
	0x4123, 0x48E3, 0x61A5, 0x72C8, 0x836B, 0x8C0F, 0x8BEF, 0x7B8D, 0x83CF, 0x834B, 0x82E8, 0x7AE8,
	0x9B28, 0x9AE7, 0x92A6, 0x8AA6, 0x8286, 0x8AA5, 0x8AA5, 0x8AC5, 0x92C5, 0x8A84, 0x8A84, 0x8243,
	0x8202, 0x81E2, 0x79A2, 0x4901, 0x40A1, 0x70C1, 0x70E1, 0x7101, 0x8101, 0x70E1, 0x68E1, 0x7101,
	0x7921, 0x7922, 0x7921, 0x7963, 0x79C6, 0x79E7, 0x69E7, 0x6185, 0x6185, 0x6185, 0x6185, 0x7AC8,
	0x8BAB, 0x9BEC, 0x93CB, 0x7AE8, 0x8B69, 0x8B8A, 0x8B07, 0x8B08, 0x940F, 0x940F, 0x940F, 0x838C,
	0x8BAC, 0x838C, 0x838C, 0x7B2B, 0x836C, 0x9C0E, 0x9C2F, 0x9C0E, 0x9BAC, 0x9BCB, 0x9B8A, 0x9349,
	0x9348, 0x8B26, 0x9324, 0xA343, 0xAB84, 0xA384, 0xA384, 0xA3A4, 0xB3C4, 0xABC4, 0xBC05, 0xB3E5,
	0xBBE5, 0xBC05, 0xBC05, 0xABC5, 0xA3A5, 0xA3A5, 0xA385, 0x9B85, 0x9345, 0x8B25, 0x8B05, 0x82E5,
	0x72A5, 0x6AA5, 0x72C6, 0x7B06, 0x8327, 0x8348, 0x8B49, 0x8B89, 0x93AA, 0x9BCA, 0xA3CA, 0xABEA,
	0xAC08, 0xB428, 0xB427, 0xB446, 0xB445, 0x9365, 0x51E5, 0x5A25, 0x7B4B, 0x732B, 0x5247, 0x5206,
	0x6287, 0x7B4B, 0x83AD, 0x8BCD, 0x7AE9, 0x8B8A, 0x8B8B, 0x6267, 0x4144, 0x4903, 0x69E6, 0x7B2A,
	0x832A, 0x72C9, 0x838C, 0x83AE, 0x7B8D, 0x82E9, 0x82E7, 0x8AC7, 0x92C7, 0x92A6, 0x8A65, 0x9AC6,
	0x8285, 0x92A6, 0x9AE5, 0x9AC5, 0x9AC5, 0x92C4, 0x8A63, 0x9243, 0x8202, 0x8A02, 0x81A2, 0x40C1,
	0x70E1, 0x90E1, 0x9922, 0x7901, 0x7901, 0x8122, 0x70E1, 0x8121, 0x8142, 0x8142, 0x8942, 0x8163,
	0x71A5, 0x71C6, 0x69A5, 0x6985, 0x71A5, 0x71A5, 0x6985, 0x938B, 0x9C0C, 0x8B8A, 0x8B8B, 0x7B29,
	0x7AC8, 0x8349, 0x8B69, 0x834B, 0x7B8E, 0x7B6D, 0x838D, 0x836C, 0x7B2B, 0x7B4B, 0x730B, 0x730B,
	0x8BCE, 0x9C2F, 0x93EF, 0xA42F, 0xA3ED, 0x9BED, 0x9BCD, 0x9BCC, 0x9BAA, 0x9B25, 0x9B46, 0xA364,
	0xA384, 0xA3A4, 0xA384, 0x9364, 0x9344, 0x8B25, 0x8B25, 0x8325, 0x8305, 0x8305, 0x8305, 0x8305,
	0x8305, 0x8325, 0x8B25, 0x9345, 0x8B26, 0x7AE6, 0x72A5, 0x6A65, 0x6225, 0x5A24, 0x5A25, 0x6245,
	0x6AA6, 0x7AE6, 0x7B07, 0x8328, 0x8B69, 0x8B8A, 0x93AA, 0x93CB, 0x9BC9, 0xA3C9, 0xAC09, 0xABE7,
	0xA3E7, 0xA3C6, 0x6A66, 0x6246, 0x7B2A, 0x732A, 0x6288, 0x5A67, 0x7309, 0x8309, 0x59E5, 0x3964,
	0x5164, 0x6226, 0x6AA8, 0x6AC8, 0x51C5, 0x4903, 0x72A8, 0x7B2A, 0x69A5, 0x6102, 0x61C5, 0x7B2A,
	0x8BCD, 0x93AB, 0x8349, 0x7AC7, 0x8AA6, 0x9AC6, 0x9AA6, 0x9285, 0x9AA5, 0xA2E5, 0xA306, 0x9AC5,
	0xA2E5, 0xA2C4, 0x9283, 0xA283, 0x9A42, 0x8A02, 0x81C2, 0x5101, 0x70E1, 0x9902, 0xA902, 0x8101,
	0x8142, 0x7901, 0x8942, 0x9142, 0x8142, 0x8142, 0x7921, 0x7942, 0x91C5, 0x79A5, 0x6964, 0x6143,
	0x6143, 0x6143, 0x6123, 0x7246, 0x8BAB, 0x8BAB, 0x8BAB, 0x93CC, 0x7AC8, 0x7A87, 0x6AA8, 0x6AEB,
	0x730B, 0x7B4C, 0x8C30, 0x838D, 0x730A, 0x7B0A, 0x6AC9, 0x730B, 0x838D, 0x836D, 0x832B, 0x9BED,
	0x9BEC, 0x9B8A, 0x9BAA, 0x9BED, 0x9BAB, 0x9B87, 0xA365, 0x9B64, 0x8B24, 0x8B24, 0x82E4, 0x72A5,
	0x6265, 0x6225, 0x5A25, 0x5A05, 0x51E4, 0x5A45, 0x6265, 0x72A5, 0x7AE5, 0x8305, 0x8B25, 0x9345,
	0x8B26, 0x8306, 0x72C6, 0x6A86, 0x5A05, 0x51E4, 0x51E4, 0x5204, 0x5A25, 0x6A85, 0x72C6, 0x72E7,
	0x7B28, 0x7B28, 0x8B8A, 0x838B, 0x93AB, 0x9BCA, 0x9BCA, 0xA3E9, 0x9BA8, 0x9BC8, 0x8306, 0x6A65,
	0x7B2A, 0x7B2A, 0x7B2A, 0x7309, 0x730A, 0x8309, 0x3103, 0x0000, 0x1840, 0x1040, 0x1020, 0x1881,
	0x28C2, 0x5184, 0x7B0A, 0x69C5, 0x6102, 0x6122, 0x6102, 0x5943, 0x832A, 0xAC2C, 0x9BEC, 0x8B8A,
	0x8AC7, 0x9286, 0x9285, 0x9A85, 0x9284, 0x9284, 0x8A84, 0x8244, 0x8A63, 0x8243, 0x7A02, 0x7A02,
	0x8202, 0x81E2, 0x81C2, 0x48E1, 0x50C1, 0x88E2, 0xA0C2, 0x98E2, 0x7921, 0x7901, 0x8122, 0x7942,
	0x8142, 0x7101, 0x6901, 0x7921, 0x7122, 0x7122, 0x6902, 0x5901, 0x5922, 0x5922, 0x5922, 0x5902,
	0x6184, 0x7A88, 0x82E9, 0x6227, 0x4924, 0x3861, 0x3041, 0x7B4C, 0x9C50, 0x9430, 0x9430, 0x8BAD,
	0x72E9, 0x7B2A, 0x732B, 0x7B2A, 0x7B4B, 0x836B, 0x8B4A, 0x9BCB, 0x9B8A, 0x9B69, 0x9368, 0x8B69,
	0x8B8A, 0x8B47, 0x82C4, 0x72A4, 0x6A64, 0x6245, 0x6225, 0x5A05, 0x51E5, 0x51E5, 0x51E4, 0x51E4,
	0x51E4, 0x5A25, 0x5A24, 0x6AA5, 0x7B05, 0x8325, 0x8B25, 0x9345, 0x8B25, 0x8306, 0x7AE6, 0x72C7,
	0x6266, 0x5206, 0x49C5, 0x49C5, 0x5205, 0x5A26, 0x6287, 0x6AA8, 0x7309, 0x6AC8, 0x7B08, 0x836A,
	0x8BAB, 0x8BAB, 0x93AA, 0x9BA9, 0x8B89, 0x9387, 0xA426, 0x72E5, 0x832A, 0x834A, 0x8B4A, 0x834A,
	0x7B09, 0x51A5, 0x0800, 0x1860, 0x1840, 0x1060, 0x1040, 0x1040, 0x0800, 0x3103, 0x69E5, 0x6123,
	0x6122, 0x6102, 0x6102, 0x6122, 0x7246, 0x72A8, 0x7AC8, 0x7AE8, 0x82C8, 0x8AA7, 0x8A87, 0x9286,
	0x9285, 0x9264, 0x8A64, 0x8244, 0x8243, 0x9243, 0x79E2, 0x71E2, 0x79C2, 0x71C1, 0x81A2, 0x5901,
	0x30C1, 0x70C1, 0x98A1, 0xA8C2, 0x8121, 0x7921, 0x7921, 0x7921, 0x7921, 0x7121, 0x7922, 0x7101,
	0x60E1, 0x60E1, 0x6901, 0x6101, 0x5900, 0x6100, 0x6101, 0x5903, 0x58E2, 0x5943, 0x68E2, 0x4061,
	0x3061, 0x3841, 0x3081, 0x4985, 0x8BCD, 0x838C, 0x8B8C, 0x834A, 0x7B29, 0x7308, 0x8BAC, 0x7B29,
	0x72E8, 0x7B29, 0x7B09, 0x8B29, 0x8B49, 0x82E7, 0x7AA5, 0x72A7, 0x6AA7, 0x6A45, 0x5A05, 0x51E5,
	0x59E5, 0x5A05, 0x6224, 0x5A04, 0x51E4, 0x59E4, 0x5A04, 0x5A04, 0x51E4, 0x5204, 0x5A24, 0x6265,
	0x72C5, 0x7AE5, 0x7AE5, 0x9345, 0x8B25, 0x7B06, 0x72C7, 0x6A86, 0x6287, 0x5A67, 0x49E6, 0x41A5,
	0x5206, 0x5A26, 0x5226, 0x5A68, 0x62A9, 0x6AC9, 0x7309, 0x7B6B, 0x7B4B, 0x8B6A, 0x93AB, 0x93CB,
	0x9BA9, 0x9388, 0xABC7, 0xA244, 0x41A5, 0x41C5, 0x41A4, 0x3964, 0x28C2, 0x0800, 0x1020, 0x2080,
	0x2081, 0x1880, 0x1040, 0x1040, 0x2080, 0x2080, 0x1020, 0x1861, 0x4102, 0x5143, 0x5164, 0x59E5,
	0x7A67, 0x7A66, 0x7A66, 0x7A86, 0x9308, 0x9AE8, 0x9AC8, 0x9286, 0x8A86, 0x8265, 0x8285, 0x8285,
	0x8264, 0x8244, 0x8223, 0x79E2, 0x71A1, 0x79A2, 0x7982, 0x6941, 0x3901, 0x4102, 0x7964, 0x9923,
	0xA0E2, 0x7901, 0x7921, 0x7121, 0x7942, 0x7942, 0x7122, 0x7183, 0x6983, 0x6983, 0x68E1, 0x71A3,
	0x7A04, 0x7A04, 0x61A4, 0x5923, 0x5902, 0x6184, 0x78C1, 0x60C2, 0x3882, 0x3861, 0x38C2, 0x38C2,
	0x7B29, 0x8BAB, 0x8B6A, 0x7309, 0x7B4A, 0x7B29, 0x7B09, 0x72E8, 0x7309, 0x72E8, 0x6267, 0x6A66,
	0x72A7, 0x6225, 0x5A05, 0x5A26, 0x5206, 0x49C5, 0x51E5, 0x51C4, 0x59E4, 0x59E4, 0x51E4, 0x49C4,
	0x4184, 0x4164, 0x3963, 0x3943, 0x3143, 0x3923, 0x2923, 0x28E2, 0x20A1, 0x20A1, 0x3122, 0x6245,
	0x7AC6, 0x72C6, 0x6AA6, 0x6286, 0x5A67, 0x5227, 0x49E5, 0x3985, 0x41A5, 0x5206, 0x5206, 0x5A68,
	0x5A68, 0x62C9, 0x72EA, 0x6AC9, 0x6AA8, 0x7B08, 0x8349, 0x9BCC, 0x7AC8, 0x7B49, 0x8A26, 0x9984,
	0x2060, 0x2060, 0x2040, 0x2060, 0x2080, 0x1880, 0x1860, 0x1860, 0x28A1, 0x1840, 0x1040, 0x2081,
	0x28A1, 0x1880, 0x0000, 0x0000, 0x18A2, 0x3985, 0x41E5, 0x5247, 0x7287, 0x7A87, 0x7A87, 0x7A87,
	0x9B29, 0x9B08, 0x9AC7, 0x92A6, 0x8A85, 0x7A65, 0x7AC7, 0x7AA6, 0x7A44, 0x8244, 0x8243, 0x7A02,
	0x79E2, 0x79C2, 0x79C2, 0x6962, 0x6942, 0x51A4, 0x6267, 0x8205, 0xA8E3, 0x90C1, 0x7101, 0x7121,
	0x7142, 0x7162, 0x71A4, 0x71C4, 0x69E5, 0x6983, 0x71E5, 0x7B09, 0x7B4A, 0x7B29, 0x69E5, 0x61A5,
	0x5944, 0x6163, 0x78A1, 0x7881, 0x48C2, 0x38E2, 0x30C2, 0x2861, 0x7267, 0x934A, 0x8309, 0x7B09,
	0x7309, 0x7B09, 0x72E8, 0x72E8, 0x7B08, 0x7B2A, 0x6287, 0x5A67, 0x5A47, 0x5A26, 0x5A46, 0x5A26,
	0x5A26, 0x3964, 0x4164, 0x49A5, 0x41A5, 0x3984, 0x3964, 0x3124, 0x2903, 0x3123, 0x3103, 0x2903,
	0x3103, 0x3123, 0x2903, 0x20C2, 0x1881, 0x1881, 0x3103, 0x6245, 0x72A6, 0x72A6, 0x6AA6, 0x6287,
	0x5A47, 0x5205, 0x4184, 0x41C5, 0x3985, 0x3964, 0x49C6, 0x4A07, 0x5A68, 0x6288, 0x62C9, 0x62A9,
	0x730A, 0x72C8, 0x6246, 0x5984, 0x5943, 0x81C5, 0xB1E6, 0x7287, 0x1860, 0x2080, 0x2081, 0x28A1,
	0x30A1, 0x30C1, 0x28A1, 0x2881, 0x28A1, 0x1840, 0x20A0, 0x28A1, 0x28E1, 0x2080, 0x0820, 0x0000,
	0x1881, 0x3984, 0x49E5, 0x5A67, 0x72C9, 0x7267, 0x7287, 0x72C8, 0x8B29, 0x9308, 0x92A6, 0x8AA6,
	0x8285, 0x8285, 0x7A86, 0x7A65, 0x7A44, 0x7A23, 0x8244, 0x8244, 0x81E2, 0x79C2, 0x79C2, 0x7182,
	0x7983, 0x7163, 0x5205, 0x6122, 0x9903, 0x80A1, 0x70C1, 0x6901, 0x7121, 0x6901, 0x7162, 0x6101,
	0x58C0, 0x7225, 0x72E9, 0x72C8, 0x6AC8, 0x72A8, 0x79E5, 0x71E5, 0x71C4, 0x6943, 0x7984, 0x8102,
	0x6903, 0x4943, 0x40C2, 0x5144, 0x82C9, 0x8308, 0x72A7, 0x7B08, 0x72E8, 0x72E9, 0x72E9, 0x7B09,
	0x7B29, 0x72E8, 0x72E8, 0x6A88, 0x5A47, 0x7B09, 0x5A46, 0x49A5, 0x3984, 0x2902, 0x28E2, 0x3944,
	0x3964, 0x3964, 0x3964, 0x3964, 0x3143, 0x3123, 0x3123, 0x3123, 0x3103, 0x3123, 0x2903, 0x20C2,
	0x1881, 0x18A1, 0x4163, 0x7285, 0x72A6, 0x72A6, 0x7AC6, 0x5A26, 0x49E6, 0x3984, 0x41C5, 0x49C6,
	0x3985, 0x3985, 0x4A06, 0x4A07, 0x5227, 0x5A68, 0x6AEA, 0x6AA9, 0x4185, 0x38E2, 0x5123, 0x5103,
	0x80C1, 0xD207, 0xB288, 0x8BAB, 0x1880, 0x1880, 0x1860, 0x1860, 0x20A1, 0x28A0, 0x30A1, 0x2881,
	0x30C1, 0x1840, 0x2081, 0x3101, 0x28A1, 0x1860, 0x1040, 0x0000, 0x1041, 0x4184, 0x5226, 0x6288,
	0x7B09, 0x72A7, 0x6246, 0x6287, 0x7B09, 0x9308, 0x92C7, 0x8A86, 0x82A6, 0x8265, 0x7A44, 0x8286,
	0x9284, 0x7203, 0x9264, 0x8223, 0x79C2, 0x81E2, 0x7182, 0x6941, 0x8183, 0x60E1, 0x30C1, 0x4080,
	0x88C1, 0x88C1, 0x78E1, 0x6901, 0x7121, 0x6901, 0x6901, 0x7121, 0x7901, 0x7287, 0x7B29, 0x6AA7,
	0x6287, 0x6A67, 0x7226, 0x7226, 0x79A4, 0x7983, 0x7942, 0x7101, 0x7922, 0x7143, 0x7A07, 0x930C,
	0x8B0B, 0x7AC9, 0x8349, 0x72C8, 0x6AA8, 0x7B09, 0x72E8, 0x6AA8, 0x6AA8, 0x6AA8, 0x8B6A, 0x72E9,
	0x5206, 0x6A87, 0x49C5, 0x3985, 0x3143, 0x28E2, 0x28C2, 0x2903, 0x3103, 0x3123, 0x2923, 0x2903,
	0x2903, 0x2903, 0x2903, 0x2903, 0x28E2, 0x28E2, 0x20C2, 0x20A1, 0x2081, 0x20C1, 0x3943, 0x6A65,
	0x72A6, 0x7AC6, 0x3963, 0x3942, 0x6A65, 0x5205, 0x5205, 0x4185, 0x3944, 0x6288, 0x5A47, 0x5A47,
	0x5A47, 0x5A68, 0x62A9, 0x3923, 0x2060, 0x38E2, 0x5923, 0x88C1, 0xC228, 0xCB0B, 0x81A4, 0x71E5,
	0x0800, 0x1040, 0x1861, 0x1040, 0x20A1, 0x3943, 0x38E2, 0x30A0, 0x30E2, 0x3902, 0x1860, 0x28A1,
	0x1860, 0x1860, 0x1860, 0x0800, 0x0840, 0x3943, 0x5A47, 0x72E9, 0x7AE9, 0x7AE7, 0x6AA7, 0x6287,
	0x9329, 0x92E8, 0x8286, 0x8266, 0x8AA6, 0x7A65, 0x7224, 0x7A85, 0x8285, 0x71E3, 0x8A63, 0x71C2,
	0x69A1, 0x71A2, 0x6961, 0x5901, 0x7941, 0x58C1, 0x2040, 0x40A1, 0x80A1, 0x90C1, 0x68C1, 0x58C1,
	0x6901, 0x6901, 0x60E1, 0x6901, 0x60C1, 0x6A05, 0x7B29, 0x72E8, 0x6AC8, 0x6A87, 0x7267, 0x7246,
	0x7163, 0x7102, 0x78C1, 0x7901, 0x7901, 0x81A5, 0x8AEB, 0x8B0B, 0x7ACA, 0x7AA9, 0x6247, 0x6287,
	0x7B29, 0x72C8, 0x72E8, 0x6287, 0x5206, 0x6AA8, 0x6AA8, 0x49C5, 0x49A4, 0x6267, 0x49C5, 0x3943,
	0x3103, 0x28E2, 0x28C2, 0x2902, 0x3103, 0x3103, 0x2903, 0x28E2, 0x28E2, 0x28E2, 0x20C2, 0x28C2,
	0x20C1, 0x18A1, 0x20A1, 0x20A1, 0x20A1, 0x28C1, 0x4163, 0x59C4, 0x5A04, 0x4163, 0x0840, 0x49C4,
	0x72C6, 0x6A85, 0x6A85, 0x6A65, 0x6A66, 0x6AA7, 0x5206, 0x49E6, 0x8BAB, 0x7309, 0x51E7, 0x4102,
	0x4943, 0x6923, 0xA0E2, 0xCA49, 0xCB6D, 0xA9E6, 0x6143, 0x58E2, 0x1060, 0x1861, 0x1861, 0x28E2,
	0x2081, 0x4184, 0x3943, 0x30A1, 0x30C1, 0x38E2, 0x30C1, 0x1840, 0x1840, 0x2880, 0x1040, 0x0840,
	0x1061, 0x1881, 0x4184, 0x6A88, 0x8309, 0x8B48, 0x836B, 0x838B, 0x938B, 0x9329, 0x8287, 0x8265,
	0x8286, 0x7A65, 0x7224, 0x7A86, 0x8285, 0x7203, 0x8A63, 0x71C2, 0x71A1, 0x71A1, 0x6961, 0x5921,
	0x7942, 0x58E1, 0x2061, 0x38A1, 0x80A1, 0x88C1, 0x68C1, 0x58E1, 0x6901, 0x6901, 0x60E1, 0x60E1,
	0x50C1, 0x61A4, 0x6A47, 0xA40C, 0xC50F, 0x8309, 0x5163, 0x61A4, 0x7143, 0x7901, 0x70C1, 0x78E1,
	0x7163, 0x8A89, 0x930B, 0x82CA, 0x7A89, 0x6185, 0x30A1, 0x4943, 0x6AA8, 0x72E8, 0x7B29, 0x7B29,
	0x5247, 0x49E6, 0x3964, 0x3123, 0x49C5, 0x6A67, 0x51E5, 0x3143, 0x2902, 0x28E2, 0x28E2, 0x28E2,
	0x20C2, 0x28E2, 0x20C2, 0x20C1, 0x20C2, 0x1881, 0x20C2, 0x20C2, 0x20C2, 0x20E2, 0x2902, 0x28E2,
	0x2903, 0x49A4, 0x6224, 0x6224, 0x51C4, 0x1060, 0x1060, 0x5A25, 0x72A5, 0x6A85, 0x6A65, 0x6A85,
	0x7AA5, 0x8306, 0x6AA7, 0x5206, 0x6287, 0xBD0F, 0x7246, 0x50C2, 0x60E2, 0x9102, 0xCA28, 0xBAEB,
	0xBA28, 0x8984, 0x5A06, 0x5A06, 0x1881, 0x1861, 0x2081, 0x28E2, 0x1881, 0x1881, 0x20A1, 0x2081,
	0x30E2, 0x30C1, 0x28A1, 0x30C2, 0x38E2, 0x20A1, 0x0000, 0x0000, 0x1061, 0x1061, 0x1881, 0x3964,
	0x6247, 0x8B49, 0x93CB, 0x8BCC, 0x8BED, 0x93CC, 0x8BAB, 0x8B29, 0x8B07, 0x7A86, 0x7224, 0x7A65,
	0x7A65, 0x71E3, 0x9264, 0x79E2, 0x71A2, 0x6982, 0x6141, 0x5901, 0x7921, 0x58A1, 0x1840, 0x3080,
	0x8860, 0x80A1, 0x60A0, 0x58A0, 0x68E1, 0x68E1, 0x60E1, 0x58A0, 0x5901, 0x6184, 0x59E5, 0x834A,
	0x6267, 0x4143, 0x5984, 0x5984, 0x6922, 0x60C1, 0x58A0, 0x60A1, 0x79C6, 0x8A89, 0x8248, 0x7A07,
	0x81E6, 0x48E2, 0x38E2, 0x3061, 0x38E2, 0x7B09, 0x7309, 0x834A, 0x5246, 0x3964, 0x3985, 0x3984,
	0x6267, 0x7AE9, 0x6267, 0x49C5, 0x4185, 0x3964, 0x3123, 0x3143, 0x4184, 0x4184, 0x3984, 0x3943,
	0x4184, 0x3943, 0x3144, 0x41A5, 0x3985, 0x3984, 0x3964, 0x3984, 0x5206, 0x6246, 0x6A86, 0x6A65,
	0x7265, 0x51A3, 0x3102, 0x6A85, 0x6A85, 0x6A85, 0x6A85, 0x6A65, 0x7AC5, 0x9387, 0x9BCA, 0x7B2C,
	0x5249, 0x734C, 0x8247, 0x7102, 0x7965, 0x9A28, 0xB30B, 0xAA8A, 0xA185, 0x69E5, 0x4943, 0x5184,
	0x1860, 0x1880, 0x1860, 0x20A1, 0x1041, 0x0800, 0x0820, 0x20A1, 0x3102, 0x30E2, 0x30C1, 0x30A1,
	0x28A1, 0x1881, 0x0840, 0x0820, 0x0000, 0x0000, 0x0820, 0x1060, 0x3123, 0x5A26, 0x7AE8, 0x9BCB,
	0x9C0C, 0x8BCC, 0x8B8B, 0x8BAA, 0x93AA, 0x8B89, 0x8B47, 0x8307, 0x7A85, 0x7203, 0x7A03, 0x3901,
	0x1881, 0x1060, 0x1040, 0x20C2, 0x72A8, 0x72A9, 0x62A9, 0x6289, 0x81E6, 0x7963, 0x6983, 0x6984,
	0x71A4, 0x6142, 0x6163, 0x69E5, 0x3903, 0x2081, 0x2081, 0x1860, 0x0820, 0x1860, 0x4903, 0x4903,
	0x50C2, 0x5060, 0x4880, 0x58C2, 0x6102, 0x6102, 0x7123, 0x7922, 0x8142, 0x5102, 0x38C2, 0x3882,
	0x3061, 0x51C5, 0x7B49, 0x5227, 0x3985, 0x41A5, 0x3985, 0x41A5, 0x72E9, 0x8BAB, 0x72E9, 0x5206,
	0x5A47, 0x5A47, 0x5A47, 0x5A47, 0x5A47, 0x6288, 0x62A8, 0x6288, 0x6288, 0x5A47, 0x5227, 0x6288,
	0x5A67, 0x5206, 0x5206, 0x5A47, 0x6267, 0x72A7, 0x7B08, 0x72C6, 0x7264, 0x7265, 0x6A65, 0x6A85,
	0x6A85, 0x6A65, 0x6A64, 0x6A64, 0x7285, 0x9387, 0x93EC, 0x7BB0, 0x6B4F, 0x5AED, 0x626A, 0x79A6,
	0x9269, 0x92AA, 0x9289, 0x91A6, 0x7943, 0x4984, 0x30E2, 0x3923, 0x2080, 0x20A0, 0x2060, 0x1081,
	0x1881, 0x1040, 0x1881, 0x1060, 0x1881, 0x1860, 0x28C1, 0x30C1, 0x30A1, 0x30A1, 0x30A0, 0x2880,
	0x1860, 0x1040, 0x0000, 0x0000, 0x0820, 0x28C2, 0x49C5, 0x6A86, 0x8B28, 0x8B6A, 0x8B8A, 0x93A9,
	0x8B89, 0x93A9, 0x93C9, 0x93C8, 0xA3E8, 0x6245, 0x1061, 0x0840, 0x0820, 0x0840, 0x0000, 0x3165,
	0x7B6C, 0x736D, 0x7B8D, 0x7B8D, 0x732B, 0x7B0A, 0x93EC, 0x8BAB, 0x836B, 0x6267, 0x5A47, 0x8BCC,
	0x5248, 0x1041, 0x1060, 0x1881, 0x20A1, 0x1880, 0x38A1, 0x40C2, 0x48A1, 0x5080, 0x58A1, 0x58E2,
	0x5943, 0x60A0, 0x70E1, 0x68C1, 0x7101, 0x6902, 0x40E3, 0x3082, 0x3081, 0x38A2, 0x41A5, 0x3144,
	0x3984, 0x3985, 0x3144, 0x5206, 0x7B6B, 0x83AC, 0x7309, 0x72C9, 0x72E9, 0x6A88, 0x51E5, 0x6287,
	0x72E9, 0x6AC8, 0x5A46, 0x7B4B, 0x72E9, 0x6AC9, 0x730A, 0x6AE9, 0x730A, 0x6AC9, 0x6AC9, 0x7309,
	0x7B09, 0x8348, 0x8B49, 0x7AE7, 0x6224, 0x6A44, 0x7285, 0x6A85, 0x72A5, 0x7285, 0x7264, 0x6A64,
	0x72A5, 0x9387, 0x93CB, 0x6B4F, 0x62ED, 0x5ACC, 0x5AED, 0x8AAA, 0x92AA, 0x8AAA, 0x8228, 0x8985,
	0x7102, 0x40E2, 0x3903, 0x3923, 0x1860, 0x1880, 0x2080, 0x0820, 0x0000, 0x1881, 0x18A1, 0x0820,
	0x3123, 0x28E2, 0x1060, 0x2081, 0x2081, 0x20A1, 0x4143, 0x3902, 0x38A1, 0x30A1, 0x2080, 0x1040,
	0x0820, 0x0000, 0x1061, 0x4184, 0x6A85, 0x8327, 0x9388, 0x9388, 0x93A8, 0x93A8, 0x93A8, 0x9BC8,
	0xAC49, 0x5225, 0x0861, 0x18C1, 0x1061, 0x0840, 0x0840, 0x5269, 0x7B4B, 0x734C, 0x7B6C, 0x7B4C,
	0x6AA9, 0x72E9, 0x93CC, 0x8B8B, 0x834A, 0x6287, 0x5206, 0x7B2A, 0x7B4B, 0x3985, 0x1040, 0x1861,
	0x1861, 0x1060, 0x2881, 0x48E2, 0x48C1, 0x5881, 0x58C1, 0x50C2, 0x61C5, 0x7A26, 0x7983, 0x7163,
	0x7943, 0x8122, 0x6902, 0x48E2, 0x3061, 0x30C2, 0x3123, 0x3144, 0x3144, 0x3143, 0x3143, 0x5A47,
	0x8BAC, 0x836A, 0x834A, 0x8329, 0x832A, 0x832A, 0x6A87, 0x834A, 0x838B, 0x83AB, 0x6AE9, 0x6288,
	0x7B2A, 0x836B, 0x836B, 0x7B6B, 0x838C, 0x838B, 0x7B4B, 0x836B, 0x8B8A, 0x8B69, 0x8B69, 0x7AE7,
	0x6224, 0x6224, 0x6A65, 0x7AE6, 0x8327, 0x7AC6, 0x7285, 0x7265, 0x7AC6, 0x7B4A, 0x736E, 0x83D0,
	0x632E, 0x5AED, 0x728A, 0x8A87, 0x8247, 0x7268, 0x81E6, 0x99A5, 0x88E2, 0x58C1, 0x4123, 0x4123,
	0x1040, 0x1860, 0x1860, 0x0800, 0x0800, 0x0000, 0x0000, 0x0000, 0x1881, 0x2902, 0x18A1, 0x2081,
	0x1840, 0x0820, 0x2903, 0x20C2, 0x1840, 0x2881, 0x30A1, 0x30A1, 0x2080, 0x1040, 0x0800, 0x0820,
	0x3102, 0x6A86, 0x8327, 0x8B27, 0x9388, 0x9BC8, 0x9BE8, 0x9BC8, 0x9BC8, 0x3143, 0x1040, 0x18A1,
	0x18A2, 0x0840, 0x3144, 0x6B0B, 0x732B, 0x736C, 0x7B8D, 0x732B, 0x6268, 0x72C9, 0x836A, 0x8B8B,
	0x834A, 0x6AA8, 0x5206, 0x7B29, 0x836B, 0x62A9, 0x1861, 0x1860, 0x1881, 0x1860, 0x1060, 0x30C2,
	0x50C1, 0x5902, 0x51A4, 0x59E5, 0x61C5, 0x69E5, 0x71C5, 0x7287, 0x8A06, 0x8143, 0x7143, 0x7143,
	0x5103, 0x3144, 0x3144, 0x3143, 0x3144, 0x2903, 0x4184, 0x72E9, 0x8BCC, 0x8BAB, 0x834A, 0x7B09,
	0x834A, 0x8B8B, 0x8BAC, 0x8B8C, 0x838B, 0x836B, 0x8BAB, 0x62A8, 0x5226, 0x93ED, 0x8BCC, 0x8BAC,
	0x8BAC, 0x83AC, 0x838B, 0x8BAB, 0x8B8A, 0x8B8A, 0x8328, 0x72A6, 0x6224, 0x6224, 0x7285, 0x8327,
	0x8348, 0x72A5, 0x7284, 0x6225, 0x6B2C, 0x7BF0, 0x8C31, 0x94D3, 0x83D0, 0x81E6, 0x91A4, 0x9287,
	0x8226, 0x6A67, 0x71E5, 0x71A4, 0x71A4, 0x6A26, 0x61A4, 0x5143, 0x1860, 0x1860, 0x1881, 0x2104,
	0x3144, 0x28E3, 0x28E3, 0x2082, 0x1000, 0x0800, 0x1881, 0x2081, 0x1881, 0x1881, 0x18A1, 0x20A1,
	0x1860, 0x1020, 0x1040, 0x1881, 0x30C1, 0x28A1, 0x1860, 0x0820, 0x0800, 0x1861, 0x5205, 0x7AE7,
	0x8327, 0x8B87, 0x8B67, 0x8327, 0x72E7, 0x1061, 0x0840, 0x1081, 0x1081, 0x1040, 0x4A06, 0x62CA,
	0x6AEB, 0x732B, 0x6B0A, 0x6A88, 0x6288, 0x72C9, 0x7B2A, 0x7B4A, 0x7B4A, 0x72E9, 0x6247, 0x7B29,
	0x8BAC, 0x7B6C, 0x28C2, 0x1860, 0x1881, 0x1880, 0x28C2, 0x3143, 0x3902, 0x51C5, 0x61E5, 0x5923,
	0x5102, 0x5943, 0x69A4, 0x6A06, 0x7163, 0x68C1, 0x60C1, 0x60C1, 0x5102, 0x3164, 0x3964, 0x3144,
	0x3123, 0x2902, 0x5226, 0x8BAB, 0x93CC, 0x8B8B, 0x834A, 0x7B09, 0x8BAC, 0x8B8B, 0x836B, 0x7B4A,
	0x8BAB, 0x8BAC, 0x836B, 0x6AC9, 0x8BAC, 0x8BAC, 0x8BAC, 0x8BCC, 0x8BCC, 0x8BCC, 0x8BAB, 0x93AB,
	0x8B8A, 0x7B08, 0x6265, 0x6A45, 0x6224, 0x5A24, 0x6A65, 0x7285, 0x6224, 0x5A04, 0x59E3, 0x5A89,
	0x8C31, 0x8C71, 0x8451, 0x8B8E, 0x9164, 0x9902, 0x91A4, 0x8A26, 0x81C5, 0x7A26, 0x7A05, 0x6964,
	0x69C5, 0x69C5, 0x6163, 0x5143, 0x0800, 0x0800, 0x3965, 0x6B2D, 0x8410, 0x83EF, 0x7BCF, 0x7BAE,
	0x628A, 0x2081, 0x1061, 0x3903, 0x20A1, 0x2081, 0x28C2, 0x2903, 0x20C2, 0x1861, 0x1880, 0x1040,
	0x1881, 0x30A1, 0x28A1, 0x1860, 0x0820, 0x0820, 0x1881, 0x51E5, 0x72A6, 0x72C6, 0x72C6, 0x7AE7,
	0x5205, 0x1061, 0x0020, 0x0840, 0x1040, 0x1040, 0x3164, 0x41E7, 0x5248, 0x5A89, 0x5A68, 0x5A47,
	0x6288, 0x72E9, 0x7B2A, 0x7B29, 0x7309, 0x834A, 0x72C8, 0x6AA8, 0x836A, 0x8BEE, 0x41A5, 0x2080,
	0x20A1, 0x28E2, 0x3943, 0x2902, 0x1860, 0x20A1, 0x2881, 0x3881, 0x4964, 0x6184, 0x6964, 0x6163,
	0x6922, 0x60E2, 0x5860, 0x5860, 0x5123, 0x3984, 0x3944, 0x3964, 0x3123, 0x28E2, 0x6288, 0x8BEC,
	0x93CC, 0x8B6A, 0x8B6A, 0x832A, 0x836B, 0x8B8B, 0x8B6B, 0x836B, 0x8BAC, 0x838B, 0x838B, 0x7B6B,
	0x83AC, 0x8BAC, 0x8BAC, 0x8BAC, 0x8BCC, 0x8BCC, 0x8BCC, 0x8BAB, 0x93AA, 0x8306, 0x72A5, 0x5A04,
	0x7AA5, 0x7284, 0x7263, 0x6A23, 0x6246, 0x5248, 0x41C7, 0x5AEB, 0x8410, 0x8BCF, 0x7A68, 0x7963,
	0x8963, 0x9923, 0x9163, 0x8122, 0x8922, 0x7122, 0x7902, 0x70E1, 0x68E1, 0x70E1, 0x68E1, 0x60C1,
	0x2080, 0x2060, 0x20C2, 0x4164, 0x734D, 0x9CD3, 0x9492, 0x9492, 0x94B3, 0x49A6, 0x1840, 0x3943,
	0x1861, 0x28E2, 0x3922, 0x4184, 0x3944, 0x28C2, 0x1861, 0x1860, 0x20A1, 0x1881, 0x28A1, 0x2880,
	0x0800, 0x1040, 0x2080, 0x28E2, 0x4184, 0x51C4, 0x6245, 0x6A86, 0x1881, 0x1040, 0x1081, 0x0820,
	0x0820, 0x1081, 0x3144, 0x3985, 0x41A5, 0x41A6, 0x4A07, 0x5A68, 0x6268, 0x72E9, 0x7309, 0x7B29,
	0x7309, 0x7B6B, 0x7B2A, 0x6AE9, 0x72E9, 0x7B2B, 0x5A68, 0x28A1, 0x3923, 0x3143, 0x28E2, 0x1860,
	0x1860, 0x18A1, 0x0861, 0x18C2, 0x20E2, 0x28E2, 0x5123, 0x6123, 0x7143, 0x6923, 0x5880, 0x58A1,
	0x49C5, 0x49C5, 0x49A5, 0x3964, 0x2903, 0x28E2, 0x62A8, 0x93ED, 0x93CC, 0x8B6A, 0x7AE9, 0x7AE9,
	0x8B6A, 0x8B8B, 0x8B8B, 0x836B, 0x8BAC, 0x8BCC, 0x8BAC, 0x8BAC, 0x8BED, 0x8BCC, 0x730A, 0x8BCD,
	0x8BCC, 0x93CC, 0x93EC, 0x836A, 0x838B, 0x93CC, 0x93CB, 0x8BAC, 0x93CC, 0x8B8A, 0x7B2A, 0x72E9,
	0x5248, 0x39E7, 0x41E7, 0x59A5, 0x7964, 0x7943, 0x7143, 0x7143, 0x8163, 0x8102, 0x78E1, 0x68C1,
	0x7901, 0x6922, 0x7943, 0x7142, 0x68E1, 0x70E1, 0x60A1, 0x5880, 0x28C1, 0x30C1, 0x1860, 0x28C1,
	0x4144, 0x8C72, 0x9472, 0x9472, 0x9492, 0x6289, 0x1000, 0x20C2, 0x20C2, 0x28E2, 0x3922, 0x49A4,
	0x3964, 0x28E3, 0x1861, 0x1040, 0x20C2, 0x3143, 0x20C2, 0x28C1, 0x1861, 0x1860, 0x28C1, 0x28C2,
	0x20A1, 0x20A1, 0x3943, 0x28E2, 0x0000, 0x0820, 0x0840, 0x1040, 0x0020, 0x18C2, 0x3984, 0x3964,
	0x3964, 0x3144, 0x3964, 0x41C6, 0x5A67, 0x6AC8, 0x62A8, 0x6AE8, 0x7309, 0x7B4B, 0x836A, 0x7B2A,
	0x7B4A, 0x6AA8, 0x5A88, 0x3964, 0x4163, 0x3923, 0x1880, 0x1860, 0x1060, 0x1061, 0x1081, 0x1081,
	0x20E2, 0x20E2, 0x20C2, 0x4902, 0x7943, 0x7143, 0x58E2, 0x5164, 0x49E6, 0x49E6, 0x49E6, 0x3964,
	0x20C2, 0x49E5, 0x7B29, 0x8BCC, 0x93CD, 0x8B8B, 0x834A, 0x836B, 0x8B8B, 0x8B6B, 0x836A, 0x836B,
	0x8BCC, 0x93ED, 0x940D, 0x83AC, 0x8BCC, 0x838B, 0x93ED, 0x93CD, 0x8BCC, 0x93EC, 0x93CC, 0x8BAB,
	0x6B0D, 0x7370, 0x6B4F, 0x734F, 0x7390, 0x7370, 0x6B2E, 0x5ACC, 0x49E7, 0x5944, 0x7122, 0x70C1,
	0x70A0, 0x78E1, 0x8184, 0x8122, 0x7922, 0x8163, 0x7143, 0x6164, 0x6963, 0x71C4, 0x79A4, 0x6902,
	0x58C1, 0x50A0, 0x58C1, 0x50A1, 0x28C1, 0x30C1, 0x28A0, 0x1881, 0x28A1, 0x736E, 0xAD56, 0xA4F4,
	0xAD14, 0x6ACA, 0x1000, 0x20C2, 0x28E2, 0x3922, 0x3922, 0x4184, 0x4185, 0x3144, 0x2903, 0x18A2,
	0x0820, 0x1881, 0x2902, 0x3964, 0x3964, 0x3143, 0x2903, 0x20C1, 0x1881, 0x1881, 0x18A1, 0x18A1,
	0x1060, 0x0840, 0x0840, 0x0000, 0x0020, 0x3123, 0x4184, 0x3984, 0x4184, 0x4184, 0x4184, 0x4184,
	0x5A46, 0x834B, 0x7B4A, 0x7B4A, 0x7329, 0x7B2A, 0x7B4B, 0x7B6C, 0x83AC, 0x836B, 0x5A26, 0x5206,
	0x4184, 0x4184, 0x3922, 0x2080, 0x1040, 0x0820, 0x1041, 0x1081, 0x20C2, 0x2903, 0x3123, 0x3964,
	0x4943, 0x4922, 0x4144, 0x4184, 0x49C5, 0x49E6, 0x49C5, 0x2923, 0x20C2, 0x5206, 0x7B09, 0x8BAB,
	0x93ED, 0x8BCC, 0x8BCC, 0x8BAC, 0x8BAC, 0x8B8B, 0x836B, 0x8BAB, 0x93CC, 0x93CD, 0x93ED, 0x8BAC,
	0x8BAC, 0x838C, 0x93ED, 0x93ED, 0x93CC, 0x8BCB, 0x93EC, 0x93CC, 0x630D, 0x736E, 0x5AAA, 0x5A6A,
	0x5AAB, 0x524A, 0x526B, 0x5A29, 0x6922, 0x78E1, 0x70E1, 0x70E1, 0x70E1, 0x68A1, 0x68C1, 0x70C1,
	0x78E1, 0x7922, 0x6922, 0x7143, 0x7183, 0x58C1, 0x70E1, 0x60C1, 0x60E1, 0x6102, 0x6123, 0x5103,
	0x28C1, 0x28C1, 0x30C1, 0x1881, 0x20A1, 0x3144, 0x6B0B, 0x8C30, 0x8C10, 0x5184, 0x1020, 0x28C2,
	0x28E2, 0x30E1, 0x3922, 0x3943, 0x49E6, 0x5248, 0x4A07, 0x41C6, 0x3123, 0x1040, 0x1040, 0x3143,
	0x41A4, 0x3143, 0x2903, 0x20C2, 0x20C2, 0x20A1, 0x18A1, 0x20C2, 0x18A1, 0x1061, 0x0840, 0x0000,
	0x1081, 0x4184, 0x41A5, 0x41C5, 0x49E5, 0x49C5, 0x49C5, 0x5A25, 0x5A46, 0x72E8, 0x7309, 0x72E8,
	0x7B2A, 0x732B, 0x732C, 0x7B8D, 0x8BEE, 0x8BCD, 0x6AA8, 0x5A47, 0x72E9, 0x6267, 0x5205, 0x4143,
	0x30C2, 0x28C2, 0x2903, 0x3964, 0x3984, 0x3964, 0x4184, 0x3964, 0x2903, 0x2103, 0x3164, 0x3944,
	0x4164, 0x49A4, 0x4184, 0x28E2, 0x28E2, 0x5206, 0x72E9, 0x8BAC, 0x8BED, 0x8BCC, 0x8BAC, 0x8B8B,
	0x8B8B, 0x838B, 0x838B, 0x93ED, 0x93ED, 0x93CD, 0x8BCC, 0x8BCC, 0x838C, 0x93ED, 0x93ED, 0x93CC,
	0x93CC, 0x93AB, 0x9BEC, 0x93CC, 0x734D, 0x62EC, 0x5AAA, 0x5A89, 0x5AAA, 0x524A, 0x526A, 0x6922,
	0x68E1, 0x60E1, 0x68E1, 0x68E1, 0x70E1, 0x68C1, 0x68C1, 0x68C1, 0x68C1, 0x60A1, 0x58A0, 0x58A0,
	0x68C1, 0x60C1, 0x60E1, 0x60E1, 0x7143, 0x79E6, 0x7207, 0x5985, 0x28C1, 0x28C1, 0x30C1, 0x1860,
	0x20A2, 0x49E7, 0x3944, 0x30E2, 0x2081, 0x2060, 0x1060, 0x28E2, 0x28E1, 0x3101, 0x3101, 0x4964,
	0x51C6, 0x5A28, 0x5A68, 0x5228, 0x4185, 0x20A1, 0x1020, 0x1061, 0x3143, 0x2903, 0x28E2, 0x2903,
	0x2903, 0x28E2, 0x1881, 0x1881, 0x1040, 0x1882, 0x1041, 0x0840, 0x28E3, 0x49C5, 0x4A06, 0x5226,
	0x5A25, 0x6266, 0x6266, 0x5A25, 0x6A86, 0x72E8, 0x7309, 0x72E9, 0x730A, 0x7B6C, 0x734C, 0x83CE,
	0x942F, 0x8BED, 0x7309, 0x5A47, 0x7B09, 0x7309, 0x6AA8, 0x6A87, 0x5A26, 0x6267, 0x72E9, 0x6AA8,
	0x6247, 0x49A5, 0x3964, 0x2903, 0x20E2, 0x3123, 0x3964, 0x3964, 0x3944, 0x4184, 0x28E2, 0x20C2,
	0x3944, 0x5A47, 0x72E9, 0x8BCC, 0x93ED, 0x8BCC, 0x8BCD, 0x836B, 0x838B, 0x836B, 0x8BCC, 0x93ED,
	0x93ED, 0x8BCC, 0x838C, 0x83AC, 0x8BAC, 0x93ED, 0x93EC, 0x93CC, 0x93EC, 0x93EC, 0x93CC, 0x7AA9,
	0x69E7, 0x6A28, 0x59A6, 0x50E3, 0x6103, 0x59C7, 0x61A6, 0x68E1, 0x58E1, 0x58E1, 0x68C1, 0x70C1,
	0x70C1, 0x68A1, 0x70A1, 0x68A1, 0x58A1, 0x5080, 0x58A1, 0x58A1, 0x58A1, 0x60C1, 0x60A1, 0x6923,
	0x71C6, 0x7A48, 0x7269, 0x7228, 0x28E1, 0x28E1, 0x28A1, 0x2060, 0x40A1, 0x83CF, 0x9451, 0x5A48,
	0x38A1, 0x2860, 0x1040, 0x3102, 0x28E1, 0x30E1, 0x4121, 0x51A4, 0x4965, 0x51C6, 0x4A07, 0x4A07,
	0x3944, 0x18A1, 0x0820, 0x20A1, 0x3123, 0x2903, 0x2903, 0x2903, 0x2923, 0x2923, 0x1881, 0x1061,
	0x0840, 0x2081, 0x1881, 0x18C2, 0x3964, 0x5A26, 0x5A26, 0x5A46, 0x6266, 0x6AA6, 0x7B06, 0x72E7,
	0x7B28, 0x7B49, 0x730A, 0x7309, 0x7B4B, 0x7B6C, 0x7B4C, 0x83AD, 0x8BEE, 0x83AC, 0x7309, 0x6AC8,
	0x7B4A, 0x7B4A, 0x7B29, 0x7B29, 0x7309, 0x7309, 0x7B29, 0x6267, 0x4184, 0x28E2, 0x20E2, 0x20C2,
	0x2903, 0x3944, 0x3123, 0x3964, 0x3964, 0x28E2, 0x18A1, 0x28E2, 0x49C5, 0x6288, 0x6AC9, 0x8BAC,
	0x838B, 0x8BAC, 0x8BED, 0x8BAC, 0x83AC, 0x838B, 0x8BAC, 0x8BAC, 0x838B, 0x8BCC, 0x83AC, 0x838B,
	0x8BCC, 0x93EC, 0x9BEB, 0x93CB, 0x9C0C, 0x8B8B, 0x7227, 0x7228, 0x6A07, 0x7248, 0x61C6, 0x5923,
	0x6144, 0x6123, 0x60E2, 0x58E1, 0x60C1, 0x70A1, 0x7081, 0x6861, 0x5861, 0x5880, 0x60A1, 0x5881,
	0x5880, 0x5080, 0x5080, 0x5880, 0x5080, 0x58A1, 0x58A1, 0x6965, 0x7A28, 0x7269, 0x6A48, 0x7248,
	0x28E2, 0x3102, 0x20C1, 0x3060, 0x6123, 0x738E, 0x9CD4, 0x8410, 0x51A5, 0x2860, 0x1061, 0x28E2,
	0x30E1, 0x4121, 0x5163, 0x4944, 0x4964, 0x49A5, 0x49E7, 0x41A5, 0x2903, 0x1881, 0x1881, 0x28E2,
	0x3103, 0x28E2, 0x28E2, 0x2903, 0x2902, 0x28E2, 0x18A2, 0x18A1, 0x1081, 0x1881, 0x2903, 0x3144,
	0x49E5, 0x6287, 0x6266, 0x6AA7, 0x72E7, 0x7B07, 0x8347, 0x8B89, 0x93AB, 0x93CC, 0x7B4B, 0x7B4B,
	0x7B8D, 0x734B, 0x6AEA, 0x7B6B, 0x836C, 0x7B4A, 0x732A, 0x7309, 0x7B09, 0x72E9, 0x7309, 0x7B29,
	0x72E8, 0x72C8, 0x7309, 0x6267, 0x28E2, 0x1081, 0x1081, 0x4184, 0x4184, 0x3923, 0x3122, 0x3123,
	0x28E2, 0x1881, 0x20C2, 0x3964, 0x5226, 0x72C9, 0x7B4A, 0x8BAC, 0x838B, 0x6AC9, 0x838B, 0x8BED,
	0x8BCC, 0x93ED, 0x5A67, 0x5A67, 0x93ED, 0x72E9, 0x836C, 0x83AC, 0x838C, 0x93EB, 0x93AB, 0x93EC,
	0x8BAB, 0x59A5, 0x6185, 0x7228, 0x7207, 0x7A28, 0x7A07, 0x6103, 0x7923, 0x6943, 0x6143, 0x5963,
	0x60A1, 0x6061, 0x5061, 0x4840, 0x4040, 0x4060, 0x4860, 0x4040, 0x4060, 0x4060, 0x4860, 0x4860,
	0x4060, 0x4881, 0x50E2, 0x6165, 0x71C6, 0x7228, 0x7269, 0x7248, 0x2902, 0x28E2, 0x20E2, 0x38A1,
	0x61E7, 0x8410, 0x94B3, 0x8430, 0x5A8A, 0x1860, 0x1881, 0x30E2, 0x3922, 0x59A2, 0x4963, 0x4124,
	0x4144, 0x41A6, 0x41C6, 0x3985, 0x20C2, 0x20A2, 0x3984, 0x3103, 0x3103, 0x28E2, 0x3103, 0x3103,
	0x2903, 0x28E2, 0x1881, 0x1881, 0x1040, 0x28E3, 0x3985, 0x49E6, 0x6288, 0x7309, 0x72E8, 0x7B49,
	0x8349, 0x8B69, 0x9389, 0x9BEC, 0x9BED, 0x8B8B, 0x838C, 0x83AD, 0x838C, 0x7B2A, 0x730A, 0x732A,
	0x7B2A, 0x7B4A, 0x7309, 0x6AC8, 0x6AC8, 0x7309, 0x72E8, 0x7B29, 0x7B29, 0x7B29, 0x7B4A, 0x6AA8,
	0x3123, 0x1881, 0x28E2, 0x51E5, 0x4164, 0x3123, 0x28E2, 0x20A1, 0x1881, 0x20A2, 0x3144, 0x49E6,
	0x5A47, 0x7B2A, 0x8BAC, 0x8BAC, 0x93ED, 0x838C, 0x730A, 0x62A8, 0x93ED, 0x838C, 0x62A8, 0x5A67,
	0x732A, 0x732A, 0x7B4B, 0x7B4B, 0x8BAC, 0x93CC, 0x93AB, 0x7B08, 0x4964, 0x4103, 0x5964, 0x6964,
	0x7185, 0x7164, 0x7123, 0x5860, 0x7963, 0x6A06, 0x5943, 0x6206, 0x49A5, 0x3840, 0x4081, 0x40A1,
	0x3881, 0x3881, 0x4902, 0x5143, 0x3020, 0x3020, 0x3060, 0x3861, 0x3881, 0x40A2, 0x48C2, 0x50E3,
	0x6165, 0x69C6, 0x6A07, 0x6A28, 0x2902, 0x28E2, 0x1860, 0x4123, 0x7B4D, 0x8C51, 0x8C31, 0x83F0,
	0x5A68, 0x1840, 0x20A1, 0x3102, 0x4163, 0x4983, 0x4123, 0x4123, 0x3965, 0x41A6, 0x3985, 0x3124,
	0x20C2, 0x3123, 0x4184, 0x3123, 0x3123, 0x3103, 0x2903, 0x2902, 0x3103, 0x20A2, 0x0820, 0x1041,
	0x0820, 0x3986, 0x5248, 0x62A9, 0x730A, 0x7B4A, 0x7B2A, 0x838B, 0x8B6B, 0x8B6A, 0x93EC, 0xAC4E,
	0x9BED, 0x7B2A, 0x836B, 0x838C, 0x838C, 0x7B4A, 0x730A, 0x7309, 0x7309, 0x7B29, 0x7B29, 0x6AE9,
	0x732A, 0x836A, 0x7309, 0x7B4A, 0x7B4A, 0x8B8B, 0x834A, 0x72E8, 0x49C5, 0x3944, 0x49A4, 0x4984,
	0x4184, 0x3964, 0x2903, 0x20C2, 0x28E2, 0x3123, 0x41A5, 0x51E6, 0x6288, 0x836B, 0x93ED, 0x836B,
	0x93ED, 0x7B4B, 0x7B4B, 0x62A8, 0x8BCD, 0x8BED, 0x732A, 0x83AC, 0x730A, 0x838C, 0x8BAC, 0x838B,
	0x8B8B, 0x8B8B, 0x93CC, 0x6226, 0x38C2, 0x4123, 0x5123, 0x60E2, 0x6902, 0x70E1, 0x68C0, 0x6963,
	0x7A46, 0x6A26, 0x6A46, 0x7B09, 0x49E5, 0x3902, 0x3081, 0x38C2, 0x30A1, 0x30A1, 0x4164, 0x51C5,
	0x4123, 0x4963, 0x4984, 0x38E2, 0x3040, 0x4081, 0x5103, 0x7247, 0x6206, 0x3903, 0x4123, 0x3923,
	0x28E2, 0x20E2, 0x1881, 0x5228, 0x8410, 0x8C31, 0x8C31, 0x83F0, 0x49C5, 0x1040, 0x28C2, 0x3102,
	0x4984, 0x4143, 0x3923, 0x4144, 0x3984, 0x41A5, 0x49E6, 0x2903, 0x28E2, 0x3964, 0x3123, 0x3123,
	0x3123, 0x3123, 0x3103, 0x28E3, 0x2902, 0x1881, 0x0820, 0x1040, 0x0820, 0x3144, 0x62CA, 0x730B,
	0x7B6B, 0x836B, 0x7B4B, 0x836C, 0x8B6C, 0x8B8B, 0x9C0E, 0xA42F, 0x940E, 0x732B, 0x836B, 0x836B,
	0x7B4B, 0x7B29, 0x7309, 0x7B2A, 0x7B29, 0x7B2A, 0x7B6B, 0x7B4B, 0x7B4B, 0x7B2A, 0x7B29, 0x7B4A,
	0x7B29, 0x834A, 0x7B2A, 0x7309, 0x72A8, 0x5A26, 0x5A26, 0x5206, 0x49E6, 0x41A5, 0x3143, 0x3123,
	0x3943, 0x41A4, 0x49A5, 0x51E5, 0x6A88, 0x838B, 0x93ED, 0x93ED, 0x93CC, 0x93CD, 0x93ED, 0x940D,
	0x8BED, 0x8BCC, 0x838C, 0x7B4B, 0x5A67, 0x8BAB, 0x7B29, 0x93EC, 0x93EC, 0x940D, 0x72E9, 0x2881,
	0x2881, 0x4923, 0x5903, 0x60A1, 0x7102, 0x78E1, 0x7902, 0x7A67, 0x7206, 0x7246, 0x7B4A, 0x7B29,
	0x5A46, 0x2923, 0x1040, 0x1020, 0x1040, 0x0820, 0x1040, 0x49C5, 0x5A67, 0x838A, 0x6AC8, 0x8B8B,
	0x8B4A, 0x48E2, 0x6A27, 0x834A, 0x59E5, 0x3903, 0x3923, 0x4103, 0x28E2, 0x28E2, 0x39A6, 0x632D,
	0x8410, 0x8C31, 0x738E, 0x6B0B, 0x28C2, 0x1860, 0x2902, 0x3123, 0x4184, 0x4184, 0x3943, 0x4164,
	0x3143, 0x49C5, 0x6287, 0x5226, 0x3123, 0x3143, 0x4184, 0x3944, 0x3103, 0x3123, 0x3123, 0x3123,
	0x3123, 0x20C2, 0x18A1, 0x18A1, 0x1860, 0x3965, 0x6AEB, 0x734C, 0x83AE, 0x8BCE, 0x83AD, 0x8BEE,
	0x8BEE, 0x940F, 0xA450, 0x8B8C, 0x8BCD, 0x732C, 0x7B4B, 0x7B4A, 0x7B2A, 0x7B2A, 0x7B4A, 0x7B29,
	0x7B49, 0x7B4A, 0x83AD, 0x838C, 0x730A, 0x7309, 0x7B2A, 0x7B2A, 0x7309, 0x7B29, 0x7B4A, 0x7B2A,
	0x6AA8, 0x6267, 0x8329, 0x8B09, 0x5A26, 0x41A5, 0x3944, 0x4184, 0x4184, 0x49A5, 0x51C5, 0x5206,
	0x6288, 0x836B, 0x93ED, 0x8BCC, 0x8BCC, 0x93ED, 0x940D, 0x8BAC, 0x838C, 0x838C, 0x838B, 0x836B,
	0x8BAC, 0x6266, 0x6266, 0x7B29, 0x9C2D, 0x836B, 0x30C2, 0x2061, 0x3923, 0x48E2, 0x7102, 0x78C2,
	0x7102, 0x8122, 0x8984, 0x7A26, 0x71C5, 0x72C8, 0x7B29, 0x7309, 0x6AC8, 0x2903, 0x1861, 0x1020,
	0x1041, 0x1020, 0x0820, 0x3144, 0x4184, 0x72E9, 0x7B09, 0x9BEC, 0x838A, 0x6226, 0x4061, 0x4861,
	0x4081, 0x40E3, 0x4903, 0x5964, 0x20C2, 0x20C2, 0x4A06, 0x6B0B, 0x7B6D, 0x7B6C, 0x6289, 0x3943,
	0x1020, 0x20C2, 0x20C2, 0x3123, 0x3123, 0x3143, 0x3143, 0x4A06, 0x3123, 0x41A4, 0x5226, 0x6AA8,
	0x5A47, 0x3944, 0x3964, 0x3964, 0x3943, 0x3943, 0x3123, 0x3123, 0x3123, 0x20C2, 0x20C1, 0x20C2,
	0x20A1, 0x3144, 0x6B0C, 0x6B2C, 0x83AE, 0x8C0F, 0x8BCE, 0x8BEF, 0x8BEF, 0x9430, 0xA450, 0x9C2F,
	0x83AD, 0x6B0B, 0x730A, 0x7B2A, 0x7B2A, 0x7B4A, 0x730A, 0x7B4A, 0x836A, 0x7B2A, 0x7B4B, 0x7B4B,
	0x7B2A, 0x7309, 0x7B29, 0x834A, 0x7B09, 0x834A, 0x836A, 0x6AA8, 0x20C2, 0x18A1, 0x3943, 0x72A8,
	0x72A8, 0x49C5, 0x3985, 0x49C5, 0x51E5, 0x51E5, 0x5206, 0x6247, 0x6288, 0x838B, 0x8BAC, 0x8BAC,
	0x8B8B, 0x93CC, 0x838B, 0x6AC9, 0x8BCC, 0x8BAC, 0x8BED, 0x8BAC, 0x93ED, 0x5A04, 0x6AA7, 0x7B09,
	0x836A, 0x38E2, 0x2040, 0x30C2, 0x51C5, 0x50C1, 0x78E1, 0x90E2, 0x9081, 0x88E2, 0x8164, 0x71A4,
	0x5A26, 0x6AC8, 0x7B09, 0x5A46, 0x3964, 0x20A2, 0x1861, 0x1020, 0x1861, 0x1061, 0x1020, 0x2903,
	0x3944, 0x6AC8, 0x7309, 0x6AA8, 0x6AC8, 0x8329, 0x6081, 0x5820, 0x5840, 0x5903, 0x61A5, 0x6A06,
	0x41A4, 0x41A5, 0x41C5, 0x49E5, 0x5A47, 0x6287, 0x6AA8, 0x3964, 0x18A2, 0x4A06, 0x2903, 0x20C2,
	0x1881, 0x20C2, 0x2902, 0x3943, 0x2903, 0x2903, 0x2903, 0x3984, 0x6267, 0x49C5, 0x41A5, 0x4184,
	0x3964, 0x3964, 0x3944, 0x3944, 0x3123, 0x2081, 0x2081, 0x1881, 0x1860, 0x20A2, 0x5A69, 0x62CA,
	0x7B6D, 0x83AD, 0x83AE, 0x8BCE, 0x8BEE, 0x940F, 0x9C50, 0xA491, 0x8C0F, 0x732C, 0x7B2A, 0x7B2A,
	0x732A, 0x7B2A, 0x730A, 0x7B4A, 0x7B2A, 0x7B09, 0x7B2A, 0x7309, 0x834A, 0x7B2A, 0x7B29, 0x7B2A,
	0x7B2A, 0x7B2A, 0x7B2A, 0x5A26, 0x1040, 0x0841, 0x18A2, 0x6226, 0x6A67, 0x4184, 0x3964, 0x41A5,
	0x5205, 0x5206, 0x5A27, 0x6287, 0x6AA8, 0x93EC, 0x7B4A, 0x836B, 0x8B8B, 0x834A, 0x8BAB, 0x8BAB,
	0x838C, 0x836B, 0x940D, 0x940D, 0x940E, 0x7309, 0x49E3, 0x7B4A, 0x28A1, 0x2020, 0x2860, 0x49C5,
	0x51A4, 0x58E2, 0x81A4, 0x9143, 0xA143, 0x9963, 0x9123, 0x7143, 0x38A1, 0x59E5, 0x7309, 0x6267,
	0x3903, 0x30C2, 0x2060, 0x1840, 0x2082, 0x2881, 0x2061, 0x1000, 0x3123, 0x6267, 0x7309, 0x7B09,
	0x836A, 0x836A, 0x6902, 0x6881, 0x6880, 0x6984, 0x72A8, 0x72A8, 0x41A4, 0x49C5, 0x3984, 0x3123,
	0x49C5, 0x49E5, 0x3964, 0x20C2, 0x1061, 0x28E3, 0x2902, 0x1881, 0x0820, 0x0820, 0x1881, 0x28C2,
	0x28E2, 0x20A2, 0x0820, 0x3123, 0x5A46, 0x49A5, 0x41A4, 0x41A4, 0x4184, 0x41A5, 0x4185, 0x41A5,
	0x3144, 0x1040, 0x0820, 0x0800, 0x0000, 0x1040, 0x41C6, 0x5269, 0x6B0C, 0x7B6C, 0x838C, 0x83CE,
	0x8BEF, 0x8C30, 0x8BEE, 0x8BEF, 0x8C0F, 0x83CE, 0x838D, 0x838D, 0x7B6C, 0x7B4B, 0x7B4B, 0x838B,
	0x7B4A, 0x7309, 0x7B6B, 0x7B4B, 0x836B, 0x7B4A, 0x730A, 0x7B4B, 0x7B4B, 0x72E9, 0x6AE9, 0x7288,
	0x4143, 0x20C2, 0x3964, 0x7267, 0x51E5, 0x3964, 0x3964, 0x3164, 0x49C5, 0x5A06, 0x5A47, 0x6A88,
	0x7B0A, 0xA40D, 0x8BAC, 0x8BCC, 0x8B8B, 0x832A, 0x93EC, 0x8BCC, 0x8BAC, 0x7B2A, 0x8B8B, 0x82A8,
	0x71E5, 0x71A4, 0x5942, 0x38E2, 0x2020, 0x2040, 0x30A1, 0x6247, 0x4923, 0x68E2, 0x8143, 0x8964,
	0xA164, 0xA1A4, 0x9964, 0x5923, 0x5184, 0x59A4, 0x6A87, 0x72C8, 0x61E5, 0x40E2, 0x3061, 0x3061,
	0x30A1, 0x38C1, 0x2861, 0x30C2, 0x5A26, 0x49A4, 0x51A4, 0x72C8, 0x6287, 0x51E5, 0x5901, 0x58E1,
	0x60E1, 0x6983, 0x836A, 0x838B, 0x49C5, 0x5205, 0x3984, 0x4184, 0x72E8, 0x72C8, 0x3123, 0x20C2,
	0x1040, 0x1020, 0x20A1, 0x1060, 0x1040, 0x1020, 0x20A2, 0x3143, 0x3943, 0x20A1, 0x1040, 0x3143,
	0x5206, 0x41A4, 0x51C5, 0x49C5, 0x3984, 0x3964, 0x3144, 0x3143, 0x3123, 0x0020, 0x0000, 0x0820,
	0x0840, 0x0820, 0x20C2, 0x39C7, 0x5AAA, 0x734C, 0x7B4B, 0x7B8D, 0x83CE, 0x83AE, 0x7B8D, 0x9451,
	0x83CF, 0x83CE, 0x83CE, 0x83AD, 0x7B6C, 0x7B6D, 0x83CE, 0x8BCD, 0x838B, 0x7B6B, 0x7B2A, 0x7B4B,
	0x7B4B, 0x7B2A, 0x7B2A, 0x7B4A, 0x7B6B, 0x732A, 0x62A8, 0x72E8, 0x7288, 0x6206, 0x6A67, 0x6246,
	0x49A4, 0x3985, 0x3984, 0x3984, 0x3984, 0x49E5, 0x5A47, 0x6AA8, 0x836B, 0x9C0D, 0x838B, 0x8BCC,
	0x8B8B, 0x8B8B, 0x834A, 0x7B0A, 0x7B2A, 0x8309, 0x7962, 0x7921, 0x68C1, 0x60C1, 0x6963, 0x40C2,
	0x2040, 0x2040, 0x38E2, 0x51A4, 0x50E2, 0x70A1, 0x88A1, 0x9122, 0x8983, 0x9184, 0x7963, 0x48C1,
	0x5123, 0x59C5, 0x6206, 0x6226, 0x6A67, 0x4902, 0x3860, 0x4081, 0x40E1, 0x48C1, 0x4061, 0x3881,
	0x51C5, 0x6267, 0x72A8, 0x6A67, 0x59E5, 0x4943, 0x5902, 0x58E1, 0x6902, 0x7163, 0x79E5, 0x7247,
	0x5A47, 0x5A26, 0x49C5, 0x72A8, 0x834A, 0x7B2A, 0x3944, 0x0820, 0x1840, 0x1860, 0x1860, 0x1040,
	0x1060, 0x1881, 0x1881, 0x3123, 0x2903, 0x3102, 0x20C1, 0x18A1, 0x3123, 0x51E5, 0x5A06, 0x49C5,
	0x3123, 0x28E2, 0x28E3, 0x28E3, 0x2903, 0x1061, 0x1060, 0x1060, 0x1060, 0x0820, 0x20C3, 0x39C6,
	0x5AAA, 0x7B8D, 0x734B, 0x6B0C, 0x7B8D, 0x7B8D, 0x7B6C, 0x9C50, 0x9492, 0x8C10, 0x83CE, 0x83CE,
	0x7B8D, 0x83CE, 0x8C0F, 0x9450, 0x8BAD, 0x836B, 0x7B4B, 0x7309, 0x7B2A, 0x7B4B, 0x7B4B, 0x732A,
	0x7B2A, 0x6B09, 0x6AC8, 0x72C8, 0x72A8, 0x7AA8, 0x6247, 0x5206, 0x49C5, 0x41C5, 0x3985, 0x3985,
	0x3164, 0x6267, 0x7B09, 0x6AA8, 0x93AC, 0x9BED, 0x838B, 0x93EC, 0x8BAC, 0x61A5, 0x4040, 0x59A5,
	0x6267, 0x8349, 0x71A3, 0x8163, 0x6122, 0x6184, 0x8246, 0x5123, 0x2020, 0x2840, 0x30C2, 0x5183,
	0x68A1, 0x78A1, 0x8122, 0x81A4, 0x8163, 0x8163, 0x7A26, 0x69A4, 0x6143, 0x59A4, 0x51A4, 0x6267,
	0x5184, 0x3840, 0x4060, 0x4081, 0x38E2, 0x40C2, 0x4060, 0x4060, 0x4902, 0x6A87, 0x6A87, 0x6206,
	0x59A4, 0x6A26, 0x6963, 0x60E1, 0x6102, 0x71E5, 0x71C4, 0x6983, 0x5A67, 0x5A47, 0x4184, 0x5A26,
	0x832A, 0x7B4B, 0x41A5, 0x0800, 0x1880, 0x1860, 0x1060, 0x1040, 0x18A1, 0x20C2, 0x1881, 0x20E2,
	0x3964, 0x4184, 0x3943, 0x20E2, 0x3964, 0x5A47, 0x5A27, 0x4184, 0x2903, 0x28E2, 0x28E2, 0x28E2,
	0x2902, 0x1881, 0x1040, 0x1060, 0x1061, 0x0840, 0x18C2, 0x39A6, 0x5AAA, 0x62A9, 0x49E6, 0x41A5,
	0x5A68, 0x734C, 0x834C, 0x7B0A, 0x83AD, 0x83CE, 0x7B6D, 0x7B8D, 0x7B6D, 0x7B6C, 0x83AD, 0x83AD,
	0x83AC, 0x836B, 0x838B, 0x7B6A, 0x838B, 0x838C, 0x7B6B, 0x7B4A, 0x836B, 0x7B4A, 0x8309, 0x6206,
	0x4164, 0x6226, 0x7287, 0x5A06, 0x49E6, 0x41C5, 0x3964, 0x41A5, 0x5A27, 0x9BEC, 0x8B8B, 0x6267,
	0x72E9, 0x7B4A, 0x838B, 0x8BAB, 0x5103, 0x3800, 0x4020, 0x48A2, 0x6AA8, 0x7B29, 0x7287, 0x6983,
	0x7963, 0x7A05, 0x7205, 0x5143, 0x2020, 0x2840, 0x3081, 0x50A1, 0x80A1, 0x80A1, 0x8902, 0x7A67,
	0x7246, 0x6983, 0x6163, 0x69C5, 0x61C4, 0x6A26, 0x5A05, 0x6AC8, 0x4943, 0x3840, 0x4081, 0x38C2,
	0x4123, 0x48E2, 0x4060, 0x4040, 0x5102, 0x6A87, 0x72A8, 0x6A46, 0x6984, 0x71E5, 0x6984, 0x60C1,
	0x6122, 0x7226, 0x7246, 0x69C4, 0x6AC8, 0x72E8, 0x5226, 0x3943, 0x7B09, 0x838B, 0x5228, 0x0800,
	0x1040, 0x1860, 0x1040, 0x1060, 0x1061, 0x1040, 0x1060, 0x20C2, 0x3944, 0x3964, 0x20E2, 0x28E3,
	0x3944, 0x49C5, 0x6267, 0x49A5, 0x3944, 0x3943, 0x3943, 0x3943, 0x3964, 0x2902, 0x1040, 0x1040,
	0x0820, 0x0800, 0x3144, 0x5AA9, 0x6ACA, 0x5206, 0x51E5, 0x49C5, 0x49E5, 0x5A68, 0x72EA, 0x7B0A,
	0x7B2A, 0x836B, 0x7B6B, 0x732B, 0x732B, 0x7B4B, 0x7B4A, 0x7B4A, 0x7B29, 0x7B29, 0x7B29, 0x836B,
	0x8BCC, 0x8BCC, 0x836B, 0x838B, 0x836B, 0x832A, 0x72A8, 0x28E2, 0x0840, 0x0840, 0x49E5, 0x5A26,
	0x49C5, 0x41A5, 0x3985, 0xA40C, 0x7B09, 0xA42D, 0x6AC8, 0x6287, 0x62A8, 0x6AC8, 0x6AC8, 0x6AA8,
	0x48C2, 0x4040, 0x4081, 0x40C2, 0x51E5, 0x6267, 0x6AA8, 0x7246, 0x8205, 0x6183, 0x6183, 0x5122,
	0x2840, 0x2840, 0x38A1, 0x6081, 0x80A1, 0x80C1, 0x8922, 0x7A47, 0x6A87, 0x6A26, 0x6143, 0x6143,
	0x6184, 0x6163, 0x5123, 0x5984, 0x48A1, 0x4880, 0x48C2, 0x4123, 0x5184, 0x5123, 0x4081, 0x4081,
	0x4880, 0x50E1, 0x5923, 0x6184, 0x69C5, 0x69C5, 0x69A4, 0x69A4, 0x6122, 0x7205, 0x7246, 0x69A4,
	0x8BAC, 0x8B8B, 0x7B4A, 0x41A5, 0x6A87, 0x836B, 0x62C9, 0x3965, 0x3964, 0x3123, 0x2903, 0x1040,
	0x1060, 0x1061, 0x1060, 0x1881, 0x3103, 0x3943, 0x28E2, 0x28E3, 0x41A4, 0x49E5, 0x5206, 0x5A27,
	0x4184, 0x3964, 0x3964, 0x3984, 0x3984, 0x3964, 0x1881, 0x1861, 0x39A5, 0x6B4C, 0x730A, 0x732A,
	0x6B2B, 0x6B0A, 0x6267, 0x5A47, 0x5A68, 0x5AA9, 0x6B0A, 0x7B6C, 0x732B, 0x730A, 0x732A, 0x730A,
	0x732B, 0x732A, 0x7B29, 0x7B49, 0x834A, 0x7B2A, 0x72E9, 0x7B6B, 0x838B, 0x836A, 0x7B4A, 0x836B,
	0x7B4A, 0x7B09, 0x6A67, 0x20C2, 0x0840, 0x0000, 0x41A5, 0x5206, 0x41A5, 0x3144, 0x5227, 0xC4EF,
	0x834A, 0x9BEC, 0x6287, 0x6287, 0x6AC8, 0x6AC8, 0x6AC8, 0x7309, 0x7309, 0x4964, 0x3924, 0x4164,
	0x4984, 0x5206, 0x72A8, 0x834A, 0x72C8, 0x61C4, 0x6142, 0x40A1, 0x2840, 0x30A1, 0x50E2, 0x70A1,
	0x78A1, 0x80E1, 0x8102, 0x7123, 0x7183, 0x69E5, 0x69C4, 0x69A4, 0x6122, 0x70E1, 0x5880, 0x50A0,
	0x50A0, 0x50A1, 0x58E2, 0x5985, 0x6A06, 0x61A6, 0x50E2, 0x48A1, 0x48C1, 0x58E1, 0x6102, 0x69C5,
	0x7A46, 0x7206, 0x7267, 0x7267, 0x61A5, 0x7226, 0x7286, 0x69C4, 0x93ED, 0x8BAC, 0x834A, 0x51E6,
	0x6246, 0x6288, 0x5226, 0x72C8, 0x5A47, 0x41A5, 0x5207, 0x2903, 0x1040, 0x1040, 0x0840, 0x20A1,
	0x3964, 0x49A4, 0x4184, 0x3123, 0x2903, 0x5A46, 0x4184, 0x5206, 0x5A26, 0x49A5, 0x49C5, 0x49C5,
	0x49E5, 0x51E5, 0x62A9, 0x83AD, 0x8BCD, 0x9C91, 0x9450, 0x6AEA, 0x62C9, 0x6B0A, 0x7B6B, 0x62C9,
	0x5A89, 0x730A, 0x7B6B, 0x732C, 0x6AC9, 0x730A, 0x730A, 0x730A, 0x730A, 0x7309, 0x72E9, 0x7309,
	0x7B2A, 0x730A, 0x6AA8, 0x5A67, 0x6288, 0x6AA8, 0x72E8, 0x7B29, 0x6AC9, 0x72E8, 0x7AC8, 0x49A5,
	0x20A1, 0x3123, 0x6267, 0x49A5, 0x3985, 0x3123, 0x49E6, 0x8B8A, 0x834A, 0x7309, 0x6AA8, 0x6287,
	0x6AC8, 0x72E8, 0x6AC8, 0x7309, 0x7309, 0x6287, 0x51E6, 0x4164, 0x4984, 0x5A06, 0x6A87, 0x7B2A,
	0x72C8, 0x6A26, 0x6184, 0x3860, 0x3820, 0x4923, 0x6923, 0x7881, 0x78C1, 0x8102, 0x7901, 0x68C1,
	0x70E1, 0x7101, 0x6922, 0x6984, 0x6963, 0x7101, 0x50A1, 0x58C1, 0x50C1, 0x60C1, 0x6102, 0x69C6,
	0x7228, 0x71E6, 0x6123, 0x58E1, 0x50C1, 0x5902, 0x79C4, 0x72C8, 0x72C8, 0x7A87, 0x6A05, 0x69E5,
	0x71C4, 0x7183, 0x71E4, 0x69C4, 0x8BAC, 0x8B8B, 0x7AC7, 0x61E4, 0x6204, 0x6247, 0x6288, 0x6288,
	0x4185, 0x49E6, 0x41C6, 0x5227, 0x49E6, 0x28E2, 0x18A1, 0x3103, 0x4184, 0x3143, 0x3944, 0x3944,
	0x3103, 0x3123, 0x2902, 0x3103, 0x5A26, 0x6288, 0x6267, 0x6267, 0x5A47, 0x5206, 0x7B8C, 0x9450,
	0x83EE, 0x838C, 0x942F, 0x942F, 0x732B, 0x6AEA, 0x734B, 0x6B2B, 0x732B, 0x6AC9, 0x730A, 0x6AE9,
	0x72C8, 0x7B09, 0x838B, 0x836B, 0x7B4A, 0x7B4A, 0x7B4A, 0x7B2A, 0x72E9, 0x72E9, 0x72E9, 0x6288,
	0x6267, 0x6267, 0x6AC8, 0x7B29, 0x7329, 0x7B29, 0x6AA8, 0x6AA8, 0x5A06, 0x6206, 0x6246, 0x5206,
	0x3985, 0x2923, 0x5A47, 0x834A, 0x834A, 0x7B4A, 0x7B4A, 0x7B29, 0x7B29, 0x72E9, 0x6AC8, 0x7B4A,
	0x72E8, 0x6287, 0x7309, 0x6A87, 0x6AA8, 0x5A47, 0x8329, 0x7B4A, 0x72C8, 0x72A8, 0x5144, 0x3800,
	0x4040, 0x5143, 0x68C1, 0x6080, 0x70E1, 0x8122, 0x7901, 0x7101, 0x6901, 0x7121, 0x7921, 0x6942,
	0x60C1, 0x58C1, 0x58C1, 0x60E1, 0x58C1, 0x6902, 0x6964, 0x79C6, 0x79C6, 0x7185, 0x6984, 0x60E1,
	0x58E1, 0x58E1, 0x6122, 0x6AA7, 0x6A87, 0x7205, 0x7184, 0x7163, 0x7121, 0x70E1, 0x6901, 0x69C4,
	0x7AE9, 0x7AE8, 0x7B08, 0x7265, 0x59E3, 0x6205, 0x6246, 0x5226, 0x5207, 0x41C6, 0x49E6, 0x5A47,
	0x7B29, 0x7B4A, 0x5A67, 0x6287, 0x72E8, 0x49E6, 0x3103, 0x3923, 0x3143, 0x3123, 0x3144, 0x3144,
	0x3103, 0x4164, 0x3964, 0x3143, 0x3943, 0x3143, 0x734B, 0x8C2F, 0x8C0F, 0x8C0F, 0x8BCE, 0x940F,
	0x8C0F, 0x8C0F, 0x734C, 0x6B4C, 0x734C, 0x6B0B, 0x7B4A, 0x72E8, 0x72A6, 0x7AC7, 0x7B4A, 0x7B4A,
	0x836A, 0x834A, 0x836B, 0x7B2A, 0x7B2A, 0x838B, 0x836B, 0x7B4A, 0x7B4A, 0x7B2A, 0x7B4A, 0x834A,
	0x8329, 0x6A67, 0x6226, 0x6288, 0x5A26, 0x5206, 0x6288, 0x5227, 0x3985, 0x3123, 0x732C, 0x9C50,
	0x838B, 0x836A, 0x8BAB, 0x7B29, 0x7B09, 0x7309, 0x7B09, 0x7B2A, 0x7309, 0x7309, 0x7B29, 0x6AA7,
	0x7309, 0x6267, 0x9C0C, 0x6AC8, 0x72E9, 0x6AC9, 0xA40D, 0x5964, 0x4081, 0x5903, 0x68A1, 0x68C1,
	0x8122, 0x7921, 0x7101, 0x7101, 0x6901, 0x7121, 0x7121, 0x7122, 0x7122, 0x50C1, 0x58E1, 0x58C1,
	0x6901, 0x6902, 0x6922, 0x7943, 0x7984, 0x71A5, 0x6143, 0x6901, 0x6901, 0x68E1, 0x6142, 0x6163,
	0x69A4, 0x7287, 0x71A4, 0x68E1, 0x6901, 0x71A4, 0x7266, 0x7B08, 0x7B09, 0x72E8, 0x72E8, 0x7AA6,
	0x61E3, 0x6203, 0x51A4, 0x5A26, 0x6AA8, 0x41C6, 0x41C6, 0x5A47, 0x6AA8, 0x5A68, 0x6AC8, 0x6288,
	0x5227, 0x5247, 0x5A68, 0x3964, 0x3123, 0x3964, 0x3985, 0x3964, 0x49C5, 0x6287, 0x6287, 0x6267,
	0x6AA8, 0x6AC8, 0x7B6B, 0x8BCD, 0x8BCD, 0x8BED, 0x8C0E, 0x8C0E, 0x8C0F, 0x8C30, 0x7BCE, 0x840F,
	0x83EE, 0x7B4B, 0x7B08, 0x7B07, 0x7AC6, 0x7AA5, 0x72E9, 0x730A, 0x7B2A, 0x7B2A, 0x7309, 0x7B2A,
	0x7B4A, 0x8BCC, 0x838B, 0x834A, 0x7B4A, 0x7B4A, 0x7309, 0x834A, 0x6226, 0x3943, 0x7B09, 0x6AC8,
	0x7288, 0x5A47, 0x5A88, 0x5206, 0x3964, 0x3984, 0x7B4C, 0x8BEF, 0x838D, 0x7B4A, 0x834A, 0x7B29,
	0x7B29, 0x7B29, 0x7B29, 0x7B29, 0x7B09, 0x7B09, 0x7309, 0x72E9, 0x72E9, 0x7B09, 0x93CB, 0x6AC8,
	0x72E9, 0x72EA, 0xB48F, 0x7B2A, 0x5206, 0x6102, 0x6880, 0x7101, 0x8142, 0x7101, 0x7101, 0x7101,
	0x7962, 0x7962, 0x7142, 0x6901, 0x6901, 0x58C1, 0x60E1, 0x6102, 0x6901, 0x7922, 0x7921, 0x79A4,
	0x8227, 0x71A5, 0x6922, 0x6901, 0x6901, 0x6922, 0x6963, 0x68E1, 0x81A3, 0x72E9, 0x7287, 0x71A4,
	0x7266, 0x7AA7, 0x7AA7, 0x82A7, 0x93EC, 0x8B8B, 0x8349, 0x8B07, 0x7A64, 0x61E3, 0x59E4, 0x5A26,
	0x5A68, 0x6288, 0x5227, 0x6288, 0x72E9, 0x6AC8, 0x7B29, 0x6288, 0x5247, 0x5A47, 0x5227, 0x5227,
	0x3985, 0x3964, 0x3964, 0x49E6, 0x6287, 0x5A67, 0x5A47, 0x5A47, 0x5226, 0x5A67, 0x8BCE, 0x838C,
	0x83AC, 0x83AC, 0x8BAC, 0x83AC, 0x7B8D, 0x7BAD, 0x83EF, 0x8C0F, 0x83CE, 0x7B4B, 0x7B09, 0x8328,
	0x8B06, 0x8B06, 0x7B2A, 0x7B29, 0x7B29, 0x7B29, 0x7B2A, 0x7309, 0x7B2A, 0x7B4A, 0x7B2A, 0x7B29,
	0x72E8, 0x7309, 0x72E9, 0x72E9, 0x3943, 0x6267, 0x7B29, 0x7309, 0x6AA8, 0x6A88, 0x5A68, 0x5206,
	0x49A5, 0x41C5, 0x732B, 0x7B4C, 0x7B4C, 0x732A, 0x730A, 0x730A, 0x7309, 0x72E9, 0x7B2A, 0x7B29,
	0x7B09, 0x7309, 0x7309, 0x7B2A, 0x72E9, 0x7B2A, 0x7B09, 0x7B09, 0x72E9, 0x834B, 0x9C0D, 0x6AA8,
	0x6268, 0x6A47, 0x60E1, 0x7921, 0x7942, 0x6901, 0x68E1, 0x7122, 0x7962, 0x7142, 0x6942, 0x7901,
	0x7101, 0x6901, 0x6901, 0x6922, 0x6901, 0x7942, 0x7143, 0x8A48, 0x8AA9, 0x8207, 0x7943, 0x7101,
	0x60E1, 0x6901, 0x7183, 0x6942, 0x71A3, 0x7267, 0x72A7, 0x7267, 0x7A67, 0x7A46, 0x8AE8, 0x9BCB,
	0x93EC, 0x836A, 0x7B29, 0x8308, 0x9306, 0x7A85, 0x6A25, 0x5A06, 0x6268, 0x6AC9, 0x6AC9, 0x5A88,
	0x5A68, 0x7B2A, 0x7309, 0x6AC9, 0x6288, 0x5227, 0x5A48, 0x5A69, 0x5A68, 0x3964, 0x49E5, 0x5A67,
	0x41C5, 0x39A5, 0x41C5, 0x41A5, 0x3985, 0x83CE, 0xA4F3, 0x8BEE, 0x838C, 0x83AC, 0x838C, 0x7B8D,
	0x736C, 0x7B4B, 0x83CD, 0x7B6D, 0x83AD, 0x836A, 0x8349, 0x8B47, 0x8B05, 0x8B05, 0x7B4A, 0x7B4A,
	0x7B4A, 0x7B4A, 0x7B29, 0x72E9, 0x7B2A, 0x7B09, 0x7309, 0x7309, 0x7B29, 0x7B2A, 0x7B4A, 0x7B29,
	0x49A4, 0x62A8, 0x834A, 0x6AC8, 0x6A88, 0x6AA8, 0x6268, 0x5A26, 0x49C5, 0x6268, 0x9C50, 0x9450,
	0x8BEF, 0x7B6C, 0x730B, 0x7B6C, 0x7309, 0x7309, 0x6AC9, 0x7B29, 0x72E9, 0x7B4B, 0x7B4A, 0x732A,
	0x7309, 0x7B2A, 0x7B29, 0x7B29, 0x7B2A, 0x7B2A, 0x8B8B, 0x836B, 0x7B2B, 0x836C, 0x7AA8, 0x7901,
	0x68C0, 0x6943, 0x5922, 0x7142, 0x79E5, 0x60E1, 0x6102, 0x71E5, 0x7183, 0x7122, 0x6901, 0x6901,
	0x7921, 0x7122, 0x81E6, 0x8A89, 0x8A68, 0x81C5, 0x7143, 0x7101, 0x6922, 0x6901, 0x7A26, 0x6A05,
	0x60E1, 0x7142, 0x6A26, 0x71C4, 0x7A46, 0x936A, 0x93AB, 0x72E8, 0x5A26, 0x6AC8, 0x7B29, 0x8328,
	0x82E7, 0x8AC4, 0x82E7, 0x6AA9, 0x6A87, 0x7B2A, 0x732C, 0x62CA, 0x62CB, 0x5A8A, 0x62CA, 0x5AAA,
	0x5A69, 0x6289, 0x6289, 0x62A9, 0x6ACA, 0x6288, 0x5A46, 0x49E5, 0x41C5, 0x41E6, 0x41A5, 0x41C5,
	0x7B8D, 0xA4D2, 0x9CB2, 0x9471, 0x8BEE, 0x838C, 0x7B6C, 0x734C, 0x732A, 0x83AC, 0x83AD, 0x7B6B,
	0x8349, 0x8B68, 0x8B27, 0x8B26, 0x9346, 0xA3C9, 0x8B8B, 0x7B4B, 0x7B2A, 0x7B4A, 0x7B2A, 0x72E9,
	0x72E9, 0x7309, 0x7B29, 0x7B29, 0x838B, 0x8BAB, 0x8BCC, 0x838B, 0x72C8, 0x51E5, 0x6267, 0x6A88,
	0x7AE9, 0x6AA8, 0x6267, 0x5206, 0x5A47, 0x8BCD, 0x93CE, 0x8BEE, 0x8BAD, 0x83AD, 0x83AD, 0x7B6C,
	0x6AC9, 0x6268, 0x62A9, 0x7B4A, 0x7B09, 0x7B4B, 0x836A, 0x834A, 0x836B, 0x7B29, 0x7309, 0x72E9,
	0x836B, 0x8BCE, 0x8BEE, 0x838C, 0x7B6B, 0x7B2B, 0x8BAC, 0xC4AE, 0x92C8, 0x7942, 0x7942, 0x81A3,
	0x6942, 0x6922, 0x6102, 0x6A46, 0x7246, 0x7142, 0x7121, 0x6901, 0x7101, 0x7143, 0x8207, 0x8AAA,
	0x8268, 0x81E6, 0x7963, 0x7101, 0x6901, 0x7122, 0x71A4, 0x71C4, 0x7163, 0x8287, 0x6943, 0x81A4,
	0x8329, 0x7B29, 0x6287, 0x72E8, 0x5A67, 0x7B09, 0x8349, 0x8328, 0x8AE7, 0x8AE6, 0x82E7, 0x7B09,
	0x834A, 0x838C, 0x7B4C, 0x734C, 0x732C, 0x730B, 0x6AEB, 0x6B0B, 0x6B0B, 0x6AEA, 0x6ACA, 0x6AEA,
	0x6ACA, 0x6B0A, 0x5247, 0x41A5, 0x41A5, 0x3984, 0x5247, 0x8BEE, 0xA4B1, 0x9C91, 0x9CB2, 0x9471,
	0x9450, 0x7B8C, 0x8BAD, 0x8BCD, 0x8BAC, 0x93ED, 0x8B8B, 0x8B48, 0x8B46, 0x9346, 0x9345, 0x8B25,
	0x8B05, 0x8AE5, 0x836A, 0x7B4B, 0x7309, 0x732A, 0x7B2A, 0x836A, 0x7B49, 0x7B09, 0x834A, 0x834A,
	0x838B, 0x8BCC, 0x838B, 0x72EA, 0x6AA8, 0x6AA8, 0x7AC9, 0x7B09, 0x7AE9, 0x6A67, 0x51E6, 0x51E6,
	0x7AE9, 0x9C2F, 0x93EE, 0x8BAC, 0x8BAC, 0x838B, 0x7B6B, 0x7B6C, 0x7B2B, 0x7B4B, 0x72E9, 0x8B8C,
	0x7B4A, 0x7309, 0x836A, 0x7B29, 0x7B6C, 0x7B29, 0x7B29, 0x7B2A, 0x836B, 0x93EE, 0x940F, 0x8BAC,
	0x8BCC, 0x8BAC, 0x836B, 0x836A, 0xA44D, 0x936A, 0x7A05, 0x7A26, 0x69C4, 0x6A05, 0x6963, 0x69A4,
	0x71A4, 0x7183, 0x7922, 0x6922, 0x60E1, 0x6943, 0x7A27, 0x82CA, 0x7A68, 0x8206, 0x81A5, 0x7122,
	0x6901, 0x7163, 0x6963, 0x6983, 0x71C4, 0x7226, 0x61E5, 0x7B29, 0x7B29, 0x7B29, 0x836A, 0x7B69,
	0x7B29, 0x7B09, 0x834A, 0x7309, 0x8308, 0x7AC7, 0x7AE7, 0x7AC6, 0x7AC7, 0x8B4A, 0x7B0A, 0x7B4B,
	0x7B4C, 0x6ACA, 0x6ACA, 0x6ACA, 0x730A, 0x6AC9, 0x6ACA, 0x730B, 0x730A, 0x732A, 0x6AC9, 0x49E5,
	0x5A88, 0x7B6C, 0x9C90, 0xA4D2, 0x9C70, 0x9C91, 0x9CB2, 0x9471, 0x83EF, 0x62A8, 0x838B, 0x9C2F,
	0x93ED, 0x93AB, 0x8328, 0x8B26, 0x8B46, 0x8B25, 0x9324, 0x9304, 0x8AE4, 0x8AC3, 0x6A87, 0x6288,
	0x6288, 0x6288, 0x6AA8, 0x7B09, 0x7B49, 0x7B4A, 0x72C8, 0x6267, 0x6267, 0x5A47, 0x49C5, 0x3123,
	0x41A5, 0x5206, 0x5A27, 0x51C5, 0x49A5, 0x4184, 0x49C5, 0x72E9, 0x8329, 0x8B8B, 0x93AB, 0x8B6A,
	0x8B6A, 0x8B49, 0x936A, 0x934A, 0x938B, 0x8B6B, 0x8B49, 0x8B6A, 0x7309, 0x7309, 0x834A, 0x7309,
	0x7309, 0x7309, 0x7309, 0x7B09, 0x7B29, 0x834A, 0x836A, 0x836B, 0x836B, 0x8BAC, 0x7AA8, 0x6143,
	0x61C5, 0x71E5, 0x7A05, 0x69C4, 0x6142, 0x6163, 0x69A4, 0x7142, 0x6101, 0x7142, 0x7962, 0x7121,
	0x68E1, 0x6943, 0x8227, 0x8ACA, 0x8289, 0x81E6, 0x79A5, 0x58E1, 0x60E1, 0x60E1, 0x7121, 0x7183,
	0x6183, 0x60E1, 0x69E5, 0x7309, 0x72E8, 0x72E8, 0x6AC8, 0x6AA7, 0x93CB, 0x8349, 0x7B29, 0x72E8,
	0x6AC8, 0x72C7, 0x72C7, 0x7AC7, 0x82C6, 0x8308, 0x832A, 0x72E9, 0x7B09, 0x7B2A, 0x7B2B, 0x7B4B,
	0x7309, 0x7309, 0x6AA9, 0x72E9, 0x6AC8, 0x6AA8, 0x6AA8, 0x7B4B, 0x9C91, 0xAD33, 0x9C70, 0x9C90,
	0xA4B1, 0xA490, 0x9C70, 0x9471, 0x83AD, 0x72E9, 0x7309, 0x8B8B, 0x8B8A, 0x8B27, 0x8B05, 0x8B25,
	0x8B04, 0x82E4, 0x9304, 0x92E3, 0x8AE5, 0x9B26, 0x4183, 0x2923, 0x41A5, 0x3964, 0x41C5, 0x6AC8,
	0x72E9, 0x6AC8, 0x5A26, 0x51E6, 0x6287, 0x6267, 0x41A5, 0x3103, 0x3144, 0x3944, 0x3964, 0x3984,
	0x3144, 0x51E6, 0x8B29, 0x8B8B, 0x8B6A, 0x9B69, 0x9B68, 0x8B28, 0x8B49, 0x9369, 0x9BAA, 0x9B69,
	0x8B49, 0x8B08, 0x8328, 0x7B09, 0x6AC8, 0x7B09, 0x8329, 0x72E8, 0x72E8, 0x72E8, 0x7B29, 0x7B2A,
	0x7B29, 0x7B09, 0x7B29, 0x7B29, 0x7B09, 0x7B29, 0x6A67, 0x61E5, 0x6A05, 0x7266, 0x7A87, 0x71E5,
	0x6122, 0x6122, 0x7205, 0x7922, 0x6901, 0x6901, 0x7122, 0x7121, 0x7122, 0x7184, 0x8207, 0x8AC9,
	0x82AA, 0x8268, 0x71A5, 0x58E1, 0x58E1, 0x58C1, 0x7101, 0x71A4, 0x6163, 0x6102, 0x7267, 0x72E8,
	0x72E8, 0x72C8, 0x72E8, 0x7B29, 0x72E8, 0x7B29, 0x8349, 0x7B09, 0x72C8, 0x72C7, 0x72A7, 0x8308,
	0x82E8, 0x7AC8, 0x8B6A, 0x6267, 0x72C8, 0x836A, 0x834A, 0x7B09, 0x834A, 0x7B2A, 0x72C8, 0x72C9,
	0x72E9, 0x72E9, 0x7B29, 0x8BAC, 0x8BAD, 0x9C50, 0xA4F2, 0x9C70, 0x9C90, 0x9C70, 0x9C70, 0x942F,
	0x838B, 0x836B, 0x8328, 0x82E6, 0x82C6, 0x82E5, 0x82E4, 0x8AE4, 0x8AE4, 0x82C4, 0x82A3, 0x82C3,
	0x8AE5, 0x8B07, 0x49A4, 0x3123, 0x3984, 0x3143, 0x41A4, 0x6AA8, 0x6AA7, 0x6287, 0x5A47, 0x5A26,
	0x6AA8, 0x6AC8, 0x6287, 0x49C5, 0x3964, 0x3123, 0x28E2, 0x4184, 0x6A87, 0x8B29, 0x936A, 0x938B,
	0x9B8A, 0x9BAA, 0x9B89, 0x9B47, 0x9348, 0x9348, 0x9B48, 0x9B48, 0x9327, 0x8308, 0x7B29, 0x8349,
	0x7309, 0x8B49, 0x8329, 0x6AC8, 0x6AE8, 0x7B29, 0x8349, 0x7B29, 0x7309, 0x72E8, 0x7B29, 0x836A,
	0x7B4A, 0x7B29, 0x72E9, 0x6267, 0x6247, 0x6A87, 0x72A7, 0x6983, 0x6942, 0x7142, 0x6143, 0x6101,
	0x6122, 0x7122, 0x7101, 0x6901, 0x6901, 0x7963, 0x81E6, 0x8227, 0x7207, 0x7A48, 0x79C5, 0x60E1,
	0x58A0, 0x6142, 0x6122, 0x6922, 0x6183, 0x69E5, 0x5942, 0x61E5, 0x7B09, 0x72E9, 0x72C8, 0x7308,
	0x72E8, 0x7B29, 0x7B29, 0x72E8, 0x72E8, 0x7AE7, 0x7AA6, 0x7AA6, 0x8B07, 0x7AA6, 0x8308, 0x7B09,
	0x72E9, 0x72C8, 0x8328, 0x6A65, 0x6A86, 0x8B49, 0x8B6A, 0x7B09, 0x8349, 0x8B4A, 0x93EC, 0xA4D1,
	0x8BAD, 0x8BAD, 0x9450, 0xA4D2, 0x9C6F, 0x9C4E, 0x940E, 0x8BAB, 0x8B6A, 0x8B69, 0x8B26, 0x8B05,
	0x8B05, 0x8B04, 0x82E4, 0x82C4, 0x82C3, 0x82A4, 0x82C5, 0x8307, 0x8328, 0x72C7, 0x6AA8, 0x5206,
	0x4184, 0x49E5, 0x5A47, 0x72C8, 0x6A87, 0x6AA8, 0x6AA8, 0x72C8, 0x7B2A, 0x7B09, 0x72E9, 0x6A88,
	0x4185, 0x3144, 0x5A05, 0x8AE7, 0x8B08, 0x8B09, 0x8B4A, 0x9B6A, 0x9BAB, 0x9B8A, 0x9B69, 0x9348,
	0x9327, 0x8B06, 0x8B06, 0x9B26, 0x9B26, 0x8B07, 0x8328, 0x7B09, 0x72C7, 0x8B07, 0x8B49, 0x7B08,
	0x8308, 0x7B08, 0x72E9, 0x8329, 0x7B29, 0x7B49, 0x7B29, 0x8329, 0x834A, 0x834A, 0x9C0C, 0xA42D,
	0x8B8B, 0x72E9, 0x72E9, 0x69C4, 0x60E1, 0x6101, 0x6122, 0x6122, 0x60E1, 0x7142, 0x7942, 0x7921,
	0x60E1, 0x7122, 0x81A5, 0x7A48, 0x7A69, 0x8268, 0x79A5, 0x60E1, 0x6163, 0x7B09, 0x6983, 0x58A0,
	0x6A25, 0x6A46, 0x5102, 0x6A26, 0x6A87, 0x6A46, 0x836A, 0x93CB, 0x72E8, 0x7B49, 0x7B09, 0x72E8,
	0x72C7, 0x7AA6, 0x7AA5, 0x8B07, 0x8B07, 0x8AE6, 0x7265, 0x72A6, 0x7AE7, 0x6A66, 0x72A6, 0x7284,
	0x7AE7, 0x836A, 0x8B8A, 0x93AC, 0x93CD, 0x93CD, 0x8BAC, 0x9C4E, 0xA4B1, 0x8BCD, 0x8BCD, 0x9C70,
	0x944F, 0x8BAC, 0x8BCB, 0x8B69, 0x8B68, 0x8B46, 0x9B66, 0x9345, 0x8B24, 0x82E4, 0x7AA4, 0x82C4,
	0x82C5, 0x82E6, 0x7B08, 0x8349, 0x7B29, 0x7309, 0x72E9, 0x6AC8, 0x5A47, 0x6267, 0x72E9, 0x7B09,
	0x7B29, 0x7B4A, 0x836A, 0x838B, 0x8BAB, 0x836B, 0x6AA8, 0x7B29, 0x6266, 0x72A7, 0x8B28, 0x8B08,
	0x8B08, 0x8B08, 0x8B29, 0x9328, 0x9349, 0x9307, 0x9B48, 0x9B47, 0x8AE5, 0x82C4, 0x82C4, 0x92E5,
	0x9B05, 0x9B05, 0x8B07, 0x82E6, 0x82E6, 0x9305, 0x8348, 0x82E7, 0x9B05, 0x9B25, 0x7B07, 0x7B08,
	0x7B09, 0x8B49, 0x7AE8, 0x6AA7, 0x72E8, 0x7B29, 0x8BAB, 0x93EB, 0x93CB, 0x7B29, 0x7B29, 0x7246,
	0x6921, 0x60E1, 0x6122, 0x6983, 0x7A25, 0x7983, 0x7122, 0x7121, 0x7142, 0x6102, 0x71A5, 0x7A48,
	0x6A28, 0x7A68, 0x79C5, 0x60E1, 0x6A05, 0x69A4, 0x58E1, 0x50C1, 0x6101, 0x6A26, 0x5122, 0x7287,
	0x72C8, 0x6A67, 0x72E8, 0x7B29, 0x7309, 0x7309, 0x7B29, 0x72E8, 0x6A86, 0x6A65, 0x6A86, 0x82E7,
	0x7AA7, 0x6A45, 0x82C6, 0x7285, 0x7AA6, 0x7AA6, 0x7AC6, 0x9B67, 0x9348, 0x9B89, 0x8B69, 0x93CB,
	0x936A, 0x9348, 0x836B, 0x836C, 0x93EC, 0x9C4F, 0x83CD, 0x83AD, 0x8BAC, 0x8BAB, 0x9388, 0x9367,
	0x9366, 0x8B46, 0x9345, 0x8B04, 0x82E4, 0x82C4, 0x7AA4, 0x82C5, 0x8307, 0x7AE8, 0x72E8, 0x72E8,
	0x72E9, 0x7B09, 0x72E9, 0x49E6, 0x5226, 0x6A88, 0x72E9, 0x8BAC, 0x8B8B, 0x7B4A, 0x8BAC, 0x8BCC,
	0x8BAB, 0x838B, 0x6AA8, 0x7286, 0x8AE6, 0x8B07, 0x7AC7, 0x82C6, 0x8AE6, 0x8AE7, 0x9328, 0x9307,
	0x9307, 0x9305, 0x9B26, 0x9326, 0x8AC3, 0x82C3, 0x82C3, 0x92E4, 0x92E3, 0x8AE4, 0x82E5, 0x82C4,
	0x8AE4, 0x92E4, 0x8307, 0x7AA6, 0x8AC4, 0x92E4, 0x8AE4, 0x82E6, 0x7AE7, 0x8B07, 0x7B08, 0x6AC8,
	0x6A87, 0x6AC8, 0x72E8, 0x7B29, 0x7309, 0x7B09, 0x7B29, 0x72C8, 0x7246, 0x7267, 0x79A4, 0x71E5,
	0x72E9, 0x71E4, 0x7983, 0x7163, 0x7163, 0x6901, 0x79C6, 0x7A89, 0x69E7, 0x7A48, 0x71E6, 0x7143,
	0x6942, 0x68E1, 0x6901, 0x58C1, 0x6122, 0x72A8, 0x6205, 0x6205, 0x6AC8, 0x6AA7, 0x72C8, 0x7B09,
	0x7B09, 0x72E8, 0x7309, 0x72E8, 0x72C8, 0x6225, 0x6224, 0x6A45, 0x7A86, 0x82C6, 0x82C6, 0x72A6,
	0x6A45, 0x82E6, 0x9B66, 0x9B67, 0xA3A9, 0x9BA8, 0x9B88, 0x9347, 0x9327, 0x9347, 0x7B29, 0x836C,
	0x836B, 0x940D, 0x8BCC, 0x7B4A, 0x8B8A, 0x9389, 0x9387, 0x8B26, 0x8B26, 0x8B05, 0x8B05, 0x82E4,
	0x8AE4, 0x8B05, 0x8B06, 0x82E7, 0x8B28, 0x7B29, 0x72E8, 0x6AC8, 0x7309, 0x7B4A, 0x7B0A, 0x41A5,
	0x41A5, 0x6A88, 0x5A46, 0x838B, 0x8BCC, 0x7B4A, 0x838B, 0x8BCC, 0x8BCC, 0x834A, 0x7AA5, 0x7A85,
	0x7A85, 0x7A85, 0x7285, 0x7A84, 0x82A4, 0x8AC6, 0x8AC7, 0x82A4, 0x82A4, 0x8AC5, 0x8AE5, 0x8AC5,
	0x82C3, 0x82C3, 0x82A3, 0x8AC3, 0x8AC3, 0x92E3, 0x82C3, 0x82A4, 0x8AE4, 0x8AE4, 0x82E6, 0x7A85,
	0x82C5, 0x82C5, 0x82E6, 0x8307, 0x82E6, 0x82E6, 0x9327, 0x8B48, 0x8348, 0x6AC8, 0x6AC8, 0x72E8,
	0x7309, 0x7309, 0x836A, 0x6A05, 0x7287, 0x7B29, 0x7AC8, 0x72C8, 0x7287, 0x71A4, 0x7963, 0x7962,
	0x7122, 0x7122, 0x79E6, 0x8AAA, 0x7269, 0x82AA, 0x8227, 0x6922, 0x6901, 0x7121, 0x7101, 0x6101,
	0x6205, 0x6AA8, 0x6AC8, 0x6A67, 0x6A67, 0x72C8, 0x6A87, 0x6AA7, 0x6AC9, 0x7B29, 0x72E8, 0x7B09,
	0x72A7, 0x6A66, 0x6224, 0x6A46, 0x82C6, 0x9B67, 0x9327, 0x7AE7, 0x8307, 0x9346, 0x9345, 0x8B05,
	0x9346, 0x9B87, 0xA3C7, 0x9B86, 0xB447, 0xAC49, 0x72E9, 0x7B29, 0x7B29, 0x8BAB, 0x93EA, 0x8348,
	0x9368, 0x9B66, 0x9346, 0x8B26, 0x8B04, 0x8AE4, 0x8AE5, 0x8B06, 0x9326, 0x9326, 0x8B48, 0x8B28,
	0x8B6A, 0x8B6A, 0x7B29, 0x7B29, 0x838B, 0x838C, 0x836B, 0x93ED, 0x6289, 0x6267, 0x51E5, 0x7309,
	0x93ED, 0x834A, 0x836B, 0x8BED, 0x8369, 0x7AA3, 0x7A83, 0x7A83, 0x7A63, 0x7263, 0x7A84, 0x7A63,
	0x7A63, 0x7A84, 0x7A63, 0x7A63, 0x7A83, 0x7AA5, 0x82A4, 0x82A3, 0x82A2, 0x82A2, 0x82A2, 0x82A2,
	0x82C3, 0x82C3, 0x7AA3, 0x7AA4, 0x82A2, 0x8AE3, 0x82C6, 0x8283, 0x7AA3, 0x7AA3, 0x7AC5, 0x82C5,
	0x7AC6, 0x82E5, 0x8AE6, 0x8B06, 0x8B27, 0x72E8, 0x6AE8, 0x6AE8, 0x6AC8, 0x7B09, 0x7B09, 0x6122,
	0x69E5, 0x7287, 0x7287, 0x7B09, 0x7A87, 0x7205, 0x7183, 0x7962, 0x6901, 0x6922, 0x8227, 0x8ACA,
	0x7AA9, 0x8ACA, 0x79E6, 0x68E1, 0x6901, 0x6901, 0x6922, 0x6163, 0x7309, 0x6AC8, 0x6AA8, 0x6A87,
	0x6A46, 0x7267, 0x6A67, 0x6AA7, 0x6AC8, 0x7309, 0x7309, 0x72C8, 0x5A05, 0x5A26, 0x6266, 0x72A7,
	0x6A66, 0x82E6, 0x8B07, 0x8B68, 0x8B47, 0x7285, 0x7AA5, 0x7AA5, 0x8AE6, 0x9347, 0x9B87, 0x9366,
	0x82E4, 0x7B4A, 0x8BEE, 0x7309, 0x72E8, 0x8328, 0x8B47, 0x8B26, 0x8B46, 0x9346, 0x9326, 0x8B05,
	0x82C4, 0x8B05, 0x8B06, 0x9327, 0x9327, 0x9348, 0x8B69, 0x834A, 0x836A, 0x838B, 0x838B, 0x7B4A,
	0x834B, 0x72E9, 0x8BAD, 0xA491, 0x940F, 0x838C, 0x6267, 0x6287, 0x940D, 0x834B, 0x836B, 0x8B48,
	0x82A2, 0x82A3, 0x82A3, 0x82A3, 0x7A82, 0x7A83, 0x7A83, 0x7A62, 0x7A62, 0x7A62, 0x7A62, 0x7A42,
	0x7A63, 0x7263, 0x7262, 0x8282, 0x82A2, 0x7A82, 0x82A2, 0x82A2, 0x82C2, 0x82A3, 0x82A3, 0x82A3,
	0x92E3, 0x9304, 0x7AA5, 0x8AC3, 0x82A3, 0x7A83, 0x7AC5, 0x82C6, 0x7AC6, 0x82E6, 0x82C5, 0x82E5,
	0x7AA6, 0x6A67, 0x7287, 0x72C8, 0x6AA7, 0x5A05, 0x6A26, 0x81C4, 0x7122, 0x68E1, 0x6983, 0x7B09,
	0x7A87, 0x71A4, 0x71C4, 0x6922, 0x7142, 0x6901, 0x81E6, 0x932B, 0x82EB, 0x82CA, 0x71E6, 0x7122,
	0x6901, 0x6901, 0x6942, 0x69E5, 0x6A87, 0x6A67, 0x6A67, 0x6A67, 0x72A7, 0x72C8, 0x7287, 0x6226,
	0x838A, 0x7B49, 0x72E9, 0x6A87, 0x6226, 0x6A66, 0x6A46, 0x7AA7, 0x7286, 0x6A65, 0x6204, 0x7AC7,
	0x7AA6, 0x6A45, 0x6205, 0x6A66, 0x6A46, 0x7266, 0x7285, 0x7284, 0x72A6, 0x7B2B, 0x7B8D, 0x7B4A,
	0x7B28, 0x8B47, 0x9347, 0x9346, 0x8B26, 0x8B26, 0x8B06, 0x9305, 0x9326, 0x9B25, 0x9B47, 0x8B28,
	0x8B48, 0x8B49, 0x8B8B, 0x8B8B, 0x836B, 0x7B4B, 0x836B, 0x836B, 0x7B2A, 0x7B4B, 0x940F, 0x940F,
	0x940F, 0x9C50, 0x93EE, 0x834B, 0x93ED, 0x834A, 0x8305, 0x8AC2, 0x8AC2, 0x82A3, 0x82A2, 0x82A3,
	0x7A82, 0x7A82, 0x7A62, 0x7A62, 0x7A62, 0x7A62, 0x7242, 0x7242, 0x7242, 0x7242, 0x7262, 0x7A82,
	0x7A82, 0x7A82, 0x7A82, 0x7AA2, 0x82A2, 0x82A2, 0x8AC2, 0x92E3, 0x9B03, 0x8AE5, 0x7A64, 0x8282,
	0x7A83, 0x7A82, 0x7A84, 0x7AC6, 0x82E5, 0x8B27, 0x8B27, 0x8B26, 0x6A25, 0x6206, 0x6A46, 0x6A47,
	0x72E8, 0x6A67, 0x6AA8, 0x7B09, 0x7AE8, 0x7183, 0x71E5, 0x7B09, 0x7246, 0x69A4, 0x6163, 0x6901,
	0x7942, 0x7143, 0x79E6, 0x8AEA, 0x8B0B, 0x82EB, 0x7A07, 0x7922, 0x7121, 0x60E1, 0x58E1, 0x58E1,
	0x61C4, 0x6163, 0x6A05, 0x6246, 0x6A46, 0x6A87, 0x7287, 0x72C8, 0x8B6B, 0x7B4A, 0x7B29, 0x7B09,
	0x82E8, 0x82C6, 0x8B07, 0x82E6, 0x82E6, 0x82E6, 0x72A5, 0x7AC6, 0x7286, 0x7286, 0x59E4, 0x6A86,
	0x6AA7, 0x6A86, 0x72A6, 0x72C7, 0x7B8D, 0x838D, 0x7309, 0x7B08, 0x8B46, 0x8B27, 0x9346, 0x9B65,
	0x8B26, 0x8B06, 0x9347, 0x9369, 0x9348, 0x9326, 0x9B48, 0x8B49, 0x8349, 0x7B09, 0x836B, 0x8B8B,
	0x7B29, 0x7B29, 0x72E9, 0x834A, 0x7B4B, 0x836B, 0x8C0F, 0x942F, 0x9C0E, 0x9BAC, 0x9BAB, 0x938A,
	0x8329, 0x82C5, 0x8282, 0x82A2, 0x8AC2, 0x8AC2, 0x8AC2, 0x8AC2, 0x82A2, 0x7A82, 0x7A82, 0x8282,
	0x8282, 0x7A62, 0x7A62, 0x7A62, 0x7242, 0x7242, 0x7A62, 0x7A82, 0x7262, 0x7262, 0x7A82, 0x7AA2,
	0x82C2, 0x82A2, 0x82A3, 0x92E2, 0x9B03, 0x8AC5, 0x7A84, 0x82A3, 0x7A83, 0x7A83, 0x7AA5, 0x82C5,
	0x8AE4, 0x8B05, 0x8B05, 0x8B06, 0x59A4, 0x5143, 0x5984, 0x6A87, 0x7309, 0x7B29, 0x6A26, 0x7266,
	0x7B49, 0x71E5, 0x7A46, 0x82A8, 0x71A4, 0x69A4, 0x6942, 0x6101, 0x7121, 0x6922, 0x8207, 0x8ACA,
	0x8B0B, 0x8AEB, 0x8206, 0x7121, 0x6901, 0x58E1, 0x58C1, 0x50C1, 0x5963, 0x6A67, 0x72A8, 0x72A8,
	0x6A67, 0x7B09, 0x7AE9, 0x72C8, 0x7B2A, 0x7B29, 0x834A, 0x7AE9, 0x7AA7, 0x82E8, 0x82E6, 0x9326,
	0x9B87, 0x9367, 0x8306, 0x82E5, 0x5A24, 0x49A4, 0x59E4, 0x6266, 0x72A7, 0x6A86, 0x6AC8, 0x6AEA,
	0x7B8C, 0x836B, 0x8B68, 0x8327, 0x8B26, 0x8B07, 0x9B46, 0x9B46, 0x8B47, 0x8B48, 0x8B69, 0x938B,
	0x936A, 0x938A, 0x9BAB, 0x834A, 0x72E9, 0x72E9, 0x7B2A, 0x834A, 0x7B09, 0x7B4A, 0x7309, 0x7B4A,
	0x838B, 0x836B, 0x838C, 0x93AC, 0x9BAB, 0x8B6A, 0x8328, 0x7AE7, 0x7AC7, 0x82A4, 0x82A2, 0x82A2,
	0x82A2, 0x82A2, 0x82C2, 0x8AC2, 0x8AC2, 0x82A2, 0x82A2, 0x8AA2, 0x8282, 0x7A82, 0x7A82, 0x7A62,
	0x7A62, 0x7242, 0x7A62, 0x82A3, 0x7A83, 0x7A82, 0x7A82, 0x7A82, 0x7AA2, 0x82A2, 0x82C3, 0x8AC3,
	0x9303, 0x82A5, 0x82A3, 0x82A3, 0x82A4, 0x82C3, 0x8AE4, 0x82C5, 0x82C4, 0x82E5, 0x82E6, 0x7AC6,
	0x6A46, 0x6A26, 0x61E5, 0x6A87, 0x7B29, 0x7B29, 0x6983, 0x60C0, 0x7266, 0x72C8, 0x7246, 0x7A26,
	0x7101, 0x6901, 0x60E1, 0x6901, 0x6901, 0x68E1, 0x79C5, 0x8AAA, 0x830B, 0x8AEB, 0x81E6, 0x7101,
	0x7101, 0x6901, 0x60E1, 0x5901, 0x7266, 0x7B4A, 0x7B29, 0x7B09, 0x72C8, 0x6AA7, 0x6AA8, 0x6AC8,
	0x836A, 0x7B29, 0x834A, 0x7AE8, 0x82E8, 0x8B49, 0x8B48, 0x9B89, 0x8B47, 0x8B46, 0x72A5, 0x72A5,
	0x6245, 0x5A04, 0x51E4, 0x5A05, 0x59E4, 0x5A25, 0x62A9, 0x7B6B, 0x838A, 0x8328, 0x8328, 0x7B08,
	0x8328, 0x8B48, 0x9347, 0x8B47, 0x8349, 0x8349, 0x8B6A, 0x8BAB, 0x8B8B, 0x93AB, 0x93AC, 0x834A,
	0x72E8, 0x7B09, 0x834A, 0x836A, 0x7B2A, 0x7B29, 0x7B29, 0x7B4A, 0x836A, 0x7B29, 0x8349, 0x8B48,
	0x8328, 0x7AE7, 0x7AC7, 0x7AA6, 0x82C6, 0x82E5, 0x8AE2, 0x8AE3, 0x8AE3, 0x8AC3, 0x8AC3, 0x8AC2,
	0x8AE3, 0x8AC3, 0x8AC2, 0x8AA2, 0x82A2, 0x8282, 0x7A82, 0x8282, 0x7A82, 0x7262, 0x7262, 0x7A83,
	0x7AA4, 0x8AC3, 0x82A2, 0x7A82, 0x7AA2, 0x82C2, 0x8AC2, 0x92E2, 0x9304, 0x82A4, 0x92E3, 0x8AC3,
	0x82A3, 0x82C5, 0x82E5, 0x82E6, 0x72C7, 0x72A8, 0x6AC9, 0x7B4B, 0x72A7, 0x6A66, 0x6A87, 0x72C8,
	0x72E9, 0x7309, 0x7AC8, 0x7163, 0x7287, 0x7AA7, 0x7A25, 0x79E4, 0x7921, 0x7121, 0x7942, 0x7922,
	0x6901, 0x7142, 0x81E6, 0x82AA, 0x830B, 0x8ACA, 0x8206, 0x7922, 0x7162, 0x7142, 0x7142, 0x6A26,
	0x7B4A, 0x7B29, 0x72E8, 0x7309, 0x72E9, 0x6AA7, 0x72C8, 0x7B29, 0x834B, 0x7B2A, 0x7B09, 0x7B29,
	0x8B29, 0x8B49, 0x9369, 0x8307, 0x8307, 0x9346, 0x82E5, 0x6A85, 0x6245, 0x6225, 0x59E4, 0x51E5,
	0x51C4, 0x5226, 0x62A8, 0x8349, 0x7B08, 0x8308, 0x8328, 0x7B08, 0x8348, 0x8B48, 0x8B26, 0x8B48,
	0x8328, 0x8349, 0x836A, 0x836A, 0x836A, 0x938A, 0x8B4A, 0x7B29, 0x7309, 0x7B29, 0x7B29, 0x7B29,
	0x8349, 0x7B29, 0x8308, 0x8328, 0x8328, 0x8B28, 0x8308, 0x8307, 0x8307, 0x7AA6, 0x82C6, 0x82E6,
	0x8B07, 0x8B06, 0x82A2, 0x8AC3, 0x8AC2, 0x8AC3, 0x8AE3, 0x82C2, 0x8AE3, 0x92E3, 0x8AC3, 0x82A2,
	0x82A2, 0x8282, 0x82A2, 0x8AC2, 0x82A2, 0x7262, 0x7A83, 0x7AA5, 0x7AC5, 0x82C4, 0x82A3, 0x7AA2,
	0x82C2, 0x9303, 0x9303, 0x9B23, 0x8B04, 0x7A84, 0x9303, 0x9303, 0x82C3, 0x7AA4, 0x7AA6, 0x72E8,
	0x72E9, 0x72E9, 0x732B, 0x7B8B, 0x62A9, 0x72E9, 0x834A, 0x7B49, 0x72E9, 0x7309, 0x61E5, 0x6163,
	0x7267, 0x7246, 0x71E5, 0x7983, 0x7921, 0x7922, 0x7922, 0x7121, 0x7121, 0x7122, 0x71A5, 0x7A89,
	0x82CA, 0x8AA9, 0x79C5, 0x7122, 0x7142, 0x7122, 0x6902, 0x6122, 0x61E5, 0x72C8, 0x72E8, 0x72E8,
	0x72E8, 0x72E8, 0x72C8, 0x72C8, 0x836B, 0x836A, 0x7B09, 0x7AE8, 0x82E7, 0x8B28, 0x9389, 0x72A7,
	0x7AC7, 0x9347, 0x82E6, 0x6A66, 0x6246, 0x6226, 0x5A06, 0x51E5, 0x51E5, 0x5206, 0x6288, 0x7B08,
	0x72E8, 0x8328, 0x8B48, 0x8328, 0x8347, 0x8B46, 0x8B27, 0x9367, 0x8327, 0x8308, 0x7B08, 0x8309,
	0x72C8, 0x7AE8, 0x7B08, 0x8349, 0x72E9, 0x7B09, 0x7B09, 0x8329, 0x8329, 0x7B08, 0x7AE7, 0x8307,
	0x8307, 0x9327, 0x9327, 0x9327, 0x9327, 0x8B06, 0x8306, 0x8B07, 0x8B48, 0x7AC6, 0x7A82, 0x7AA2,
	0x7AA2, 0x82A2, 0x8AE2, 0x8B03, 0x8AE3, 0x8AE3, 0x8AC2, 0x8AC2, 0x82A3, 0x82A2, 0x82A2, 0x82C2,
	0x8AC2, 0x7A82, 0x7A84, 0x7AA5, 0x7AA5, 0x82C4, 0x82C4, 0x8AC3, 0x8AE3, 0x9303, 0x9B03, 0xA343,
	0x8AE3, 0x82C4, 0x82C3, 0x82A3, 0x7AA3, 0x7284, 0x6A86, 0x72E9, 0x730A, 0x732B, 0x7B8B, 0x732A,
	0x5228, 0x5206, 0x49E5, 0x6287, 0x72E8, 0x72E8, 0x72A7, 0x6102, 0x69A4, 0x71C4, 0x7983, 0x7942,
	0x7942, 0x7942, 0x7121, 0x7122, 0x7121, 0x6102, 0x71A5, 0x8227, 0x8289, 0x8268, 0x71A5, 0x6901,
	0x68E1, 0x7121, 0x6922, 0x6901, 0x6942, 0x69C4, 0x6AA7, 0x7309, 0x7309, 0x72E8, 0x72C8, 0x72E8,
	0x72E9, 0x7B29, 0x8329, 0x8328, 0x82C6, 0x9327, 0x9B89, 0x8308, 0x6A66, 0x9348, 0x6A65, 0x51E5,
	0x51E5, 0x41A4, 0x49C5, 0x49C5, 0x49E5, 0x41A5, 0x5A26, 0x72C8, 0x72E8, 0x9368, 0x8329, 0x8B67,
	0x8B46, 0x8B46, 0x8328, 0x8B48, 0x8B28, 0x7AE7, 0x7AE7, 0x7AE7, 0x72C7, 0x8328, 0x8328, 0x8329,
	0x7308, 0x8308, 0x8307, 0x8B27, 0x8B07, 0x8307, 0x82E7, 0x8307, 0x8307, 0x8307, 0x9347, 0x9347,
	0x9347, 0x9347, 0x8B48, 0x9369, 0x82E7, 0x8328, 0x82E4, 0x82A2, 0x82A2, 0x82A2, 0x8AE3, 0x8B03,
	0x8AE3, 0x8AE3, 0x8AE3, 0x8AE3, 0x8AC3, 0x8AC3, 0x82C3, 0x82A2, 0x82C3, 0x82A2, 0x7AA4, 0x7AC6,
	0x7AC6, 0x82C5, 0x8AE4, 0x8AE3, 0x9303, 0x9303, 0x9B43, 0x9323, 0x7A83, 0x82C4, 0x7AA3, 0x7AA3,
	0x7263, 0x7265, 0x6AA7, 0x730A, 0x732B, 0x6B0B, 0x6B2B, 0x5A88, 0x49E6, 0x49C5, 0x5A47, 0x72E9,
	0x6AC8, 0x72E8, 0x7B4A, 0x6A05, 0x6A46, 0x7205, 0x7101, 0x7122, 0x7122, 0x7122, 0x7121, 0x7942,
	0x7101, 0x60E1, 0x6964, 0x8268, 0x8ACA, 0x82A9, 0x79E6, 0x7122, 0x7101, 0x7942, 0x7122, 0x7122,
	0x79E4, 0x7247, 0x6A67, 0x6A67, 0x72A8, 0x6A87, 0x6A46, 0x61E5, 0x5A47, 0x5A47, 0x7B09, 0x8B69,
	0x8307, 0x8307, 0x9BA9, 0x93CB, 0x7B29, 0x93CB, 0x7B09, 0x5A26, 0x5206, 0x3943, 0x41A5, 0x49C5,
	0x5A25, 0x59E6, 0x7AC7, 0x8349, 0x7B29, 0x9388, 0x8349, 0x8B68, 0x8B67, 0x8B47, 0x8B27, 0x9368,
	0x8307, 0x8307, 0x8306, 0x82E6, 0x82E7, 0x8307, 0x8B28, 0x8B28, 0x8349, 0x9348, 0x9327, 0x9327,
	0x8B27, 0x8B27, 0x8307, 0x8B27, 0x8B48, 0x8307, 0x8B48, 0x9B88, 0x9B88, 0x9348, 0x9389, 0x7AC7,
	0x8308, 0x93A9, 0x8B25, 0x8AC3, 0x8AE3, 0x8AE3, 0x8AE3, 0x8B03, 0x9303, 0x9303, 0x8B03, 0x8AE3,
	0x8AC3, 0x82C3, 0x82A2, 0x82C3, 0x82C3, 0x82C3, 0x82A4, 0x82C5, 0x82E6, 0x82C4, 0x82C4, 0x8AE4,
	0x9324, 0x9323, 0x9B23, 0x9344, 0x82A4, 0x82C3, 0x7A83, 0x7283, 0x7264, 0x6225, 0x5A26, 0x6AA8,
	0x6AEA, 0x62CA, 0x5A89, 0x5247, 0x5226, 0x3964, 0x5A46, 0x836A, 0x72C8, 0x72E8, 0x72E8, 0x72E8,
	0x7B29, 0x6184, 0x58C1, 0x7122, 0x7122, 0x6901, 0x6122, 0x6942, 0x6101, 0x6122, 0x69A5, 0x8268,
	0x82CA, 0x8268, 0x71A5, 0x6902, 0x6901, 0x7121, 0x6922, 0x6983, 0x7287, 0x7267, 0x7226, 0x71A4,
	0x7183, 0x72A7, 0x7AA8, 0x6A46, 0x5226, 0x5206, 0x72C8, 0x7B09, 0x7B2A, 0x834A, 0x93EC, 0x9C4E,
	0x8BAC, 0x93EC, 0x93EC, 0x7B29, 0x6AA8, 0x41A5, 0x3123, 0x28E2, 0x4184, 0x7247, 0x8349, 0x7B29,
	0x8349, 0x8349, 0x8349, 0x8349, 0x8328, 0x8B48, 0x9348, 0x9389, 0x8B69, 0x8B48, 0x8328, 0x8327,
	0x8306, 0x8328, 0x8327, 0x8B49, 0x8B69, 0x8B48, 0x9367, 0x9B66, 0x9BA8, 0x9387, 0x9367, 0x9367,
	0x9BA8, 0x9387, 0xA3A8, 0x9348, 0x8B27, 0x9BA8, 0x9347, 0x8327, 0x8B67, 0x9346, 0x8B04, 0x8AE3,
	0x8AE3, 0x8B03, 0x9323, 0x9323, 0x9B43, 0x9B63, 0x9323, 0x8AE3, 0x8AE3, 0x8AE3, 0x8B03, 0x9303,
	0x8AE3, 0x8AE4, 0x8B06, 0x8B25, 0x8B06, 0x8B06, 0x8AE4, 0x9304, 0x9B44, 0x9B23, 0xA363, 0x82E5,
	0x7A84, 0x82A3, 0x7A83, 0x6A44, 0x6245, 0x6246, 0x5A46, 0x49E5, 0x49E6, 0x4A07, 0x4A07, 0x5226,
	0x5206, 0x49C5, 0x51C5, 0x6A67, 0x7287, 0x92C8, 0x7A87, 0x72A7, 0x6A67, 0x61C4, 0x58E1, 0x6943,
	0x71C4, 0x6943, 0x58E1, 0x6101, 0x60E1, 0x60E1, 0x71C6, 0x82EB, 0x82EB, 0x8ACA, 0x71A5, 0x6902,
	0x7121, 0x7121, 0x7183, 0x7246, 0x72C8, 0x7246, 0x7267, 0x7A46, 0x7A26, 0x7266, 0x7226, 0x7226,
	0x3964, 0x49C5, 0x6A88, 0x6AA8, 0x72E9, 0x836A, 0x836A, 0x93ED, 0x8BAC, 0x8BCC, 0x8BAC, 0x7B09,
	0x72C9, 0x49E5, 0x3123, 0x20C2, 0x3123, 0x82A7, 0x8328, 0x8368, 0x8B8A, 0x938A, 0x72E8, 0x8349,
	0x93AA, 0x9BAA, 0x9389, 0x9BCB, 0xA42C, 0x9BCA, 0x93CA, 0x9BC9, 0x9BC9, 0x9387, 0x8305, 0x7AE7,
	0x8B49, 0xA3EA, 0xB46C, 0xB42A, 0xABE8, 0xABE7, 0xABE6, 0xABE6, 0xAC09, 0xB407, 0xABE7, 0x9366,
	0x9345, 0x9BA6, 0x8B25, 0x8B27, 0x8B26, 0x9325, 0x82E4, 0x9303, 0x9323, 0x9323, 0x9343, 0x9343,
	0x9B43, 0x9B63, 0x9323, 0x9303, 0x9323, 0x9323, 0x9323, 0x9B43, 0x9323, 0x9324, 0x9B66, 0x9366,
	0x9367, 0x8B26, 0x8B04, 0x9324, 0x9B43, 0xA363, 0x9B63, 0x7285, 0x7A84, 0x82C3, 0x82E3, 0x6A45,
	0x5205, 0x6AA8, 0x6287, 0x49E6, 0x3144, 0x3144, 0x49C6, 0x5A27, 0x41A4, 0x49C5, 0x6246, 0x6A46,
	0x7246, 0x9267, 0x8287, 0x6A46, 0x6A26, 0x72C8, 0x6963, 0x6122, 0x6A46, 0x6983, 0x58E1, 0x60E1,
	0x58C1, 0x58E1, 0x69C5, 0x82AA, 0x6A07, 0x8289, 0x71C6, 0x7122, 0x7142, 0x7142, 0x71A4, 0x6A26,
	0x6A46, 0x7205, 0x69C4, 0x7267, 0x7A67, 0x8246, 0x7246, 0x7205, 0x3123, 0x41A5, 0x6267, 0x72E9,
	0x7B2A, 0x836B, 0x8BAB, 0x838B, 0x8BAC, 0x8BAB, 0x8BAC, 0x836A, 0x838B, 0x6267, 0x3103, 0x1881,
	0x28C2, 0x72C6, 0x7AE8, 0x7AE7, 0x8369, 0x940C, 0x93EC, 0x93CB, 0xA42E, 0x9C0D, 0x93AA, 0x9388,
	0x93A9, 0x9BEB, 0x9BEB, 0x9BEA, 0x9BC9, 0x93A9, 0x72C7, 0x72A7, 0x9BCB, 0xB4AE, 0xC4F0, 0xB42B,
	0xB408, 0xABC7, 0xA3A6, 0x9BA7, 0xA3C9, 0xA3A8, 0x9BC9, 0x9C0A, 0x9388, 0x9387, 0x8327, 0x8326,
	0x8B46, 0x72A4, 0x6A64, 0x8AE3, 0x9B43, 0x9B63, 0x9B63, 0x9B63, 0x9B63, 0xA383, 0xA383, 0x9B63,
	0x9B43, 0x9343, 0x9B43, 0x9B83, 0xA363, 0xA386, 0xA3A6, 0xA3A7, 0x9388, 0x9345, 0x9324, 0x9324,
	0x9303, 0x9323, 0x8B24, 0x7285, 0x7AA3, 0x8AC3, 0x7AA4, 0x6225, 0x5A05, 0x72E8, 0x62A7, 0x6267,
	0x2924, 0x3144, 0x49E6, 0x6AA8, 0x5A46, 0x4184, 0x61E5, 0x7226, 0x7246, 0x7A87, 0x7A87, 0x82E8,
	0x82C8, 0x72A8, 0x6A05, 0x69E4, 0x6A06, 0x6101, 0x6102, 0x6901, 0x58C1, 0x5902, 0x7207, 0x8248,
	0x6984, 0x69E6, 0x71C6, 0x6902, 0x7142, 0x7142, 0x71C4, 0x71A4, 0x7205, 0x7205, 0x7287, 0x7B09,
	0x82E8, 0x8AC8, 0x7287, 0x7267, 0x41C5, 0x49C5, 0x5A26, 0x7B09, 0x8BAC, 0x8BAC, 0x8BAC, 0x8BAC,
	0x8BAB, 0x8BAB, 0x836A, 0x838B, 0x838B, 0x6288, 0x3964, 0x2902, 0x20A1, 0x6246, 0x6267, 0x49C5,
	0x5247, 0x6B0A, 0x838C, 0x940E, 0x940E, 0x940E, 0x93EC, 0x8B8A, 0x8B8B, 0x93AB, 0x9BEC, 0x9BEC,
	0x9389, 0x9BED, 0x838C, 0x8B8A, 0xB4D0, 0xBD32, 0xBCF1, 0xB48E, 0xAC2B, 0xA3C9, 0x9BC9, 0x9BCA,
	0xA3EB, 0x9BA9, 0x93AA, 0x8348, 0x93A9, 0x8B68, 0x8328, 0x7B07, 0x72A5, 0x6244, 0x51C3, 0x7A83,
	0xA3A4, 0xA3A4, 0xA3A4, 0xA383, 0xA3A4, 0xABA4, 0xABC4, 0xA3A4, 0xA383, 0xA383, 0xABA4, 0xABA4,
	0xA364, 0x9B65, 0xA3C7, 0xABC7, 0xA3A7, 0x9B65, 0x9B64, 0x9323, 0x9343, 0x9344, 0x7AE6, 0x7AA5,
	0x82C2, 0x8B05, 0x7AA5, 0x6245, 0x5A05, 0x72C8, 0x6287, 0x6AA7, 0x2923, 0x3144, 0x5206, 0x6AC8,
	0x6AA8, 0x6288, 0x6226, 0x6205, 0x6A46, 0x82A8, 0x7A87, 0x7A87, 0x7AE8, 0x7287, 0x72C8, 0x7AE8,
	0x7AE8, 0x69A3, 0x6942, 0x7142, 0x6901, 0x6923, 0x79A5, 0x79C5, 0x6984, 0x71A5, 0x71A5, 0x6922,
	0x6901, 0x7142, 0x7A25, 0x7963, 0x7A67, 0x6A87, 0x72C8, 0x7287, 0x7B08, 0x8309, 0x7AE8, 0x72C8,
	0x49E5, 0x51E5, 0x5A26, 0x7B2A, 0x93CC, 0x8BCC, 0x8BCC, 0x93CD, 0x93CC, 0x8BCC, 0x836A, 0x838B,
	0x836B, 0x6267, 0x41A4, 0x3964, 0x3143, 0x49C5, 0x5206, 0x5A47, 0x5A88, 0x6AC9, 0x836C, 0x8BCD,
	0x8BEE, 0x9450, 0x940F, 0x8BEE, 0x836B, 0x836A, 0x8BAB, 0x93CC, 0x940D, 0x93EE, 0x9C70, 0xA490,
	0xB512, 0xB4F1, 0xACD1, 0xB512, 0xAC6F, 0xAC6F, 0xA46F, 0x9BCB, 0x9C0D, 0x9BCB, 0x9BED, 0x93ED,
	0x7B6B, 0x7B29, 0x7B4A, 0x7B4A, 0x6265, 0x72C6, 0x72A6, 0x9344, 0xB3E4, 0xB3E4, 0xB3E4, 0xABC4,
	0xB3E4, 0xB404, 0xB3E4, 0xB3C4, 0xABC4, 0xABA4, 0xB3C4, 0xB3C4, 0xABA4, 0xABA5, 0xABC6, 0xABC7,
	0xABA5, 0xA384, 0xA384, 0x9323, 0x9B44, 0x9344, 0x82E5, 0x8AE4, 0x82C3, 0x82E5, 0x6A86, 0x6246,
	0x6225, 0x72A7, 0x7309, 0x7309, 0x4A06, 0x5AA9, 0x732B, 0x734C, 0x6AEA, 0x6288, 0x6AA8, 0x72C8,
	0x72C8, 0x6A87, 0x8267, 0x8A46, 0x7226, 0x7267, 0x7B09, 0x7AA8, 0x7A87, 0x71A4, 0x7163, 0x7183,
	0x7963, 0x7963, 0x8207, 0x71A5, 0x6984, 0x7A06, 0x7A05, 0x8243, 0x79A2, 0x79A2, 0x71E3, 0x7226,
	0x7267, 0x6A46, 0x6A05, 0x6A05, 0x7B29, 0x7AC8, 0x8309, 0x8308, 0x5A47, 0x5A67, 0x6A88, 0x838B,
	0x8BCC, 0x7B4A, 0x93ED, 0x93ED, 0x8BED, 0x93EC, 0x8BAC, 0x836B, 0x836A, 0x6A88, 0x49C5, 0x49A5,
	0x4184, 0x4184, 0x5A27, 0x6288, 0x62A8, 0x6AE9, 0x732B, 0x7B4B, 0x8BEE, 0x8C0F, 0x83AD, 0x8BEF,
	0x834A, 0x8369, 0x8B8B, 0x93CC, 0x940E, 0x93ED, 0xA4B1, 0xACF2, 0xAD13, 0xB533, 0xAD13, 0xAD13,
	0xB512, 0xACB1, 0xAC90, 0xA42E, 0x8B8A, 0x93CC, 0x9C70, 0x9CB1, 0x732B, 0x730A, 0x6B0A, 0x6AA8,
	0x6246, 0x5A25, 0x6266, 0xA3A5, 0xCC24, 0xC404, 0xC424, 0xBC24, 0xC425, 0xC445, 0xC424, 0xBC04,
	0xB3E4, 0xBBE4, 0xB3C4, 0xBC04, 0xC424, 0xBC05, 0xB3E6, 0xABC6, 0xABC6, 0xABC5, 0xABA4, 0xA384,
	0x9B84, 0x9344, 0x8B05, 0x8B04, 0x82E3, 0x72A5, 0x6266, 0x5A26, 0x6AA8, 0x8BAD, 0x8BCD, 0x8BAC,
	0x83AC, 0x83AD, 0x7B8D, 0x7B6C, 0x6B0A, 0x62A8, 0x6AC9, 0x7B29, 0x8309, 0x7287, 0x7A46, 0x7A05,
	0x69C4, 0x7206, 0x7AE9, 0x8329, 0x7A25, 0x7226, 0x6963, 0x7142, 0x70E1, 0x7963, 0x8248, 0x81E5,
	0x7A05, 0x7A47, 0x8225, 0x79E2, 0x79C2, 0x8223, 0x8223, 0x7246, 0x71E5, 0x69A4, 0x6A87, 0x72A8,
	0x72E9, 0x7B09, 0x72E8, 0x834A, 0x6AC9, 0x6AE9, 0x7B4B, 0x93CC, 0x834B, 0x838B, 0x8BCC, 0x8BAC,
	0x8BAC, 0x8BCC, 0x8BAC, 0x8B8B, 0x836A, 0x6A88, 0x51E5, 0x51E5, 0x51E5, 0x49E5, 0x5A67, 0x62C8,
	0x6AC8, 0x6B0A, 0x734B, 0x7B6C, 0x8C0F, 0x8BEE, 0x7B4B, 0x7B4B, 0x6AC8, 0x6A86, 0x6AA7, 0x6AA7,
	0x6AA7, 0x72A7, 0x6266, 0x5206, 0x49E6, 0x5A68, 0x7B4B, 0x838B, 0x72E9, 0x6266, 0x6266, 0x72E8,
	0x8328, 0x834A, 0x83AC, 0x8C0E, 0x7B4B, 0x7B4C, 0x6AC9, 0x5A45, 0x51E5, 0x49C4, 0x49C4, 0xB3A5,
	0xDC85, 0xD465, 0xCC24, 0xCC45, 0xCC45, 0xCC65, 0xCC24, 0xC404, 0xC404, 0xBC04, 0xBC04, 0xCC24,
	0xCC45, 0xC424, 0xBC05, 0xB3E5, 0xBC05, 0xBC05, 0xBBE4, 0xA384, 0xA3E5, 0x9386, 0x8B05, 0x9B84,
	0x9344, 0x6A65, 0x6A65, 0x6A87, 0x836B, 0x8BCD, 0x838C, 0x83AC, 0x8BAD, 0x7B6C, 0x7B4C, 0x83AD,
	0x942C, 0x6AC8, 0x6AC8, 0x72A8, 0x6A67, 0x72E8, 0x72E8, 0x7226, 0x71E5, 0x6A26, 0x7267, 0x7AC8,
	0x7226, 0x7225, 0x7226, 0x7163, 0x7942, 0x8122, 0x81E6, 0x8A66, 0x8A66, 0x8287, 0x8A64, 0x8A42,
	0x8202, 0x8A63, 0x8A84, 0x7A86, 0x7266, 0x7266, 0x7B09, 0x7B29, 0x7AC8, 0x7AE8, 0x72E8, 0x6AE8,
	0x7B4B, 0x7B4A, 0x838B, 0x93CC, 0x8BCC, 0x940D, 0x8BAC, 0x72E9, 0x838B, 0x8BAC, 0x8BCC, 0x8BAB,
	0x8B6B, 0x6AA8, 0x5A06, 0x5206, 0x5206, 0x5226, 0x5A67, 0x6AC8, 0x6AC8, 0x730A, 0x72EA, 0x72C8,
	0x7AE8, 0x7B07, 0x7265, 0x6224, 0x51E5, 0x51C4, 0x49C4, 0x51E4, 0x6245, 0x6A64, 0x5A04, 0x3944,
	0x28E2, 0x28E2, 0x49A3, 0x51C4, 0x49A3, 0x49A4, 0x49A4, 0x51C4, 0x5A04, 0x51E4, 0x49A4, 0x49A4,
	0x5A26, 0x7309, 0x6AA7, 0x5A26, 0x49E5, 0x49C5, 0x49C5, 0xC445, 0xE4C5, 0xDCA5, 0xDC85, 0xCC45,
	0xCC65, 0xDCA5, 0xDC85, 0xDC65, 0xDC85, 0xCC45, 0xCC44, 0xCC45, 0xD465, 0xCC45, 0xC425, 0xBC05,
	0xBC05, 0xC424, 0xB3E4, 0xABE4, 0xA383, 0x9344, 0x8305, 0x8B65, 0x72C5, 0x5A05, 0x6A66, 0x7B4A,
	0x7B2A, 0x8BAC, 0x940E, 0x8BED, 0x8BAC, 0x8BAC, 0x7B8D, 0x83CD, 0x83AC, 0x6AE8, 0x72E8, 0x6287,
	0x6267, 0x7309, 0x8329, 0x7205, 0x71A4, 0x71C4, 0x71E5, 0x71C4, 0x69E5, 0x79A4, 0x79E5, 0x8205,
	0x81C4, 0x8122, 0x89C6, 0x8206, 0x8A65, 0x92E5, 0x8AA4, 0x8A83, 0x8A62, 0x8284, 0x82E7, 0x7AE8,
	0x836A, 0x8349, 0x72A7, 0x7AC8, 0x7B29, 0x6A46, 0x6205, 0x72A7, 0x838B, 0x836B, 0x8BAC, 0x93EC,
	0x93CC, 0x7B2A, 0x838B, 0x8BCC, 0x8BAC, 0x8BCC, 0x8BAC, 0x7309, 0x7B09, 0x72E9, 0x6267, 0x5A47,
	0x6268, 0x6268, 0x6267, 0x6246, 0x6205, 0x6A86, 0x6A66, 0x6A45, 0x7264, 0x7AA5, 0x72A6, 0x6A45,
	0x5A05, 0x5A05, 0x5A25, 0x72C7, 0x7AE6, 0x7B05, 0x6AA6, 0x6265, 0x6285, 0x6265, 0x6285, 0x6AA5,
	0x6265, 0x5A45, 0x5A05, 0x5A05, 0x51E4, 0x49C4, 0x41A4, 0x4184, 0x5204, 0x7AC5, 0x7AC5, 0x6A85,
	0x5A25, 0x41A4, 0x6A65, 0xDC85, 0xDC85, 0xDC85, 0xDC85, 0xDC85, 0xDC85, 0xDCA5, 0xDCA5, 0xDC85,
	0xDC85, 0xD465, 0xD465, 0xD445, 0xCC45, 0xCC65, 0xC426, 0xBC26, 0xCC46, 0xC425, 0xB405, 0xBC45,
	0xC425, 0x8B25, 0x6A85, 0x7285, 0x6A44, 0x5A25, 0x734C, 0x7B8D, 0x732A, 0x8BAC, 0x9C2F, 0x93EE,
	0x93ED, 0x9C2F, 0x8BCE, 0x836B, 0x732B, 0x6B0A, 0x6AE9, 0x7308, 0x7B29, 0x7309, 0x72E8, 0x72C8,
	0x6A46, 0x69A4, 0x7A05, 0x7A05, 0x7225, 0x7A46, 0x79C4, 0x89C4, 0x8143, 0x78E1, 0x8964, 0x8A47,
	0x8AA7, 0x8A86, 0x8204, 0x8283, 0x8263, 0x82C6, 0x7B08, 0x7B09, 0x7B29, 0x8329, 0x7A65, 0x7A45,
	0x7246, 0x6A67, 0x6A67, 0x6206, 0x7B2A, 0x8B8B, 0x93CC, 0x8BCC, 0x9C0D, 0x5A67, 0x28E1, 0x838B,
	0x940E, 0x8BCD, 0x7B4A, 0x6288, 0x6AC9, 0x7AE9, 0x6AC8, 0x5A67, 0x5A47, 0x5A47, 0x5A46, 0x5A05,
	0x6225, 0x6225, 0x7286, 0x6A45, 0x7265, 0x7AA6, 0x7265, 0x6245, 0x6245, 0x6A65, 0x6A85, 0x8305,
	0x8B45, 0x7AE6, 0x8326, 0xABE5, 0xBC65, 0xB446, 0xA3C6, 0xBC46, 0xBC45, 0xABC5, 0x9BA5, 0x8B65,
	0x8305, 0x72C5, 0x6A85, 0x6A85, 0x72E5, 0x82E5, 0x82E4, 0x7AC4, 0x7284, 0x5A05, 0x6A65, 0xDC85,
	0xDC85, 0xDC85, 0xDCA5, 0xE4C6, 0xE4C5, 0xE4C5, 0xDCA5, 0xDC85, 0xDC85, 0xDC85, 0xD465, 0xCC45,
	0xCC45, 0xCC45, 0xC425, 0xCC45, 0xCC46, 0xC425, 0xBC45, 0xC465, 0xBC25, 0x72C5, 0x6A65, 0x72A5,
	0x6A64, 0x7AE8, 0x838C, 0x7B8C, 0x736C, 0x7B8C, 0x838C, 0x9C4F, 0x9C70, 0x93ED, 0x838A, 0x7B4A,
	0x7B4B, 0x732A, 0x6B0A, 0x7B09, 0x72E8, 0x6AC8, 0x72E9, 0x72E9, 0x72A8, 0x6984, 0x69C4, 0x7246,
	0x79E4, 0x71C4, 0x7984, 0x8942, 0x8184, 0x8902, 0x9143, 0x9207, 0x8AA8, 0x8A86, 0x79A4, 0x79C2,
	0x79E2, 0x8223, 0x7AA7, 0x72E8, 0x72E8, 0x7A46, 0x79E3, 0x8A04, 0x6983, 0x5963, 0x69E5, 0x7267,
	0x93EC, 0x8B6A, 0x8BAB, 0x93EC, 0x93ED, 0x7B2A, 0x5A47, 0x732A, 0x8BCD, 0x940E, 0x940D, 0x836B,
	0x834A, 0x832A, 0x7B2A, 0x6AC9, 0x7B2A, 0x8BAC, 0x72C8, 0x51A4, 0x5A05, 0x6225, 0x6A66, 0x6A66,
	0x7286, 0x7AA5, 0x82E5, 0x8B05, 0x8B04, 0x8B24, 0x9365, 0x9365, 0x7AE6, 0x8326, 0xA3A4, 0xBBE4,
	0xCC24, 0xD465, 0xDCA5, 0xE4E5, 0xE4C5, 0xD465, 0xC425, 0xBC04, 0xBC05, 0xABA4, 0xA385, 0x9B65,
	0x8B24, 0x8304, 0x7AC4, 0x72A4, 0x6244, 0x6225, 0x49A5, 0x82C5, 0xE4C5, 0xE4A5, 0xE4A5, 0xE4C6,
	0xE4C5, 0xDC85, 0xDC65, 0xDC85, 0xDC85, 0xDC85, 0xCC45, 0xCC65, 0xD465, 0xD465, 0xD465, 0xC446,
	0xCC66, 0xC446, 0xC445, 0xC485, 0xA3A5, 0x6265, 0x6A85, 0x7AC4, 0x7AC5, 0x836A, 0x836B, 0x838C,
	0x83AD, 0x7B8D, 0x83AD, 0x9C2F, 0x942E, 0x7329, 0x62A8, 0x6AC8, 0x6B0A, 0x732A, 0x732A, 0x6AE8,
	0x7309, 0x7B29, 0x72A8, 0x6A67, 0x72E8, 0x7A46, 0x71C4, 0x6A05, 0x7A26, 0x81C4, 0x8143, 0x9102,
	0x8902, 0x8902, 0x9123, 0x9267, 0x8AC8, 0x8226, 0x81A4, 0x7921, 0x79A3, 0x8203, 0x7266, 0x6AE8,
	0x7287, 0x71C4, 0x6962, 0x69C4, 0x61A3, 0x5922, 0x5123, 0x5963, 0x836B, 0x7B09, 0x6AA8, 0x836B,
	0x8BAC, 0x8BAC, 0x9C2E, 0x940E, 0x7B6B, 0x732A, 0x83AC, 0x8BAC, 0x7B2A, 0x838B, 0x8BCC, 0x93EC,
	0x93ED, 0x8BEC, 0x5206, 0x49A4, 0x51C4, 0x5A05, 0x6A66, 0x6A45, 0x7AA6, 0x82C5, 0x8B04, 0x9325,
	0x8305, 0x7AC5, 0x7AC5, 0x7AA5, 0x82E5, 0x9B64, 0xB3E4, 0xCC45, 0xDC85, 0xDCA5, 0xE4C5, 0xE4A5,
	0xDC85, 0xCC25, 0xCC25, 0xC425, 0xCC45, 0xCC25, 0xBC05, 0xABC4, 0x9344, 0x8B04, 0x7AC4, 0x6A64,
	0x6224, 0x51E5, 0x51E4, 0x49C4, 0x8AE5, 0xE4C6, 0xE4A5, 0xDCA5, 0xE4A5, 0xDC65, 0xDC65, 0xDC65,
	0xDCA5, 0xDC65, 0xDC65, 0xD465, 0xD485, 0xDC85, 0xD485, 0xCC65, 0xCC65, 0xC465, 0xCC85, 0xC425,
	0x8305, 0x5205, 0x6245, 0x72C4, 0x8307, 0x8BCC, 0x8BAC, 0x93CD, 0x93EE, 0x8BEE, 0x8BEE, 0x8C0F,
	0x8BCD, 0x6AC9, 0x6AC9, 0x62A8, 0x6AA8, 0x8329, 0x7B2A, 0x7B29, 0x72C8, 0x6A46, 0x6A66, 0x72A8,
	0x72A8, 0x7225, 0x7184, 0x71A5, 0x89C4, 0x8963, 0x9143, 0x9122, 0x9102, 0x88E1, 0x9122, 0x8A06,
	0x8248, 0x79C6, 0x79A4, 0x7962, 0x7962, 0x7A46, 0x7A87, 0x7309, 0x7AE8, 0x61E5, 0x6206, 0x59C4,
	0x6225, 0x6A25, 0x61A3, 0x5943, 0x6288, 0x7B4A, 0x832A, 0x834A, 0x93ED, 0x93ED, 0x93ED, 0x940E,
	0x8BCD, 0x730A, 0x6AE9, 0x7B6B, 0x6AC9, 0x6AC8, 0x7B4A, 0x836B, 0x836B, 0x7B2A, 0x51C5, 0x4184,
	0x49A4, 0x59E4, 0x6A46, 0x6A45, 0x7286, 0x7265, 0x6A45, 0x6A45, 0x6A45, 0x6A45, 0x72A6, 0x8306,
	0x9344, 0xA384, 0xBBC4, 0xD445, 0xDCA5, 0xDC85, 0xDC85, 0xDC85, 0xD465, 0xCC45, 0xCC45, 0xCC45,
	0xD445, 0xDC45, 0xCC25, 0xB3E4, 0xA384, 0x8B24, 0x7AA3, 0x6A44, 0x6204, 0x51E4, 0x59E4, 0x51E4,
	0x49A5, 0x82E5, 0xE4C5, 0xDCA5, 0xDC85, 0xDC85, 0xDC85, 0xE4A5, 0xE4C5, 0xDC65, 0xDC65, 0xD485,
	0xDCA6, 0xD485, 0xCC85, 0xCC65, 0xCC65, 0xD485, 0xCC85, 0xB425, 0x72A5, 0x49C4, 0x49A4, 0x5204,
	0x7B28, 0x93CC, 0x93CC, 0x93ED, 0x9C2F, 0x9C30, 0x940F, 0x8C0F, 0x7B8D, 0x7B8D, 0x7B8D, 0x834B,
	0x8308, 0x8329, 0x834B, 0x7B09, 0x6226, 0x72C8, 0x7B09, 0x7B49, 0x72C8, 0x6A46, 0x6A26, 0x69E6,
	0x81C5, 0x8A05, 0x91A4, 0x9102, 0x8902, 0x9102, 0x9123, 0x8985, 0x89E7, 0x79A5, 0x7144, 0x7102,
	0x7901, 0x81C5, 0x79E5, 0x7AE9, 0x7AC8, 0x6A67, 0x72C8, 0x6226, 0x5984, 0x59A4, 0x6205, 0x6A05,
	0x8BCC, 0x8BAC, 0x8B6B, 0x8B6B, 0x836B, 0x8BCC, 0x8BCC, 0x83AC, 0x942E, 0x942E, 0x940E, 0x8BCD,
	0x7B2A, 0x7B2A, 0x8BCC, 0x5A26, 0x836B, 0x7B4A, 0x5206, 0x49C5, 0x4984, 0x51C5, 0x59E5, 0x6225,
	0x6225, 0x6225, 0x6A45, 0x6A64, 0x7264, 0x7AC4, 0x8304, 0x9344, 0x9B64, 0xA384, 0xBBE4, 0xD465,
	0xDCA5, 0xE4C5, 0xE4A5, 0xDC85, 0xDC85, 0xD465, 0xCC45, 0xD445, 0xD445, 0xD445, 0xD445, 0xBBE4,
	0x9B64, 0x9323, 0x7AA3, 0x6A64, 0x5A04, 0x59E4, 0x51E4, 0x51E5, 0x5A06, 0x49C5, 0x8AE5, 0xE4C5,
	0xDCA5, 0xD465, 0xDC85, 0xE4C6, 0xE4C6, 0xE4A5, 0xDCA5, 0xE4C5, 0xDCA5, 0xD4A6, 0xCC65, 0xCC45,
	0xCC45, 0xD4A5, 0xCC85, 0xA3E5, 0x6265, 0x49C4, 0x41A4, 0x3963, 0x72E9, 0x93CB, 0x93AC, 0x9C0E,
	0x9C2F, 0xA4B1, 0xA4D1, 0x9450, 0x83EF, 0x7B8D, 0x7B2B, 0x7AC7, 0x8308, 0x8329, 0x836B, 0x72A8,
	0x6A87, 0x7B09, 0x7308, 0x6A87, 0x61E5, 0x6226, 0x7247, 0x7268, 0x7206, 0x7A46, 0x8A46, 0xA1E4,
	0xA143, 0xA143, 0x9102, 0x8984, 0x89E6, 0x81C6, 0x7923, 0x80E1, 0x9183, 0x82C8, 0x7AE9, 0x7AE9,
	0x7AE8, 0x72C8, 0x6AA8, 0x6287, 0x6AA8, 0x6226, 0x5984, 0x59A4, 0x8BAC, 0x8BCC, 0x834A, 0x7B2A,
	0x7B09, 0x8BCD, 0x732A, 0x6288, 0x7B6B, 0x7B4B, 0x8BED, 0x8BED, 0x83AC, 0x838B, 0x8BAC, 0x5206,
	0x838B, 0x7B4A, 0x49E5, 0x49E6, 0x49C5, 0x49A5, 0x51C5, 0x6226, 0x6A25, 0x7244, 0x7A84, 0x7AA3,
	0x82C3, 0x8B03, 0x9323, 0x9B63, 0xA3A4, 0xABA4, 0xBC04, 0xBC24, 0xC424, 0xDCA5, 0xE4E6, 0xDC85,
	0xDC65, 0xDC65, 0xD465, 0xD485, 0xD465, 0xDC45, 0xD445, 0xBBE4, 0xA384, 0x9323, 0x82C3, 0x7263,
	0x6204, 0x51C4, 0x51E5, 0x5205, 0x5205, 0x5A05, 0x51C4, 0x7285, 0xC425, 0xDC64, 0xDCA5, 0xE4C5,
	0xE4C5, 0xE4C6, 0xE4C5, 0xE4C6, 0xDCA5, 0xDCA5, 0xCC45, 0xD445, 0xD465, 0xD485, 0xC445, 0xA3A5,
	0x6245, 0x51E4, 0x51C4, 0x49A4, 0x6A87, 0x93CC, 0x9BED, 0xA44F, 0xA46F, 0xA490, 0xA491, 0x9CB1,
	0x9491, 0x8C30, 0x7AE8, 0x7AE8, 0x8309, 0x8329, 0x834B, 0x6AA7, 0x6AA7, 0x6AE8, 0x6AC8, 0x59E5,
	0x6226, 0x6207, 0x6A48, 0x7227, 0x72C8, 0x72E8, 0x7287, 0x8286, 0x9266, 0x99A3, 0x9101, 0x9122,
	0x9984, 0x9943, 0x80E1, 0x81A3, 0x8A46, 0x82C8, 0x82E8, 0x7AC8, 0x72C8, 0x72E8, 0x6A88, 0x5A67,
	0x5A46, 0x6287, 0x6A87, 0x6205, 0x93ED, 0x8BAC, 0x7B2A, 0x838B, 0x8BAC, 0x8BCC, 0x6288, 0x3964,
	0x41A5, 0x732B, 0x8BCD, 0x83AC, 0x8BAC, 0x93ED, 0x838B, 0x9C2D, 0x8B8B, 0x834B, 0x5A27, 0x4185,
	0x49C6, 0x5A06, 0x59E5, 0x6A25, 0x6A45, 0x7285, 0x7AA5, 0x82A4, 0x82E4, 0x8B04, 0x9B64, 0xA384,
	0xA3A4, 0xABC4, 0xBC04, 0xBC04, 0xC424, 0xD485, 0xDCA5, 0xDC65, 0xDC65, 0xDC85, 0xDC85, 0xCC65,
	0xD485, 0xDC85, 0xD465, 0xBC04, 0xABA4, 0x9343, 0x82C3, 0x7283, 0x6A23, 0x59E4, 0x51C5, 0x49E5,
	0x5206, 0x5A05, 0x59E4, 0x49A5, 0x5A25, 0xC426, 0xECE5, 0xDCA5, 0xDCA6, 0xE4C6, 0xE4C5, 0xE4C6,
	0xE4C6, 0xDCA5, 0xD465, 0xD465, 0xDC85, 0xDC85, 0xD425, 0xA3A5, 0x6245, 0x5A04, 0x59E4, 0x59E4,
	0x5A05, 0x93CC, 0xA44F, 0x9C4F, 0xA490, 0xA470, 0x9C70, 0x9CB1, 0x9CD2, 0x838C, 0x7286, 0x7AA7,
	0x8308, 0x8329, 0x834A, 0x72E8, 0x72C8, 0x7308, 0x7B29, 0x72C8, 0x6A68, 0x6A68, 0x7247, 0x7267,
	0x7AE9, 0x7B09, 0x72E9, 0x7AE8, 0x82C7, 0x8286, 0x9245, 0x9205, 0x91C4, 0x81C4, 0x7A04, 0x8266,
	0x8A87, 0x8AE8, 0x832A, 0x72E8, 0x7288, 0x72E8, 0x7B29, 0x72C8, 0x6288, 0x5A47, 0x5A46, 0x5A47,
	0x8BCC, 0x942E, 0x9C2E, 0x93AC, 0x8BAB, 0x8BAB, 0x940E, 0x93ED, 0x6AE9, 0x5227, 0x49E6, 0x49C5,
	0x5226, 0x8BCC, 0x93ED, 0x93CC, 0x93CC, 0x93EC, 0x7B4A, 0x49C5, 0x6226, 0x5A05, 0x5A05, 0x6225,
	0x6A45, 0x7286, 0x7AC6, 0x7AA5, 0x82C5, 0x8AE3, 0x9B63, 0xA3A4, 0xABC4, 0xB3E4, 0xB3E4, 0xBC04,
	0xC425, 0xD465, 0xDC85, 0xDC85, 0xD465, 0xDC85, 0xDCA5, 0xD485, 0xDCA5, 0xDCA5, 0xCC65, 0xBBE4,
	0xABA4, 0x9343, 0x8B03, 0x82E3, 0x7A83, 0x6A23, 0x5A05, 0x5A27, 0x5A27, 0x5A26, 0x51E5, 0x51E5,
	0x6AC8, 0x7B2A, 0x9B66, 0xE4C6, 0xE4C6, 0xDCA6, 0xDC86, 0xE4A6, 0xE4A5, 0xDC85, 0xD465, 0xD465,
	0xDC85, 0xDCA5, 0xD445, 0xA3A5, 0x6245, 0x51E5, 0x51E4, 0x59E5, 0x51C3, 0x834A, 0xACB1, 0xA470,
	0xA4D1, 0xA4B0, 0xA490, 0x942F, 0x836C, 0x6A46, 0x6A87, 0x7AE8, 0x7B09, 0x7B29, 0x7B29, 0x7309,
	0x72C8, 0x7B29, 0x7B09, 0x8B6A, 0x7AC7, 0x61E6, 0x69A5, 0x7A47, 0x7AE9, 0x8309, 0x7B29, 0x7B09,
	0x82A7, 0x8246, 0x8A87, 0x8A87, 0x8286, 0x82A7, 0x7A87, 0x7A87, 0x8287, 0x7AC8, 0x7AA8, 0x72C8,
	0x72A8, 0x6267, 0x6287, 0x7309, 0x6AC8, 0x5A26, 0x5A46, 0x5A46, 0x20C1, 0x41A4, 0x72E9, 0x8BAB,
	0x8BAC, 0x8BAC, 0x8BCD, 0x838C, 0x9C4F, 0x5206, 0x2902, 0x730A, 0x730A, 0x8BAC, 0x93CC, 0x7B4A,
	0x8BAC, 0x93EC, 0x8BCC, 0x72A8, 0x5A26, 0x49C5, 0x5206, 0x5A26, 0x6A67, 0x6A86, 0x72A6, 0x7AC7,
	0x7AA4, 0x82E3, 0x8B03, 0x9B63, 0xABE4, 0xABA4, 0xB3C4, 0xBC04, 0xC444, 0xD465, 0xDCA5, 0xDCC5,
	0xDCA5, 0xDCA5, 0xDC85, 0xD485, 0xDCA5, 0xDCA5, 0xCC45, 0xBC04, 0xA3A4, 0xA384, 0x9B43, 0x8AE3,
	0x7AA3, 0x7244, 0x6A45, 0x6267, 0x6267, 0x6247, 0x5A26, 0x6246, 0x72E9, 0x5A47, 0x3985, 0x6244,
	0xD486, 0xE4C6, 0xE4A5, 0xE4C5, 0xE4C6, 0xECC5, 0xE4C5, 0xD485, 0xDCA5, 0xDCA5, 0xCC25, 0xB3C5,
	0x6265, 0x49C4, 0x51E5, 0x51E5, 0x5205, 0x6267, 0x836B, 0x8BCC, 0x93ED, 0x7B0A, 0x6268, 0x51E6,
	0x51E5, 0x6AA8, 0x6A66, 0x72C8, 0x7B2A, 0x7B29, 0x7309, 0x7AE9, 0x7AE8, 0x7AE8, 0x8B69, 0x8B28,
	0x8348, 0x7246, 0x61E6, 0x72E9, 0x7B29, 0x72E9, 0x7B29, 0x7309, 0x6A26, 0x6143, 0x6984, 0x69A4,
	0x69A4, 0x71C4, 0x61A4, 0x6162, 0x7204, 0x7B29, 0x7AA7, 0x7AE8, 0x7B09, 0x7B09, 0x6A87, 0x5206,
	0x49C5, 0x5206, 0x5A46, 0x5A46, 0x6288, 0x41A4, 0x3963, 0x836A, 0x836A, 0x834A, 0x93ED, 0x940D,
	0x940E, 0x5A67, 0x730A, 0x8BCD, 0x8BAC, 0x8BCC, 0x8BCC, 0x8B8B, 0x93EC, 0x836A, 0x836B, 0x730A,
	0x49C6, 0x5207, 0x5227, 0x6267, 0x6288, 0x6A87, 0x72A7, 0x7285, 0x7A84, 0x8AE3, 0x82C3, 0x8B03,
	0x9B84, 0xA3A4, 0xB3E4, 0xBC24, 0xCC65, 0xD485, 0xDCA5, 0xDCC5, 0xDCC5, 0xE4C5, 0xE4A5, 0xDC85,
	0xDC85, 0xD465, 0xCC45, 0xABC4, 0xA384, 0xA384, 0x9B63, 0x82C3, 0x7A83, 0x82C6, 0x7287, 0x6A87,
	0x6247, 0x5A68, 0x6288, 0x6AC8, 0x5A47, 0x49C5, 0x3964, 0x18C3, 0x3984, 0xABA5, 0xBC06, 0x9B87,
	0x9B86, 0xA385, 0xA385, 0xABC5, 0xABC5, 0xA3A5, 0x9B44, 0x9324, 0x5A24, 0x49A5, 0x49C5, 0x5226,
	0x5A67, 0x5A47, 0x51E5, 0x72C8, 0x8329, 0x6A87, 0x51E6, 0x5206, 0x49C5, 0x49E5, 0x6247, 0x6AA7,
	0x72E9, 0x6AC8, 0x6A87, 0x72A8, 0x8329, 0x8329, 0x8329, 0x8328, 0x8B69, 0x9389, 0x8329, 0x7309,
	0x7B09, 0x7308, 0x8B6B, 0x7B2A, 0x71C5, 0x6144, 0x5964, 0x6185, 0x6964, 0x6143, 0x50E1, 0x6121,
	0x7162, 0x8B6A, 0x7B29, 0x72C8, 0x7B29, 0x7B49, 0x5A47, 0x49C5, 0x49E5, 0x5206, 0x5A46, 0x5A46,
	0x8BAC, 0x8BAC, 0x93CC, 0x834A, 0x834A, 0x7B2A, 0x72E9, 0x5A47, 0x730A, 0x83AC, 0x8BCD, 0x6AE9,
	0x7B4A, 0x8BCC, 0x8BCC, 0x93ED, 0x7309, 0x62A8, 0x83AC, 0x8BCC, 0x6AC9, 0x5A47, 0x6288, 0x6288,
	0x6288, 0x6A87, 0x7287, 0x6A24, 0x6A43, 0x7263, 0x82C3, 0x9343, 0x9323, 0x9B63, 0xABC4, 0xBC04,
	0xC404, 0xCC45, 0xCC45, 0xDCA5, 0xDCC5, 0xDC85, 0xE4C5, 0xE4C5, 0xD465, 0xC404, 0xB3E4, 0xA3A4,
	0x9B63, 0x9B43, 0x8B03, 0x7A82, 0x7A83, 0x7AE8, 0x72C9, 0x6A88, 0x6A88, 0x6289, 0x6AA8, 0x72C8,
	0x5A26, 0x3144, 0x2923, 0x3144, 0x2924, 0x5A67, 0x7AE8, 0x7AC8, 0x7AC8, 0x6A66, 0x5A05, 0x5A47,
	0x5A46, 0x3964, 0x41A4, 0x4184, 0x4184, 0x49A5, 0x4A06, 0x5A67, 0x5A67, 0x5A47, 0x5A06, 0x6267,
	0x834A, 0x834A, 0x6267, 0x5A06, 0x5206, 0x49C5, 0x6267, 0x6AA7, 0x6AA7, 0x51E5, 0x6246, 0x7AE9,
	0x8309, 0x8B28, 0x8308, 0x7AC7, 0x7AE7, 0x8B47, 0x8B27, 0x5A25, 0x6A88, 0x6AE8, 0x836A, 0x7B2A,
	0x71E5, 0x6144, 0x5964, 0x6185, 0x6985, 0x5923, 0x50E1, 0x5901, 0x69C4, 0x6288, 0x5A68, 0x6287,
	0x6267, 0x5206, 0x49E6, 0x51E6, 0x49E5, 0x5206, 0x5A46, 0x5A46, 0x6AA8, 0x7B2A, 0x8B6B, 0x834A,
	0x7B29, 0x6A87, 0x3102, 0x5A47, 0x8BCD, 0x8BCD, 0x83AC, 0x836B, 0x7B4B, 0x836B, 0x93CC, 0x93CC,
	0x7309, 0x7B2A, 0x9C2E, 0x940D, 0x8BAC, 0x5A67, 0x5A47, 0x6268, 0x6AA8, 0x72E8, 0x72C9, 0x59E4,
	0x51A3, 0x51A2, 0x7A82, 0x9343, 0x9343, 0x9B63, 0xABC4, 0xB3E4, 0xBC04, 0xCC45, 0xCC45, 0xD465,
	0xE4C6, 0xE4C5, 0xDCA5, 0xE4C5, 0xDC85, 0xBC04, 0xABC4, 0xA384, 0x9B43, 0x9323, 0x8AC3, 0x8283,
	0x7AA6, 0x72EA, 0x730A, 0x6AC9, 0x6AA9, 0x6268, 0x6268, 0x6A88, 0x6267, 0x41C5, 0x3144, 0x3164,
	0x5A67, 0x6AA8, 0x832A, 0x8308, 0x72A7, 0x6226, 0x5A05, 0x5205, 0x49E5, 0x41A5, 0x4184, 0x41A4,
	0x41A5, 0x4A06, 0x5A47, 0x5A47, 0x5A67, 0x72E9, 0x5A27, 0x5A06, 0x7308, 0x834A, 0x72E9, 0x6AA8,
	0x6AA7, 0x6247, 0x6267, 0x6267, 0x6A87, 0x6287, 0x6226, 0x7AC8, 0x7B09, 0x9369, 0x7AC7, 0x6A66,
	0x7286, 0x7AC6, 0x8B27, 0x9B88, 0x9389, 0x8328, 0x7B29, 0x7B29, 0x71C5, 0x6144, 0x6164, 0x6185,
	0x69A5, 0x5902, 0x50C1, 0x61E4, 0x62A8, 0x5A88, 0x6288, 0x62A8, 0x6287, 0x5206, 0x49C5, 0x3964,
	0x49E5, 0x5A26, 0x5226, 0x5226, 0x5206, 0x49C5, 0x8B8C, 0x8B8B, 0x72E9, 0x832A, 0x7B2A, 0x8BAC,
	0x93ED, 0x940E, 0x9C2E, 0x8BCD, 0x7B6B, 0x838B, 0x8BAC, 0x8B8B, 0x8BCC, 0x9C0D, 0x93ED, 0x8BCD,
	0x93ED, 0x6AC8, 0x5A47, 0x6AA8, 0x7309, 0x7B29, 0x72E9, 0x6A87, 0x6205, 0x51C2, 0x7262, 0x9B43,
	0x9B64, 0xA3A4, 0xABC4, 0xABC4, 0xBC04, 0xCC45, 0xCC45, 0xD445, 0xE4C5, 0xE4E6, 0xE4C6, 0xE4C5,
	0xDC85, 0xBC04, 0xABC4, 0xA383, 0x9343, 0x8AE3, 0x8B03, 0x8283, 0x82E8, 0x732B, 0x730B, 0x62CA,
	0x5A68, 0x5A68, 0x6267, 0x6267, 0x6267, 0x5A26, 0x41A5, 0x41C5, 0x4A06, 0x5226, 0x836B, 0x72E9,
	0x5A26, 0x5206, 0x51E5, 0x49C5, 0x49A5, 0x49C5, 0x49E6, 0x41A5, 0x49C5, 0x5206, 0x49C5, 0x5A47,
	0x72EA, 0x834A, 0x6AA9, 0x5206, 0x6267, 0x72E9, 0x72E9, 0x72E8, 0x7B09, 0x7287, 0x6247, 0x7B29,
	0x7B49, 0x7B09, 0x72C8, 0x8308, 0x8B49, 0x9B8A, 0x8308, 0x7AA6, 0x7AA6, 0x8B26, 0xA3A8, 0xAC0A,
	0xAC09, 0xB3E7, 0xABE7, 0x9BA8, 0x7A26, 0x5904, 0x5964, 0x6185, 0x6985, 0x5963, 0x6A25, 0x6AC7,
	0x6AA7, 0x6AC8, 0x6AC8, 0x6266, 0x5A25, 0x5A46, 0x49E5, 0x41A4, 0x5205, 0x6267, 0x5A67, 0x5A47,
	0x93ED, 0x838C, 0x732A, 0x93CC, 0x8B8B, 0x8B8B, 0x8B8B, 0x8B8B, 0x7B2A, 0x83AC, 0x940E, 0x940E,
	0x838B, 0x838B, 0x8BAC, 0x8BAC, 0x93CC, 0x8BAB, 0x8BCC, 0x93CD, 0x93CC, 0x6AC8, 0x6AA8, 0x7309,
	0x7B29, 0x7B29, 0x7309, 0x72E9, 0x72C8, 0x7264, 0x7AA3, 0x9323, 0x9B64, 0xABA4, 0xABC4, 0xABC4,
	0xB3E4, 0xCC04, 0xD445, 0xD445, 0xDCA6, 0xE4C6, 0xE4C6, 0xDCA5, 0xD485, 0xC404, 0xABC4, 0x9B63,
	0x9323, 0x8AE3, 0x82C3, 0x82A4, 0x8309, 0x7B4B, 0x6AEA, 0x6288, 0x5A48, 0x5A48, 0x6288, 0x6AC8,
	0x6287, 0x5A06, 0x5A26, 0x41C5, 0x49E6, 0x8B6A, 0x8B8B, 0x7B0A, 0x6267, 0x5A26, 0x5206, 0x5207,
	0x5207, 0x5206, 0x5207, 0x41C6, 0x3123, 0x41C6, 0x6268, 0x730A, 0x7B4B, 0x7B2B, 0x8B8B, 0x6A88,
	0x5227, 0x6AC8, 0x7308, 0x7B09, 0x8329, 0x8308, 0x6AA8, 0x72C8, 0x7B09, 0x6AC8, 0x72E8, 0x8329,
	0x9369, 0x9B68, 0x82C5, 0x7A85, 0x7AA5, 0x9346, 0x9BA8, 0xA3C8, 0xABE7, 0xABE7, 0xB3E7, 0xB407,
	0xB3E7, 0x92E5, 0x6184, 0x6185, 0x7266, 0x7B07, 0x72E7, 0x72C6, 0x72A6, 0x6AC7, 0x6AA7, 0x5A45,
	0x5A46, 0x5A46, 0x5225, 0x51E5, 0x5A26, 0x6AC8, 0x6AC8, 0x6AA8, 0x8BAC, 0x93ED, 0x8BAC, 0x7B4A,
	0x7B2A, 0x838B, 0x836B, 0x7B4A, 0x7B4B, 0x7B4B, 0x838C, 0x72EA, 0x7B4B, 0x838C, 0x836B, 0x8BAC,
	0x834A, 0x836B, 0x93EB, 0x7B49, 0x49C3, 0x5204, 0x834A, 0x834A, 0x7B09, 0x6AC8, 0x7B09, 0x7AE8,
	0x7AE7, 0x82C5, 0x7A82, 0x82C3, 0x9B43, 0x9B64, 0xA384, 0xA3A4, 0xB3E4, 0xCC24, 0xCC25, 0xD445,
	0xDCA5, 0xE4C6, 0xDC85, 0xD465, 0xCC65, 0xBC04, 0xABA4, 0x9B63, 0x9323, 0x8B03, 0x8AC3, 0x8AE5,
	0x8B6B, 0x836C, 0x72EB, 0x6AA9, 0x62A9, 0x5A48, 0x6268, 0x6288, 0x5A47, 0x5206, 0x5A06, 0x51E5,
	0x72C8, 0xA3EC, 0x9BEC, 0x836B, 0x6AA9, 0x6267, 0x5A47, 0x5248, 0x49E6, 0x41C6, 0x41C5, 0x3965,
	0x49C6, 0x7B2B, 0x836C, 0x7B2A, 0x940E, 0x838C, 0x7B2A, 0x72E9, 0x5A68, 0x72E8, 0x7B09, 0x72E8,
	0x72E8, 0x72C8, 0x72C8, 0x6246, 0x72E8, 0x72E8, 0x72C8, 0x8328, 0x8308, 0x8B28, 0x8B07, 0x7AC5,
	0x8306, 0x82E5, 0x9B87, 0xA3C7, 0xABE8, 0xABE7, 0xABE7, 0xB3E7, 0xB406, 0xBC25, 0xA385, 0x7AC6,
	0x8347, 0x7B27, 0x7B07, 0x7AE7, 0x72C7, 0x72E7, 0x6AC7, 0x6AA7, 0x6286, 0x5A45, 0x5A25, 0x51E5,
	0x5226, 0x6AC8, 0x6AA8, 0x6AA8, 0x8B6B, 0x93CC, 0x7B4B, 0x6288, 0x5A67, 0x6288, 0x5A67, 0x838C,
	0x8BAC, 0x836B, 0x8BED, 0x7B4B, 0x6AE9, 0x72E9, 0x7B4A, 0x838B, 0x836A, 0x8B6A, 0x93CB, 0x8369,
	0x6AA7, 0x838A, 0x7B4A, 0x7309, 0x6AC8, 0x72E9, 0x7AE9, 0x7AE8, 0x7AC7, 0x82E6, 0x7263, 0x6A22,
	0x7AA3, 0x9323, 0x9B84, 0xA3A4, 0xBC04, 0xCC45, 0xCC25, 0xD445, 0xDC85, 0xDCA5, 0xDC65, 0xD465,
	0xCC45, 0xB3E4, 0xA384, 0x9B43, 0x9323, 0x9303, 0x9303, 0x8B07, 0x834A, 0x834B, 0x730B, 0x6ACA,
	0x62CA, 0x62A9, 0x6288, 0x6268, 0x5A27, 0x5A27, 0x49E6, 0x7AE9, 0x8B8B, 0x834A, 0x93CC, 0x7B4B,
	0x730A, 0x6288, 0x5207, 0x41E7, 0x41E7, 0x3985, 0x41E5, 0x72EA, 0x8BAD, 0x8BAD, 0x838C, 0x8BAD,
	0x838C, 0x836B, 0x838B, 0x836B, 0x6AC9, 0x72E9, 0x72E9, 0x72E9, 0x7AE8, 0x72A7, 0x7286, 0x6A46,
	0x6A46, 0x72E8, 0x8308, 0x9368, 0xABC9, 0xA3A8, 0x9B67, 0x9367, 0x9346, 0x9B66, 0x9BA7, 0xA3C7,
	0xABE8, 0xB3E7, 0xB406, 0xB3E5, 0xB3E5, 0xB3E5, 0xB406, 0x8B66, 0x8326, 0x8326, 0x8326, 0x7B27,
	0x7B07, 0x7B07, 0x72A6, 0x6A86, 0x6266, 0x5A46, 0x5A25, 0x51E5, 0x6287, 0x7309, 0x7B09, 0x7B09,
	0x8BAB, 0x8B8B, 0x8B8B, 0x838B, 0x730A, 0x49E5, 0x3143, 0x6267, 0x836B, 0x8BCD, 0x8BED, 0x8BCD,
	0x7B2A, 0x6AC9, 0x6AC9, 0x838B, 0x8BAB, 0x8B8B, 0x93CB, 0x9C0C, 0x838B, 0x8B8B, 0x836A, 0x6288,
	0x6AC9, 0x7B2A, 0x7B0A, 0x7B0A, 0x8309, 0x8308, 0x82E5, 0x7AA3, 0x82A3, 0x9B44, 0x9B64, 0xA3A4,
	0xBC25, 0xCC45, 0xD465, 0xDC65, 0xDC85, 0xDC85, 0xDC85, 0xD465, 0xC445, 0xBBE4, 0xA384, 0x9323,
	0x9B23, 0x9B24, 0x9305, 0x936A, 0x8B8C, 0x7B6C, 0x730B, 0x6AA9, 0x6AA9, 0x6AC9, 0x7309, 0x6AC8,
	0x6AA8, 0x5A47, 0x5A47, 0x834A, 0x8B6A, 0x834A, 0x8BAD, 0x7B4C, 0x6ACA, 0x5A48, 0x5248, 0x6AC9,
	0x5A47, 0x5248, 0x838D, 0x942F, 0x8BAD, 0x940E, 0x838C, 0x8BAC, 0x836B, 0x834A, 0x834A, 0x7B4A,
	0x7B09, 0x7B2A, 0x7AE8, 0x72C8, 0x72C7, 0x82E7, 0x7A85, 0x6A45, 0x59C3, 0x7285, 0x8327, 0x9367,
	0xA3C9, 0xABE9, 0x9BA8, 0x9BA7, 0xA3C7, 0xA3E8, 0xA3C8, 0xA3C7, 0xAC06, 0xB406, 0xB3E5, 0xB405,
	0xBC26, 0xC446, 0xBC26, 0x8B26, 0x8326, 0x8346, 0x8346, 0x8326, 0x8B46, 0x8306, 0x72C6, 0x7286,
	0x6A65, 0x6245, 0x5A05, 0x5A46, 0x7309, 0x6AC8, 0x6AA8, 0x6AA8, 0x5206, 0x72E9, 0x940D, 0x8BCC,
	0x7B4B, 0x5A47, 0x49C5, 0x5206, 0x732A, 0x940D, 0x8BAC, 0x838C, 0x7B6B, 0x5A47, 0x7B4B, 0x8BCC,
	0x8BAB, 0x8B8B, 0x93CB, 0x9C0C, 0x9C0C, 0x9C0D, 0x9C0D, 0x6AC9, 0x5A68, 0x72E9, 0x7B0A, 0x7B2A,
	0x834A, 0x832A, 0x8B07, 0x7242, 0x7263, 0x7AA3, 0x7AA2, 0x9B84, 0xBC05, 0xD465, 0xE4A5, 0xE4A5,
	0xDCA5, 0xDCA5, 0xDC65, 0xD465, 0xC425, 0xB3E4, 0xA363, 0x9323, 0x8B04, 0x9304, 0x9327, 0x8B29,
	0x838C, 0x838D, 0x734C, 0x6ACA, 0x6288, 0x5A68, 0x72C9, 0x7B09, 0x6AA8, 0x62A8, 0x72EA, 0x834B,
	0x7B2A, 0x7B29, 0x7B4B, 0x730B, 0x5228, 0x5A68, 0x5249, 0x6AE9, 0x9BEB, 0x7B6C, 0x83AD, 0x838D,
	0x838C, 0x9C4F, 0x72EA, 0x72A8, 0x72A8, 0x6A67, 0x6AA7, 0x7B09, 0x7B29, 0x7B09, 0x7B09, 0x8307,
	0x7AC6, 0x82E6, 0x7AC5, 0x7AA4, 0x6A23, 0x6203, 0x9346, 0x9B88, 0xA3E9, 0xA3E8, 0xA3C8, 0x9BA8,
	0xA3C6, 0xABE7, 0xABE6, 0xB406, 0xBC26, 0xBC26, 0xBC46, 0xC446, 0xBC25, 0xBC25, 0xBC05, 0x9346,
	0x8B26, 0x8B26, 0x8326, 0x8B46, 0x9366, 0x8326, 0x72C6, 0x7AC6, 0x72A5, 0x6A65, 0x5A05, 0x72E8,
	0x7309, 0x6AA6, 0x72C6, 0x72C6, 0x5A67, 0x730A, 0x8BCC, 0x8BCC, 0x7B4A, 0x7B4A, 0x6AC9, 0x41A4,
	0x3122, 0x5206, 0x7B4A, 0x8BAC, 0x8BCD, 0x8BCC, 0x8BCC, 0x93CC, 0x93AC, 0x836B, 0x836B, 0x8349,
	0x8B8A, 0x9C2D, 0x93EC, 0x72E9, 0x6AC8, 0x730A, 0x730A, 0x7B2A, 0x7B2A, 0x834B, 0x7287, 0x59E3,
	0x6222, 0x7262, 0x82C3, 0xA384, 0xBC05, 0xD485, 0xDCA6, 0xDCA6, 0xD4A5, 0xD485, 0xD445, 0xCC45,
	0xBC04, 0xABA4, 0x9B63, 0x9303, 0x8B05, 0x9306, 0x9328, 0x834B, 0x7B6C, 0x7B4C, 0x732B, 0x62CA,
	0x6AC9, 0x6AC9, 0x5A68, 0x7309, 0x7B09, 0x6AC8, 0x72E9, 0x7309, 0x7B0A, 0x72E9, 0x72E9, 0x6289,
	0x5A69, 0x62A9, 0x5A68, 0x5A47, 0x9BEC, 0x836B, 0x7B2B, 0x7B4B, 0x7B4B, 0x834B, 0x72C9, 0x6246,
	0x6226, 0x6204, 0x6225, 0x72E9, 0x72E9, 0x72C8, 0x72A7, 0x7AC7, 0x82E6, 0x7AA5, 0x82E6, 0x8B05,
	0x8B04, 0x6203, 0x8AE4, 0xABE7, 0xABE8, 0xABE7, 0xABE7, 0xA3E7, 0xA3C5, 0xB3E6, 0xBC26, 0xBC05,
	0xBC26, 0xC445, 0xBC25, 0xBC25, 0xC425, 0xC445, 0xCC25, 0x9B86, 0x9366, 0x9366, 0x8B46, 0x9366,
	0x9B66, 0x8326, 0x7AE6, 0x8306, 0x7AE5, 0x6A84, 0x6245, 0x72E8, 0x7B06, 0x8305, 0x8305, 0x8305,
	0x93ED, 0x8BAC, 0x834A, 0x838B, 0x838B, 0x8BCC, 0x8BAC, 0x838C, 0x7B4A, 0x5A47, 0x6267, 0x6AE9,
	0x6AA9, 0x7B6B, 0x6AE9, 0x836B, 0x8BAC, 0x8B8B, 0x7B2A, 0x8BAC, 0x8B8A, 0x8349, 0x8BAB, 0x8B8A,
	0x6AEA, 0x6ACA, 0x730B, 0x7B2A, 0x834A, 0x7B4A, 0x72C8, 0x59E4, 0x51C2, 0x7263, 0x8B03, 0xA3A4,
	0xBC05, 0xCC65, 0xDC85, 0xDC85, 0xCC65, 0xD445, 0xCC65, 0xC425, 0xB3E4, 0xA384, 0x9B43, 0x9303,
	0x9305, 0x9B68, 0x8B6A, 0x834B, 0x7B6C, 0x734C, 0x730B, 0x6AE9, 0x7309, 0x6AE9, 0x62A8, 0x5A68,
	0x7309, 0x7B29, 0x6AC8, 0x72E8, 0x7309, 0x7309, 0x7B29, 0x72E9, 0x5A69, 0x5A69, 0x6268, 0x6247,
	0x6AA8, 0x7B09, 0x72C9, 0x7B2B, 0x72E9, 0x72A8, 0x6A87, 0x6AA7, 0x72C8, 0x5A25, 0x6225, 0x6A87,
	0x6A87, 0x6246, 0x6246, 0x6A86, 0x72A6, 0x7AC5, 0x72A6, 0x8B46, 0x9365, 0x9324, 0x82E4, 0xBC06,
	0xBC27, 0xABE7, 0xAC06, 0xABE6, 0xABE5, 0xBC26, 0xC425, 0xBC25, 0xC446, 0xC445, 0xC445, 0xCC45,
	0xCC45, 0xCC45, 0xCC45, 0xA3A6, 0x9B66, 0x9B66, 0x9366, 0xA3A6, 0xA385, 0x8B25, 0x82E5, 0x8B05,
	0x8B05, 0x7285, 0x6A85, 0x7B05, 0x9345, 0x9366, 0x9366, 0x9345, 0x93EC, 0x8BCC, 0x8BAC, 0x838B,
	0x8BAC, 0x8BAC, 0x7B2A, 0x7B4A, 0x8BCC, 0x940E, 0x7B6B, 0x7B4B, 0x7B4B, 0x7B4A, 0x732A, 0x7309,
	0x8BAC, 0x8BAC, 0x8BCC, 0x8BCC, 0x8BAB, 0x93CB, 0x8B8A, 0x7B08, 0x730A, 0x7B6C, 0x838C, 0x7B2A,
	0x7B2A, 0x7B4A, 0x7B09, 0x7285, 0x59E3, 0x6A43, 0x8B03, 0xA384, 0xB404, 0xCC65, 0xD465, 0xDC85,
	0xD485, 0xD465, 0xCC65, 0xBC05, 0xABC4, 0xA364, 0x9324, 0x9304, 0x9326, 0x936A, 0x8BAC, 0x836C,
	0x836C, 0x730A, 0x6AEA, 0x7B4A, 0x6AC8, 0x5206, 0x6288, 0x6AC9, 0x6288, 0x6AC9, 0x72C9, 0x72E9,
	0x7309, 0x7B29, 0x7B09, 0x7B29, 0x6267, 0x5228, 0x5A47, 0x5A26, 0x5A47, 0x7309, 0x7B09, 0x6AA8,
	0x6A67, 0x6267, 0x6246, 0x5A26, 0x5A46, 0x5205, 0x51E5, 0x5A05, 0x5A05, 0x5A05, 0x5A05, 0x5A46,
	0x6A85, 0x72C5, 0x7285, 0x8326, 0x9365, 0xB3E5, 0xA3A5, 0xBC05, 0xCC46, 0xB425, 0xABE5, 0xABE5,
	0xB405, 0xBC25, 0xCC46, 0xCC65, 0xCC45, 0xC445, 0xCC45, 0xCC45, 0xCC45, 0xD465, 0xD486, 0xABC5,
	0x9B85, 0xA385, 0x9B86, 0xABC6, 0xABA5, 0x8B45, 0x8305, 0x8B25, 0x8B05, 0x7AC5, 0x8325, 0x9365,
	0x9B86, 0xA3C6, 0xA3A5, 0xA3A5, 0x838B, 0x93CC, 0x836B, 0x836B, 0x838B, 0x8BAB, 0x836B, 0x7B4B,
	0x838B, 0x8BAC, 0x730A, 0x8BCD, 0x9C2E, 0x8BED, 0x8BED, 0x838B, 0x836B, 0x8BCC, 0x8BAB, 0x8B8B,
	0x8BCC, 0x93EC, 0x8349, 0x8BAB, 0x9BEC, 0x8B8C, 0x7B4B, 0x7B2A, 0x7B2A, 0x834A, 0x834A, 0x7AC7,
	0x7285, 0x82C4, 0x9323, 0xA3A4, 0xB405, 0xCC45, 0xCC25, 0xDC66, 0xDCA6, 0xDC85, 0xCC45, 0xB405,
	0xA384, 0x9B44, 0x9B24, 0x9B25, 0x9328, 0x8B8C, 0x8BCE, 0x83AD, 0x7B6C, 0x7B4B, 0x7B4C, 0x730A,
	0x836A, 0x6AA8, 0x5206, 0x5A47, 0x6AA8, 0x6AA8, 0x6AA8, 0x62A8, 0x7B49, 0x7B49, 0x7B29, 0x72E9,
	0x7B49, 0x5A47, 0x5227, 0x5A27, 0x5206, 0x5227, 0x6AA8, 0x6267, 0x5A26, 0x51E5, 0x49C5, 0x49C5,
	0x49A4, 0x49C5, 0x49C5, 0x51C5, 0x51C5, 0x51E5, 0x51E5, 0x5205, 0x5A25, 0x6A65, 0x6A65, 0x72C6,
	0x8B45, 0xA3A5, 0x9B84, 0x9B64, 0xDC86, 0xC425, 0xB3E4, 0xB404, 0xB405, 0xBC25, 0xCC65, 0xCC65,
	0xCC45, 0xD465, 0xD465, 0xD465, 0xD486, 0xD486, 0xD485, 0x9BA5, 0x9B65, 0x9B85, 0x9B85, 0xB405,
	0xB3E5, 0x9345, 0x8B05, 0x9365, 0x8B25, 0x8B46, 0x9B65, 0x9B85, 0xABC5, 0xABC5, 0xABC5, 0xABC5,
	0x4184, 0x62A8, 0x940D, 0x8B8B, 0x8BAC, 0x8B8B, 0x7B4A, 0x7B2A, 0x8BCC, 0x8B8C, 0x836B, 0x8BCD,
	0x9C4F, 0x8BED, 0x8BAC, 0x8BCC, 0x836B, 0x836B, 0x8B8C, 0x8BAC, 0x8BAC, 0x93EC, 0x9C2C, 0x9BED,
	0x9C0C, 0x8B8B, 0x7B4A, 0x836A, 0x7B09, 0x7B2B, 0x834B, 0x7AA7, 0x7AA5, 0x82E4, 0x9323, 0xA384,
	0xB3E5, 0xCC45, 0xD445, 0xDC86, 0xDC86, 0xD486, 0xC425, 0xB3E5, 0xA364, 0x9324, 0x9304, 0x9305,
	0x9348, 0x936B, 0x83AD, 0x7B8E, 0x7B6C, 0x7B2B, 0x732B, 0x72EA, 0x8B8B, 0x9BEC, 0x7309, 0x5226,
	0x6267, 0x6AA8, 0x6267, 0x93AB, 0x8B8A, 0x6267, 0x7B29, 0x6AC8, 0x5A69, 0x5249, 0x6B0B, 0x5A48,
	0x3965, 0x3985, 0x41C6, 0x49E5, 0x41A5, 0x3984, 0x3964, 0x3964, 0x3964, 0x4184, 0x4184, 0x41A4,
	0x49C5, 0x49C5, 0x41A4, 0x49A5, 0x51E5, 0x6245, 0x6A85, 0x6A85, 0x8306, 0x9B65, 0xABC5, 0x8B24,
	0xCC65, 0xD445, 0xBC05, 0xB3E4, 0xB405, 0xBC25, 0xC445, 0xCC65, 0xD465, 0xDC86, 0xDCA6, 0xCC65,
	0xCC45, 0xCC65, 0xC445, 0x9365, 0x8B45, 0x9345, 0x9B85, 0xBC25, 0xB3E5, 0x8B25, 0x9345, 0x9B85,
	0x9B85, 0xA3A5, 0xA3A5, 0xABA5, 0xABC5, 0xB405, 0xBC05, 0xBC05, 0x5206, 0x62A8, 0x8BCC, 0x8B8B,
	0x836B, 0x836B, 0x7309, 0x838C, 0x8BAC, 0x838B, 0x838C, 0x8BCC, 0x8BCC, 0x8BCC, 0x93ED, 0x836B,
	0x8BCC, 0x7B2A, 0x7B4B, 0x8BAC, 0x8BAC, 0x93EC, 0x9C0C, 0x9C0C, 0x93EC, 0x8BAB, 0x72E9, 0x6AEA,
	0x7B2A, 0x7B2B, 0x7B4B, 0x7AE8, 0x82C6, 0x82E4, 0x9323, 0x9B84, 0xBC05, 0xD445, 0xDC45, 0xDC86,
	0xD486, 0xD466, 0xBC25, 0xA3A5, 0x9344, 0x8B04, 0x9304, 0x8B26, 0x8B28, 0x8B4A, 0x83AD, 0x7B8D,
	0x732C, 0x6AC9, 0x6AA9, 0x6AC9, 0x6AC9, 0x836B, 0x9BEC, 0x8B8B, 0x6AC8, 0x6AA8, 0x93CB, 0x9BEC,
	0x5A46, 0x6288, 0x6AC9, 0x4A07, 0x4A08, 0x5A69, 0x736C, 0x7BAE, 0x3165, 0x2903, 0x3964, 0x41A5,
	0x3164, 0x3964, 0x3144, 0x3144, 0x3143, 0x3943, 0x3964, 0x4184, 0x4184, 0x49C5, 0x41A5, 0x4184,
	0x49C4, 0x5A05, 0x6A65, 0x7285, 0x7AE5, 0x9365, 0xB3E5, 0x9344, 0xB3C5, 0xDC66, 0xBC05, 0xB3E5,
	0xB3E5, 0xB405, 0xC425, 0xCC65, 0xD485, 0xE4A6, 0xD465, 0xCC65, 0xCC65, 0xCC65, 0xBC05, 0x8B25,
	0x9345, 0x8B45, 0xA3A5, 0xBC25, 0xA3C5, 0x8B25, 0x9345, 0x9B85, 0xABC5, 0xA3C5, 0xABE5, 0xB3C5,
	0xB405, 0xC425, 0xC425, 0xC425, 0x940D, 0x6AC9, 0x6AC8, 0x8BAB, 0x8B8B, 0x7309, 0x7B2A, 0x7B4B,
	0x49C5, 0x7B4A, 0x836B, 0x7B2A, 0x838C, 0x7B6B, 0x83AC, 0x838B, 0x7B4B, 0x7B2A, 0x836B, 0x8BCC,
	0x8BCC, 0x93ED, 0x93AB, 0x93CB, 0x8BAB, 0x93AB, 0x7B2B, 0x6AEA, 0x730A, 0x7B6C, 0x7B6C, 0x7B09,
	0x82C5, 0x82C3, 0x8B03, 0x9B84, 0xBC05, 0xCC66, 0xDC66, 0xD466, 0xD486, 0xCC46, 0xBC05, 0xA3A5,
	0x9B64, 0x9324, 0x8B05, 0x8B27, 0x8B49, 0x8B29, 0x838D, 0x83AE, 0x8BAE, 0x6AEA, 0x6AC9, 0x6AC9,
	0x6AC9, 0x6AC9, 0x7B0A, 0x7B4C, 0x5AAB, 0x62AA, 0x732B, 0x5269, 0x4A49, 0x526A, 0x41C7, 0x5249,
	0x7BCF, 0x83CF, 0x8C30, 0x94B2, 0x4A28, 0x18A2, 0x3964, 0x3984, 0x3144, 0x3144, 0x3143, 0x3123,
	0x3123, 0x3143, 0x3964, 0x3964, 0x3964, 0x4184, 0x49C4, 0x4184, 0x49C4, 0x5A25, 0x6A85, 0x72C5,
	0x7B05, 0x9B85, 0xBC05, 0x9B84, 0x9B84, 0xCC45, 0xBC05, 0xB3E5, 0xBC05, 0xB405, 0xBC25, 0xC425,
	0xD445, 0xE4A6, 0xE4A6, 0xCC65, 0xC425, 0xCC45, 0xA3A5, 0x7B05, 0x8325, 0x8B45, 0xABC5, 0xBC25,
	0x9BA5, 0x8B25, 0x9345, 0xA3A5, 0xB3E5, 0xABE5, 0xB405, 0xC425, 0xCC45, 0xCC65, 0xC425, 0xC445,
	0x6AE9, 0x6288, 0x5A47, 0x8B8B, 0x8BAC, 0x7B2A, 0x7B2A, 0x836B, 0x6AC9, 0x7B4B, 0x834A, 0x72E9,
	0x838B, 0x93ED, 0x7B6B, 0x7B4A, 0x834B, 0x8BAC, 0x8BAC, 0x8BCC, 0x93ED, 0x93ED, 0x93ED, 0x72E7,
	0x8B8A, 0x9C0D, 0x8B8B, 0x6AEA, 0x7309, 0x7B4B, 0x7B4C, 0x832A, 0x82E7, 0x82E5, 0x9324, 0xA384,
	0xBC05, 0xCC66, 0xDC66, 0xDC86, 0xD466, 0xC446, 0xBC05, 0xA3A5, 0xA365, 0x9B25, 0x9326, 0x936A,
	0x938B, 0x8B6B, 0x836C, 0x836C, 0x7B4C, 0x730B, 0x6AC9, 0x6AC9, 0x6AC9, 0x6AC9, 0x5AAA, 0x528B,
	0x528B, 0x526B, 0x41E9, 0x4A4A, 0x526A, 0x4A4A, 0x4208, 0x7BCF, 0x9492, 0x9CF4, 0xA514, 0x9492,
	0x738E, 0x28E2, 0x3144, 0x3123, 0x3144, 0x3944, 0x3964, 0x3943, 0x3964, 0x3964, 0x3964, 0x3964,
	0x3964, 0x4184, 0x4184, 0x41A4, 0x51E4, 0x5A45, 0x6AA5, 0x72E5, 0x8305, 0x9BA5, 0xC425, 0xA384,
	0x9B64, 0xCC65, 0xC445, 0xBC25, 0xBC25, 0xB3E4, 0xC405, 0xCC25, 0xD465, 0xE4A6, 0xE4A6, 0xCC66,
	0xC445, 0xCC65, 0x9365, 0x6AC5, 0x7AE6, 0x8B45, 0xB405, 0xB3E5, 0x9B85, 0x9345, 0x9385, 0xA3C5,
	0xB3E5, 0xB3E5, 0xBC25, 0xCC66, 0xD465, 0xCC65, 0xCC65, 0xCC65, 0x6AA8, 0x836B, 0x834A, 0x8B6B,
	0x8BAC, 0x7B0A, 0x72E9, 0x72E9, 0x838B, 0x730A, 0x8B8B, 0x730A, 0x838B, 0x8BAC, 0x8BCD, 0x7B2A,
	0x8B8C, 0x8BAC, 0x8BCC, 0x8BAC, 0x93ED, 0x93ED, 0x93ED, 0x7B28, 0x9C0C, 0x93CB, 0x8BAB, 0x7B29,
	0x7309, 0x72E9, 0x7B4C, 0x838C, 0x8308, 0x8306, 0x8B24, 0xA3A4, 0xB3E5, 0xD466, 0xDCA6, 0xD466,
	0xCC46, 0xBC25, 0xB3E5, 0xA3A5, 0xA365, 0x9B45, 0x9347, 0x9BCC, 0x93CD, 0x836C, 0x838C, 0x730B,
	0x62CA, 0x6ACA, 0x6ACA, 0x6AC9, 0x6AC9, 0x5AAA, 0x528B, 0x528B, 0x528B, 0x5AAB, 0x5249, 0x4A08,
	0x524A, 0x4A29, 0x630C, 0x9CF4, 0xAD35, 0xAD56, 0xB576, 0xA515, 0x83F0, 0x3164, 0x3144, 0x3964,
	0x4184, 0x4184, 0x3984, 0x4184, 0x4184, 0x4184, 0x4184, 0x3984, 0x4184, 0x4184, 0x41A4, 0x49C4,
	0x5205, 0x6265, 0x72C5, 0x7B05, 0x8325, 0xABC6, 0xCC45, 0xA384, 0x9B64, 0xC445, 0xCC65, 0xBC05,
	0xB3E5, 0xBC05, 0xCC25, 0xCC45, 0xDC65, 0xDC65, 0xCC45, 0xBC25, 0xBC25, 0xC425, 0x82E5, 0x6AC6,
	0x72E5, 0x9BA5, 0xB405, 0xABC5, 0x9B65, 0x9365, 0xA3A5, 0xB405, 0xB3E5, 0xBC05, 0xC425, 0xCC65,
	0xCC65, 0xC445, 0xCC45, 0xCC65, 0x8BAC, 0x8BCC, 0x8B8B, 0x8B8B, 0x8BAC, 0x838B, 0x8BAC, 0x6288,
	0x7B4B, 0x8BCC, 0x730A, 0x838C, 0x838C, 0x6AC9, 0x7B4B, 0x836B, 0x93ED, 0x8BAC, 0x8BAC, 0x8BAC,
	0x93ED, 0x8BAC, 0x93CC, 0x93AB, 0x93AA, 0x93CB, 0x93AB, 0x834A, 0x836B, 0x730A, 0x730A, 0x7B4B,
	0x7B09, 0x7AC7, 0x8B26, 0xA3A5, 0xBC05, 0xD466, 0xDC86, 0xD466, 0xCC46, 0xB406, 0xABC5, 0xA385,
	0x9B65, 0x9326, 0x9B89, 0x9C0E, 0x8BAC, 0x838D, 0x732C, 0x62CA, 0x6AEA, 0x6ACA, 0x6ACA, 0x6AEA,
	0x62CA, 0x528C, 0x528B, 0x528B, 0x528B, 0x5AAC, 0x5AAB, 0x5249, 0x4A08, 0x528A, 0x9492, 0xAD56,
	0xAD35, 0xAD56, 0xB5B7, 0x8C31, 0x5ACC, 0x41C6, 0x4184, 0x49C5, 0x49C4, 0x49C5, 0x49C5, 0x49C4,
	0x49E5, 0x49C5, 0x49C4, 0x49A4, 0x49A4, 0x49C4, 0x49E4, 0x5205, 0x6265, 0x72C5, 0x8305, 0x8B45,
	0x9365, 0xB3E5, 0xCC45, 0xABA5, 0x9B84, 0xC425, 0xCC86, 0xC425, 0xBBE5, 0xC405, 0xD466, 0xDC66,
	0xD446, 0xCC25, 0xC425, 0xB3E5, 0xABC5, 0xA3A5, 0x6A64, 0x6265, 0x72E5, 0xA3C5, 0xBC25, 0xABE5,
	0x9365, 0x9B85, 0xABC5, 0xB405, 0xB405, 0xBC25, 0xC445, 0xBC25, 0xCC65, 0xD465, 0xD466, 0xD486,
	0x8BAC, 0x8BAC, 0x6267, 0x836A, 0x93CC, 0x93ED, 0x838C, 0x7309, 0x838B, 0x836B, 0x49E5, 0x62A8,
	0x7B4A, 0x8BAC, 0x83AC, 0x8BAC, 0x8BCC, 0x7B2A, 0x7B4B, 0x8BAC, 0x940D, 0x8B8B, 0x836A, 0x8B6A,
	0x8B49, 0x93CB, 0x836A, 0x8B8B, 0x732B, 0x730A, 0x732A, 0x732B, 0x730A, 0x72A7, 0x8B26, 0xA3A4,
	0xBC05, 0xD466, 0xD466, 0xD466, 0xD466, 0xBC06, 0xA3A5, 0xA385, 0x9B88, 0x9369, 0xA40D, 0x940E,
	0x7B6C, 0x7B4B, 0x83CD, 0x730A, 0x6289, 0x62CA, 0x6ACA, 0x6A48, 0x61E7, 0x528B, 0x528B, 0x528B,
	0x528B, 0x5AEC, 0x5ACB, 0x526A, 0x5AAB, 0x7BCF, 0xA515, 0xB576, 0xAD55, 0xAD76, 0xB5B7, 0x94B3,
	0x630C, 0x5226, 0x5205, 0x5A46, 0x5A25, 0x5A26, 0x5A25, 0x5A25, 0x5225, 0x5205, 0x5205, 0x5204,
	0x5204, 0x5A25, 0x5A45, 0x6265, 0x72C5, 0x8325, 0x9365, 0x9B85, 0xA3A5, 0xBC05, 0xD486, 0xB3C5,
	0x9B85, 0xC446, 0xD486, 0xDC86, 0xD445, 0xCC46, 0xD486, 0xD446, 0xBBE5, 0xBC05, 0xBBE5, 0xABC5,
	0xABC5, 0x9B65, 0x6A85, 0x6A65, 0x7AC4, 0xA3A4, 0xABC5, 0xA3A5, 0xA3A5, 0xA3C5, 0xABE5, 0xBC25,
	0xC425, 0xBC04, 0xBC25, 0xC425, 0xC425, 0xC445, 0xCC45, 0xCC45, 0x93EC, 0x7B4A, 0x72C8, 0x8B6A,
	0x93CC, 0x838B, 0x836B, 0x8BAC, 0x7B4B, 0x49C5, 0x3983, 0x7309, 0x93CC, 0x838B, 0x7B2A, 0x7309,
	0x8BAC, 0x8BAB, 0x7309, 0x7B4A, 0x8BAC, 0x834A, 0x8B8B, 0x7AE9, 0x834A, 0x93AA, 0x93CB, 0x93AB,
	0x72E9, 0x6AC9, 0x7B4A, 0x7B4C, 0x834B, 0x72A6, 0x82E6, 0xA3A6, 0xC426, 0xCC66, 0xD466, 0xD466,
	0xCC46, 0xBC06, 0xABC5, 0xA386, 0x9B88, 0x9BAB, 0xA42E, 0x93EE, 0x83AD, 0x732B, 0x6AEA, 0x7B2A,
	0x6B0A, 0x7AAA, 0x8249, 0x69A6, 0x6185, 0x61E8, 0x52AC, 0x526B, 0x5AAB, 0x62EC, 0x630C, 0x6B4D,
	0x8C31, 0xA515, 0xAD35, 0xAD56, 0xAD56, 0xAD36, 0xAD35, 0xAD56, 0x9492, 0x6266, 0x6266, 0x6AC7,
	0x6AC7, 0x6AC6, 0x6AA6, 0x6A86, 0x6285, 0x6265, 0x6265, 0x6265, 0x6285, 0x6A85, 0x72A5, 0x7AE5,
	0x8B25, 0xA3A5, 0xA3C6, 0xABC6, 0xB3E5, 0xCC66, 0xE4C6, 0xB3E5, 0xABC5, 0xC446, 0xCC65, 0xDCA6,
	0xDC66, 0xCC47, 0xCC67, 0xBC06, 0xB3C6, 0xB3C6, 0xABA6, 0x9366, 0x9B86, 0x8305, 0x6A65, 0x72A5,
	0x9344, 0xA3C4, 0xA3C5, 0x9B85, 0xA3A4, 0xABC5, 0xB3E4, 0xBC05, 0xC425, 0xBC05, 0xBC05, 0xBC05,
	0xB405, 0xBC05, 0xC425, 0xC425, 0x93CC, 0x93CC, 0x93AB, 0x8BAB, 0x8BAC, 0x8BAC, 0x8BAC, 0x838B,
	0x7B2A, 0x3142, 0x49C5, 0x7B4A, 0x7B4A, 0x6AC9, 0x836B, 0x6287, 0x8B8B, 0x836B, 0x7B2A, 0x836B,
	0x72C8, 0x834A, 0x8BAB, 0x8BAB, 0x8B8B, 0x93CC, 0x93CB, 0x8B69, 0x7B09, 0x5A88, 0x732A, 0x7B4C,
	0x7B2B, 0x72A7, 0x8307, 0xA3A7, 0xC426, 0xCC46, 0xD466, 0xDC87, 0xCC46, 0xB3E6, 0xABC6, 0xA386,
	0xA388, 0x9BCB, 0x8BCD, 0x838C, 0x7B4B, 0x734B, 0x6B0B, 0x6B0B, 0x9288, 0xBA48, 0x9248, 0x69A6,
	0x6986, 0x6145, 0x59E8, 0x632D, 0x7BF0, 0x9493, 0x9CB3, 0xA4F4, 0xAD56, 0xB576, 0xAD56, 0xAD76,
	0xAD56, 0xAD35, 0xAD76, 0xA515, 0xA4B2, 0x8307, 0x6AA6, 0x72E7, 0x8327, 0x7B27, 0x7B07, 0x7B06,
	0x7AE6, 0x72E6, 0x72E6, 0x72C5, 0x7AE5, 0x82E5, 0x8305, 0x9345, 0xA3A6, 0xB406, 0xBC06, 0xBC06,
	0xC446, 0xE4A7, 0xE4A6, 0x9B85, 0xB405, 0xBC05, 0xCC25, 0xDC66, 0xCC26, 0xBC06, 0xB407, 0xABE6,
	0xA386, 0x9B86, 0x9366, 0x7B05, 0x8305, 0x6A85, 0x6265, 0x7AC5, 0x9B85, 0x9BA5, 0x9B85, 0x9365,
	0x9344, 0xA384, 0xABE4, 0xB3E5, 0xB405, 0xBC05, 0xBC25, 0xC425, 0xC425, 0xC446, 0xC446, 0xC446,
	0x8B8B, 0x8B8B, 0x8B8B, 0x8BAC, 0x8BAC, 0x7B4A, 0x836B, 0x838B, 0x7B4B, 0x4184, 0x5A47, 0x93EC,
	0x836B, 0x7309, 0x72E8, 0x834A, 0x7B09, 0x7B4A, 0x8BCC, 0x8B8B, 0x836B, 0x8BAB, 0x8B8B, 0x838B,
	0x7B2A, 0x93EC, 0x93CB, 0x8B8A, 0x836A, 0x6B0B, 0x6B0B, 0x6AEA, 0x7B4B, 0x7AE9, 0x8307, 0xA386,
	0xCC46, 0xD466, 0xD487, 0xD467, 0xCC46, 0xBC06, 0xABC6, 0xA3A7, 0xA3A8, 0x9BCC, 0x8BEE, 0x8BAC,
	0x834A, 0x7B4B, 0x6B0B, 0x730B, 0xB269, 0xC1C6, 0x9249, 0x69A6, 0x6185, 0x6144, 0x6103, 0x6A69,
	0xA514, 0xA515, 0xAD35, 0xAD35, 0xAD76, 0xAD56, 0xA4F4, 0xA535, 0xAD35, 0xAD35, 0xB576, 0xB5B8,
	0x942F, 0x9BCA, 0x8348, 0x7AE6, 0x93A8, 0x8B68, 0x9387, 0x9367, 0x8B46, 0x8346, 0x8346, 0x8B45,
	0x9365, 0x9B85, 0xA3A6, 0xB3E6, 0xCC46, 0xD466, 0xD466, 0xCC46, 0xD487, 0xECC8, 0xCC46, 0x8325,
	0xABC6, 0xB3E5, 0xC426, 0xC406, 0xB3E7, 0xA3A6, 0x9B87, 0x9387, 0x8B26, 0x8306, 0x72C6, 0x72C7,
	0x72C6, 0x6A65, 0x6A65, 0x82E4, 0x9344, 0x9365, 0x9365, 0x9345, 0x9344, 0x9B84, 0xA3C4, 0xABC4,
	0xABC5, 0xB3E4, 0xBC05, 0xBC05, 0xBC26, 0xBC05, 0xBC05, 0xBC05, 0x8B6B, 0x8B6A, 0x7B09, 0x8BAC,
	0x9C2E, 0x8BCC, 0x8BAC, 0x838B, 0x836B, 0x6AC9, 0x836B, 0x8BAC, 0x8B8B, 0x836A, 0x8B6B, 0x5A47,
	0x49C5, 0x72E9, 0x7B2A, 0x838B, 0x8BCC, 0x7B4A, 0x8BCC, 0x7B4A, 0x834A, 0x93CC, 0x93EC, 0x93AA,
	0x8B8A, 0x6AEA, 0x6AEA, 0x6AEA, 0x730A, 0x7B09, 0x8B69, 0xABC7, 0xCC26, 0xD467, 0xDC87, 0xD467,
	0xC426, 0xB406, 0xABC6, 0xA3A8, 0x9BAA, 0x8BCC, 0x8BCD, 0x836B, 0x8B8B, 0x8BAC, 0x732B, 0x92CA,
	0xA2AA, 0xB248, 0xB185, 0x9965, 0x6986, 0x6144, 0x5924, 0x3861, 0x4986, 0xAD56, 0xB597, 0xA535,
	0xAD36, 0xA515, 0xA515, 0x9CF4, 0xA4F4, 0xA515, 0xAD36, 0xAD35, 0x7B4A, 0x7AE9, 0x7B28, 0x9388,
	0xABE9, 0xB409, 0xAC09, 0xABE8, 0xABE8, 0xABE9, 0xA3C7, 0xABE6, 0xB3E6, 0xBC06, 0xC426, 0xCC67,
	0xD466, 0xCC46, 0xC425, 0xBC26, 0xC447, 0xD488, 0xA3A6, 0x8305, 0x9367, 0x9B86, 0xABC6, 0xABC6,
	0x9B87, 0x9387, 0x8B47, 0x7B07, 0x72C6, 0x6AA6, 0x5A25, 0x5206, 0x6266, 0x72A5, 0x72A5, 0x8B25,
	0x9324, 0x9345, 0x9345, 0x8B25, 0x9344, 0x9B64, 0x9B64, 0x9B84, 0xA3A5, 0xB3E5, 0xBC05, 0xBC06,
	0xB406, 0xB3E7, 0xB407, 0xB3E6, 0x8B6B, 0x836B, 0x834B, 0x8BCC, 0x7B4B, 0x7B4A, 0x838C, 0x8BED,
	0x7B4A, 0x6267, 0x7B2A, 0x8BAC, 0x8BAC, 0x8BAB, 0x93EC, 0x6AA8, 0x6267, 0x8B8B, 0x6287, 0x834B,
	0x93CC, 0x836B, 0x8B8B, 0x8B8B, 0x93EC, 0x93EC, 0x9C0C, 0x9BCA, 0x9389, 0x730A, 0x62A9, 0x6AC9,
	0x730A, 0x7B29, 0x93A9, 0xABE7, 0xC427, 0xD467, 0xDC87, 0xCC47, 0xBC07, 0xBC07, 0xABC7, 0x9B88,
	0x938A, 0x7B2A, 0x7B4A, 0x836B, 0x7B4B, 0x8BAC, 0x838C, 0x8248, 0x8208, 0x9207, 0xA9E5, 0xC923,
	0xA0E3, 0x6944, 0x5124, 0x40E3, 0x2800, 0x7B4E, 0xB597, 0xAD35, 0xB576, 0xBDB7, 0xAD55, 0x9CD3,
	0xA515, 0xAD35, 0xAD76, 0xA515, 0x7309, 0x72C8, 0x8348, 0xA3C9, 0xABEA, 0xB409, 0xBC4B, 0xC46A,
	0xBC6A, 0xBC49, 0xBC69, 0xC448, 0xCC46, 0xD466, 0xC446, 0xC447, 0xC406, 0xAC07, 0x9B86, 0xA386,
	0xB407, 0xABE7, 0x8B46, 0x7AC6, 0x7AC6, 0x7AE6, 0x9387, 0x9388, 0x8B48, 0x7B28, 0x72E8, 0x6AA7,
	0x6266, 0x6AA7, 0x5206, 0x3984, 0x5204, 0x72A5, 0x7AA5, 0x8304, 0x8B04, 0x8B25, 0x8B25, 0x8B05,
	0x9345, 0x9B65, 0x9B65, 0x9B85, 0x9B86, 0xA3A6, 0xB3E6, 0xBC08, 0xB407, 0xB3E8, 0xB408, 0xB408,
	0x8B8B, 0x7B4A, 0x8BCC, 0x8BCC, 0x7B6B, 0x6288, 0x836B, 0x838C, 0x7B4B, 0x7B4B, 0x93CD, 0x8BAC,
	0x8BAC, 0x8B8B, 0x836A, 0x93ED, 0x6287, 0x72E9, 0x834A, 0x730A, 0x836B, 0x8BAC, 0x8BAB, 0x8B8B,
	0x8BAC, 0x93ED, 0xA40B, 0x9BEA, 0x9368, 0x72E8, 0x6289, 0x6AC9, 0x6AC9, 0x7B08, 0x9367, 0xA3C8,
	0xBC28, 0xCC67, 0xDC87, 0xD467, 0xBC07, 0xABE7, 0xA3A8, 0x9B89, 0x8B6A, 0x72E9, 0x730A, 0x7309,
	0x836B, 0x7B4A, 0x832A, 0x6985, 0x6185, 0x7945, 0xA9A5, 0x9A47, 0xB943, 0xB8C3, 0x9124, 0x6104,
	0x4081, 0x6249, 0xB5B7, 0xB597, 0xB5B7, 0xAD76, 0x9493, 0x9492, 0x9493, 0x9493, 0xA514, 0xAD76,
	0x83AD, 0x72C7, 0x9368, 0xA3C9, 0xAC0B, 0xA3E9, 0xABEA, 0xBC2A, 0xBC2A, 0xC46A, 0xC449, 0xC448,
	0xCC67, 0xC425, 0xB3E6, 0xB3C6, 0xB3E6, 0xA3E7, 0x9367, 0x9B87, 0x9B86, 0x9367, 0x72A6, 0x6225,
	0x6246, 0x8307, 0x8B69, 0x8329, 0x7AE8, 0x72C8, 0x6AA7, 0x6A87, 0x6287, 0x5A46, 0x41A4, 0x4184,
	0x5A25, 0x7285, 0x72A5, 0x82E4, 0x82E5, 0x82E5, 0x8B26, 0x8B26, 0x9325, 0x9324, 0x9B64, 0xA386,
	0xA3A8, 0xA3A7, 0xABC7, 0xB3E8, 0xB3E8, 0xABC7, 0xABC7, 0xABC7, 0x838B, 0x8BAC, 0x8BAC, 0x7B2A,
	0x9C4F, 0x93ED, 0x940D, 0x93ED, 0x93ED, 0x838C, 0x7B4A, 0x93CC, 0x8B8B, 0x8B8B, 0x836B, 0x7309,
	0x7B4A, 0x7B2A, 0x5226, 0x7B2A, 0x8BCD, 0x940D, 0x93CC, 0x8BCC, 0x8BCC, 0x8BAB, 0xA40B, 0x8B89,
	0x7B07, 0x72E8, 0x62C9, 0x6AA9, 0x6AA8, 0x7AE8, 0x9368, 0xA3C8, 0xBC07, 0xCC47, 0xDC67, 0xCC47,
	0xBC07, 0xABE7, 0xA3A7, 0x9369, 0x7309, 0x7309, 0x7B09, 0x6288, 0x72EA, 0x8BCC, 0x7247, 0x5904,
	0x6144, 0x6945, 0x9924, 0xA184, 0x9184, 0xB0E2, 0xC0A2, 0x80C1, 0x7040, 0x8ACB, 0xB597, 0xAD35,
	0xB596, 0xAD35, 0x9493, 0x8C31, 0x8410, 0x9492, 0x9CD4, 0x9CD3, 0x9CB3, 0x836A, 0x9367, 0xABEA,
	0xAC0A, 0xA3E9, 0xA3EA, 0xBC2A, 0xBC09, 0xBC29, 0xBC28, 0xB408, 0xB3E8, 0xABE7, 0xB3E6, 0xB3E6,
	0xA3C6, 0x9B86, 0x9B87, 0x9366, 0x8B47, 0x7AE7, 0x7285, 0x5A25, 0x6266, 0x7B08, 0x7B08, 0x72C8,
	0x6AC8, 0x6287, 0x6287, 0x6AC8, 0x5A47, 0x41A4, 0x3964, 0x3964, 0x5A25, 0x6A66, 0x7285, 0x82E4,
	0x82E5, 0x82E5, 0x8B05, 0x9B45, 0x9346, 0x9345, 0x9B87, 0xA3A8, 0xABEA, 0xA3C9, 0xA3C8, 0x9BA7,
	0xA3C8, 0xABE9, 0xA3C9, 0xA3C8, 0x93ED, 0x8BCC, 0x8BCC, 0x836B, 0x8BAB, 0x732A, 0x836B, 0x838B,
	0x93ED, 0x7B2A, 0x836B, 0x8B8B, 0x7B09, 0x6287, 0x72E9, 0x8BAC, 0x732A, 0x8BCC, 0x730A, 0x836B,
	0x93CC, 0x83AC, 0x8BCD, 0x940D, 0x940E, 0x93CC, 0x9BCA, 0x7AE7, 0x72A6, 0x72A7, 0x6288, 0x6287,
	0x6AC8, 0x7AE8, 0x8B68, 0xA3C8, 0xB408, 0xCC47, 0xD467, 0xC427, 0xBC07, 0xB3E7, 0x9B87, 0x8B68,
	0x7B49, 0x7B2A, 0x836A, 0x93AB, 0x6AC8, 0x6AC9, 0x6185, 0x58E4, 0x5904, 0x5924, 0x7924, 0xA943,
	0xA1A4, 0x9A26, 0x8902, 0x80C1, 0x8040, 0x8ACB, 0x9CF4, 0x9493, 0xB576, 0xAD56, 0x9472, 0x8C51,
	0x8410, 0x8C51, 0x9472, 0x8C72, 0x8C72, 0x8C30, 0x9BA8, 0xAC0B, 0xAC0A, 0xA3C9, 0xABEA, 0xB40A,
	0xABC9, 0xABC9, 0xB409, 0xABE9, 0xA409, 0x9BC8, 0x9B86, 0x9BA6, 0x9B86, 0x9366, 0x9326, 0x8306,
	0x8328, 0x7B08, 0x6245, 0x6267, 0x6AA7, 0x6A87, 0x6AA7, 0x72C8, 0x6A88, 0x6267, 0x6287, 0x6AA8,
	0x6267, 0x4184, 0x3964, 0x4184, 0x6226, 0x6246, 0x7285, 0x8B05, 0x8B26, 0x8B26, 0x9346, 0x9B66,
	0x9B87, 0xA3A9, 0x9BCA, 0x9BCA, 0x9B89, 0x9389, 0x9B88, 0x9367, 0x9346, 0x9347, 0x9347, 0x9367,
	0x5226, 0x7B4A, 0x838C, 0x93ED, 0x8BCC, 0x93CC, 0x93ED, 0x940E, 0x93ED, 0x836B, 0x834A, 0x8B8B,
	0x93AB, 0x834A, 0x7B2A, 0x93ED, 0x93ED, 0x93ED, 0x838B, 0x7B4A, 0x93CC, 0x7B2A, 0x93ED, 0x8BED,
	0x93ED, 0x93EC, 0x8B68, 0x72A5, 0x7285, 0x6A65, 0x5A47, 0x5A27, 0x6AA8, 0x72C8, 0x8B48, 0xA3C8,
	0xB407, 0xCC47, 0xD468, 0xC427, 0xB407, 0xABC7, 0x9366, 0x8349, 0x7B29, 0x6AA8, 0x62A8, 0x7B0A,
	0x9BEC, 0x7B4A, 0x4924, 0x48C3, 0x5103, 0x5104, 0x6924, 0xA0E3, 0x99A4, 0x81E5, 0x71A4, 0x70C1,
	0x78A1, 0x93CF, 0x94B3, 0x9492, 0xAD56, 0xA515, 0x8C52, 0x8410, 0x7BCF, 0x8410, 0x8C51, 0x8C51,
	0x8431, 0x8431, 0x7B8C, 0x72E8, 0x8329, 0xA3CA, 0xA3EA, 0xA3CA, 0xABCA, 0xA3C9, 0xABC9, 0x9BA9,
	0x9BCA, 0x9BCA, 0x9BA9, 0x9388, 0x8B46, 0x8306, 0x8327, 0x7B08, 0x7B09, 0x7B29, 0x6267, 0x6AA8,
	0x6287, 0x5A26, 0x6A87, 0x72A8, 0x6267, 0x6AA8, 0x7B29, 0x7B4A, 0x6AA8, 0x3964, 0x3964, 0x4184,
	0x5A05, 0x5205, 0x6A65, 0x9325, 0x9B66, 0x9B88, 0x9B87, 0x9B87, 0x9B87, 0x9B88, 0x9369, 0x8308,
	0x8308, 0x82E7, 0x9326, 0x9325, 0x8B27, 0x8B27, 0x8B27, 0x8B27, 0x6AA8, 0x836B, 0x8BAC, 0x940D,
	0x9C2E, 0x940D, 0x8BAC, 0x838B, 0x834A, 0x72E9, 0x6AA8, 0x8329, 0x834A, 0x834A, 0x8329, 0x8B8B,
	0x8B8B, 0x8BAB, 0x8BCC, 0x8BCC, 0x942E, 0x8BED, 0x7309, 0x838B, 0x8BAC, 0x93CB, 0x8B68, 0x7285,
	0x6224, 0x6A44, 0x5205, 0x5247, 0x6AC8, 0x6AA7, 0x7B07, 0x9BA7, 0xB408, 0xCC47, 0xCC48, 0xBC27,
	0xB407, 0xA3A7, 0x8B26, 0x72E7, 0x72E9, 0x72E9, 0x7309, 0x6288, 0x730A, 0x838D, 0x72EA, 0x4904,
	0x38A2, 0x38C3, 0x58E3, 0x8144, 0x79A4, 0x79C5, 0x71E6, 0x7184, 0x7923, 0x8C51, 0x8C72, 0x9472,
	0xA515, 0xA4F4, 0x8C51, 0x7BAF, 0x738E, 0x7BAF, 0x8410, 0x83F0, 0x7BD0, 0x83F0, 0x6B0B, 0x6268,
	0x6288, 0x938A, 0xA3EB, 0xA3EA, 0x9BCA, 0xA3CA, 0x9BA9, 0x9BAA, 0x9BCB, 0x93AB, 0x93CB, 0x93AA,
	0x8B68, 0x82E6, 0x7B08, 0x7B29, 0x7B29, 0x7309, 0x6287, 0x5A67, 0x6AA8, 0x6287, 0x6AC8, 0x6AA8,
	0x6AA8, 0x7B29, 0x7B29, 0x7B29, 0x6AC8, 0x5206, 0x3964, 0x41A4, 0x5205, 0x51E5, 0x6225, 0x8B05,
	0x9B66, 0x9B89, 0x9BA9, 0x9B89, 0x9BCA, 0x8B49, 0x8308, 0x72A7, 0x7AA6, 0x7A85, 0x8AE5, 0x9347,
	0x9389, 0x9369, 0x9369, 0x9369, 0x93ED, 0x8BCC, 0x8BCC, 0x8BCC, 0x8BCC, 0x72E9, 0x7B2A, 0x7B09,
	0x836B, 0x7B09, 0x832A, 0x832A, 0x6AA8, 0x6247, 0x6A87, 0x8B6A, 0x834A, 0x7B09, 0x7B2A, 0x838B,
	0x93ED, 0x7B4B, 0x7B4A, 0x93EC, 0x8B8B, 0x93AA, 0xA409, 0x8B47, 0x7AC6, 0x7AE6, 0x7308, 0x7B4A,
	0x72E8, 0x6A87, 0x7AE7, 0x9387, 0xB408, 0xCC47, 0xD447, 0xBC07, 0xABE7, 0x9B67, 0x72E7, 0x72C8,
	0x72E8, 0x5A66, 0x6AC8, 0x7B2A, 0x7B4C, 0x7B4C, 0x7B4B, 0x6288, 0x30E3, 0x30A2, 0x50E3, 0x7984,
	0x71E5, 0x79C5, 0x79E5, 0x71A5, 0x836D, 0x8431, 0x83F0, 0x8410, 0xA514, 0x9CD4, 0x8C31, 0x738E,
	0x6B4D, 0x6B6E, 0x73AF, 0x7BD0, 0x7BF0, 0x7BCF, 0x6AEA, 0x6288, 0x62A8, 0x72E8, 0x9BAB, 0x9BAA,
	0x9389, 0x9BA9, 0x9369, 0x9BAB, 0x93AB, 0x8B8A, 0x8BAC, 0x8B8B, 0x8349, 0x7AE7, 0x7B08, 0x7B29,
	0x7309, 0x6AC8, 0x6287, 0x5226, 0x6AA8, 0x6AC8, 0x6AA7, 0x6AA7, 0x72C8, 0x7B29, 0x7B09, 0x7B09,
	0x6287, 0x6287, 0x6287, 0x5A06, 0x6246, 0x72A7, 0x72A7, 0x7AE6, 0x9347, 0x8B28, 0x8B4A, 0x9369,
	0x9BAA, 0x93AA, 0x8309, 0x7AA7, 0x82E7, 0x8328, 0x9B89, 0x9BA9, 0x9389, 0x9B89, 0x9B89, 0x9389,
	0x6AC9, 0x7B6B, 0x838C, 0x7B6B, 0x836B, 0x72E9, 0x7B4A, 0x7B4B, 0x72E9, 0x6AA8, 0x7B09, 0x72C8,
	0x49A4, 0x6247, 0x5A46, 0x49A4, 0x7AE9, 0x8B6B, 0x8B6B, 0x7B2A, 0x836B, 0x93ED, 0x93ED, 0x93CC,
	0x9BEB, 0xB46A, 0xBC89, 0x93A8, 0x8327, 0x8327, 0x7307, 0x62A7, 0x62A7, 0x6AC8, 0x7AE8, 0x9BA7,
	0xB407, 0xCC47, 0xCC48, 0xBC07, 0xABE7, 0x8B27, 0x72C8, 0x6AC8, 0x72E9, 0x6AA8, 0x6288, 0x7B6C,
	0x734C, 0x7B4C, 0x730A, 0x6AE9, 0x732A, 0x6268, 0x58C2, 0x78C1, 0x7A06, 0x69A4, 0x81E5, 0x82A9,
	0x8451, 0x8C51, 0x8C51, 0x8431, 0xA4F4, 0xA515, 0x8410, 0x6B4D, 0x630C, 0x630C, 0x6B2D, 0x7BCF,
	0x7BCF, 0x83CE, 0x730B, 0x6288, 0x6288, 0x72E8, 0x8329, 0x8B8A, 0x93AA, 0x9B8A, 0x938A, 0x9BCD,
	0x8B8B, 0x8B6A, 0x8B8B, 0x836B, 0x834A, 0x72C7, 0x7B09, 0x7B4A, 0x7B29, 0x72E9, 0x7309, 0x6AA8,
	0x6AC8, 0x6AC8, 0x72C8, 0x6AA7, 0x6AA8, 0x72E8, 0x6AC8, 0x7309, 0x834A, 0x6AA8, 0x5226, 0x72C8,
	0x8329, 0x7B29, 0x72E9, 0x72C8, 0x8B28, 0x7AA6, 0x7AA8, 0x7AE8, 0x8B49, 0x8B69, 0x7AE8, 0x7AE8,
	0x7B08, 0x7B08, 0x938A, 0x9BED, 0x93AB, 0x9389, 0x9389, 0x9BAA, 0x6288, 0x7B4B, 0x838C, 0x7B2A,
	0x7B2A, 0x6288, 0x7309, 0x730A, 0x6A67, 0x6267, 0x72C9, 0x5A47, 0x5A47, 0x51E5, 0x4184, 0x3943,
	0x6AA8, 0x8BAC, 0x838B, 0x7B29, 0x834A, 0x93ED, 0x93CB, 0x9BEA, 0xA429, 0xB449, 0xB449, 0x93C8,
	0x8327, 0x8306, 0x72E7, 0x7309, 0x834A, 0x7309, 0x72E8, 0x9367, 0xBC06, 0xCC67, 0xC428, 0xBC28,
	0xA3A7, 0x72C7, 0x72A8, 0x72E8, 0x5A46, 0x6288, 0x836C, 0x8BAE, 0x83AD, 0x838D, 0x72EA, 0x72E9,
	0x730A, 0x7B6B, 0x7A47, 0x7840, 0x7984, 0x8226, 0x6184, 0x7B8D, 0x8C30, 0x83EF, 0x8410, 0x9472,
	0xA4F5, 0x9CB3, 0x83F0, 0x6B2C, 0x5A67, 0x5A47, 0x62A9, 0x62AA, 0x7B6C, 0x62CA, 0x41A5, 0x6AA8,
	0x6AC8, 0x7B29, 0x8349, 0x93AB, 0xA40D, 0x9BCD, 0x9BCC, 0x93CD, 0x8B8C, 0x834A, 0x834A, 0x834A,
	0x834A, 0x7B29, 0x7AE8, 0x7B29, 0x7309, 0x72E8, 0x7B29, 0x834A, 0x72E9, 0x6AA8, 0x6AC8, 0x6AA7,
	0x72E8, 0x72E9, 0x7B09, 0x72E9, 0x7309, 0x938B, 0x8B4A, 0x72E8, 0x6AC8, 0x6287, 0x5A47, 0x5A26,
	0x72A7, 0x6A67, 0x7288, 0x7AC7, 0x7AE8, 0x7B29, 0x7B08, 0x7B08, 0x834A, 0x7B29, 0x936A, 0x9BCC,
	0x8B4A, 0x8328, 0x8329, 0x8349, 0x940D, 0x8BCC, 0x836B, 0x7B4B, 0x6AC9, 0x41A4, 0x5206, 0x6AA8,
	0x5A26, 0x6247, 0x6267, 0x5A47, 0x5A47, 0x730A, 0x6288, 0x3943, 0x6267, 0x8B8B, 0x8BAC, 0x93CD,
	0x93ED, 0x8BCC, 0x93EA, 0x93C9, 0x9BE9, 0xAC09, 0xB449, 0x9BE8, 0x8B67, 0x8306, 0x7B29, 0x72E9,
	0x6AC8, 0x7309, 0x7B09, 0x7B08, 0xAC07, 0xCC67, 0xCC48, 0xC447, 0x9366, 0x6A86, 0x6287, 0x6287,
	0x7309, 0x6AC9, 0x7B2C, 0x7B4C, 0x8BCE, 0x7B8D, 0x6AEB, 0x730A, 0x834A, 0x7B2A, 0x7B4B, 0x7964,
	0x78A1, 0x61A4, 0x1020, 0x18A2, 0x6AEA, 0x8BEF, 0x8BEF, 0x9451, 0xA535, 0xA4F4, 0x83AE, 0x6AE9,
	0x49A3, 0x30E2, 0x20A2, 0x1840, 0x20C2, 0x1040, 0x1061, 0x6288, 0x6AA9, 0x7B29, 0x8B8B, 0x9C0D,
	0x9BED, 0x9BED, 0x93AC, 0x93AC, 0x8BCD, 0x836B, 0x7B2A, 0x834A, 0x7B4A, 0x7B2A, 0x72C8, 0x7B29,
	0x7309, 0x72E8, 0x7B4A, 0x7B29, 0x7B09, 0x7309, 0x72E9, 0x72E8, 0x72E8, 0x72C8, 0x72C8, 0x6287,
	0x72E8, 0x7309, 0x8BAB, 0x6AA8, 0x5206, 0x5226, 0x5206, 0x5206, 0x6246, 0x6A67, 0x7AE9, 0x7AE8,
	0x72C9, 0x834A, 0x7309, 0x7B29, 0x834A, 0x8329, 0x938A, 0xA42E, 0x9BAB, 0x9348, 0x8B28, 0x8308,
	0x49E6, 0x6288, 0x7B6B, 0x7B6B, 0x730A, 0x49E5, 0x51E5, 0x51E5, 0x49A5, 0x49C5, 0x5206, 0x6267,
	0x6288, 0x6AA8, 0x72C8, 0x51E6, 0x6A88, 0x8B8B, 0x8BCC, 0x93ED, 0x93ED, 0x8BCC, 0x8BAB, 0x93CA,
	0x9BE9, 0xA409, 0xB449, 0xA408, 0x93A8, 0x8327, 0x5A46, 0x62A7, 0x7B49, 0x8B8B, 0x7B29, 0x7B07,
	0xB427, 0xBC47, 0xC427, 0xB407, 0x7AE7, 0x6267, 0x6247, 0x6247, 0x6267, 0x7B4B, 0x7B4C, 0x7B6C,
	0x7B4C, 0x7B6C, 0x7B2B, 0x6AA9, 0x72E9, 0x7309, 0x62A9, 0x62A9, 0x59A5, 0x1840, 0x1860, 0x0800,
	0x0800, 0x41A5, 0x83AD, 0xA491, 0xB533, 0x9C91, 0x7BCF, 0x5268, 0x1040, 0x1020, 0x0000, 0x0000,
	0x0820, 0x1040, 0x1860, 0x5A27, 0x6289, 0x6AC9, 0x8BCD, 0x8BAD, 0x838C, 0x7B4C, 0x8BED, 0x838C,
	0x838C, 0x836B, 0x83AC, 0x7B4B, 0x7B09, 0x72E9, 0x6AA8, 0x7309, 0x7309, 0x72E8, 0x72E8, 0x7309,
	0x72E8, 0x7B29, 0x7B29, 0x72C8, 0x72C8, 0x72A7, 0x6266, 0x5206, 0x5205, 0x5A46, 0x6AA7, 0x5A47,
	0x5A26, 0x5206, 0x51E6, 0x49E6, 0x51E6, 0x6A46, 0x6A88, 0x838C, 0x838C, 0x7B2A, 0x7309, 0x72E9,
	0x834A, 0x8B6A, 0x9BAB, 0xA3ED, 0x938A, 0x8329, 0x834A, 0x8B6A, 0x62A9, 0x730A, 0x7B6B, 0x7B6B,
	0x6AC9, 0x5A26, 0x3943, 0x1881, 0x1861, 0x20A1, 0x3943, 0x51E5, 0x6267, 0x6A67, 0x72A8, 0x72C7,
	0x7B08, 0x836B, 0x8BCC, 0x93ED, 0x93ED, 0x93EC, 0x8BAB, 0x93CA, 0x9BE9, 0xA409, 0xB449, 0xAC29,
	0x9BC8, 0x8368, 0x7B4A, 0x8BAB, 0x8BAB, 0x8B8A, 0x7B29, 0x9367, 0xB427, 0xBC47, 0xC427, 0x9BA7,
	0x6A86, 0x6267, 0x6267, 0x6226, 0x6AA8, 0x8BEE, 0x940F, 0x83AD, 0x72EA, 0x7B4B, 0x7B4A, 0x72E9,
	0x6AC9, 0x5A88, 0x5A88, 0x62C9, 0x4A27, 0x1840, 0x1860, 0x1860, 0x0820, 0x1000, 0x49A5, 0xACB1,
	0xC4F1, 0xAC90, 0x6B4D, 0x20C3, 0x1820, 0x1840, 0x1020, 0x0000, 0x1060, 0x1860, 0x1881, 0x6289,
	0x730A, 0x6AC9, 0x7B2B, 0x7B4C, 0x7B4B, 0x836C, 0x838D, 0x8BAD, 0x838C, 0x836B, 0x836B, 0x7B2A,
	0x7B49, 0x72E9, 0x6267, 0x6AA8, 0x72E8, 0x6AC8, 0x6AC8, 0x7309, 0x72E9, 0x72E8, 0x72E9, 0x834A,
	0x834A, 0x7B29, 0x7B28, 0x72C8, 0x6267, 0x5226, 0x5206, 0x5206, 0x49C6, 0x49C6, 0x49E6, 0x41C6,
	0x41A5, 0x6247, 0x72A8, 0x7B2B, 0x8BAD, 0x7B09, 0x7309, 0x6AC8, 0x834A, 0x9BCB, 0x9BCB, 0x9BCC,
	0x93AB, 0x8B8B, 0x836B, 0x834A, 0x83AC, 0x7B6B, 0x7B4B, 0x730A, 0x6A88, 0x3943, 0x0820, 0x1040,
	0x1840, 0x0820, 0x1061, 0x4184, 0x6A67, 0x82C8, 0x7AE9, 0x7AE7, 0x8B68, 0x836B, 0x838B, 0x93ED,
	0x93ED, 0x93ED, 0x93CC, 0x8BAB, 0x9BEA, 0x9BE9, 0xB429, 0xB449, 0xA3E8, 0x8B8A, 0x8BAB, 0x8B8A,
	0x7B29, 0x6AC8, 0x6287, 0x8B47, 0x9B87, 0x93A7, 0xA3C6, 0x8306, 0x7286, 0x6246, 0x6A87, 0x6246,
	0x6AC9, 0x8BEE, 0x7B4B, 0x6B0A, 0x730B, 0x730B, 0x732A, 0x730A, 0x6AC9, 0x5AA9, 0x5A88, 0x62A9,
	0x5227, 0x1860, 0x1860, 0x1880, 0x1060, 0x1860, 0x2080, 0x5A47, 0x9BEC, 0x72C8, 0x2081, 0x1820,
	0x1860, 0x1020, 0x1020, 0x0800, 0x1060, 0x1040, 0x2903, 0x732B, 0x732B, 0x6AE9, 0x6AC9, 0x7B2B,
	0x7B4C, 0x7B6C, 0x8BAD, 0x8BAD, 0x8BAD, 0x834B, 0x72E9, 0x7309, 0x7B29, 0x7309, 0x5A47, 0x6267,
	0x72C8, 0x6AA8, 0x6AC8, 0x7B09, 0x72E9, 0x6AA8, 0x7B09, 0xAC4D, 0x9BCB, 0x836A, 0x8329, 0x8329,
	0x7B08, 0x72E8, 0x6AA7, 0x51E6, 0x49E6, 0x49E6, 0x41A5, 0x4185, 0x3965, 0x41A6, 0x5A27, 0x72EA,
	0x836B, 0x730A, 0x730A, 0x7309, 0x836A, 0x9BAB, 0x8B6A, 0x938B, 0x8B6A, 0x8B6B, 0x8329, 0x8328,
	0x732A, 0x6288, 0x5A68, 0x72E9, 0x59E6, 0x0820, 0x1040, 0x1860, 0x1860, 0x0820, 0x0820, 0x2903,
	0x5206, 0x7288, 0x8309, 0x72C8, 0x8347, 0x836A, 0x836B, 0x8BAC, 0x93ED, 0x93ED, 0x93ED, 0x8BAB,
	0x93CA, 0x9BE9, 0xAC29, 0xB449, 0xA409, 0x8B6A, 0x7B29, 0x6AC8, 0x62A7, 0x62A7, 0x6AA8, 0x8327,
	0x72A6, 0x7AE7, 0x8B46, 0x7AE7, 0x7AE6, 0x6A85, 0x6246, 0x6287, 0x72E9, 0x730B, 0x730B, 0x730B,
	0x730B, 0x730A, 0x72E9, 0x730A, 0x62A8, 0x5AA9, 0x5A88, 0x62A9, 0x5247, 0x1860, 0x1860, 0x1880,
	0x1040, 0x1860, 0x28A1, 0x2080, 0x28A0, 0x1840, 0x1020, 0x2880, 0x2060, 0x1040, 0x1020, 0x1020,
	0x1860, 0x1020, 0x5227, 0x7B4B, 0x72E9, 0x72E9, 0x6AA8, 0x6AA8, 0x7B4A, 0x838D, 0x83AD, 0x8BAD,
	0x8BAD, 0x836C, 0x7B0A, 0x7309, 0x7B49, 0x7B0A, 0x6268, 0x5A47, 0x6AC8, 0x6AA8, 0x6AA8, 0x7B09,
	0x72E8, 0x6287, 0x8B8A, 0xC4EF, 0x9BCB, 0x836A, 0x7B29, 0x7B29, 0x7B28, 0x8328, 0x8328, 0x5A27,
	0x41A6, 0x4185, 0x3985, 0x3965, 0x3145, 0x3965, 0x49E6, 0x72EA, 0x7B0A, 0x72EA, 0x730A, 0x7B2A,
	0x93AC, 0x93AC, 0x8B6A, 0x8B6B, 0x834A, 0x8308, 0x8308, 0x7AE8, 0x6AEA, 0x5247, 0x5A68, 0x7B2A,
	0x4964, 0x0000, 0x1040, 0x1040, 0x0820, 0x0000, 0x0000, 0x18A2, 0x49E6, 0x6267, 0x7AE9, 0x72C8,
	0x8327, 0x8B69, 0x836B, 0x838B, 0x93ED, 0x93ED, 0x93ED, 0x8BCC, 0x8BAB, 0x9C0A, 0xA409, 0xBC49,
	0x93A9, 0x6AC8, 0x62A7, 0x62A7, 0x6AA7, 0x6AA7, 0x6AA7, 0x6AA7, 0x6266, 0x7B07, 0x8B67, 0x8327,
	0x7AE6, 0x7AE6, 0x6A85, 0x6225, 0x6AC9, 0x732B, 0x730B, 0x730B, 0x730B, 0x72EA, 0x72C8, 0x7309,
	0x6288, 0x5A88, 0x5AA9, 0x62A9, 0x5247, 0x1860, 0x1860, 0x1860, 0x1040, 0x20A0, 0x20A0, 0x28C1,
	0x28C1, 0x20A1, 0x1020, 0x2880, 0x2880, 0x1860, 0x1040, 0x1040, 0x1040, 0x20C1, 0x72E9, 0x7B09,
	0x7B2A, 0x72EA, 0x6288, 0x6267, 0x7309, 0x8BCD, 0x838D, 0x8BCE, 0x8BAD, 0x838D, 0x7B0A, 0x7329,
	0x7B4A, 0x7B0A, 0x6268, 0x5A47, 0x6AE8, 0x72C8, 0x6A88, 0x6AC8, 0x72E8, 0x5A67, 0x9BEC, 0xC50F,
	0x9BCB, 0x836A, 0x7B29, 0x8329, 0x8329, 0x7B08, 0x8329, 0x5206, 0x3965, 0x3985, 0x3165, 0x3145,
	0x3985, 0x41A5, 0x41A6, 0x6289, 0x730A, 0x834A, 0x838A, 0x7B29, 0x834A, 0x8B8A, 0x93AB, 0x8B6B,
	0x836B, 0x8308, 0x82E8, 0x82E8,
};
