/* From ~/picojet/app/assets (picojet tools/convert_assets.py): from
   opengameart.org, CC0. Copied as is, with <stdint.h> for C. */
// Generated from radio.png by tools/convert_assets.py
// RGB565, row-major. const so it stays in flash and is sampled in place.
#pragma once
#include <stdint.h>

#define TEX_RADIO_W 128
#define TEX_RADIO_H 128

static const uint16_t tex_radio_data[16384] = {
	0x7C10, 0x4AAB, 0x52CC, 0x52CC, 0x52CC, 0x52CC, 0x52AB, 0x52AB, 0x52AB, 0x4AAB, 0x4A8B, 0x4A8B,
	0x4A8B, 0x4A8B, 0x4A8B, 0x4A8A, 0x4A8A, 0x4A6A, 0x4A6A, 0x4A6A, 0x4A49, 0x4A6A, 0x4A6A, 0x4A4A,
	0x4A49, 0x4A49, 0x4A69, 0x4A49, 0x4A49, 0x4A49, 0x4A49, 0x4A49, 0x4A48, 0x4A28, 0x41E7, 0x41E7,
	0x41E7, 0x41E7, 0x4207, 0x4208, 0x4208, 0x4208, 0x4A08, 0x4A28, 0x4A28, 0x4A28, 0x4A08, 0x4A07,
	0x4A08, 0x4A07, 0x4A07, 0x4A07, 0x4A07, 0x4A07, 0x4A07, 0x4A07, 0x4A07, 0x4A07, 0x4A07, 0x4A07,
	0x4A07, 0x4A28, 0x4A08, 0x4A28, 0x4A28, 0x5228, 0x4A28, 0x4A28, 0x4A48, 0x4A48, 0x5249, 0x5249,
	0x5249, 0x5269, 0x5269, 0x5269, 0x5269, 0x5289, 0x528A, 0x528A, 0x528A, 0x528A, 0x528A, 0x528A,
	0x5269, 0x4A49, 0x7BAE, 0xA44E, 0x9328, 0x7286, 0x82E8, 0x7287, 0x6A66, 0x6246, 0x51E6, 0x59E5,
	0x59E5, 0x59E5, 0x4984, 0x59C5, 0x49A5, 0x4984, 0x51A4, 0x51A4, 0x51C5, 0x4184, 0x4984, 0x51A5,
	0x59E5, 0x59E5, 0x51E5, 0x6226, 0x6A46, 0x7287, 0x82E8, 0x7286, 0x9B89, 0x6AC9, 0x31C7, 0x39E8,
	0x39E8, 0x39E8, 0x39E8, 0x39E8, 0x39E8, 0x39E8, 0x39E8, 0x39E8, 0x73F0, 0x5B4E, 0x4249, 0x4A6A,
	0x4A6A, 0x4A6B, 0x4A8B, 0x424A, 0x424A, 0x426A, 0x424A, 0x426A, 0x426A, 0x4A6A, 0x426A, 0x424A,
	0x424A, 0x424A, 0x424A, 0x4249, 0x4249, 0x4229, 0x4229, 0x4229, 0x4209, 0x3A08, 0x3A08, 0x4208,
	0x3A08, 0x39E8, 0x39E8, 0x39E7, 0x39E7, 0x39C7, 0x31A6, 0x31A6, 0x31A7, 0x39E7, 0x3186, 0x31A6,
	0x31A7, 0x31A6, 0x31A6, 0x3186, 0x3186, 0x31A6, 0x3186, 0x3186, 0x3186, 0x31A6, 0x31A6, 0x3186,
	0x3186, 0x3186, 0x3186, 0x3186, 0x3186, 0x31A6, 0x31A6, 0x31A7, 0x39C7, 0x39C7, 0x39C7, 0x39C7,
	0x39C7, 0x39C7, 0x39E7, 0x4208, 0x4208, 0x4208, 0x4208, 0x4228, 0x4228, 0x4228, 0x4229, 0x4229,
	0x4249, 0x4229, 0x4249, 0x4249, 0x4229, 0x4249, 0x4249, 0x4A6A, 0x4A6A, 0x4A8B, 0x6B6E, 0x836B,
	0x51C5, 0x49C6, 0x3985, 0x4185, 0x49C5, 0x49C5, 0x41A5, 0x49A5, 0x49A5, 0x4985, 0x51C5, 0x61E5,
	0x49A5, 0x51C5, 0x6206, 0x61E6, 0x51C5, 0x41A5, 0x49A5, 0x49A5, 0x49A5, 0x49A5, 0x4985, 0x4984,
	0x4984, 0x51A4, 0x5184, 0x4984, 0x59E5, 0x5227, 0x39E8, 0x39E8, 0x39E8, 0x39E8, 0x39E8, 0x39E8,
	0x39E8, 0x39E8, 0x39E8, 0x39E8, 0x8CD4, 0x4AAB, 0x39E7, 0x4A8A, 0x4249, 0x39E8, 0x4208, 0x39C7,
	0x39C7, 0x39E8, 0x39E8, 0x4229, 0x4229, 0x3A08, 0x4229, 0x39E8, 0x39E8, 0x39E8, 0x3A08, 0x4208,
	0x39C7, 0x39E8, 0x39E8, 0x39E8, 0x39E8, 0x39C7, 0x39C7, 0x31A6, 0x31A6, 0x3186, 0x3186, 0x3186,
	0x2965, 0x2965, 0x3186, 0x2945, 0x2965, 0x3186, 0x2945, 0x3165, 0x2945, 0x3165, 0x3165, 0x3165,
	0x3165, 0x2945, 0x3186, 0x31A6, 0x6B4B, 0x736C, 0x7B8C, 0x7B8C, 0x736C, 0x736B, 0x7B6C, 0x7B8C,
	0x736C, 0x736B, 0x734B, 0x736B, 0x734B, 0x734B, 0x734B, 0x734B, 0x734B, 0x736C, 0x5AA9, 0x41E7,
	0x4207, 0x41E7, 0x41E7, 0x41E7, 0x4A28, 0x4208, 0x4207, 0x39E7, 0x39C7, 0x39E7, 0x41E7, 0x4208,
	0x4208, 0x4207, 0x4208, 0x4228, 0x31A6, 0x52CB, 0x8451, 0x5ACA, 0x49C5, 0x5206, 0x41A5, 0x49A5,
	0x49A5, 0x4985, 0x4185, 0x49A5, 0x49A5, 0x51C5, 0x51C5, 0x61E5, 0x49C5, 0x51C5, 0x6206, 0x6206,
	0x59C5, 0x49A5, 0x49A5, 0x51C5, 0x51C5, 0x49A5, 0x51C5, 0x51C5, 0x51A5, 0x59E5, 0x59E5, 0x59E5,
	0x51A4, 0x41C7, 0x39E8, 0x39E8, 0x39E8, 0x39E8, 0x39E8, 0x39E8, 0x39E8, 0x39E8, 0x39E8, 0x39E8,
	0x8493, 0x424A, 0x39E7, 0x52CC, 0x634E, 0x5AEC, 0x5B0D, 0x5AEC, 0x5B0D, 0x5AEC, 0x5B0C, 0x5B0D,
	0x52CC, 0x5B0C, 0x5AEC, 0x5AEC, 0x5B0C, 0x52AB, 0x5AEC, 0x52AB, 0x4A8A, 0x52AB, 0x4A4A, 0x528B,
	0x4A4A, 0x4A6A, 0x4A8A, 0x4249, 0x4A6A, 0x4229, 0x4229, 0x4229, 0x4208, 0x4229, 0x4208, 0x4229,
	0x4208, 0x41E8, 0x4A29, 0x39E7, 0x39E8, 0x39E7, 0x39C7, 0x39E7, 0x39C7, 0x4208, 0x4208, 0x4A28,
	0x9CD3, 0x8451, 0x8431, 0x73AF, 0x7C10, 0x8451, 0x7C10, 0x73CF, 0x7C10, 0x8451, 0x8451, 0x8C92,
	0x94B3, 0x8C92, 0x94D3, 0x94B2, 0x8C71, 0x9D14, 0x7BEF, 0x4228, 0x4A49, 0x4A6A, 0x528A, 0x4A49,
	0x4228, 0x4A69, 0x4A6A, 0x632D, 0x6BAF, 0x52CB, 0x52AB, 0x528A, 0x4A8A, 0x52AB, 0x52CB, 0x5AEC,
	0x4A8A, 0x31A7, 0x73CF, 0x5AA9, 0x49C5, 0x51C6, 0x41A5, 0x41A5, 0x4985, 0x4985, 0x4164, 0x4985,
	0x51C5, 0x51A5, 0x51C5, 0x61E5, 0x51C5, 0x49C5, 0x6206, 0x61E6, 0x6206, 0x51C5, 0x49A5, 0x51E6,
	0x51C5, 0x51C5, 0x51C5, 0x51C5, 0x51A5, 0x61E5, 0x61E5, 0x61E5, 0x59C5, 0x41E7, 0x39E8, 0x39E8,
	0x39E8, 0x39E8, 0x39E8, 0x39E8, 0x39E8, 0x39E8, 0x39E8, 0x39E8, 0x8472, 0x39E8, 0x4228, 0x52CC,
	0x5B2D, 0x5B0D, 0x5B2E, 0x634E, 0x5B0D, 0x5B2E, 0x5B0D, 0x5B0D, 0x6B8F, 0x5B2D, 0x5B2D, 0x5AED,
	0x5B0D, 0x52CC, 0x52AB, 0x52CC, 0x5AED, 0x632D, 0x6B6F, 0x634E, 0x632D, 0x52CC, 0x4A8B, 0x4A6A,
	0x4229, 0x4249, 0x3A08, 0x4229, 0x4209, 0x4229, 0x39E8, 0x4229, 0x4229, 0x39E8, 0x4209, 0x39C8,
	0x39E8, 0x39C7, 0x3186, 0x31A7, 0x2966, 0x3186, 0x2966, 0x3186, 0x7BF1, 0x5B6F, 0x4ACD, 0x324C,
	0x4ACE, 0x6391, 0x5B70, 0x4AEE, 0x4B0E, 0x6BD1, 0x63D1, 0x5B90, 0x63B0, 0x6390, 0x6BD1, 0x5B6F,
	0x532E, 0x63B0, 0x6B6E, 0x4229, 0x4229, 0x4A4A, 0x4229, 0x6B8F, 0x7C31, 0x52CC, 0x3A08, 0x634E,
	0x73F0, 0x424A, 0x426A, 0x73F0, 0x8472, 0x52EC, 0x4AAB, 0x5B0C, 0x4A8A, 0x2104, 0x5AEC, 0x5A89,
	0x49A5, 0x49C5, 0x41A5, 0x4185, 0x4184, 0x4984, 0x4164, 0x49A5, 0x51C5, 0x51C5, 0x59E6, 0x6A06,
	0x51C5, 0x49A5, 0x59E5, 0x6206, 0x6206, 0x51A5, 0x49A5, 0x59E6, 0x59C5, 0x51C5, 0x51C5, 0x51A5,
	0x51A5, 0x59E5, 0x6A06, 0x61E5, 0x61E5, 0x41E7, 0x39E8, 0x39E8, 0x39E8, 0x39E8, 0x39E8, 0x39E8,
	0x39E8, 0x39E8, 0x39E8, 0x39E8, 0x8472, 0x31E8, 0x39E7, 0x52EC, 0x5B2D, 0x5B4E, 0x5B4E, 0x5B2D,
	0x52CC, 0x83EE, 0xC610, 0x8C4D, 0x52CC, 0x5B0C, 0x52CC, 0x52CC, 0x52EC, 0x634D, 0x738E, 0x632D,
	0x8C51, 0x83F0, 0x9471, 0x83EF, 0x7BAE, 0x83CE, 0x630C, 0x6B2C, 0x4A49, 0x4A6A, 0x39E8, 0x39C7,
	0x4A49, 0x39E8, 0x4208, 0x39C7, 0x39C7, 0x39E8, 0x3186, 0x39C7, 0x3186, 0x39C7, 0x39A7, 0x2966,
	0x31A6, 0x2945, 0x2965, 0x20E3, 0x73D0, 0x530E, 0x532E, 0x4AEE, 0x6BB1, 0x5B2E, 0x52CC, 0x4229,
	0x31A7, 0x31C7, 0x3A08, 0x426A, 0x52CC, 0x5B2E, 0x6BD0, 0x6BB0, 0x6BD0, 0x6BB0, 0x630C, 0x4229,
	0x4229, 0x4209, 0x39E8, 0x4A6A, 0x52CB, 0x632D, 0x4A49, 0x4A69, 0x528A, 0x4A8A, 0x634D, 0x634E,
	0x5B0C, 0x4A8B, 0x4249, 0x52CB, 0x4A6A, 0x2104, 0x5B0C, 0x5A89, 0x49A5, 0x49A5, 0x41A5, 0x4184,
	0x4164, 0x4984, 0x4164, 0x49A5, 0x59E5, 0x59E5, 0x51C5, 0x6A26, 0x61E5, 0x49A5, 0x59C5, 0x61E5,
	0x6206, 0x51A5, 0x51C5, 0x59E6, 0x51C5, 0x51A5, 0x59C5, 0x51C5, 0x51C5, 0x6A06, 0x6A26, 0x61E5,
	0x6A05, 0x49E7, 0x39E8, 0x39E8, 0x39E8, 0x39E8, 0x39E8, 0x39E8, 0x39E8, 0x39E8, 0x39E8, 0x39E8,
	0x8472, 0x39E8, 0x3A08, 0x634E, 0x636E, 0x636E, 0x636F, 0x5ACC, 0xBD4F, 0xFFB3, 0xFFF3, 0xE713,
	0x31C8, 0x424A, 0x528B, 0x736D, 0x9CB3, 0x9CB3, 0x8C72, 0xA514, 0x8C72, 0xAD96, 0x7BCF, 0x8C51,
	0x7B8D, 0x736D, 0x9470, 0x7B8D, 0x7B8D, 0x732B, 0x6B0B, 0x630C, 0x3186, 0x39C7, 0x31A7, 0x4208,
	0x39C7, 0x39C7, 0x4229, 0x31A7, 0x4208, 0x3186, 0x31A6, 0x31A6, 0x2965, 0x31A6, 0x2945, 0x3165,
	0x73AF, 0x42AD, 0x532F, 0x63B0, 0x52AB, 0x2145, 0x18E4, 0x18E4, 0x18E4, 0x18E5, 0x18E4, 0x1904,
	0x1904, 0x2966, 0x4AAB, 0x5B4F, 0x5B6F, 0x6BD0, 0x5B0C, 0x4229, 0x4229, 0x73D0, 0x7C31, 0x52CB,
	0x4228, 0x5289, 0x528A, 0x4A69, 0x4A6A, 0x5ACB, 0x630C, 0x4A49, 0x4A8A, 0x6BCF, 0x8472, 0x634E,
	0x4229, 0x2104, 0x5AEC, 0x5AA9, 0x49A5, 0x4985, 0x4164, 0x3944, 0x4184, 0x4985, 0x4164, 0x51A5,
	0x59E6, 0x59E5, 0x51C5, 0x6A26, 0x6A06, 0x49A5, 0x51A5, 0x6206, 0x6206, 0x59E6, 0x51C5, 0x59E6,
	0x59E5, 0x59E5, 0x6206, 0x59C5, 0x59C5, 0x7226, 0x7226, 0x6A05, 0x7226, 0x49E7, 0x39E8, 0x39E8,
	0x39E8, 0x39E8, 0x39E8, 0x39E8, 0x39E8, 0x39E8, 0x39E8, 0x39E8, 0x8472, 0x31C7, 0x4249, 0x52CB,
	0x636E, 0x5B2D, 0x5AEC, 0xB52E, 0xFFF3, 0xFFF3, 0xFFF3, 0xD650, 0x840E, 0xB570, 0xDED1, 0xEF11,
	0xE6B0, 0xCE0F, 0xAD0E, 0x94D0, 0x31A7, 0x6B4D, 0x62EB, 0x3186, 0x39E8, 0x7B6D, 0x4A48, 0x3186,
	0x5269, 0x62EB, 0x7BAE, 0x738D, 0x6B2C, 0x5AAA, 0x4208, 0x31A6, 0x39E7, 0x39C7, 0x39C7, 0x31A7,
	0x39C7, 0x39C7, 0x31A6, 0x31A6, 0x3186, 0x3186, 0x2945, 0x3165, 0x73AF, 0x42AC, 0x6BB0, 0x4A6A,
	0x18E3, 0x18E4, 0x2125, 0x1905, 0x2125, 0x2146, 0x2146, 0x2126, 0x1905, 0x18E4, 0x1904, 0x426A,
	0x73F1, 0x7411, 0x6B6D, 0x39E8, 0x4249, 0x52AB, 0x52CB, 0x5B0C, 0x5ACB, 0x528A, 0x39E8, 0x2966,
	0x3A08, 0x5ACB, 0x4208, 0x2986, 0x52CB, 0x636E, 0x5B2D, 0x52EC, 0x4229, 0x18E4, 0x5AEB, 0x5AA9,
	0x51C5, 0x49A5, 0x4164, 0x3944, 0x4984, 0x4985, 0x4184, 0x51C5, 0x6206, 0x59E5, 0x5A06, 0x6A26,
	0x7226, 0x49A5, 0x59C5, 0x7246, 0x6A26, 0x6206, 0x59E6, 0x59E6, 0x59E5, 0x59E5, 0x6A26, 0x61E6,
	0x59E5, 0x7226, 0x7A26, 0x7226, 0x7226, 0x49E7, 0x39E8, 0x39E8, 0x39E8, 0x39E8, 0x39E8, 0x39E8,
	0x39E8, 0x39E8, 0x39E8, 0x39E8, 0x7C72, 0x39E8, 0x31C7, 0x52AB, 0x52EC, 0x5AED, 0xC58E, 0xFF6F,
	0xFF8F, 0xEEEE, 0xD68E, 0xE6EE, 0xF70E, 0xFF4E, 0xFE4A, 0xF68B, 0xFF6D, 0xFF2B, 0xEEAC, 0xD4C7,
	0x6286, 0x630C, 0x5269, 0x18E3, 0x2945, 0x6B2B, 0x2965, 0x2104, 0x2104, 0x3186, 0x5ACB, 0x5ACB,
	0x7BCE, 0x7BAE, 0x630B, 0x39C7, 0x2965, 0x31A6, 0x2966, 0x39A7, 0x2965, 0x3186, 0x39A7, 0x2965,
	0x3186, 0x2965, 0x2124, 0x5AAA, 0x632E, 0x52CC, 0x4249, 0x18E4, 0x1905, 0x1905, 0x10C4, 0x18E4,
	0x1904, 0x1905, 0x1905, 0x2125, 0x1905, 0x1904, 0x18E4, 0x18E3, 0x4A6A, 0x6BB0, 0x8451, 0x4A49,
	0x39E8, 0x3A08, 0x39E8, 0x4249, 0x6B4D, 0x3A08, 0x2946, 0x3A08, 0x5ACB, 0x39C7, 0x2145, 0x2145,
	0x3A08, 0x4229, 0x4229, 0x4A6A, 0x4249, 0x2104, 0x5ACB, 0x5AAA, 0x51A5, 0x51A5, 0x49A5, 0x3964,
	0x4984, 0x4985, 0x49A5, 0x51C5, 0x6206, 0x6206, 0x6206, 0x7226, 0x8267, 0x59E6, 0x59E5, 0x7A46,
	0x6A26, 0x6A06, 0x6206, 0x6206, 0x6206, 0x61E6, 0x6206, 0x6206, 0x6A05, 0x7226, 0x7A26, 0x7A46,
	0x7226, 0x49E7, 0x39E8, 0x39E8, 0x39E8, 0x39E8, 0x39E8, 0x39E8, 0x39E8, 0x39E8, 0x39E8, 0x39E8,
	0x7C52, 0x31E8, 0x31C7, 0x4AAB, 0x52CD, 0xAD30, 0xFFF1, 0xFFAF, 0xE6CD, 0xD5EC, 0xFDEA, 0xEE0B,
	0xF70E, 0xF425, 0xFB02, 0xDAC2, 0xDC05, 0xEBA4, 0xDAC2, 0xDA61, 0xABE6, 0x7B8E, 0x2104, 0x3186,
	0x20E3, 0x4207, 0x52AA, 0x2104, 0x2965, 0x2124, 0x2104, 0x1082, 0x528A, 0x738D, 0x940F, 0x734C,
	0x5249, 0x2945, 0x39E7, 0x3166, 0x31A7, 0x3166, 0x3166, 0x3186, 0x2945, 0x3186, 0x2103, 0x7BAF,
	0x5ACC, 0x4A6A, 0x18E4, 0x31C8, 0x4A6A, 0x5AEC, 0x424A, 0x6BAF, 0x632D, 0x6B8E, 0x6B8E, 0x2125,
	0x18E4, 0x10C4, 0x1904, 0x2125, 0x18E4, 0x52CB, 0x6B6E, 0x62EB, 0x5AEC, 0x73CF, 0x636E, 0x52AB,
	0x6B4D, 0x2145, 0x39E7, 0x5AEB, 0x39E7, 0x2145, 0x2124, 0x2986, 0x3186, 0x52CB, 0x7C11, 0x73F0,
	0x4249, 0x18E4, 0x5ACB, 0x62CA, 0x51C5, 0x51C5, 0x49A5, 0x4184, 0x4984, 0x4984, 0x51A5, 0x51C5,
	0x6206, 0x6A26, 0x6A27, 0x7246, 0x8287, 0x6226, 0x6206, 0x8287, 0x7246, 0x7A67, 0x59E6, 0x6206,
	0x6A26, 0x6A26, 0x6206, 0x6A26, 0x6A05, 0x7205, 0x7A26, 0x7A46, 0x7A26, 0x49E7, 0x39E8, 0x39E8,
	0x39E8, 0x39E8, 0x39E8, 0x39E8, 0x39E8, 0x39E8, 0x39E8, 0x39E8, 0x7C52, 0x29A7, 0x3A08, 0x426A,
	0x8C90, 0xF5EB, 0xFC05, 0xE426, 0xD56A, 0xFC46, 0xEB23, 0xD2C3, 0xDCC9, 0xF2C2, 0xDC26, 0xF2A1,
	0xEA20, 0xF220, 0xFA00, 0xD342, 0xEE6B, 0x732C, 0x528A, 0x2124, 0x31A7, 0x8BEE, 0x41E7, 0x2124,
	0x2945, 0x39A6, 0x39C6, 0x4207, 0x39A6, 0x2104, 0x4A28, 0x8BCD, 0x730B, 0x730B, 0x2125, 0x31A6,
	0x3166, 0x31A6, 0x3186, 0x3186, 0x3186, 0x2924, 0x4208, 0x83D0, 0x5ACB, 0x31A7, 0x10A3, 0x2145,
	0x424A, 0x2986, 0x39E8, 0x52AB, 0x4249, 0x4A8A, 0x4A8A, 0x1904, 0x18E4, 0x10C3, 0x18E4, 0x3187,
	0x2104, 0x31A7, 0x52EC, 0x5AEC, 0x4228, 0x4229, 0x39E8, 0x4228, 0x3186, 0x39C7, 0x5ACB, 0x31A6,
	0x1904, 0x2124, 0x2124, 0x2965, 0x4228, 0x4229, 0x4A6A, 0x52AB, 0x4229, 0x18E3, 0x52CB, 0x62EA,
	0x49A5, 0x51C5, 0x51A4, 0x4164, 0x4985, 0x5184, 0x51A5, 0x59E5, 0x6A26, 0x6A06, 0x7226, 0x7226,
	0x8AA7, 0x6A26, 0x6206, 0x7A67, 0x7A67, 0x8287, 0x59E6, 0x6A06, 0x6A26, 0x6206, 0x7226, 0x7226,
	0x69E5, 0x69E5, 0x7A46, 0x7A46, 0x7A25, 0x4A07, 0x39E8, 0x39E8, 0x39E8, 0x39E8, 0x39E8, 0x39E8,
	0x39E8, 0x39E8, 0x39E8, 0x39E8, 0x7C31, 0x31C7, 0x31C6, 0x4A8B, 0xD60D, 0xF465, 0xD303, 0xE2A2,
	0xDCA7, 0xEB23, 0xCC07, 0xE343, 0xD406, 0xEAC1, 0xE3E5, 0xEA80, 0xF2A0, 0xC2A2, 0xDA61, 0xD465,
	0xC58A, 0x62AB, 0x4228, 0x2124, 0x2945, 0x62EB, 0x39A6, 0x2945, 0x2944, 0x31A6, 0x39A6, 0x39C6,
	0x4A28, 0x3165, 0x2945, 0x62CA, 0x72EA, 0x7AEA, 0x49E7, 0x3186, 0x3166, 0x2965, 0x3186, 0x2945,
	0x3186, 0x18C3, 0x5269, 0x7BD0, 0x52AA, 0x2104, 0x18E4, 0x18C4, 0x10A3, 0x10C3, 0x10A3, 0x10A3,
	0x10A3, 0x10A3, 0x0882, 0x10C3, 0x0882, 0x31C7, 0x52CC, 0x5B0C, 0x52AB, 0x31A7, 0x4A8A, 0x5ACC,
	0x4A49, 0x4229, 0x4A49, 0x52AA, 0x39C7, 0x4228, 0x39E7, 0x2966, 0x2965, 0x2945, 0x18E3, 0x2965,
	0x632D, 0x52AB, 0x4249, 0x4A8A, 0x4229, 0x18C3, 0x52AA, 0x62EB, 0x4164, 0x51A5, 0x51A5, 0x4164,
	0x4984, 0x51A5, 0x51A5, 0x59C5, 0x59E6, 0x6226, 0x6206, 0x6A27, 0x82A8, 0x6227, 0x59E6, 0x7A47,
	0x7A46, 0x7A46, 0x6A06, 0x61E6, 0x6A06, 0x61E5, 0x7A26, 0x7226, 0x61E5, 0x6A05, 0x8246, 0x7A46,
	0x7A25, 0x5207, 0x39E8, 0x39E8, 0x39E8, 0x39E8, 0x39E8, 0x39E8, 0x39E8, 0x39E8, 0x39E8, 0x39E8,
	0x7C31, 0x29A6, 0x31C7, 0x738B, 0xF72A, 0xEE8A, 0xDB03, 0xDD29, 0xFE0A, 0xE2E2, 0xE343, 0xD2E3,
	0xDD09, 0xFB83, 0xFB43, 0xE486, 0xFE09, 0xE64B, 0xCD49, 0xF6AA, 0x6AE6, 0x6B0C, 0x3186, 0x31A6,
	0x2104, 0x4A49, 0x5269, 0x2945, 0x3186, 0x3186, 0x39C6, 0x39C6, 0x39A6, 0x4A28, 0x39A6, 0x2965,
	0x5269, 0x6AA9, 0x72EA, 0x39C7, 0x3186, 0x3186, 0x2945, 0x3186, 0x2945, 0x2924, 0x5AAA, 0x73CF,
	0x39E7, 0x39E8, 0x7BF0, 0x6B8E, 0x6B8E, 0x6B8E, 0x738E, 0x738E, 0x7B6E, 0x736E, 0x736E, 0x6B6E,
	0x6B4D, 0x6B6E, 0x73AF, 0x73AF, 0x7BF0, 0x39E8, 0x39E8, 0x5AEC, 0x4A49, 0x6B8E, 0x5B0C, 0x4208,
	0x31A6, 0x2945, 0x18E3, 0x2965, 0x10A2, 0x10A3, 0x2104, 0x5269, 0x4A8A, 0x52EC, 0x73F0, 0x73D0,
	0x3A08, 0x18C3, 0x52AA, 0x6B0B, 0x49A5, 0x5184, 0x51A4, 0x4184, 0x4984, 0x5184, 0x59C5, 0x59C6,
	0x4A08, 0x31A7, 0x39A7, 0x41E7, 0x39C7, 0x3986, 0x51E6, 0x7A46, 0x7A46, 0x7A67, 0x6A26, 0x6A06,
	0x59E5, 0x6A06, 0x7A67, 0x6A26, 0x61E5, 0x6A05, 0x7A26, 0x7A26, 0x8225, 0x5207, 0x39E8, 0x39E8,
	0x39E8, 0x39E8, 0x39E8, 0x39E8, 0x39E8, 0x39E8, 0x39E8, 0x39E8, 0x7C31, 0x2966, 0x2987, 0xA4AB,
	0xFEE8, 0xFBC3, 0xEAE2, 0xE426, 0xEDC9, 0xFC65, 0xFC24, 0xDD08, 0xFF2D, 0xEDA9, 0xF62A, 0xE5A9,
	0xEDC9, 0xDD27, 0xEE08, 0xDD68, 0x3165, 0x4A48, 0x5AAA, 0x18E3, 0x3186, 0x8C0E, 0x3986, 0x2945,
	0x2104, 0x3186, 0x3165, 0x39C6, 0x39C7, 0x41E7, 0x41E7, 0x4A08, 0x2124, 0x39C7, 0x72C9, 0x6ACA,
	0x3165, 0x3165, 0x2945, 0x2945, 0x3165, 0x18C3, 0x4A69, 0x6B8E, 0x2965, 0x4A6A, 0x738E, 0x5AAA,
	0x738D, 0x6B6D, 0x738D, 0x736D, 0x7B4C, 0x836C, 0x734C, 0x73AE, 0x736D, 0x6B4D, 0x6B4D, 0x5ACB,
	0x630C, 0x4A8A, 0x2125, 0x62EC, 0x4A29, 0x31A7, 0x31A7, 0x2125, 0x2945, 0x4207, 0x5A89, 0x39A6,
	0x2924, 0x3145, 0x4A28, 0x528A, 0x4229, 0x31A6, 0x3A08, 0x4249, 0x3A08, 0x18C3, 0x528A, 0x630B,
	0x49A5, 0x5184, 0x51A5, 0x4984, 0x4984, 0x4984, 0x51A5, 0x51E6, 0x3166, 0x1904, 0x2945, 0x2945,
	0x2104, 0x10C3, 0x4165, 0x6A26, 0x7A67, 0x7A47, 0x7246, 0x6A26, 0x6A26, 0x7247, 0x6A26, 0x6A06,
	0x61E5, 0x61C5, 0x8246, 0x7A25, 0x8A66, 0x5207, 0x39E8, 0x39E8, 0x39E8, 0x39E8, 0x39E8, 0x39E8,
	0x39E8, 0x39E8, 0x39E8, 0x39E8, 0x7411, 0x31A6, 0x3187, 0x9C69, 0xEE07, 0xD3E4, 0xF5A6, 0xF628,
	0xDE4B, 0xE62A, 0xE62A, 0xC4E8, 0xEE2A, 0xDD48, 0xF66A, 0xDD27, 0xCC45, 0xE5A8, 0xFDE7, 0x61A2,
	0x2945, 0x7B6C, 0x2945, 0x20E3, 0x18C3, 0x5248, 0x39A6, 0x2104, 0x2924, 0x2924, 0x3165, 0x3185,
	0x39C7, 0x39C6, 0x41E7, 0x41C7, 0x39C6, 0x2104, 0x5227, 0x72A9, 0x5A69, 0x2945, 0x2945, 0x2924,
	0x2945, 0x18C3, 0x4208, 0x738E, 0x2104, 0x528A, 0x8430, 0x6B4E, 0x52AD, 0xA513, 0x52AD, 0x8411,
	0x8431, 0x4A8D, 0xA514, 0x52CD, 0x7BF0, 0x8C51, 0x424C, 0x8C72, 0x6B6E, 0x4229, 0x2125, 0x734D,
	0x5249, 0x31A7, 0x4A49, 0x632D, 0x5B0C, 0x39E8, 0x4A69, 0x5AAB, 0x526A, 0x4A28, 0x39E7, 0x4A6A,
	0x6B8E, 0x634E, 0x4A4A, 0x4A4A, 0x4208, 0x10A3, 0x4A69, 0x62EB, 0x49C5, 0x49A5, 0x51A4, 0x51A4,
	0x4984, 0x4985, 0x49A6, 0x51C6, 0x39A6, 0x2125, 0x2945, 0x2965, 0x3186, 0x2104, 0x3965, 0x51C6,
	0x6A26, 0x7A46, 0x7246, 0x6A26, 0x6A06, 0x6A26, 0x6A06, 0x7226, 0x61E5, 0x61E5, 0x7A25, 0x8A46,
	0x8A46, 0x5207, 0x31E8, 0x39E8, 0x39E8, 0x39E8, 0x39E8, 0x39E8, 0x39E8, 0x39E8, 0x39E8, 0x39E8,
	0x7410, 0x2966, 0x31A8, 0x7B88, 0xEE67, 0xA4C8, 0xFFAB, 0xFF09, 0xD568, 0xE5C9, 0xF64A, 0xEE6B,
	0xFF2C, 0xFF2C, 0xE5E9, 0xDD48, 0xFEAA, 0xFE29, 0x6A23, 0x2945, 0x2945, 0x734C, 0x3165, 0x3166,
	0x20E3, 0x5269, 0x5269, 0x2124, 0x3165, 0x2944, 0x39A6, 0x39A6, 0x39C6, 0x4207, 0x4A08, 0x41E7,
	0x4A28, 0x3165, 0x2965, 0x6A88, 0x6289, 0x41E7, 0x2104, 0x2965, 0x2945, 0x2124, 0x5269, 0x738E,
	0x18C3, 0x528A, 0x9CD3, 0x73B0, 0x3A2D, 0xBD75, 0x424D, 0x8C52, 0x8C52, 0x3A2D, 0xC5D6, 0x4AAE,
	0x8C52, 0x9CB3, 0x320D, 0x8C93, 0x73AF, 0x4229, 0x2965, 0x83F0, 0x4A49, 0x31A7, 0x4A49, 0x630C,
	0x4A6A, 0x4229, 0x5ACC, 0x52CB, 0x5AEC, 0x632D, 0x4A8A, 0x39C7, 0x5B2D, 0x6BAF, 0x424A, 0x4249,
	0x4208, 0x18C3, 0x4A69, 0x62CA, 0x4185, 0x49A5, 0x5184, 0x51A4, 0x4984, 0x49C6, 0x49E7, 0x5228,
	0x39E8, 0x18E4, 0x2145, 0x2965, 0x2966, 0x2145, 0x41E7, 0x4A07, 0x5207, 0x7247, 0x7226, 0x6A26,
	0x7226, 0x6A06, 0x6A26, 0x7A46, 0x61E5, 0x6A06, 0x8246, 0x8246, 0x8A66, 0x5207, 0x31E8, 0x39E8,
	0x39E8, 0x39E8, 0x39E8, 0x39E8, 0x39E8, 0x39E8, 0x39E8, 0x39E8, 0x73F0, 0x2145, 0x39C7, 0x4A8B,
	0xCDA9, 0xCD25, 0xD546, 0xFEC8, 0xFEC8, 0xFEA9, 0xFEC9, 0xFECA, 0xE588, 0xDD48, 0xE60A, 0xFF2B,
	0xE568, 0x82A6, 0x18E4, 0x2944, 0x18C3, 0x5249, 0x6B2C, 0x62EC, 0x62CB, 0x940E, 0x3165, 0x2124,
	0x20E3, 0x3165, 0x4A69, 0x4208, 0x39C6, 0x39A6, 0x41E7, 0x4A08, 0x41E7, 0x4A28, 0x18E3, 0x39A6,
	0x82C9, 0x5228, 0x3186, 0x2945, 0x2945, 0x18C3, 0x4A28, 0x6B4D, 0x2104, 0x39E8, 0x8C51, 0x8411,
	0x6350, 0xBDD7, 0x5B0F, 0x9CF5, 0x94B4, 0x5B30, 0xBDF7, 0x6BB1, 0x9CF5, 0xA556, 0x5B10, 0x9CD4,
	0x7BCF, 0x4229, 0x2145, 0x7B8D, 0x4A28, 0x39C7, 0x39E8, 0x39A7, 0x39C8, 0x39E8, 0x7C10, 0x73AF,
	0x6BAF, 0x7C31, 0x52CB, 0x39E8, 0x3A08, 0x39C7, 0x4229, 0x4A6A, 0x4208, 0x10A3, 0x4A49, 0x62CA,
	0x4184, 0x4984, 0x5184, 0x5184, 0x49C6, 0x39C7, 0x2125, 0x2125, 0x1905, 0x2105, 0x2125, 0x2104,
	0x2125, 0x2125, 0x2104, 0x2125, 0x2145, 0x41C7, 0x6206, 0x7226, 0x7226, 0x6A26, 0x7A67, 0x7A46,
	0x6A06, 0x7226, 0x7A46, 0x8246, 0x8A86, 0x5207, 0x39E8, 0x39E8, 0x39E8, 0x39E8, 0x39E8, 0x39E8,
	0x39E8, 0x39E8, 0x39E8, 0x39E8, 0x6BD0, 0x2966, 0x31A6, 0x4229, 0x4A6A, 0x9C49, 0xB448, 0xBBC5,
	0xCC86, 0xC467, 0xB3E6, 0x82C5, 0x5922, 0xEDC9, 0xFF0A, 0xD486, 0x61E5, 0x2125, 0x2965, 0x736E,
	0x630C, 0x62CA, 0x4207, 0x4207, 0x4A07, 0x5269, 0x7B4B, 0x5AAA, 0x41E7, 0x18C3, 0x2965, 0x2104,
	0x39A6, 0x3986, 0x41C7, 0x4A07, 0x4A07, 0x4A07, 0x39A6, 0x3145, 0x5A48, 0x6A68, 0x2945, 0x2924,
	0x2945, 0x18C3, 0x41E7, 0x6B6E, 0x18E4, 0x39E8, 0x9CD3, 0x7BAF, 0x3A0C, 0xBDB6, 0x424D, 0x8432,
	0x8C93, 0x320D, 0xC617, 0x4A6E, 0x8433, 0x9CF4, 0x29AC, 0x94B3, 0x7BCF, 0x4249, 0x1904, 0x7B2C,
	0x5249, 0x39C7, 0x4208, 0x4208, 0x39E8, 0x39C7, 0x2966, 0x3186, 0x3186, 0x3166, 0x31A7, 0x39E8,
	0x4229, 0x4249, 0x4229, 0x4A4A, 0x39E8, 0x10A3, 0x4249, 0x62CA, 0x4984, 0x4164, 0x5184, 0x5184,
	0x41A6, 0x2125, 0x18E4, 0x18A3, 0x18C3, 0x18C3, 0x18C3, 0x18E3, 0x18C3, 0x18E3, 0x18C3, 0x2104,
	0x2105, 0x2104, 0x6206, 0x7246, 0x7246, 0x6A06, 0x7A47, 0x7246, 0x6A05, 0x7226, 0x6A05, 0x7A46,
	0x8A66, 0x5227, 0x31E8, 0x39E8, 0x39E8, 0x39E8, 0x39E8, 0x39E8, 0x39E8, 0x39E8, 0x39E8, 0x39E8,
	0x6BD0, 0x2145, 0x39C7, 0x3A08, 0x5AEB, 0x9C71, 0x62CA, 0x3965, 0x3124, 0x39A6, 0x3145, 0x3187,
	0x39A7, 0xC3E6, 0x8A84, 0x30E3, 0x3186, 0x2945, 0x62CB, 0x734D, 0x2944, 0x39A6, 0x20E3, 0x3186,
	0x3186, 0x41E7, 0x4A28, 0x41E7, 0x6ACA, 0x41C6, 0x20E3, 0x3165, 0x3165, 0x39C6, 0x41C7, 0x41E7,
	0x4A08, 0x41E7, 0x4A07, 0x2924, 0x4A07, 0x6A47, 0x3985, 0x2124, 0x2104, 0x20E3, 0x4A28, 0x6B6E,
	0x18E3, 0x39E8, 0x8C72, 0x7BD0, 0x424D, 0xB555, 0x5AEF, 0x9493, 0x8C52, 0x320D, 0xBDF7, 0x52F0,
	0x8C73, 0xA4F4, 0x426E, 0x8C93, 0x73CF, 0x4229, 0x1904, 0x6AEB, 0x5249, 0x39A7, 0x39E7, 0x39C7,
	0x39C7, 0x4228, 0x4A69, 0x62EB, 0x630B, 0x52AA, 0x4A28, 0x41E8, 0x39C7, 0x4208, 0x4229, 0x4A49,
	0x39E8, 0x10A3, 0x4249, 0x62CA, 0x51A5, 0x4164, 0x4984, 0x59A4, 0x41A6, 0x2145, 0x10A3, 0x0861,
	0x18E3, 0x18E4, 0x20E4, 0x20E4, 0x2104, 0x20E4, 0x18A3, 0x2104, 0x2945, 0x2924, 0x61E5, 0x7226,
	0x7226, 0x6A06, 0x7226, 0x7206, 0x6A06, 0x7226, 0x6A05, 0x7A46, 0x8246, 0x5207, 0x31E8, 0x39E8,
	0x39E8, 0x39E8, 0x39E8, 0x39E8, 0x39E8, 0x39E8, 0x39E8, 0x39E8, 0x6BAF, 0x2125, 0x31C7, 0x4249,
	0x734C, 0xBD32, 0x4A27, 0x2945, 0x2124, 0x2965, 0x3186, 0x3185, 0x41C6, 0x49A6, 0x2125, 0x2945,
	0x2924, 0x526A, 0x734C, 0x3186, 0x18E3, 0x20E3, 0x3165, 0x5AAA, 0x4A49, 0x5269, 0x5269, 0x41E8,
	0x6289, 0x6ACA, 0x2944, 0x3145, 0x3145, 0x3145, 0x39A6, 0x41E7, 0x41E7, 0x4A08, 0x41C6, 0x3185,
	0x41C6, 0x5A27, 0x72C9, 0x20E3, 0x2924, 0x1082, 0x41C7, 0x6B4D, 0x20E4, 0x39E8, 0x94B3, 0x8411,
	0x6351, 0xB5B6, 0x6B71, 0x9CF5, 0x8C73, 0x320D, 0xBDB6, 0x6B71, 0x94D5, 0xA556, 0x6351, 0x9CF4,
	0x73AF, 0x4209, 0x1904, 0x734D, 0x4A28, 0x39A7, 0x3187, 0x39E7, 0x5289, 0x5ACA, 0x4208, 0x39C7,
	0x39C7, 0x41E7, 0x52AA, 0x5ACA, 0x4A49, 0x3186, 0x39A7, 0x4229, 0x39E8, 0x10A3, 0x4229, 0x6AEA,
	0x59C5, 0x4164, 0x4964, 0x59A4, 0x49C6, 0x2146, 0x18C3, 0x1082, 0x2124, 0x2125, 0x2945, 0x39C7,
	0x2966, 0x2966, 0x20E4, 0x2125, 0x2946, 0x2924, 0x61E5, 0x69E5, 0x6206, 0x61E5, 0x6206, 0x69E5,
	0x6A05, 0x6A05, 0x7225, 0x8246, 0x8246, 0x5207, 0x39E8, 0x39E8, 0x39E8, 0x39E8, 0x39E8, 0x39E8,
	0x39E8, 0x39E8, 0x39E8, 0x39E8, 0x6BAF, 0x2145, 0x31A7, 0x4208, 0xACF1, 0x6B0A, 0x734B, 0x2104,
	0x39C7, 0x39A6, 0x4207, 0x4208, 0x3186, 0x39C7, 0x3986, 0x39A6, 0x4A69, 0x62CB, 0x39C7, 0x18E3,
	0x3165, 0x4208, 0x4A28, 0x2965, 0x3166, 0x4207, 0x5AA9, 0x6B2C, 0x52CA, 0x6289, 0x5A69, 0x2965,
	0x3145, 0x3165, 0x3986, 0x41C6, 0x4A28, 0x4A28, 0x4A08, 0x3165, 0x39A6, 0x7289, 0x6268, 0x41C6,
	0x20E4, 0x20E3, 0x4207, 0x736D, 0x20E3, 0x39E8, 0x9492, 0x7BB0, 0x29AB, 0xB5B6, 0x426D, 0x7C12,
	0x9D14, 0x5310, 0xC5F7, 0x426E, 0x7C13, 0x9D15, 0x29AC, 0x8C73, 0x73AF, 0x4249, 0x1904, 0x736D,
	0x4A08, 0x3186, 0x31A7, 0x52AA, 0x5289, 0x2104, 0x39E7, 0x7BCF, 0x9CF3, 0x8410, 0x3186, 0x3186,
	0x5ACA, 0x4229, 0x3166, 0x4229, 0x39E8, 0x1082, 0x4208, 0x72EA, 0x69E5, 0x4984, 0x5184, 0x59A4,
	0x49C6, 0x2966, 0x18C3, 0x10A2, 0x2104, 0x2124, 0x4A48, 0x31A6, 0x39A7, 0x20E4, 0x2104, 0x2125,
	0x2945, 0x2924, 0x61E6, 0x61E5, 0x61E5, 0x61E5, 0x59C5, 0x61E5, 0x6A05, 0x6A05, 0x69E5, 0x8246,
	0x8A66, 0x5207, 0x39E8, 0x39E8, 0x39E8, 0x39E8, 0x39E8, 0x39E8, 0x39E8, 0x39E8, 0x39E8, 0x39E8,
	0x638F, 0x1904, 0x3A08, 0x4229, 0x630B, 0x9C90, 0x3165, 0x39A6, 0x3166, 0x4A28, 0x4A49, 0x4A28,
	0x4A08, 0x41C7, 0x4208, 0x3166, 0x5AAA, 0x5A8A, 0x2925, 0x39C7, 0x3166, 0x5ACB, 0x4229, 0x52AB,
	0x7C10, 0x8451, 0x4229, 0x5269, 0x7BEF, 0x62CB, 0x6A89, 0x41E7, 0x3165, 0x39A6, 0x3186, 0x41C6,
	0x5228, 0x4A07, 0x4A28, 0x39A6, 0x2924, 0x5A27, 0x6A68, 0x3165, 0x2104, 0x2104, 0x4207, 0x734D,
	0x18C3, 0x39E8, 0x8431, 0x7BD0, 0x426D, 0xAD75, 0x52CE, 0x8C53, 0x9CD4, 0x424D, 0xBDB7, 0x5B30,
	0x8453, 0xA515, 0x424E, 0x9CD3, 0x7BCF, 0x4A49, 0x2104, 0x6B2C, 0x41E8, 0x2966, 0x528A, 0x5AAA,
	0x2104, 0x738E, 0xBDF7, 0xD699, 0xFFFF, 0xFFFF, 0xD679, 0x39C7, 0x3186, 0x5AAB, 0x39C7, 0x39E8,
	0x39E8, 0x1082, 0x4208, 0x6AEA, 0x7226, 0x51A5, 0x4984, 0x5184, 0x49C6, 0x2966, 0x18C3, 0x18A2,
	0x20E4, 0x2965, 0x4A69, 0x31A6, 0x5ACB, 0x20E4, 0x2104, 0x2125, 0x2945, 0x2924, 0x59C5, 0x59E5,
	0x59C5, 0x61E5, 0x51A4, 0x61E5, 0x69E5, 0x61C5, 0x69E5, 0x7A25, 0x7A25, 0x49E7, 0x39E8, 0x39E8,
	0x39E8, 0x39E8, 0x39E8, 0x39E8, 0x39E8, 0x39E8, 0x39E8, 0x39E8, 0x636E, 0x1904, 0x3186, 0x4249,
	0x7BCE, 0x7BCD, 0x2925, 0x2125, 0x2945, 0x39C7, 0x41E8, 0x39E7, 0x31A6, 0x31A6, 0x2965, 0x31A6,
	0x6B0C, 0x41E7, 0x2945, 0x39E7, 0x4208, 0x5AEB, 0x632D, 0x73D0, 0xB5D8, 0x73AF, 0x52AB, 0x4A6A,
	0x6B2B, 0x5ACA, 0x6A89, 0x4185, 0x3186, 0x2924, 0x3165, 0x39A6, 0x41C7, 0x4A07, 0x41C7, 0x41C7,
	0x18E3, 0x49C6, 0x7ACA, 0x2945, 0x2104, 0x1082, 0x39A6, 0x62EB, 0x18C3, 0x39E8, 0x836E, 0x8B0C,
	0x72EE, 0xAC30, 0x72CD, 0x938F, 0x9BD0, 0x520B, 0xAC93, 0x834F, 0x8B90, 0xA452, 0x72CE, 0x8B8F,
	0x838E, 0x4A49, 0x2104, 0x6B0C, 0x4208, 0x3186, 0x52AA, 0x39A7, 0x6B2D, 0xFFFF, 0xCE59, 0xAD75,
	0xF7BE, 0xEF7D, 0xDEDA, 0xBDB6, 0x2104, 0x4208, 0x4208, 0x31A7, 0x39C7, 0x1082, 0x39E8, 0x6ACA,
	0x69E5, 0x59A5, 0x4164, 0x5184, 0x49C6, 0x2986, 0x18E3, 0x1082, 0x2104, 0x2104, 0x39C7, 0x5AEB,
	0x3186, 0x20E4, 0x20E4, 0x2125, 0x2946, 0x2904, 0x61E5, 0x59A5, 0x59A5, 0x61E5, 0x61C5, 0x69E5,
	0x61C5, 0x59A4, 0x69E5, 0x7A05, 0x71E5, 0x49E7, 0x39E8, 0x39E8, 0x39E8, 0x39E8, 0x39E8, 0x39E8,
	0x39E8, 0x39E8, 0x39E8, 0x39E8, 0x634E, 0x1904, 0x2986, 0x4A49, 0xAD12, 0x4A49, 0x39E7, 0x2924,
	0x3186, 0x4228, 0x4208, 0x4228, 0x39E7, 0x39A7, 0x3186, 0x5269, 0x7BCE, 0x2104, 0x31A6, 0x2944,
	0x4208, 0x5ACB, 0x52AB, 0x5AEC, 0x9471, 0x4A28, 0x4208, 0x3186, 0x3186, 0x5AEB, 0x41C7, 0x5207,
	0x3185, 0x3165, 0x2945, 0x3185, 0x41C7, 0x41E7, 0x41E7, 0x39A6, 0x3165, 0x49E7, 0x5227, 0x5228,
	0x18C3, 0x20E3, 0x41E7, 0x62EC, 0x18A3, 0x3A08, 0x8C10, 0x7B6E, 0x318A, 0xA4F3, 0x4A4D, 0x6B2F,
	0x9CB2, 0x52CE, 0xAD34, 0x62EE, 0x83F1, 0x9CB3, 0x3A0C, 0x7BF0, 0x738E, 0x4A6A, 0x2104, 0x72EB,
	0x41E8, 0x3186, 0x4A48, 0x2924, 0xB596, 0xEF7D, 0xE75D, 0xCE59, 0xEF7D, 0xCE79, 0xBDB6, 0xCE58,
	0x52AA, 0x2945, 0x528A, 0x31A7, 0x31A6, 0x1082, 0x39E7, 0x62A9, 0x61C5, 0x61C5, 0x4964, 0x4964,
	0x49C6, 0x31A7, 0x18C3, 0x1082, 0x18E3, 0x2104, 0x20E4, 0x20E4, 0x2104, 0x2125, 0x20E4, 0x2945,
	0x2966, 0x3125, 0x6A05, 0x51A5, 0x51A4, 0x59C5, 0x51A4, 0x61C4, 0x61C5, 0x59A5, 0x59A4, 0x7205,
	0x7A05, 0x49E7, 0x39E8, 0x39E8, 0x39E8, 0x39E8, 0x39E8, 0x39E8, 0x39E8, 0x39E8, 0x39E8, 0x39E8,
	0x5B4E, 0x18E4, 0x39E8, 0x4249, 0x4A8A, 0x8430, 0x18E3, 0x2945, 0x2945, 0x4208, 0x39E7, 0x39C7,
	0x39E7, 0x39A6, 0x3186, 0x2965, 0x4A08, 0x3186, 0x2965, 0x31A6, 0x5269, 0x39C7, 0x39C7, 0x52AB,
	0x4A49, 0x6B2C, 0x6B4D, 0x4A69, 0x41E7, 0x41E7, 0x6AEA, 0x39A6, 0x39C7, 0x3165, 0x2945, 0x3185,
	0x41C7, 0x41C7, 0x49E7, 0x39A6, 0x18C3, 0x3986, 0x5A27, 0x2945, 0x2104, 0x20E3, 0x41E7, 0x5AAB,
	0x18A3, 0x3A08, 0x7BF0, 0x7BF0, 0x424D, 0xB596, 0x52CF, 0x7BF2, 0xA535, 0x426E, 0xB575, 0x7BD1,
	0x8453, 0xA535, 0x3A2D, 0x94B3, 0x7BCF, 0x4229, 0x18E4, 0x6AEB, 0x39A6, 0x2945, 0x4228, 0x2945,
	0xAD54, 0xB5B6, 0xB5B6, 0xC618, 0xD699, 0xCE58, 0xBDF7, 0xCE58, 0x738E, 0x2124, 0x5269, 0x3186,
	0x31A6, 0x1062, 0x39C7, 0x6289, 0x61A4, 0x59A4, 0x4964, 0x4964, 0x49C6, 0x3187, 0x18C3, 0x10A2,
	0x2966, 0x3186, 0x3186, 0x3186, 0x2105, 0x2125, 0x18E4, 0x2945, 0x2966, 0x2924, 0x61E5, 0x4984,
	0x59C5, 0x59A4, 0x4984, 0x61C4, 0x61A4, 0x59A4, 0x59A4, 0x71E5, 0x7A05, 0x49E6, 0x39E8, 0x39E8,
	0x39E8, 0x39E8, 0x39E8, 0x39E8, 0x39E8, 0x39E8, 0x39E8, 0x39E8, 0x5B2D, 0x18E4, 0x3186, 0x4229,
	0x6B6D, 0x5AEB, 0x2925, 0x18E4, 0x2945, 0x39C7, 0x39A7, 0x39C7, 0x31A6, 0x31A6, 0x3166, 0x4228,
	0x52AA, 0x31A6, 0x31A6, 0x2945, 0x738E, 0x630C, 0x2945, 0x4208, 0x4208, 0x630B, 0x630B, 0x4A48,
	0x41E7, 0x6B4D, 0x62A9, 0x49C6, 0x39A6, 0x3165, 0x39A6, 0x39A6, 0x3986, 0x41E7, 0x41C6, 0x39A6,
	0x20E3, 0x41C6, 0x6A89, 0x3144, 0x20E3, 0x18A2, 0x39C6, 0x62CB, 0x18A3, 0x3A08, 0x7BD0, 0x8BCF,
	0x6350, 0xAD55, 0x6350, 0x8C73, 0xA4F4, 0x3A2D, 0xAD75, 0x7BF2, 0x8453, 0xA535, 0x52CF, 0x8432,
	0x73AF, 0x4229, 0x2104, 0x62AA, 0x3165, 0x2104, 0x4207, 0x2124, 0x9CD2, 0xBDB6, 0xB574, 0xD699,
	0xCE58, 0xDEFB, 0xEF5D, 0xEF7D, 0x7BF0, 0x2124, 0x41E7, 0x2965, 0x3186, 0x1062, 0x31C7, 0x5A68,
	0x59A4, 0x59A4, 0x4964, 0x4964, 0x49C6, 0x2966, 0x18E4, 0x10A2, 0x2125, 0x2104, 0x2945, 0x2125,
	0x18E4, 0x18E4, 0x18E4, 0x3186, 0x2966, 0x2904, 0x61C5, 0x51A4, 0x59C5, 0x59A5, 0x51A5, 0x59A4,
	0x61A4, 0x59A4, 0x59A4, 0x69E5, 0x7205, 0x49E6, 0x39E8, 0x39E8, 0x39E8, 0x39E8, 0x39E8, 0x39E8,
	0x39E8, 0x39E8, 0x39E8, 0x39E8, 0x530D, 0x18E4, 0x31A7, 0x39E8, 0x6B6D, 0x4228, 0x39C7, 0x2125,
	0x2965, 0x4208, 0x39E8, 0x39E7, 0x39C7, 0x39E7, 0x6B6E, 0x52AB, 0x5AEB, 0x31A6, 0x39C7, 0x39C7,
	0x5269, 0x94D3, 0x39C7, 0x39A6, 0x39C7, 0x2965, 0x3186, 0x2924, 0x528A, 0x7C10, 0x41C6, 0x6A89,
	0x4A28, 0x41C7, 0x3186, 0x3186, 0x4A08, 0x41C7, 0x41C6, 0x3986, 0x3185, 0x5A48, 0x5207, 0x49E7,
	0x20E4, 0x2104, 0x41E7, 0x730B, 0x18A2, 0x4209, 0x7B8F, 0x8B8E, 0x298B, 0xACF3, 0x4A6D, 0x6330,
	0xACF3, 0x426E, 0xB596, 0x5B30, 0x6B91, 0xA4F4, 0x218B, 0x8452, 0x73CF, 0x4208, 0x2104, 0x5A69,
	0x3165, 0x10A3, 0x41E7, 0x2945, 0x5ACA, 0xD678, 0xCE58, 0xE73C, 0xCE58, 0xA534, 0xDF1C, 0xE73D,
	0x39E8, 0x3186, 0x2124, 0x2945, 0x2966, 0x0862, 0x31A7, 0x5248, 0x5984, 0x5184, 0x4964, 0x4143,
	0x49C6, 0x31C7, 0x18E4, 0x18C3, 0x1082, 0x18E3, 0x2945, 0x1904, 0x18E4, 0x2104, 0x20E4, 0x39C7,
	0x2945, 0x3986, 0x6A06, 0x4984, 0x59A5, 0x59A4, 0x59A5, 0x59A4, 0x59A4, 0x61C5, 0x59A4, 0x69C4,
	0x7A05, 0x49E6, 0x39E8, 0x39E8, 0x39E8, 0x39E8, 0x39E8, 0x39E8, 0x39E8, 0x39E8, 0x39E8, 0x39E8,
	0x52EC, 0x18E4, 0x4228, 0x31A7, 0x31C7, 0x636D, 0x18E4, 0x2125, 0x1904, 0x3186, 0x31A6, 0x4229,
	0x630C, 0x632C, 0x3186, 0x1082, 0x4A69, 0x5B0C, 0x3165, 0x39E7, 0x39A6, 0x4A49, 0x52AA, 0x528A,
	0x4A69, 0x4A49, 0x62EC, 0x73AF, 0x5ACB, 0x41E7, 0x5227, 0x4208, 0x39C7, 0x5A48, 0x5A48, 0x39C7,
	0x3186, 0x39A6, 0x41E7, 0x3185, 0x2104, 0x5228, 0x6A68, 0x20E3, 0x2104, 0x18E3, 0x39C6, 0x7B0B,
	0x18A2, 0x4A49, 0x73B0, 0x7BCF, 0x31CC, 0xA535, 0x4A8E, 0x6350, 0xA534, 0x52EF, 0xB5B6, 0x5B0F,
	0x6B91, 0xA535, 0x29CC, 0x8452, 0x7BCF, 0x4208, 0x18E3, 0x62AA, 0x3185, 0x1082, 0x2945, 0x4207,
	0x18C3, 0x8410, 0xEF5C, 0xF79E, 0xE71C, 0xB5B6, 0xBDF7, 0x630C, 0x18E3, 0x39C6, 0x18E4, 0x2945,
	0x2945, 0x1062, 0x3186, 0x5248, 0x5184, 0x4984, 0x4964, 0x4143, 0x49C6, 0x31A7, 0x10A3, 0x1082,
	0x2124, 0x18E3, 0x2125, 0x2125, 0x2125, 0x2125, 0x18C3, 0x31A7, 0x2125, 0x3165, 0x6A06, 0x4984,
	0x51A4, 0x59A4, 0x61C5, 0x59A4, 0x59A4, 0x59A4, 0x5184, 0x69C4, 0x7A05, 0x49C6, 0x39E8, 0x39E8,
	0x39E8, 0x39E8, 0x39E8, 0x39E8, 0x39E8, 0x39E8, 0x39E8, 0x39E8, 0x52EC, 0x18E4, 0x3186, 0x31A7,
	0x52AB, 0x52CA, 0x4A69, 0x10C3, 0x2104, 0x4229, 0x52AB, 0x52CB, 0x2125, 0x2125, 0x18A3, 0x18C3,
	0x2104, 0x528A, 0x4A49, 0x41E7, 0x4A49, 0x39C6, 0x39C7, 0x4A69, 0x5ACB, 0x6B2D, 0x5AEB, 0x62EC,
	0x5269, 0x5248, 0x5249, 0x41E7, 0x2924, 0x3165, 0x41E7, 0x4A08, 0x4A07, 0x39A6, 0x3185, 0x20E3,
	0x41C7, 0x5A68, 0x5A28, 0x20E3, 0x2104, 0x1082, 0x41E7, 0x7B0B, 0x18A2, 0x4249, 0x73AF, 0x8410,
	0x5B10, 0xAD55, 0x6350, 0x7C33, 0xA535, 0x4ACF, 0xAD55, 0x6B91, 0x73F2, 0xA555, 0x4AAF, 0x7C12,
	0x738F, 0x4208, 0x2124, 0x62AA, 0x3986, 0x18C3, 0x1082, 0x3185, 0x3186, 0x18C3, 0x52AA, 0x94B2,
	0xA514, 0x6B8E, 0x2966, 0x18A2, 0x39A6, 0x2125, 0x2124, 0x2104, 0x2124, 0x1062, 0x31A6, 0x5248,
	0x4943, 0x4144, 0x4964, 0x4143, 0x49C6, 0x2986, 0x10A3, 0x18A2, 0x2965, 0x39E8, 0x3A08, 0x2945,
	0x2125, 0x2945, 0x2125, 0x31A7, 0x2945, 0x28E3, 0x61C5, 0x51A4, 0x5184, 0x59A5, 0x59C5, 0x5184,
	0x59A4, 0x51A4, 0x5184, 0x61C4, 0x71E4, 0x49C6, 0x39E8, 0x39E8, 0x39E8, 0x39E8, 0x39E8, 0x39E8,
	0x39E8, 0x39E8, 0x39E8, 0x39E8, 0x4ACC, 0x18E4, 0x3A08, 0x2986, 0x4229, 0x4AAA, 0x528A, 0x2125,
	0x31C7, 0x634D, 0x4249, 0x31A6, 0x18C3, 0x2104, 0x2124, 0x2104, 0x2124, 0x4249, 0x528A, 0x52AA,
	0x39E7, 0x39E7, 0x39C7, 0x39A6, 0x4A08, 0x41E7, 0x4A28, 0x5269, 0x5ACB, 0x41E7, 0x39C6, 0x39A6,
	0x20E3, 0x3165, 0x39A6, 0x3986, 0x5A69, 0x4A28, 0x41E7, 0x20C3, 0x41E7, 0x5A68, 0x3165, 0x20E3,
	0x20E4, 0x18C3, 0x4207, 0x732C, 0x18A2, 0x4229, 0x738F, 0x8B8E, 0x31EC, 0xA4F3, 0x5AEF, 0x6B70,
	0xA514, 0x320D, 0xAD34, 0x5AEF, 0x6370, 0xAD34, 0x320D, 0x8432, 0x7BCF, 0x4208, 0x2104, 0x628A,
	0x41C7, 0x18E3, 0x18A2, 0x10A2, 0x2924, 0x2945, 0x1082, 0x0841, 0x1082, 0x1061, 0x18E3, 0x2945,
	0x2104, 0x2125, 0x2124, 0x18C3, 0x2104, 0x1061, 0x3186, 0x5227, 0x4143, 0x4164, 0x4964, 0x4943,
	0x49A6, 0x2966, 0x18C3, 0x1082, 0x18E4, 0x2104, 0x2145, 0x2145, 0x1904, 0x2125, 0x2945, 0x3186,
	0x2945, 0x2904, 0x59C5, 0x51A4, 0x4984, 0x5184, 0x5184, 0x5184, 0x51A4, 0x51A4, 0x4984, 0x61C4,
	0x71E4, 0x41C6, 0x39E8, 0x39E8, 0x39E8, 0x39E8, 0x39E8, 0x39E8, 0x39E8, 0x39E8, 0x39E8, 0x39E8,
	0x4A8B, 0x18C3, 0x4A6A, 0x39E8, 0x3A08, 0x52CB, 0x52AA, 0x5B0C, 0x52CB, 0x2104, 0x10A3, 0x18E4,
	0x2104, 0x2925, 0x31A7, 0x6B4E, 0x4A49, 0x31C7, 0x2945, 0x4228, 0x6B4D, 0x5ACB, 0x4A49, 0x5269,
	0x5269, 0x6B4E, 0x526A, 0x4A49, 0x5269, 0x39C7, 0x41E7, 0x4A28, 0x41E7, 0x2944, 0x3986, 0x41E7,
	0x3986, 0x39A6, 0x4A28, 0x5249, 0x5A89, 0x39A6, 0x3986, 0x2104, 0x2104, 0x18A2, 0x3186, 0x62EB,
	0x10A2, 0x4229, 0x6B6F, 0x83AF, 0x216B, 0xA4B3, 0x5ACE, 0x632F, 0xAD14, 0x29AC, 0xA555, 0x52EF,
	0x5B10, 0xA514, 0x29CC, 0x6BB0, 0x738F, 0x4208, 0x18E3, 0x6AEB, 0x41C7, 0x2104, 0x18E3, 0x18A2,
	0x1082, 0x10A2, 0x18C3, 0x18C3, 0x18C2, 0x20E3, 0x20E3, 0x18E3, 0x2124, 0x2145, 0x2124, 0x18E3,
	0x2945, 0x0861, 0x3186, 0x4A07, 0x3943, 0x4164, 0x4143, 0x4963, 0x49A6, 0x2146, 0x18C3, 0x2944,
	0x2945, 0x31C7, 0x31A6, 0x3186, 0x31C7, 0x39E8, 0x4A49, 0x4A6A, 0x2145, 0x2904, 0x59C5, 0x5184,
	0x4984, 0x4984, 0x4984, 0x4984, 0x5184, 0x5184, 0x4964, 0x59A4, 0x71E5, 0x41C6, 0x39E8, 0x39E8,
	0x39E8, 0x39E8, 0x39E8, 0x39E8, 0x39E8, 0x39E8, 0x39E8, 0x39E8, 0x426B, 0x18E4, 0x31C7, 0x31C7,
	0x31E8, 0x4AAA, 0x5AEB, 0x39E8, 0x2965, 0x18E4, 0x2104, 0x2125, 0x4A6A, 0x52CB, 0x4A6A, 0x2986,
	0x2104, 0x2104, 0x2104, 0x2104, 0x31A6, 0x3165, 0x39C7, 0x39E7, 0x31A6, 0x4207, 0x41E7, 0x3186,
	0x2945, 0x2104, 0x3165, 0x39C6, 0x41E7, 0x41C7, 0x41C7, 0x3185, 0x39A6, 0x3186, 0x2924, 0x4A08,
	0x41C7, 0x41E7, 0x2945, 0x2104, 0x2124, 0x18A2, 0x39C7, 0x6B2B, 0x10A2, 0x4A49, 0x73D0, 0x7BD0,
	0x4AAF, 0x9CF4, 0x73B1, 0x7C12, 0xA535, 0x4AAF, 0xA535, 0x6B91, 0x73D2, 0xA535, 0x428E, 0x7BF0,
	0x73CF, 0x4208, 0x18C3, 0x62CA, 0x41E7, 0x2925, 0x2925, 0x18E3, 0x2124, 0x31A6, 0x31A6, 0x31A7,
	0x31C7, 0x39E7, 0x3A08, 0x39C7, 0x2945, 0x2125, 0x2945, 0x2966, 0x2945, 0x0861, 0x3166, 0x49E7,
	0x4143, 0x4164, 0x4964, 0x4963, 0x49A6, 0x2145, 0x2945, 0x5AAA, 0x6B2B, 0x6B6C, 0x6B4C, 0x6B4C,
	0x738D, 0x7BCE, 0x8430, 0x6B8E, 0x2945, 0x2103, 0x59A5, 0x5184, 0x4164, 0x4964, 0x4984, 0x4964,
	0x5184, 0x4984, 0x4164, 0x59A4, 0x69C4, 0x41C6, 0x39E8, 0x39E8, 0x39E8, 0x39E8, 0x39E8, 0x39E8,
	0x39E8, 0x39E8, 0x39E8, 0x39E8, 0x426A, 0x18E3, 0x3A08, 0x31A7, 0x2987, 0x39E8, 0x4AAA, 0x52AA,
	0x3186, 0x2125, 0x3186, 0x39E8, 0x5AEC, 0x2986, 0x2945, 0x18C3, 0x2124, 0x2104, 0x2124, 0x2945,
	0x2925, 0x3186, 0x3165, 0x2965, 0x3165, 0x2944, 0x3165, 0x2924, 0x2945, 0x3165, 0x3986, 0x41E7,
	0x39C6, 0x4A08, 0x41E7, 0x3986, 0x39C6, 0x20E3, 0x2924, 0x4A28, 0x3185, 0x39A6, 0x18A2, 0x2104,
	0x2104, 0x18C3, 0x39C6, 0x734C, 0x18C2, 0x4A49, 0x630D, 0x8BAE, 0x4A6E, 0xA4F4, 0x6350, 0x6350,
	0xA534, 0x3A4E, 0x9CF4, 0x73B1, 0x73D1, 0x9CF4, 0x31EC, 0x7BF1, 0x7BF0, 0x39E8, 0x18E3, 0x528A,
	0x4208, 0x2965, 0x2945, 0x3186, 0x73CF, 0x52AB, 0x6B8E, 0x6BAF, 0x636E, 0x73CF, 0x73F0, 0x6B8F,
	0x634E, 0x2945, 0x2966, 0x2966, 0x2945, 0x0861, 0x2965, 0x39A6, 0x4143, 0x4164, 0x4143, 0x4964,
	0x49A5, 0x2104, 0x2125, 0x39C7, 0x39E7, 0x31C7, 0x39C7, 0x39E7, 0x39E7, 0x4208, 0x4A49, 0x4A6A,
	0x2966, 0x2924, 0x5184, 0x5184, 0x4144, 0x4964, 0x4164, 0x4964, 0x5184, 0x4964, 0x4143, 0x59A4,
	0x61A4, 0x41C6, 0x39E8, 0x39E8, 0x39E8, 0x39E8, 0x39E8, 0x39E8, 0x39E8, 0x39E8, 0x39E8, 0x39E8,
	0x426A, 0x18C3, 0x3A08, 0x31C8, 0x2966, 0x2966, 0x52EB, 0x5B0C, 0x4A49, 0x3A08, 0x634D, 0x39E8,
	0x2945, 0x1062, 0x18C3, 0x2104, 0x3186, 0x3186, 0x39C7, 0x31A6, 0x41E8, 0x39C7, 0x39A6, 0x39C7,
	0x39A6, 0x41E7, 0x41E7, 0x4208, 0x4A28, 0x4A08, 0x5269, 0x4208, 0x41E7, 0x41C6, 0x3986, 0x5249,
	0x5A89, 0x39C6, 0x5249, 0x39C6, 0x41C6, 0x20E3, 0x20E3, 0x2104, 0x20E4, 0x1082, 0x2945, 0x734C,
	0x20E3, 0x4A69, 0x7BAF, 0x8B8D, 0x424D, 0xACF3, 0x5AEE, 0x5AEF, 0xAD13, 0x3A4D, 0xA4D3, 0x73B0,
	0x6B70, 0xA513, 0x320C, 0x73B0, 0x73CF, 0x39E8, 0x18E3, 0x528A, 0x39E8, 0x2965, 0x3166, 0x3186,
	0x2945, 0x2125, 0x2966, 0x2966, 0x3186, 0x2966, 0x2945, 0x2945, 0x2966, 0x2966, 0x2966, 0x2966,
	0x2945, 0x0861, 0x2145, 0x3985, 0x4164, 0x3943, 0x4143, 0x4143, 0x4985, 0x3145, 0x2124, 0x20E4,
	0x18E4, 0x2124, 0x2125, 0x2125, 0x2945, 0x2966, 0x2945, 0x2945, 0x3165, 0x4165, 0x5185, 0x5184,
	0x4143, 0x4164, 0x4143, 0x4164, 0x4163, 0x4964, 0x4143, 0x5184, 0x5984, 0x41C6, 0x39E8, 0x39E8,
	0x39E8, 0x39E8, 0x39E8, 0x39E8, 0x39E8, 0x39E8, 0x39E8, 0x39E8, 0x426A, 0x18E3, 0x2966, 0x2946,
	0x31C8, 0x2966, 0x31A7, 0x52EB, 0x4249, 0x52AA, 0x1082, 0x18A3, 0x1082, 0x2945, 0x31A6, 0x39E7,
	0x39A7, 0x41E8, 0x39E7, 0x4228, 0x4208, 0x4208, 0x4A49, 0x4228, 0x5269, 0x4A49, 0x4A49, 0x4A49,
	0x4A28, 0x528A, 0x4A28, 0x4A48, 0x4A28, 0x41E7, 0x4A28, 0x2924, 0x18A2, 0x5269, 0x4A48, 0x4A08,
	0x3165, 0x18A2, 0x2104, 0x20E3, 0x2104, 0x18A2, 0x39C6, 0x7B8C, 0x2903, 0x5AAA, 0x9451, 0x8C30,
	0xC533, 0x9C92, 0xB513, 0xACF3, 0x94B3, 0xC553, 0x9492, 0xB554, 0xBD33, 0x9CD3, 0xC533, 0x83F0,
	0x6B6E, 0x4208, 0x18E3, 0x5ACB, 0x39C7, 0x2966, 0x2966, 0x2966, 0x2946, 0x39E7, 0x39E7, 0x4228,
	0x5AAA, 0x4208, 0x4208, 0x4208, 0x39E8, 0x2945, 0x2965, 0x2945, 0x2945, 0x0861, 0x2945, 0x3985,
	0x4144, 0x3943, 0x3943, 0x4143, 0x4144, 0x4185, 0x4985, 0x51A5, 0x3965, 0x2145, 0x39E8, 0x31A7,
	0x3186, 0x2945, 0x3124, 0x41A5, 0x41A5, 0x49A5, 0x4984, 0x5184, 0x4144, 0x4143, 0x4964, 0x4964,
	0x4163, 0x4143, 0x4143, 0x4964, 0x5163, 0x41C6, 0x39E8, 0x39E8, 0x39E8, 0x39E8, 0x39E8, 0x39E8,
	0x39E8, 0x39E8, 0x39E8, 0x39E8, 0x424A, 0x18E3, 0x39E8, 0x2987, 0x29A7, 0x2987, 0x2986, 0x4249,
	0x4AAA, 0x4249, 0x39E7, 0x2125, 0x2966, 0x2945, 0x39C7, 0x39C7, 0x39E8, 0x39C7, 0x39E7, 0x4208,
	0x41E8, 0x4A29, 0x4A28, 0x4A28, 0x4A69, 0x4A49, 0x4A49, 0x4A28, 0x4A28, 0x4A48, 0x4A08, 0x4A28,
	0x41E7, 0x41E7, 0x3986, 0x2104, 0x39A7, 0x41E7, 0x41E7, 0x39C6, 0x20E3, 0x20E3, 0x20E3, 0x2124,
	0x20E4, 0x18C3, 0x3165, 0x734C, 0x3144, 0x4A28, 0x8C10, 0x83CF, 0x9C50, 0x83D0, 0x9C71, 0x9430,
	0x7C10, 0xA471, 0x8431, 0x9471, 0x9C91, 0x8C51, 0x9C92, 0x83F0, 0x8431, 0x39C7, 0x20E4, 0x52AA,
	0x39E8, 0x2946, 0x3166, 0x2945, 0x39C7, 0x4A49, 0x39C7, 0x2945, 0x2124, 0x2124, 0x2945, 0x4A69,
	0x4249, 0x31A7, 0x2145, 0x2125, 0x2945, 0x0861, 0x2125, 0x3985, 0x4143, 0x3923, 0x3923, 0x4143,
	0x3923, 0x3924, 0x3944, 0x4985, 0x3965, 0x2145, 0x3186, 0x31A6, 0x31A7, 0x2124, 0x3144, 0x4185,
	0x4164, 0x4164, 0x4964, 0x5184, 0x4164, 0x4164, 0x4964, 0x4143, 0x4143, 0x4143, 0x3923, 0x4143,
	0x5163, 0x41A6, 0x39E8, 0x39E7, 0x39E8, 0x39E8, 0x39E8, 0x39E8, 0x39E8, 0x39E8, 0x39E8, 0x39E8,
	0x4229, 0x10C3, 0x2986, 0x2987, 0x2966, 0x2986, 0x2986, 0x2146, 0x4AAA, 0x3A28, 0x4A69, 0x2945,
	0x2945, 0x39E7, 0x2124, 0x2945, 0x39E7, 0x4229, 0x4229, 0x4209, 0x4229, 0x4209, 0x4208, 0x4229,
	0x4209, 0x4229, 0x4208, 0x4208, 0x4208, 0x39C7, 0x39C7, 0x39C7, 0x31A6, 0x3165, 0x20E3, 0x3165,
	0x39A6, 0x4207, 0x3186, 0x2104, 0x18C3, 0x2104, 0x2124, 0x2104, 0x20E3, 0x10A2, 0x2924, 0x62EB,
	0x3986, 0x1082, 0x39C7, 0x2945, 0x2966, 0x31A7, 0x31A7, 0x31A7, 0x2945, 0x2966, 0x2986, 0x2966,
	0x2125, 0x2945, 0x18C3, 0x18E3, 0x2104, 0x0862, 0x31C7, 0x4A49, 0x4208, 0x2946, 0x2945, 0x3186,
	0x4A69, 0x39C7, 0x2104, 0x39E7, 0x9CD3, 0x8430, 0x18C3, 0x18C3, 0x52AA, 0x4A6A, 0x2966, 0x2145,
	0x2945, 0x0841, 0x2125, 0x3985, 0x4143, 0x3123, 0x3923, 0x3923, 0x3923, 0x3923, 0x3923, 0x3943,
	0x3944, 0x2124, 0x2125, 0x2986, 0x2966, 0x2124, 0x3944, 0x4184, 0x3923, 0x4143, 0x4964, 0x4984,
	0x4143, 0x3943, 0x4964, 0x3943, 0x4143, 0x4143, 0x3923, 0x4123, 0x4943, 0x39A6, 0x39E8, 0x39E7,
	0x39E8, 0x39E8, 0x39E8, 0x39E8, 0x39E8, 0x39E8, 0x39E8, 0x39E8, 0x3A29, 0x18C3, 0x2945, 0x2146,
	0x29A7, 0x2966, 0x2966, 0x2966, 0x2125, 0x4269, 0x4249, 0x52CB, 0x4228, 0x2966, 0x2965, 0x2104,
	0x31A7, 0x3A09, 0x3A09, 0x3A09, 0x39E8, 0x39E9, 0x31A8, 0x3A09, 0x31A7, 0x39C8, 0x31C8, 0x31A7,
	0x31A7, 0x2966, 0x31A7, 0x3187, 0x2125, 0x2104, 0x5A8B, 0x39A7, 0x4208, 0x3186, 0x18E3, 0x18C3,
	0x18E3, 0x2104, 0x2104, 0x20E3, 0x2104, 0x18C3, 0x2103, 0x62AA, 0x5249, 0x2125, 0x6B4E, 0x6B6E,
	0x630C, 0x6B4E, 0x6B6E, 0x7C11, 0x73CF, 0x632D, 0x7BF0, 0x6B6E, 0x4229, 0x630D, 0x10A2, 0x18C3,
	0x1082, 0x1082, 0x4A69, 0x3186, 0x39E7, 0x2946, 0x2125, 0x31A7, 0x31A6, 0x2966, 0x528A, 0xBDF8,
	0xEF9E, 0xFFDE, 0x9491, 0x18E3, 0x31A6, 0x4249, 0x31E8, 0x2104, 0x2945, 0x0841, 0x2124, 0x3985,
	0x3923, 0x3123, 0x3103, 0x3103, 0x3903, 0x3923, 0x3923, 0x3103, 0x3103, 0x3123, 0x3123, 0x3103,
	0x3124, 0x3924, 0x3944, 0x4143, 0x3923, 0x3923, 0x4163, 0x4143, 0x3923, 0x3923, 0x4143, 0x3923,
	0x4123, 0x3923, 0x3923, 0x3923, 0x4122, 0x39A6, 0x39E8, 0x39E7, 0x39E8, 0x39E8, 0x39E8, 0x39E8,
	0x39E8, 0x39E8, 0x39E8, 0x39E8, 0x3A29, 0x18E4, 0x2986, 0x2145, 0x2966, 0x2966, 0x2946, 0x2987,
	0x2966, 0x2145, 0x2986, 0x4AAA, 0x4A8A, 0x4A69, 0x4208, 0x2124, 0x2986, 0x424A, 0x73CF, 0x2986,
	0x8C51, 0x6B6E, 0x5AEC, 0x6B8E, 0x52AB, 0x634D, 0x632D, 0x632D, 0x738F, 0x5ACB, 0x6B4D, 0x528B,
	0x2125, 0x2924, 0x4208, 0x3186, 0x3186, 0x1082, 0x18C3, 0x18C3, 0x18C3, 0x18E3, 0x18C3, 0x20E3,
	0x18E3, 0x20E3, 0x20E3, 0x4A07, 0x6AEA, 0x2965, 0x2945, 0x31A7, 0x3186, 0x4208, 0x4A4A, 0x4A6A,
	0x31A7, 0x52AB, 0x31C7, 0x4208, 0x4229, 0x4229, 0x4A49, 0x4229, 0x2124, 0x4A69, 0x31A7, 0x2945,
	0x31A7, 0x2125, 0x2925, 0x2125, 0x2945, 0x10A3, 0x8C71, 0xAD55, 0xBDD7, 0xAD75, 0xAD74, 0x4207,
	0x0862, 0x39C7, 0x424A, 0x2104, 0x2125, 0x0841, 0x2104, 0x3965, 0x3923, 0x3103, 0x3103, 0x3903,
	0x3102, 0x3903, 0x3923, 0x3102, 0x28E2, 0x3103, 0x3923, 0x3102, 0x3923, 0x3903, 0x3903, 0x3923,
	0x3103, 0x3103, 0x4123, 0x3923, 0x3923, 0x3103, 0x3923, 0x3903, 0x3102, 0x3903, 0x3102, 0x3102,
	0x4122, 0x3986, 0x39E8, 0x39E7, 0x39E8, 0x39E8, 0x39E8, 0x39E8, 0x39E8, 0x39E8, 0x39E8, 0x39E8,
	0x3A29, 0x18C3, 0x2966, 0x2966, 0x2966, 0x2966, 0x2966, 0x2146, 0x2987, 0x2125, 0x2105, 0x3A08,
	0x4249, 0x52AB, 0x5B0C, 0x4249, 0x31A7, 0x424A, 0x7C10, 0x4A6A, 0x94B3, 0x6B6D, 0x6B8E, 0x738E,
	0x5ACB, 0x52AB, 0x4A4A, 0x634D, 0x73AE, 0x632D, 0x6B6E, 0x4249, 0x2125, 0x4A49, 0x39C7, 0x39E7,
	0x1082, 0x10A2, 0x18C3, 0x18C3, 0x18E4, 0x18C3, 0x20E3, 0x2104, 0x18C3, 0x2104, 0x18A2, 0x4207,
	0x7B8C, 0x5AAA, 0x0841, 0x10A2, 0x1082, 0x6B4D, 0x5AEC, 0x7BF0, 0x2946, 0xA556, 0x5B0D, 0x8431,
	0x7BF0, 0x8C72, 0x8472, 0x7BF0, 0x0862, 0x528A, 0x2945, 0x4208, 0x2945, 0x2105, 0x20E4, 0x18E3,
	0x3186, 0x10A2, 0x840F, 0x9CD2, 0x9CF2, 0xB595, 0xCE59, 0x4208, 0x10A2, 0x2966, 0x4A8B, 0x1904,
	0x2125, 0x0841, 0x2104, 0x3165, 0x3103, 0x3103, 0x3903, 0x3103, 0x3102, 0x3102, 0x3903, 0x30E2,
	0x28E2, 0x28E2, 0x3102, 0x3103, 0x3923, 0x3103, 0x3102, 0x3903, 0x3102, 0x3102, 0x3902, 0x4123,
	0x3902, 0x30E2, 0x3102, 0x3102, 0x30E2, 0x30E2, 0x30E2, 0x30E2, 0x4102, 0x3986, 0x39E8, 0x39E7,
	0x39E8, 0x39E8, 0x39E8, 0x39E8, 0x39E8, 0x39E8, 0x39E8, 0x39E8, 0x3A29, 0x10A3, 0x2986, 0x2145,
	0x31A7, 0x2966, 0x2966, 0x2987, 0x2986, 0x2987, 0x2966, 0x2125, 0x39E8, 0x3A08, 0x52CB, 0x4A49,
	0x5AEC, 0x2987, 0x424A, 0x4229, 0x3A09, 0x4229, 0x2987, 0x424A, 0x2966, 0x31C7, 0x31A7, 0x31A7,
	0x4229, 0x2966, 0x4229, 0x39C7, 0x2145, 0x2125, 0x18E3, 0x18A3, 0x2104, 0x20E4, 0x18E3, 0x20E4,
	0x20E4, 0x20E4, 0x20E3, 0x20E4, 0x18E3, 0x20E3, 0x20E3, 0x3186, 0x83ED, 0x83CE, 0x4A49, 0x1082,
	0x1082, 0x3186, 0x4208, 0x4A49, 0x18E4, 0x528A, 0x4A49, 0x4249, 0x4249, 0x4A4A, 0x4A6A, 0x4249,
	0x4A6A, 0x2965, 0x3186, 0x41E8, 0x2104, 0x2125, 0x18E4, 0x1082, 0x3186, 0x18C3, 0x31A6, 0xAD54,
	0xBDD6, 0xB595, 0x8431, 0x2104, 0x2104, 0x3186, 0x4AAB, 0x18C3, 0x2125, 0x0841, 0x18E4, 0x3144,
	0x3103, 0x30E2, 0x3102, 0x3102, 0x28E2, 0x30E2, 0x30E2, 0x30E2, 0x28C2, 0x28C2, 0x30E2, 0x30E2,
	0x3902, 0x30E2, 0x28C2, 0x30E2, 0x28E2, 0x28C2, 0x38E2, 0x4102, 0x30E2, 0x28C2, 0x30E2, 0x30C2,
	0x30E2, 0x30E2, 0x28C2, 0x30E2, 0x38E1, 0x3986, 0x39E8, 0x39E7, 0x39E8, 0x39E8, 0x39E8, 0x39E8,
	0x39E8, 0x39E8, 0x39E8, 0x39E8, 0x3A09, 0x18C3, 0x2986, 0x2146, 0x2966, 0x2966, 0x2966, 0x2966,
	0x2966, 0x2966, 0x2966, 0x2966, 0x2145, 0x2125, 0x2986, 0x31C7, 0x39E8, 0x3A09, 0x39E8, 0x31C8,
	0x3A09, 0x31A7, 0x31C8, 0x2986, 0x2987, 0x3187, 0x3187, 0x31A7, 0x2966, 0x31A7, 0x2966, 0x2125,
	0x2945, 0x10A2, 0x18C3, 0x20E4, 0x2104, 0x18C3, 0x18E3, 0x18E4, 0x18E3, 0x20E4, 0x20E3, 0x18E3,
	0x18E3, 0x20E3, 0x20E3, 0x18A2, 0x62CA, 0x83EE, 0x83CE, 0x5AAA, 0x10A2, 0x0861, 0x18A2, 0x1061,
	0x0861, 0x0021, 0x0841, 0x18E3, 0x10A2, 0x0000, 0x1062, 0x4228, 0x3A07, 0x1903, 0x39E7, 0x2945,
	0x2104, 0x2104, 0x18C3, 0x1062, 0x18C3, 0x2945, 0x0020, 0x3186, 0x6B6D, 0x4A69, 0x1082, 0x2944,
	0x0841, 0x4229, 0x31C7, 0x18E4, 0x2104, 0x0841, 0x18E4, 0x3965, 0x3103, 0x30E2, 0x30E2, 0x30E2,
	0x28C2, 0x28C2, 0x30C2, 0x30E2, 0x20C2, 0x28C2, 0x28C2, 0x28C2, 0x30E2, 0x30E2, 0x28C2, 0x30E2,
	0x28C2, 0x20C1, 0x30E2, 0x38E2, 0x30C2, 0x30C2, 0x28C2, 0x30C2, 0x30E2, 0x28C1, 0x28C2, 0x30C2,
	0x38C1, 0x3986, 0x39E8, 0x39E7, 0x39E8, 0x39E8, 0x39E8, 0x39E8, 0x39E8, 0x39E8, 0x39E8, 0x39E8,
	0x3A09, 0x10A3, 0x2966, 0x2966, 0x2946, 0x2145, 0x2966, 0x2125, 0x2966, 0x2125, 0x2145, 0x2945,
	0x2125, 0x2946, 0x1904, 0x2125, 0x31A7, 0x4229, 0x39E8, 0x52AB, 0x4A8A, 0x4249, 0x4A6A, 0x4229,
	0x4208, 0x4208, 0x4208, 0x4208, 0x31A6, 0x2945, 0x2966, 0x18C3, 0x2104, 0x18E4, 0x18C3, 0x20E4,
	0x18A3, 0x18E4, 0x18C3, 0x18C3, 0x18E3, 0x18C3, 0x18E3, 0x18C3, 0x18C3, 0x18C3, 0x18C3, 0x1082,
	0x62EA, 0x8C2F, 0xA4F1, 0xA4D1, 0x83EE, 0x4A49, 0x18E3, 0x1062, 0x0841, 0x0861, 0x0861, 0x18E3,
	0x2103, 0x39E7, 0x5289, 0x39C6, 0x31A5, 0x2965, 0x31A6, 0x2125, 0x2105, 0x18A3, 0x39E8, 0x4A8B,
	0x0000, 0x1082, 0x18C3, 0x0821, 0x0000, 0x0020, 0x18A2, 0x0841, 0x18E4, 0x4249, 0x2104, 0x18C3,
	0x2124, 0x0841, 0x18E4, 0x3144, 0x30E2, 0x30E2, 0x30E2, 0x30E2, 0x28C2, 0x28C2, 0x30C2, 0x28C2,
	0x20A1, 0x20A1, 0x28A1, 0x28C2, 0x30E2, 0x30E2, 0x28C1, 0x30C2, 0x30C2, 0x20A1, 0x30C1, 0x38E2,
	0x30E2, 0x28C1, 0x30C2, 0x30C2, 0x28C2, 0x28A1, 0x30E2, 0x28C1, 0x38C1, 0x3986, 0x39E8, 0x39E7,
	0x39E8, 0x39E8, 0x39E8, 0x39E8, 0x39E8, 0x39E8, 0x39E8, 0x39E8, 0x3A09, 0x10A3, 0x2966, 0x2145,
	0x2986, 0x2146, 0x2146, 0x2966, 0x2125, 0x2966, 0x2145, 0x2145, 0x2145, 0x2125, 0x2945, 0x2125,
	0x2104, 0x18C3, 0x10C3, 0x2145, 0x2125, 0x31A7, 0x39C7, 0x3186, 0x39E7, 0x2925, 0x2945, 0x18C3,
	0x18A3, 0x1082, 0x10A2, 0x18E4, 0x18C3, 0x18E3, 0x2104, 0x2104, 0x20E4, 0x18E3, 0x18C3, 0x18C3,
	0x18C3, 0x20E4, 0x18C3, 0x20E3, 0x20E4, 0x18C3, 0x18C3, 0x1082, 0x5ACA, 0x7BAD, 0x7B8D, 0x7B8C,
	0x734C, 0x6B4C, 0x5AAA, 0x4A28, 0x39E7, 0x31A6, 0x39A6, 0x4207, 0x5ACA, 0x62EA, 0x39A5, 0x41E6,
	0x4207, 0x41E6, 0x4A07, 0x2104, 0x18C3, 0x2965, 0x6B8F, 0x6BD0, 0x39E8, 0x18E3, 0x1062, 0x1082,
	0x1082, 0x10A2, 0x18E3, 0x2986, 0x52CB, 0x6B8F, 0x4AAB, 0x31C7, 0x2104, 0x0841, 0x18E4, 0x3144,
	0x30E2, 0x30E2, 0x3902, 0x30E2, 0x30E2, 0x28C1, 0x30C2, 0x30C2, 0x20A1, 0x20A1, 0x28C1, 0x28C1,
	0x30C2, 0x30E2, 0x28C1, 0x30C2, 0x30C2, 0x28A1, 0x30C1, 0x38E2, 0x30E2, 0x28C1, 0x28A1, 0x30C2,
	0x28C1, 0x28C1, 0x30E2, 0x30C2, 0x38E1, 0x3985, 0x39E8, 0x39E7, 0x39E8, 0x39E8, 0x39E8, 0x39E8,
	0x39E8, 0x39E8, 0x39E8, 0x39E8, 0x39E9, 0x18E3, 0x2125, 0x18E4, 0x2145, 0x2146, 0x2125, 0x2125,
	0x2125, 0x2125, 0x2125, 0x1904, 0x2104, 0x2105, 0x1904, 0x2104, 0x2104, 0x1904, 0x2104, 0x18E4,
	0x18E4, 0x18C3, 0x18C3, 0x10A3, 0x10A3, 0x10A3, 0x10A2, 0x18A3, 0x18C3, 0x18C3, 0x18C3, 0x18C3,
	0x18C3, 0x18C3, 0x18C3, 0x18C3, 0x18C3, 0x18A3, 0x18A3, 0x18C3, 0x18A3, 0x18A3, 0x18C3, 0x10A2,
	0x18C3, 0x10A2, 0x1082, 0x0861, 0x5AEB, 0x6B0C, 0x5269, 0x5A69, 0x5248, 0x5248, 0x5A69, 0x5AA9,
	0x62EB, 0x62CA, 0x62CA, 0x62CA, 0x5AAA, 0x5A89, 0x5A89, 0x62A9, 0x6289, 0x62A9, 0x5AAA, 0x20E4,
	0x10A3, 0x39C7, 0x5AEC, 0x52CC, 0x5B2D, 0x31A7, 0x1082, 0x18C3, 0x18E4, 0x18E4, 0x2986, 0x634E,
	0x52EC, 0x52CC, 0x638F, 0x5B0D, 0x18E4, 0x0841, 0x18C3, 0x3144, 0x30E2, 0x30E2, 0x3902, 0x3902,
	0x38E2, 0x28C2, 0x30E2, 0x30C2, 0x28C1, 0x20A1, 0x28C1, 0x28C1, 0x30E2, 0x30C2, 0x30C2, 0x30E2,
	0x30E2, 0x28A1, 0x30C2, 0x38E2, 0x38E2, 0x28C1, 0x30C2, 0x30C1, 0x30C2, 0x30E2, 0x38E2, 0x28C1,
	0x38E1, 0x3986, 0x39E8, 0x39E7, 0x39E8, 0x39E8, 0x39E8, 0x39E8, 0x39E8, 0x39E8, 0x39E8, 0x39E8,
	0x2987, 0x18C3, 0x31A7, 0x31C7, 0x2125, 0x2125, 0x2145, 0x2104, 0x2125, 0x2104, 0x2125, 0x2945,
	0x18E4, 0x2104, 0x18E4, 0x18E4, 0x18E4, 0x18E3, 0x18E4, 0x18E3, 0x18E4, 0x18C3, 0x18C3, 0x18C3,
	0x18E3, 0x18C3, 0x18C3, 0x10A2, 0x18C3, 0x18C3, 0x18C3, 0x18C3, 0x18C3, 0x18A3, 0x18C3, 0x18E3,
	0x18C3, 0x18C3, 0x18C3, 0x18C3, 0x18C3, 0x18E3, 0x18E3, 0x18A2, 0x18C3, 0x18A2, 0x10A2, 0x18A2,
	0x4A49, 0x5248, 0x49E7, 0x41C6, 0x41A6, 0x41C6, 0x41C7, 0x41C7, 0x41E7, 0x4A07, 0x4A08, 0x4A08,
	0x4A08, 0x4A28, 0x4A28, 0x49E7, 0x4A07, 0x4A07, 0x41C7, 0x0841, 0x1062, 0x0841, 0x0020, 0x0020,
	0x0020, 0x0841, 0x0862, 0x0862, 0x1082, 0x1082, 0x0862, 0x0841, 0x0861, 0x0862, 0x0841, 0x0861,
	0x18C3, 0x1062, 0x10A2, 0x3124, 0x3102, 0x3102, 0x3102, 0x38E2, 0x3902, 0x30E2, 0x30E2, 0x30E2,
	0x28C1, 0x28C1, 0x28C2, 0x30C2, 0x30C2, 0x30E2, 0x28C1, 0x38E2, 0x30E2, 0x28C1, 0x30E2, 0x38E2,
	0x38E2, 0x30C2, 0x30C2, 0x30E2, 0x30C2, 0x38E2, 0x38E2, 0x28C2, 0x38E1, 0x41A6, 0x39E8, 0x39E7,
	0x39E8, 0x39E8, 0x39E8, 0x39E8, 0x39E8, 0x39E8, 0x39E8, 0x39E8, 0x2145, 0x2966, 0x52CC, 0x52ED,
	0x426A, 0x424A, 0x424A, 0x424A, 0x422A, 0x4229, 0x424A, 0x424A, 0x3A09, 0x3A09, 0x3A09, 0x39E8,
	0x39E8, 0x39E8, 0x39C8, 0x31C8, 0x31C7, 0x31C8, 0x39C8, 0x31C7, 0x39C8, 0x31A7, 0x31A7, 0x31A7,
	0x31A7, 0x2986, 0x3186, 0x3186, 0x2945, 0x2945, 0x2945, 0x2945, 0x2945, 0x2945, 0x2945, 0x2124,
	0x2104, 0x2124, 0x2104, 0x2104, 0x2104, 0x2104, 0x2104, 0x18C3, 0x18C3, 0x18A2, 0x10A2, 0x1082,
	0x1082, 0x1082, 0x1082, 0x1082, 0x1082, 0x10A2, 0x18A2, 0x18A2, 0x18A2, 0x18A2, 0x18A2, 0x18A2,
	0x18A2, 0x18C3, 0x18A2, 0x1062, 0x1062, 0x1062, 0x1082, 0x10A3, 0x10A2, 0x10A2, 0x10A3, 0x10A3,
	0x10A2, 0x10A3, 0x10C3, 0x18C3, 0x18C3, 0x18C3, 0x18C3, 0x18E4, 0x2966, 0x2945, 0x1082, 0x3103,
	0x3102, 0x3102, 0x3923, 0x3902, 0x3903, 0x30E2, 0x30E2, 0x3902, 0x30E2, 0x30E2, 0x28C2, 0x30E2,
	0x30E2, 0x30E2, 0x30C2, 0x3902, 0x30E2, 0x28C2, 0x30E2, 0x3902, 0x3902, 0x30E2, 0x30E2, 0x38E2,
	0x38E2, 0x38E2, 0x38E2, 0x30E2, 0x38E2, 0x3986, 0x39E8, 0x39E7, 0x39E8, 0x39E8, 0x39E8, 0x39E8,
	0x39E8, 0x39E8, 0x39E8, 0x39E8, 0x3186, 0x10A3, 0x18E4, 0x18E4, 0x18E4, 0x1905, 0x1904, 0x1905,
	0x1905, 0x1905, 0x1905, 0x1905, 0x2105, 0x1905, 0x1904, 0x1904, 0x18E4, 0x18E4, 0x18E4, 0x18E4,
	0x18E4, 0x18E4, 0x18C4, 0x18E4, 0x18C4, 0x18C3, 0x18C3, 0x18C3, 0x18C3, 0x10A2, 0x1082, 0x1082,
	0x1082, 0x1082, 0x1082, 0x1082, 0x1082, 0x1082, 0x1082, 0x1082, 0x1082, 0x1062, 0x0862, 0x0861,
	0x0861, 0x0861, 0x0861, 0x0862, 0x0861, 0x0841, 0x0861, 0x0841, 0x0841, 0x0841, 0x0841, 0x0841,
	0x0861, 0x0861, 0x0862, 0x0861, 0x0862, 0x0861, 0x1062, 0x0862, 0x1062, 0x0861, 0x0841, 0x0841,
	0x0841, 0x0841, 0x0841, 0x1062, 0x1082, 0x1062, 0x1082, 0x1082, 0x1082, 0x10A2, 0x1082, 0x1062,
	0x1082, 0x1082, 0x0882, 0x1082, 0x1082, 0x0841, 0x0861, 0x51A4, 0x3923, 0x28C2, 0x30E2, 0x30C2,
	0x30E2, 0x30E2, 0x30E2, 0x30E2, 0x30C2, 0x28A1, 0x28C2, 0x30C2, 0x30C2, 0x28C1, 0x30C1, 0x38E2,
	0x30E2, 0x28A1, 0x30C2, 0x38E1, 0x38E2, 0x30C1, 0x28A1, 0x30C1, 0x30C1, 0x38C2, 0x30C2, 0x28C2,
	0x4942, 0x51E6, 0x39E8, 0x39E8, 0x39E8, 0x39E8, 0x39E8, 0x39E8, 0x39E8, 0x39E8, 0x39E8, 0x39E8,
	0x6AEA, 0x5248, 0x41C7, 0x3165, 0x2924, 0x2924, 0x2904, 0x20E3, 0x20C3, 0x18C3, 0x20C3, 0x18A2,
	0x20C3, 0x18A2, 0x1882, 0x1882, 0x1882, 0x1882, 0x1882, 0x1882, 0x1082, 0x1061, 0x1061, 0x1082,
	0x1061, 0x1061, 0x1061, 0x1081, 0x1061, 0x1061, 0x1061, 0x1061, 0x1061, 0x1061, 0x1041, 0x1041,
	0x1041, 0x1041, 0x1041, 0x1041, 0x1041, 0x1041, 0x0841, 0x0840, 0x1041, 0x0841, 0x0841, 0x0840,
	0x1041, 0x1041, 0x0840, 0x0820, 0x0820, 0x0820, 0x0820, 0x0820, 0x0820, 0x0820, 0x0820, 0x0820,
	0x0820, 0x0820, 0x0820, 0x0800, 0x0820, 0x1040, 0x1040, 0x1040, 0x0840, 0x0820, 0x0820, 0x1040,
	0x1020, 0x1041, 0x0840, 0x1041, 0x1061, 0x1061, 0x1061, 0x0840, 0x1041, 0x0840, 0x0820, 0x1061,
	0x1882, 0x2903, 0x41A6, 0x8329, 0x9348, 0x7AA6, 0x8B08, 0x7AA7, 0x7286, 0x6A26, 0x59E5, 0x59C5,
	0x6205, 0x6205, 0x4164, 0x4963, 0x4963, 0x4963, 0x4964, 0x4963, 0x4143, 0x3943, 0x4164, 0x51C5,
	0x61E5, 0x59C4, 0x51C5, 0x6A26, 0x7286, 0x7AA7, 0x8B08, 0x7A86, 0x9B69, 0x6AC9, 0x31C7, 0x39E8,
	0x39E8, 0x39E8, 0x39E8, 0x39E8, 0x39E8, 0x39E8, 0x39E8, 0x39E8, 0x4A69, 0x4A49, 0x4228, 0x3A08,
	0x3A08, 0x39E8, 0x39E7, 0x39E7, 0x2986, 0x8451, 0xAD95, 0x73AE, 0x20E3, 0x2124, 0x31A6, 0x31C7,
	0x31A7, 0x31C7, 0x39C7, 0x39C7, 0x39C7, 0x39E7, 0x39E7, 0x39E7, 0x39E7, 0x39E7, 0x3A07, 0x4208,
	0x4208, 0x4208, 0x4208, 0x4207, 0x39E7, 0x39E7, 0x39C7, 0x39C7, 0x39C7, 0x39C6, 0x39A6, 0x31A6,
	0x31A6, 0x31A6, 0x3186, 0x39E7, 0x3185, 0x39A6, 0x3185, 0x3185, 0x3185, 0x3185, 0x3185, 0x3165,
	0x3165, 0x3165, 0x2945, 0x2965, 0x2945, 0x2945, 0x2944, 0x2944, 0x2945, 0x2944, 0x2944, 0x2945,
	0x3165, 0x3165, 0x3165, 0x3185, 0x3185, 0x3165, 0x3165, 0x3185, 0x3165, 0x3185, 0x3185, 0x3185,
	0x3185, 0x3985, 0x39A6, 0x39A6, 0x39C6, 0x39C6, 0x39C6, 0x41E7, 0x4A28, 0x4A28, 0x4A28, 0x7B09,
	0x9B89, 0x8B07, 0x9B89, 0x8308, 0x82E8, 0x7AC7, 0x6247, 0x6A46, 0x7267, 0x7287, 0x51C5, 0x6205,
	0x5A06, 0x51C5, 0x59E5, 0x59E5, 0x59E5, 0x49C5, 0x51C5, 0x5A06, 0x6A47, 0x6A46, 0x6247, 0x7AA7,
	0x82E8, 0x8B08, 0x9B89, 0x82E7, 0xA3A9, 0x6AC9, 0x31C7, 0x39E8, 0x39E8, 0x39E8, 0x39E8, 0x39E8,
	0x39E8, 0x39E8, 0x39E8, 0x39E8, 0x4228, 0x426A, 0x4A8A, 0x4A8A, 0x4A8A, 0x4A8A, 0x4AAB, 0x52CB,
	0x4249, 0xAD75, 0xE71A, 0xAD53, 0x1082, 0x39C7, 0x52CB, 0x52CB, 0x52EB, 0x5B0C, 0x52EC, 0x5AEC,
	0x5B0C, 0x5B0C, 0x5B0C, 0x5B0C, 0x5B0C, 0x5B0C, 0x5B0C, 0x5B0C, 0x5B0C, 0x5B0C, 0x5B0C, 0x5AEC,
	0x52EB, 0x52CB, 0x52CB, 0x52CB, 0x52AB, 0x52AB, 0x4AAA, 0x4A8A, 0x4A8A, 0x4A69, 0x4A69, 0x4228,
	0x18E3, 0x39E7, 0x4228, 0x3A08, 0x3A08, 0x39E8, 0x39E7, 0x31C7, 0x31C7, 0x31A7, 0x31A6, 0x31A6,
	0x31A6, 0x31A6, 0x3186, 0x2986, 0x31A6, 0x31A6, 0x2986, 0x31A6, 0x31A6, 0x29A6, 0x31A7, 0x31A7,
	0x31A7, 0x29A6, 0x31A7, 0x31A7, 0x31C7, 0x31C7, 0x31C7, 0x31C7, 0x39E8, 0x39E7, 0x39E8, 0x3A08,
	0x4249, 0x4228, 0x3A08, 0x31E7, 0x31C7, 0x4A8A, 0x4269, 0x5A27, 0x5A06, 0x49C5, 0x3985, 0x4185,
	0x49A5, 0x49A5, 0x4185, 0x49A5, 0x4184, 0x4164, 0x49A5, 0x59E5, 0x4185, 0x49A5, 0x59E5, 0x59E5,
	0x51C5, 0x4185, 0x49A5, 0x4985, 0x49A5, 0x4985, 0x4184, 0x4164, 0x4964, 0x5184, 0x5184, 0x4984,
	0x59E5, 0x5227, 0x39E8, 0x39E8, 0x39E8, 0x39E8, 0x39E8, 0x39E8, 0x39E8, 0x39E8, 0x39E8, 0x39E8,
	0x3A08, 0x31E8, 0x39E8, 0x39E8, 0x31E8, 0x39E8, 0x39E8, 0x3A08, 0x2986, 0xA534, 0xCE77, 0x6B6C,
	0x0861, 0x2965, 0x39E8, 0x39E8, 0x3A08, 0x4228, 0x4229, 0x3A28, 0x4228, 0x3A28, 0x3A28, 0x3A28,
	0x4229, 0x4229, 0x4229, 0x4229, 0x4229, 0x4229, 0x4229, 0x3A08, 0x3A08, 0x3A08, 0x39E8, 0x39E8,
	0x39E8, 0x31C7, 0x31C7, 0x31A7, 0x31A7, 0x31A6, 0x2986, 0x39E7, 0x39E7, 0x2965, 0x31A6, 0x2966,
	0x2945, 0x2966, 0x2945, 0x2145, 0x2145, 0x2145, 0x2125, 0x2125, 0x2125, 0x2125, 0x2125, 0x2104,
	0x1904, 0x1904, 0x1904, 0x1904, 0x1904, 0x1904, 0x1904, 0x1904, 0x2124, 0x2104, 0x2125, 0x2125,
	0x2125, 0x2125, 0x1904, 0x2124, 0x1905, 0x1904, 0x2125, 0x1904, 0x2104, 0x2124, 0x2966, 0x2965,
	0x2965, 0x31A7, 0x29A6, 0x41C6, 0x51E6, 0x5206, 0x41A5, 0x49C5, 0x49C5, 0x49A5, 0x4185, 0x49A5,
	0x49A5, 0x51C5, 0x51C5, 0x61E5, 0x49C5, 0x51E5, 0x6226, 0x6206, 0x59C5, 0x49A5, 0x49A5, 0x51C5,
	0x51C5, 0x49A5, 0x51C5, 0x51C5, 0x51A5, 0x59E5, 0x59C5, 0x59C5, 0x51A4, 0x41C7, 0x39E8, 0x39E8,
	0x39E8, 0x39E8, 0x39E8, 0x39E8, 0x39E8, 0x39E8, 0x39E8, 0x39E8, 0x4228, 0x4249, 0x4A6A, 0x4A8A,
	0x4A8A, 0x4249, 0x4A69, 0x4A69, 0x39C7, 0xAD96, 0xE75C, 0x7BEE, 0x2944, 0x39E7, 0x4A69, 0x4A69,
	0x4A8A, 0x4A8A, 0x52AA, 0x52AA, 0x52AA, 0x52AA, 0x52AA, 0x52CB, 0x52CB, 0x52CB, 0x52CB, 0x52CA,
	0x52CA, 0x52CB, 0x52AA, 0x52AA, 0x52AA, 0x52AA, 0x4A8A, 0x4A69, 0x4A69, 0x4A69, 0x4249, 0x4248,
	0x4A49, 0x4228, 0x4A48, 0x4A49, 0x4207, 0x4A27, 0x4A28, 0x4228, 0x4207, 0x4208, 0x4207, 0x3A07,
	0x39E7, 0x39E7, 0x39E7, 0x39E7, 0x39E7, 0x39C7, 0x39C7, 0x39C6, 0x31C6, 0x31C6, 0x31A6, 0x31A6,
	0x31A6, 0x31A6, 0x3186, 0x3186, 0x3186, 0x31A6, 0x31A6, 0x31A6, 0x3186, 0x39C7, 0x39E7, 0x3A07,
	0x3A07, 0x4208, 0x3A08, 0x3A08, 0x4228, 0x39E7, 0x4248, 0x2986, 0x2986, 0x4A48, 0x31A6, 0x41C6,
	0x51E6, 0x49C5, 0x41A5, 0x41A5, 0x4985, 0x4985, 0x4164, 0x4985, 0x51C5, 0x51A5, 0x51C5, 0x61E5,
	0x51C5, 0x49C5, 0x6206, 0x61E6, 0x6206, 0x51C5, 0x49A5, 0x51E6, 0x51C5, 0x51C5, 0x51C5, 0x51C5,
	0x51A5, 0x61E5, 0x61E5, 0x61E5, 0x59C5, 0x41E7, 0x39E8, 0x39E8, 0x39E8, 0x39E8, 0x39E8, 0x39E8,
	0x39E8, 0x39E8, 0x39E8, 0x39E8, 0x4228, 0x3A29, 0x3A08, 0x3A08, 0x3A08, 0x41E6, 0x2103, 0x4228,
	0x2124, 0xA554, 0xD6FB, 0x840F, 0x18C2, 0x2966, 0x4229, 0x4228, 0x4229, 0x4229, 0x4249, 0x4249,
	0x4249, 0x4A6A, 0x4A6A, 0x4A6A, 0x4A8A, 0x4A8A, 0x4A6A, 0x4A69, 0x4249, 0x4249, 0x4A69, 0x4249,
	0x4229, 0x4229, 0x4228, 0x4208, 0x4228, 0x4228, 0x3A08, 0x39E8, 0x39E7, 0x39E7, 0x39C7, 0x31A7,
	0x31C7, 0x39E7, 0x39C7, 0x31C7, 0x31C7, 0x31A6, 0x31A6, 0x31A6, 0x3186, 0x3186, 0x3186, 0x2986,
	0x3186, 0x2966, 0x2986, 0x2966, 0x2986, 0x2966, 0x3186, 0x4228, 0x4228, 0x3A08, 0x39E8, 0x3A08,
	0x3A08, 0x3A08, 0x4228, 0x3A08, 0x4A8A, 0x4A8A, 0x31C7, 0x31C7, 0x31A7, 0x31C7, 0x39E7, 0x4228,
	0x2965, 0x18C3, 0x31C7, 0x18E3, 0x18E3, 0x4248, 0x39C7, 0x41A6, 0x49C5, 0x49C5, 0x49A5, 0x4185,
	0x4184, 0x4984, 0x4164, 0x49A5, 0x51C5, 0x51C5, 0x51E6, 0x6A06, 0x51C5, 0x49A5, 0x59E5, 0x6206,
	0x6206, 0x51A5, 0x49A5, 0x59E6, 0x59E5, 0x51C5, 0x51C5, 0x51A5, 0x51A5, 0x59E5, 0x6206, 0x61E5,
	0x61C5, 0x41E7, 0x39E8, 0x39E8, 0x39E8, 0x39E8, 0x39E8, 0x39E8, 0x39E8, 0x39E8, 0x39E8, 0x39E8,
	0x4228, 0x3A08, 0x39E8, 0x3A29, 0x4207, 0x5A67, 0x49E5, 0x4A47, 0x31E7, 0x4A8A, 0x39E7, 0x2945,
	0x10A2, 0x2945, 0x3A08, 0x3A08, 0x4229, 0x3A28, 0x4229, 0x4249, 0x4249, 0x4249, 0x4A6A, 0x4A69,
	0x4A6A, 0x4A8A, 0x4A49, 0x4229, 0x4229, 0x3A28, 0x4229, 0x3A08, 0x3A08, 0x39E8, 0x39E7, 0x39E8,
	0x39E8, 0x39C7, 0x31A7, 0x31A7, 0x31A7, 0x31A7, 0x31A6, 0x31A6, 0x3186, 0x3186, 0x2986, 0x2986,
	0x2986, 0x2986, 0x2986, 0x2966, 0x2966, 0x2966, 0x2966, 0x2966, 0x2966, 0x2966, 0x2145, 0x2966,
	0x2945, 0x2145, 0x2145, 0x31A7, 0x3A08, 0x39E8, 0x39E8, 0x39E8, 0x39E8, 0x3A08, 0x3A08, 0x3A08,
	0x4229, 0x31A7, 0x2145, 0x2966, 0x2966, 0x2966, 0x2986, 0x31A7, 0x0000, 0x0000, 0x18E3, 0x2945,
	0x2966, 0x31A6, 0x31A6, 0x41A6, 0x51C5, 0x49A5, 0x49A5, 0x4184, 0x4164, 0x4984, 0x4164, 0x49A5,
	0x59E5, 0x59E5, 0x51C5, 0x6A26, 0x61E5, 0x49A5, 0x59C5, 0x61E5, 0x6206, 0x51A5, 0x51C5, 0x59E6,
	0x51C5, 0x51A5, 0x59C5, 0x51C5, 0x51C5, 0x6A06, 0x6A26, 0x61E5, 0x6A05, 0x49E7, 0x39E8, 0x39E8,
	0x39E8, 0x39E8, 0x39E8, 0x39E8, 0x39E8, 0x39E8, 0x39E8, 0x39E8, 0x4228, 0x3A08, 0x3A08, 0x39E8,
	0x31A7, 0x5268, 0x62E9, 0x4227, 0x31E7, 0x31E8, 0x1904, 0x1904, 0x10A2, 0x2124, 0x39E8, 0x39E8,
	0x4229, 0x39E7, 0x4229, 0x4249, 0x4249, 0x4249, 0x4A69, 0x4249, 0x4269, 0x4A69, 0x4A69, 0x4249,
	0x4229, 0x4229, 0x4229, 0x4228, 0x3A08, 0x4208, 0x39E8, 0x39E8, 0x3A08, 0x3A08, 0x39E7, 0x39E8,
	0x3A08, 0x39C7, 0x31C7, 0x31C7, 0x31C7, 0x31A7, 0x31A7, 0x31A7, 0x31A7, 0x31A7, 0x3186, 0x31A7,
	0x3186, 0x2986, 0x2986, 0x2986, 0x31A6, 0x3186, 0x31A6, 0x2966, 0x2966, 0x2966, 0x2145, 0x2125,
	0x2145, 0x2145, 0x2145, 0x2145, 0x2145, 0x2966, 0x2145, 0x2966, 0x2966, 0x2966, 0x2986, 0x2986,
	0x2986, 0x2986, 0x2986, 0x31C7, 0x18C3, 0x2104, 0x31C7, 0x31E8, 0x31C7, 0x31C7, 0x31C7, 0x39A5,
	0x51C5, 0x4985, 0x4184, 0x3944, 0x4184, 0x4985, 0x4164, 0x49A5, 0x59E6, 0x59E5, 0x51C5, 0x6A26,
	0x6A06, 0x49A5, 0x51A5, 0x6205, 0x6206, 0x59E5, 0x51C5, 0x59E6, 0x59E5, 0x51C5, 0x6206, 0x59C5,
	0x59C5, 0x7226, 0x7226, 0x6A05, 0x7226, 0x49E7, 0x39E8, 0x39E8, 0x39E8, 0x39E8, 0x39E8, 0x39E8,
	0x39E8, 0x39E8, 0x39E8, 0x39E8, 0x4228, 0x3A29, 0x3A08, 0x31E8, 0x39E8, 0x31E8, 0x31E8, 0x31C7,
	0x3A08, 0x3A29, 0x2966, 0x2124, 0x10A2, 0x2124, 0x3A08, 0x39E8, 0x4229, 0x3A08, 0x4A8A, 0x4A8A,
	0x52AB, 0x52CB, 0x52AB, 0x52AB, 0x52CB, 0x5AEB, 0x52CB, 0x52CB, 0x52CB, 0x52AB, 0x52AB, 0x4A8A,
	0x4A8A, 0x4A6A, 0x4A6A, 0x4A6A, 0x4249, 0x4249, 0x4229, 0x4249, 0x4229, 0x39E7, 0x39E7, 0x39C7,
	0x31C7, 0x31C7, 0x31C7, 0x31C7, 0x31C7, 0x3A08, 0x39E7, 0x31A7, 0x31A6, 0x31A7, 0x31A7, 0x31A7,
	0x31A7, 0x31C7, 0x39E7, 0x39E8, 0x31A7, 0x31C7, 0x31C7, 0x31A6, 0x31A7, 0x31C7, 0x39C7, 0x31C7,
	0x31C7, 0x39E7, 0x39E7, 0x39E8, 0x39E8, 0x39E8, 0x39E8, 0x39E8, 0x39E8, 0x39E8, 0x31A7, 0x31A7,
	0x31C7, 0x31E7, 0x31A7, 0x2986, 0x2966, 0x31C7, 0x31C7, 0x39A5, 0x51E5, 0x4985, 0x4164, 0x3944,
	0x4984, 0x4985, 0x4184, 0x51C5, 0x6206, 0x59E5, 0x59E6, 0x6A26, 0x7226, 0x49A5, 0x59C5, 0x7246,
	0x6A26, 0x6206, 0x59E6, 0x59E6, 0x59E5, 0x59E5, 0x6A26, 0x61E6, 0x59E5, 0x7226, 0x7A26, 0x7226,
	0x7226, 0x49E7, 0x39E8, 0x39E8, 0x39E8, 0x39E8, 0x39E8, 0x39E8, 0x39E8, 0x39E8, 0x39E8, 0x39E8,
	0x4228, 0x3A29, 0x3A08, 0x3A08, 0x3A08, 0x3A08, 0x39E8, 0x31E7, 0x3A08, 0x3A28, 0x2966, 0x2125,
	0x10C2, 0x2145, 0x3A08, 0x3A08, 0x4229, 0x39E8, 0x4A8A, 0x4A8A, 0x4AAA, 0x4A8A, 0x4A8A, 0x52AB,
	0x52AA, 0x52CB, 0x52AB, 0x4A8A, 0x4A8A, 0x4A8A, 0x4A8A, 0x4A69, 0x4A49, 0x4A49, 0x4A49, 0x4A8A,
	0x4229, 0x4249, 0x4229, 0x4249, 0x4249, 0x39E8, 0x39E8, 0x39E7, 0x39C7, 0x39C7, 0x39C7, 0x31C7,
	0x39C7, 0x4208, 0x39E8, 0x31C7, 0x31A7, 0x39E7, 0x31C7, 0x31A7, 0x31A7, 0x31C7, 0x4A8A, 0x39E7,
	0x39C7, 0x39C7, 0x31A7, 0x31A6, 0x31A6, 0x31A7, 0x31A7, 0x31C7, 0x31C7, 0x31A7, 0x31C7, 0x31C7,
	0x31C7, 0x39E7, 0x39C7, 0x31C7, 0x31C7, 0x31C7, 0x3A08, 0x31C7, 0x31A7, 0x2986, 0x31A7, 0x31A7,
	0x31A7, 0x31C7, 0x31C7, 0x39A6, 0x51C5, 0x49A5, 0x4985, 0x3964, 0x4984, 0x4985, 0x49A5, 0x51C5,
	0x6206, 0x6206, 0x5A06, 0x7226, 0x7A67, 0x51C5, 0x59E5, 0x7A46, 0x6A26, 0x6206, 0x6206, 0x6206,
	0x6206, 0x61E6, 0x6206, 0x6206, 0x69E5, 0x7226, 0x7226, 0x7A46, 0x7226, 0x49E7, 0x39E8, 0x39E8,
	0x39E8, 0x39E8, 0x39E8, 0x39E8, 0x39E8, 0x39E8, 0x39E8, 0x39E8, 0x4249, 0x4229, 0x3A09, 0x3A08,
	0x3A08, 0x3A08, 0x3A08, 0x39E8, 0x3A08, 0x39E8, 0x1904, 0x18E4, 0x18C3, 0x2145, 0x4208, 0x3A08,
	0x4249, 0x3A08, 0x4AAB, 0x4AAB, 0x52AB, 0x4A8A, 0x4AAA, 0x52CB, 0x5AEB, 0x5AEC, 0x52CB, 0x52AB,
	0x52AB, 0x52AB, 0x528A, 0x4A8A, 0x4A6A, 0x4A6A, 0x4A8A, 0x4A8A, 0x4228, 0x4249, 0x4249, 0x4A69,
	0x4A69, 0x3A08, 0x4208, 0x3A08, 0x39E8, 0x39E8, 0x39E7, 0x39E8, 0x3A08, 0x39C7, 0x39E8, 0x39E8,
	0x39E8, 0x39E8, 0x39C7, 0x31C7, 0x31C7, 0x39E8, 0x4A69, 0x4248, 0x4248, 0x3A08, 0x39E8, 0x3A08,
	0x39E7, 0x39E7, 0x3A08, 0x3A08, 0x3A08, 0x3A08, 0x3A08, 0x3A08, 0x3A08, 0x3A08, 0x3A08, 0x3A08,
	0x3A28, 0x3A08, 0x3A08, 0x31A7, 0x31A7, 0x31A7, 0x31A7, 0x31A7, 0x31A7, 0x31C7, 0x31C7, 0x39A5,
	0x51E6, 0x51C5, 0x49A5, 0x4184, 0x4984, 0x4984, 0x51A5, 0x51C5, 0x6206, 0x6A26, 0x6A47, 0x7246,
	0x8287, 0x6226, 0x6206, 0x8287, 0x7226, 0x7A67, 0x59E6, 0x6206, 0x6A26, 0x6A26, 0x6206, 0x6A26,
	0x6A05, 0x7205, 0x7A26, 0x7A46, 0x7A26, 0x49E7, 0x39E8, 0x39E8, 0x39E8, 0x39E8, 0x39E8, 0x39E8,
	0x39E8, 0x39E8, 0x39E8, 0x39E8, 0x4249, 0x4249, 0x3A29, 0x3A29, 0x3A09, 0x3A08, 0x39E8, 0x39E8,
	0x3A28, 0x3A08, 0x6B4D, 0x4A8A, 0x1082, 0x2145, 0x4229, 0x3A08, 0x4249, 0x3A08, 0x52AB, 0x4AAB,
	0x52AB, 0x5AEC, 0x4A6A, 0x52AB, 0x52CB, 0x52CB, 0x52CB, 0x52CB, 0x52CB, 0x52CB, 0x52CB, 0x52AB,
	0x52AB, 0x52AB, 0x52CB, 0x4A6A, 0x4249, 0x4A49, 0x4249, 0x4A8A, 0x4A69, 0x4208, 0x4228, 0x4229,
	0x4228, 0x3A08, 0x3A08, 0x3A08, 0x39E8, 0x39E8, 0x39E8, 0x39E8, 0x39E8, 0x39E8, 0x39C8, 0x39E8,
	0x31C7, 0x3A08, 0x4248, 0x4207, 0x4208, 0x39E7, 0x31C7, 0x31A7, 0x31A7, 0x31C7, 0x31C7, 0x31A7,
	0x31C7, 0x31C7, 0x31C7, 0x31C7, 0x31C7, 0x31C7, 0x31A7, 0x31C7, 0x39E7, 0x31C7, 0x31C7, 0x31A7,
	0x2987, 0x2986, 0x31A7, 0x31A7, 0x29A7, 0x31C7, 0x31A7, 0x39A5, 0x51C5, 0x51C5, 0x51A4, 0x4164,
	0x4985, 0x5184, 0x51A5, 0x59C5, 0x6A26, 0x6A26, 0x7246, 0x7246, 0x8AA7, 0x6A27, 0x6206, 0x7A67,
	0x7A67, 0x8287, 0x59E6, 0x6206, 0x6A26, 0x6206, 0x7226, 0x7226, 0x69E5, 0x69E5, 0x7A46, 0x7A46,
	0x7A25, 0x4A07, 0x39E8, 0x39E8, 0x39E8, 0x39E8, 0x39E8, 0x39E8, 0x39E8, 0x39E8, 0x39E8, 0x39E8,
	0x4249, 0x4249, 0x3A29, 0x3A29, 0x3A29, 0x4229, 0x4249, 0x39E8, 0x3A08, 0x5ACB, 0xC5B5, 0xB553,
	0x18C2, 0x2145, 0x4229, 0x4229, 0x4249, 0x3A08, 0x52AB, 0x4A8B, 0x52CB, 0x4A8A, 0x52CB, 0x4AAB,
	0x52CB, 0x52CB, 0x52CB, 0x52AB, 0x52CB, 0x52CB, 0x5AEB, 0x52CB, 0x4A8A, 0x52AB, 0x52AB, 0x4A6A,
	0x4A6A, 0x4A6A, 0x4249, 0x4A8A, 0x4A49, 0x4228, 0x4249, 0x4229, 0x4228, 0x4229, 0x4208, 0x3A08,
	0x3A08, 0x3A08, 0x3A08, 0x3A08, 0x3A08, 0x4229, 0x3A08, 0x39E8, 0x39E7, 0x3A08, 0x4249, 0x4228,
	0x4A49, 0x4A49, 0x4228, 0x3A08, 0x3A08, 0x3A08, 0x4208, 0x4208, 0x4228, 0x4228, 0x4228, 0x3A08,
	0x4228, 0x4229, 0x4229, 0x4228, 0x4228, 0x3A08, 0x3A08, 0x31C7, 0x31C7, 0x31A7, 0x31A7, 0x31A7,
	0x29A7, 0x31C7, 0x31A6, 0x39A5, 0x4985, 0x51A4, 0x51A5, 0x4164, 0x4984, 0x51A5, 0x51A5, 0x59C5,
	0x61E5, 0x6A06, 0x6A06, 0x7226, 0x92A7, 0x6A26, 0x59E6, 0x7A47, 0x7A46, 0x7A67, 0x6A06, 0x61E6,
	0x6A26, 0x61E5, 0x7A26, 0x7226, 0x61E5, 0x69E5, 0x8246, 0x7A46, 0x7A25, 0x5207, 0x39E8, 0x39E8,
	0x39E8, 0x39E8, 0x39E8, 0x39E8, 0x39E8, 0x39E8, 0x39E8, 0x39E8, 0x4A69, 0x4249, 0x4229, 0x4229,
	0x3A29, 0x3A29, 0x3A29, 0x3A08, 0x4249, 0x3A28, 0x732B, 0x62EA, 0x10A2, 0x2945, 0x4249, 0x4229,
	0x4249, 0x4209, 0x52AB, 0x52AB, 0x52EC, 0x52AB, 0x5B0C, 0x52CB, 0x52CB, 0x52CB, 0x52CB, 0x52AB,
	0x52AB, 0x52AB, 0x52CB, 0x52AB, 0x4A8A, 0x52AB, 0x52AB, 0x52AB, 0x4A8A, 0x4A8A, 0x4A6A, 0x4A8A,
	0x4A6A, 0x4249, 0x4249, 0x4249, 0x4229, 0x4229, 0x4229, 0x4229, 0x3A08, 0x3A08, 0x4228, 0x4208,
	0x4208, 0x4228, 0x4208, 0x3A08, 0x39E8, 0x3A08, 0x4249, 0x39E7, 0x4228, 0x4228, 0x3A08, 0x39E7,
	0x39E7, 0x39E8, 0x39E8, 0x3A08, 0x39E8, 0x39E8, 0x39E8, 0x39E8, 0x39E8, 0x3A08, 0x39E8, 0x39E8,
	0x39E8, 0x39C7, 0x3A08, 0x31C7, 0x31C7, 0x31C7, 0x31C7, 0x31C7, 0x31A7, 0x31C7, 0x2986, 0x41A6,
	0x49C5, 0x4984, 0x5184, 0x4184, 0x4984, 0x51A4, 0x59C5, 0x59C5, 0x59C5, 0x6A06, 0x7226, 0x7205,
	0x9AC7, 0x6A26, 0x61E6, 0x7A46, 0x7A46, 0x7A67, 0x6A26, 0x6A06, 0x61E5, 0x6A06, 0x7A67, 0x6A26,
	0x61E6, 0x6A05, 0x7A26, 0x7A26, 0x8225, 0x5207, 0x39E8, 0x39E8, 0x39E8, 0x39E8, 0x39E8, 0x39E8,
	0x39E8, 0x39E8, 0x39E8, 0x39E8, 0x4A69, 0x4249, 0x4229, 0x3A29, 0x4229, 0x3A29, 0x3A29, 0x3A08,
	0x4249, 0x4A6A, 0x31A7, 0x2145, 0x10A2, 0x2945, 0x4249, 0x4249, 0x4A6A, 0x4229, 0x52AB, 0x52AB,
	0x52CB, 0x52CC, 0x52EC, 0x5AEC, 0x5AEC, 0x5AEC, 0x5AEC, 0x52CB, 0x52AB, 0x52CB, 0x52CB, 0x52CB,
	0x52AB, 0x52CB, 0x52AB, 0x52AA, 0x528B, 0x528A, 0x4A8A, 0x52AB, 0x528A, 0x4249, 0x4249, 0x4249,
	0x4249, 0x4249, 0x4249, 0x4229, 0x4229, 0x4229, 0x4228, 0x4208, 0x4229, 0x4208, 0x39E8, 0x39E8,
	0x39E8, 0x3A08, 0x4249, 0x39E7, 0x3A08, 0x39E8, 0x39E7, 0x39C7, 0x39E7, 0x39E7, 0x39C7, 0x39E8,
	0x3A08, 0x39E8, 0x39E8, 0x39E8, 0x39E8, 0x39E8, 0x39E7, 0x39E8, 0x39E7, 0x31C7, 0x39E8, 0x31A7,
	0x31C7, 0x31C7, 0x31C7, 0x31C7, 0x31A7, 0x39E7, 0x31A6, 0x39A5, 0x49C6, 0x4984, 0x51A5, 0x4984,
	0x4984, 0x4984, 0x59C5, 0x61E5, 0x51C5, 0x6A26, 0x7A46, 0x7226, 0x9287, 0x7246, 0x7226, 0x7A47,
	0x7A67, 0x7A47, 0x7246, 0x6A26, 0x6A06, 0x7247, 0x6A26, 0x6A06, 0x61E5, 0x61C5, 0x8246, 0x7A25,
	0x8A66, 0x5207, 0x39E8, 0x39E8, 0x39E8, 0x39E8, 0x39E8, 0x39E8, 0x39E8, 0x39E8, 0x39E8, 0x39E8,
	0x4A6A, 0x424A, 0x3A29, 0x4229, 0x4229, 0x3A29, 0x3A29, 0x4229, 0x31C7, 0x31A6, 0x2145, 0x18E3,
	0x0841, 0x2986, 0x4249, 0x4249, 0x4A8A, 0x3A08, 0x4A8A, 0x4A6A, 0x4A8A, 0x4A8B, 0x52AB, 0x52CB,
	0x52EC, 0x52AB, 0x52AB, 0x52AB, 0x4A8A, 0x4A8A, 0x4A8A, 0x4A8A, 0x4A6A, 0x4A6A, 0x4A8A, 0x4A69,
	0x4249, 0x4A6A, 0x4A6A, 0x4A8A, 0x52AA, 0x4249, 0x4249, 0x4249, 0x4249, 0x4249, 0x4249, 0x4249,
	0x4229, 0x4249, 0x4229, 0x4229, 0x4229, 0x4208, 0x39E8, 0x39E8, 0x3A08, 0x3A08, 0x4249, 0x3A08,
	0x4A69, 0x4249, 0x4229, 0x4229, 0x4228, 0x4229, 0x4228, 0x4228, 0x4229, 0x4228, 0x4208, 0x4229,
	0x4208, 0x4228, 0x4228, 0x3A08, 0x4228, 0x3A08, 0x3A08, 0x31A7, 0x31C7, 0x31A7, 0x31A7, 0x31A7,
	0x29A7, 0x31C7, 0x31A6, 0x3985, 0x51E6, 0x4984, 0x51A4, 0x51A4, 0x4984, 0x4984, 0x59C5, 0x59C5,
	0x51A5, 0x7206, 0x7A26, 0x7226, 0x9AC7, 0x8267, 0x7247, 0x7A47, 0x7A47, 0x7A46, 0x7246, 0x6A26,
	0x6A26, 0x6A26, 0x6A06, 0x7226, 0x61E5, 0x61E5, 0x7A25, 0x8246, 0x8A46, 0x5207, 0x31E8, 0x39E8,
	0x39E8, 0x39E8, 0x39E8, 0x39E8, 0x39E8, 0x39E8, 0x39E8, 0x39E8, 0x4A8A, 0x426A, 0x4229, 0x4229,
	0x3A29, 0x3A29, 0x3A29, 0x4229, 0x4229, 0x2986, 0x10A3, 0x1082, 0x2125, 0x4249, 0x4249, 0x426A,
	0x4A8A, 0x4A6A, 0x5B0C, 0x632D, 0x632D, 0x634D, 0x634E, 0x634E, 0x6B6E, 0x6B6E, 0x634D, 0x632D,
	0x632D, 0x632D, 0x634D, 0x634D, 0x632D, 0x632D, 0x5B0C, 0x5B0C, 0x632D, 0x632D, 0x5B0C, 0x632D,
	0x52AB, 0x424A, 0x4A6A, 0x4A49, 0x4249, 0x4249, 0x4249, 0x4249, 0x4A49, 0x4249, 0x4229, 0x4229,
	0x4208, 0x4208, 0x3A08, 0x39E8, 0x39E8, 0x3A08, 0x4249, 0x39E8, 0x4228, 0x4208, 0x3A08, 0x3A08,
	0x3A08, 0x3A08, 0x39E8, 0x3A08, 0x3A08, 0x39E8, 0x39E8, 0x39E8, 0x39C7, 0x39E8, 0x39E7, 0x31C7,
	0x39C7, 0x39C7, 0x39E8, 0x31A7, 0x29A7, 0x2987, 0x29A7, 0x29A7, 0x2987, 0x31C7, 0x2986, 0x3985,
	0x49A5, 0x4984, 0x5184, 0x51A4, 0x4984, 0x4984, 0x51A5, 0x61E5, 0x4984, 0x7206, 0x7A26, 0x7226,
	0x9287, 0x92A7, 0x7246, 0x6A26, 0x7226, 0x8267, 0x7246, 0x6A06, 0x7226, 0x6A06, 0x6A26, 0x7A46,
	0x61E5, 0x6A06, 0x8246, 0x8246, 0x8A66, 0x5207, 0x31E8, 0x39E8, 0x39E8, 0x39E8, 0x39E8, 0x39E8,
	0x39E8, 0x39E8, 0x39E8, 0x39E8, 0x4A69, 0x424A, 0x3A29, 0x3A29, 0x4249, 0x4249, 0x4229, 0x3A29,
	0x424A, 0x4A8A, 0x3A29, 0x4229, 0x4A6A, 0x426A, 0x426A, 0x4A6A, 0x4A8B, 0x52CB, 0x52CB, 0x52CB,
	0x52CB, 0x5AEC, 0x5AEC, 0x5AEC, 0x5B2D, 0x5B0C, 0x5AEC, 0x5AEC, 0x5AEC, 0x5ACB, 0x52CB, 0x52CB,
	0x52CB, 0x52CB, 0x5AEC, 0x5AEC, 0x5ACB, 0x52AB, 0x4A8A, 0x52CB, 0x4A8A, 0x4A6A, 0x424A, 0x4249,
	0x4249, 0x4A49, 0x4229, 0x4229, 0x4249, 0x4229, 0x4229, 0x4228, 0x4208, 0x4208, 0x3A08, 0x39E8,
	0x39E8, 0x3A08, 0x4249, 0x3A08, 0x4A8A, 0x4A69, 0x4A69, 0x4A69, 0x4A49, 0x4249, 0x4249, 0x4229,
	0x4249, 0x4229, 0x4229, 0x4249, 0x4249, 0x4229, 0x4229, 0x4229, 0x4229, 0x4229, 0x3A08, 0x31A7,
	0x2986, 0x2987, 0x31A7, 0x29A7, 0x2987, 0x31A7, 0x2986, 0x41A5, 0x49A5, 0x4964, 0x5184, 0x51A4,
	0x4964, 0x4964, 0x59A5, 0x61C5, 0x51A5, 0x6A05, 0x7A26, 0x69E5, 0x8A66, 0x9286, 0x61E5, 0x6206,
	0x7246, 0x8267, 0x7246, 0x6A26, 0x7226, 0x6A26, 0x7A67, 0x7A46, 0x6A06, 0x7226, 0x7A46, 0x8246,
	0x8A86, 0x5207, 0x39E8, 0x39E8, 0x39E8, 0x39E8, 0x39E8, 0x39E8, 0x39E8, 0x39E8, 0x39E8, 0x39E8,
	0x4A49, 0x424A, 0x3A29, 0x424A, 0x424A, 0x4249, 0x4249, 0x4249, 0x4229, 0x4229, 0x424A, 0x426A,
	0x424A, 0x426A, 0x426A, 0x4A6A, 0x4A6A, 0x4AAB, 0x6B8F, 0x6BAF, 0x73D0, 0x73F0, 0x73F0, 0x73F0,
	0x73F0, 0x73F0, 0x73F0, 0x73D0, 0x6BAF, 0x6BAF, 0x6BAF, 0x6BAF, 0x6BAF, 0x73AF, 0x73D0, 0x73CF,
	0x6B8F, 0x636E, 0x634E, 0x52CC, 0x4249, 0x4A6A, 0x4249, 0x4249, 0x4A69, 0x4249, 0x4229, 0x4229,
	0x4229, 0x4228, 0x4229, 0x4208, 0x4208, 0x4208, 0x4208, 0x3A08, 0x39C7, 0x3A08, 0x4A49, 0x4228,
	0x4A69, 0x4249, 0x4249, 0x4229, 0x4228, 0x4229, 0x4228, 0x4228, 0x3A08, 0x4208, 0x4228, 0x4229,
	0x4228, 0x4208, 0x3A08, 0x3A08, 0x3A08, 0x3A08, 0x39E8, 0x31A7, 0x31A7, 0x31A7, 0x31A7, 0x2986,
	0x2986, 0x31A7, 0x2966, 0x41A5, 0x51C5, 0x4164, 0x5184, 0x5184, 0x4984, 0x4984, 0x51A5, 0x61C5,
	0x51A5, 0x61E5, 0x7A26, 0x69E5, 0x8246, 0x9286, 0x61E5, 0x6206, 0x7226, 0x7A46, 0x7A46, 0x7246,
	0x7246, 0x6A06, 0x7A67, 0x7246, 0x6A05, 0x7226, 0x6A05, 0x7A46, 0x8A66, 0x5227, 0x31E8, 0x39E8,
	0x39E8, 0x39E8, 0x39E8, 0x39E8, 0x39E8, 0x39E8, 0x39E8, 0x39E8, 0x4249, 0x424A, 0x3A29, 0x3A29,
	0x424A, 0x4229, 0x4249, 0x4249, 0x4229, 0x4229, 0x4229, 0x4229, 0x424A, 0x424A, 0x424A, 0x426A,
	0x4229, 0x636F, 0xCEFD, 0xCEFD, 0xD71D, 0xD75E, 0xDF7F, 0xDF7F, 0xDF7E, 0xDF9F, 0xDF9F, 0xDF7F,
	0xE7BF, 0xE7DF, 0xE7BF, 0xE7BF, 0xE7BF, 0xE7BF, 0xDF7E, 0xDF7E, 0xDF5E, 0xDF3E, 0xE79F, 0xA576,
	0x4229, 0x4A6A, 0x4A6A, 0x4249, 0x4249, 0x4229, 0x4229, 0x4229, 0x4229, 0x4228, 0x4208, 0x3A08,
	0x4208, 0x4208, 0x3A08, 0x39E8, 0x39E8, 0x39E8, 0x4228, 0x4A69, 0x4A8A, 0x528A, 0x4A8A, 0x4A8A,
	0x4A6A, 0x4A69, 0x4A69, 0x4A69, 0x4249, 0x4A49, 0x4A49, 0x4249, 0x4A49, 0x4249, 0x4249, 0x4249,
	0x4249, 0x4A6A, 0x39E8, 0x31A7, 0x31A7, 0x29A7, 0x2986, 0x2986, 0x2986, 0x31A7, 0x2965, 0x41C6,
	0x51C5, 0x4164, 0x5184, 0x59A4, 0x49A5, 0x4984, 0x51A5, 0x59C5, 0x51A5, 0x61E5, 0x7A26, 0x69E5,
	0x8246, 0x8A66, 0x59C5, 0x61E6, 0x7226, 0x7A46, 0x7206, 0x7226, 0x7246, 0x6A06, 0x7226, 0x7226,
	0x6A06, 0x7226, 0x69E5, 0x7A46, 0x8246, 0x5207, 0x31E8, 0x39E8, 0x39E8, 0x39E8, 0x39E8, 0x39E8,
	0x39E8, 0x39E8, 0x39E8, 0x39E8, 0x4249, 0x424A, 0x3A29, 0x3A29, 0x3A29, 0x3A29, 0x3A29, 0x3A29,
	0x3A29, 0x3A29, 0x4229, 0x3A29, 0x4229, 0x4229, 0x4249, 0x424A, 0x3A09, 0x6B8F, 0x9D36, 0x9D76,
	0x9515, 0x9D77, 0x9D56, 0xADD8, 0x9D56, 0x9515, 0xA597, 0xC6BC, 0xD73E, 0xBE5A, 0xC6BB, 0xC69B,
	0xCEDC, 0xBE5A, 0xCEFC, 0xCEFC, 0xCEBB, 0xBE5A, 0xBE5A, 0x8CD3, 0x4249, 0x4A6A, 0x4A6A, 0x4249,
	0x4229, 0x4229, 0x4229, 0x3A08, 0x3A08, 0x3A08, 0x3A08, 0x3A08, 0x4208, 0x4208, 0x39E8, 0x39C7,
	0x4208, 0x4208, 0x39E7, 0x31C7, 0x31A7, 0x31A6, 0x3186, 0x31C7, 0x31A7, 0x31A6, 0x31A7, 0x3186,
	0x31A7, 0x3186, 0x2966, 0x3186, 0x31A7, 0x39C7, 0x39E8, 0x31A7, 0x2986, 0x31A7, 0x31C7, 0x31C7,
	0x31A7, 0x2986, 0x2986, 0x2986, 0x2986, 0x31A6, 0x2966, 0x51E6, 0x59E5, 0x3964, 0x4964, 0x59A4,
	0x5184, 0x4164, 0x4964, 0x59C5, 0x51A5, 0x59C5, 0x7226, 0x61E5, 0x7205, 0x8A66, 0x59C5, 0x59C5,
	0x69E5, 0x8246, 0x7205, 0x61E5, 0x6206, 0x61E5, 0x6206, 0x69E5, 0x69E5, 0x6A05, 0x7225, 0x8246,
	0x8246, 0x5207, 0x31E8, 0x39E8, 0x39E8, 0x39E8, 0x39E8, 0x39E8, 0x39E8, 0x39E8, 0x39E8, 0x39E8,
	0x4249, 0x3A49, 0x3A29, 0x3A29, 0x3A29, 0x3A09, 0x3A09, 0x3A09, 0x3A09, 0x3A09, 0x3A09, 0x3A29,
	0x4229, 0x3A29, 0x4249, 0x426A, 0x3A29, 0x636E, 0xAE19, 0xA597, 0xADF9, 0xB63A, 0xBE5A, 0xC6BB,
	0xBE7A, 0xB63A, 0xBE9B, 0xCEDC, 0xCEFD, 0xB639, 0xC69B, 0xBE59, 0xC6BB, 0xBE5A, 0xC6BB, 0xC69B,
	0xC67A, 0xBE39, 0xBE59, 0x8CD3, 0x4249, 0x4A6A, 0x4249, 0x4249, 0x4249, 0x4A69, 0x4249, 0x4249,
	0x4249, 0x4249, 0x4229, 0x4229, 0x4208, 0x39E8, 0x39E8, 0x39E7, 0x39E7, 0x39E8, 0x39E8, 0x39E7,
	0x39C7, 0x39C7, 0x39C7, 0x39C7, 0x39E7, 0x31C7, 0x31C7, 0x31C7, 0x31A7, 0x31A7, 0x31C7, 0x31A6,
	0x18C3, 0x18C3, 0x18C3, 0x10A2, 0x10A2, 0x10A2, 0x10A2, 0x1082, 0x2965, 0x31A7, 0x3186, 0x2986,
	0x2986, 0x31A7, 0x2965, 0x51E6, 0x6A06, 0x4164, 0x5184, 0x59A5, 0x5184, 0x4164, 0x4984, 0x5184,
	0x51A4, 0x61C5, 0x6A05, 0x61C5, 0x7205, 0x8246, 0x61E5, 0x51A5, 0x69E5, 0x8225, 0x7226, 0x61E5,
	0x61E5, 0x61E5, 0x59C5, 0x61E5, 0x6A05, 0x6A05, 0x69E5, 0x8266, 0x8A66, 0x5207, 0x39E8, 0x39E8,
	0x39E8, 0x39E8, 0x39E8, 0x39E8, 0x39E8, 0x39E8, 0x39E8, 0x39E8, 0x4A49, 0x424A, 0x3A09, 0x3A29,
	0x3A29, 0x3A09, 0x3A09, 0x3A09, 0x3A08, 0x3A09, 0x3A09, 0x3A09, 0x3A29, 0x3A29, 0x3A29, 0x4249,
	0x424A, 0x3A09, 0x632E, 0x7C32, 0x7C52, 0x7411, 0x7C52, 0x7C32, 0x8452, 0x8472, 0x6B8F, 0x7C11,
	0x6BAF, 0x73F0, 0x632D, 0x73D0, 0x634E, 0x636E, 0x7C11, 0x73D0, 0x7BF0, 0x634E, 0x52AB, 0x52CB,
	0x4A8A, 0x4249, 0x4229, 0x4249, 0x3A08, 0x3186, 0x31A7, 0x31A7, 0x31A6, 0x31A7, 0x31A6, 0x3186,
	0x39C7, 0x4208, 0x39E8, 0x39E8, 0x39E7, 0x39C7, 0x39E8, 0x39E7, 0x31A7, 0x31C7, 0x39C7, 0x39C7,
	0x39C7, 0x39C7, 0x31C7, 0x31C7, 0x31C7, 0x31C7, 0x3A08, 0x2104, 0x0000, 0x0000, 0x0000, 0x0000,
	0x0000, 0x0000, 0x0000, 0x0000, 0x18C3, 0x39E8, 0x31A6, 0x31A7, 0x2986, 0x31A7, 0x2945, 0x51C6,
	0x7246, 0x51A5, 0x4984, 0x5184, 0x59A5, 0x4964, 0x4164, 0x5184, 0x59A4, 0x59A4, 0x6A05, 0x61C5,
	0x69E5, 0x7A25, 0x69E5, 0x51A5, 0x69E5, 0x7A25, 0x69E5, 0x59C5, 0x59C5, 0x61E5, 0x51A4, 0x61E5,
	0x69E5, 0x61C5, 0x69E5, 0x7A25, 0x7A25, 0x49E7, 0x39E8, 0x39E8, 0x39E8, 0x39E8, 0x39E8, 0x39E8,
	0x39E8, 0x39E8, 0x39E8, 0x39E8, 0x4229, 0x3A49, 0x3A09, 0x3A29, 0x3A09, 0x3A09, 0x3A08, 0x39E8,
	0x39E8, 0x39E8, 0x3A08, 0x3A09, 0x3A29, 0x3A29, 0x4229, 0x4249, 0x424A, 0x3A08, 0x4A8B, 0x638F,
	0x6BD0, 0x6BAF, 0x6BAF, 0x73F0, 0x73F0, 0x73F0, 0x52CC, 0x8472, 0x7C31, 0x632D, 0x6B8F, 0x73D0,
	0x5B0D, 0x73AF, 0x8452, 0x7C31, 0x7C51, 0x52CB, 0x31A6, 0x4A49, 0x4A6A, 0x3A09, 0x4229, 0x4208,
	0x18C3, 0x2104, 0x2945, 0x2124, 0x2124, 0x2104, 0x2124, 0x2124, 0x2124, 0x39E7, 0x4208, 0x39E8,
	0x39E7, 0x39E7, 0x39C7, 0x39E7, 0x39C7, 0x31A7, 0x39C7, 0x39C7, 0x39C7, 0x31C7, 0x31C7, 0x31C7,
	0x31C7, 0x31C7, 0x3A08, 0x18E3, 0x0000, 0x0020, 0x0000, 0x0000, 0x0000, 0x0000, 0x0000, 0x0000,
	0x10A2, 0x39E7, 0x31A7, 0x31A7, 0x2986, 0x31A6, 0x2145, 0x49A5, 0x7226, 0x59A5, 0x4164, 0x5184,
	0x51A5, 0x4144, 0x4164, 0x5184, 0x59A4, 0x5184, 0x69E5, 0x61C5, 0x69E5, 0x71E5, 0x61C5, 0x5184,
	0x61A4, 0x7205, 0x6A05, 0x51A5, 0x59A5, 0x61E5, 0x61C5, 0x69E5, 0x61C5, 0x59A4, 0x69E5, 0x7A05,
	0x71E4, 0x49E7, 0x39E8, 0x39E8, 0x39E8, 0x39E8, 0x39E8, 0x39E8, 0x39E8, 0x39E8, 0x39E8, 0x39E8,
	0x4229, 0x3A29, 0x3A29, 0x3A09, 0x3A09, 0x39E8, 0x39E8, 0x31E8, 0x31E8, 0x31E8, 0x39E8, 0x3A08,
	0x3A09, 0x3A29, 0x4229, 0x4249, 0x4249, 0x3A29, 0x4A8A, 0x4229, 0x4229, 0x4249, 0x4249, 0x4249,
	0x4249, 0x4249, 0x4249, 0x8493, 0x7C52, 0x5B2D, 0x7C11, 0x632D, 0x636E, 0x7C11, 0x6B8F, 0x6B8F,
	0x73D0, 0x634E, 0x4A8A, 0x4A6A, 0x4249, 0x3A08, 0x4229, 0x39C7, 0x2965, 0x4A49, 0x4249, 0x4249,
	0x4A69, 0x4A49, 0x4249, 0x4A49, 0x3A08, 0x3A08, 0x39E8, 0x39E7, 0x39E7, 0x39C7, 0x39C7, 0x39E7,
	0x39E7, 0x39C7, 0x31C7, 0x31C7, 0x39E7, 0x39C7, 0x31C7, 0x31C7, 0x31A7, 0x31A7, 0x39E7, 0x18E3,
	0x0020, 0x0020, 0x0020, 0x0020, 0x0000, 0x0020, 0x0020, 0x0020, 0x10A2, 0x31A7, 0x3186, 0x2986,
	0x2966, 0x2986, 0x2145, 0x49A5, 0x61E5, 0x59C5, 0x4964, 0x4964, 0x5184, 0x4164, 0x5184, 0x4984,
	0x4984, 0x5184, 0x61C4, 0x61A4, 0x59A4, 0x69E5, 0x69E5, 0x4984, 0x59A4, 0x69E5, 0x7205, 0x51A5,
	0x51A4, 0x59C5, 0x59A4, 0x61C4, 0x61C5, 0x59A5, 0x59A4, 0x7205, 0x7A05, 0x49E7, 0x39E8, 0x39E8,
	0x39E8, 0x39E8, 0x39E8, 0x39E8, 0x39E8, 0x39E8, 0x39E8, 0x39E8, 0x4229, 0x3A29, 0x3A09, 0x3A09,
	0x3A09, 0x39E8, 0x39E8, 0x31E8, 0x31E8, 0x39E8, 0x3A09, 0x3A08, 0x3A09, 0x3A29, 0x4229, 0x3A29,
	0x424A, 0x3A08, 0x4AAB, 0x5B0C, 0x5B2D, 0x5B4D, 0x5B2D, 0x5B0D, 0x632D, 0x5B2D, 0x5B2D, 0x8472,
	0x73F0, 0x73D0, 0x634E, 0x6B8F, 0x8472, 0x5B0D, 0x73AF, 0x73F0, 0x634D, 0x73F0, 0x6B8E, 0x4A6A,
	0x4229, 0x39E8, 0x4249, 0x39C7, 0x3186, 0x39C7, 0x39E7, 0x39E8, 0x39E8, 0x39E8, 0x39C7, 0x4208,
	0x39E8, 0x4229, 0x39C7, 0x39C7, 0x39C7, 0x39C7, 0x31C7, 0x39E7, 0x39E7, 0x39C7, 0x39C7, 0x39C7,
	0x39C7, 0x31C7, 0x31A7, 0x31A7, 0x31A7, 0x31A7, 0x31C7, 0x18C3, 0x0840, 0x0861, 0x0861, 0x0861,
	0x0841, 0x0841, 0x0861, 0x0861, 0x18C3, 0x31A6, 0x3186, 0x2966, 0x2166, 0x2986, 0x2125, 0x49A5,
	0x61C5, 0x59A4, 0x4964, 0x4164, 0x4964, 0x4984, 0x4164, 0x4164, 0x5184, 0x5184, 0x59A4, 0x61C4,
	0x5184, 0x69E5, 0x7205, 0x4984, 0x51A4, 0x69E5, 0x69E5, 0x4984, 0x59C5, 0x59A4, 0x4984, 0x61C4,
	0x61A4, 0x59A4, 0x59A4, 0x71E5, 0x7A05, 0x49E7, 0x39E8, 0x39E8, 0x39E8, 0x39E8, 0x39E8, 0x39E8,
	0x39E8, 0x39E8, 0x39E8, 0x39E8, 0x4228, 0x3A29, 0x3A09, 0x3209, 0x39E8, 0x3A08, 0x3A09, 0x39E8,
	0x31E8, 0x3A08, 0x3A08, 0x3A08, 0x3A09, 0x3A29, 0x3A29, 0x3A29, 0x4229, 0x39E8, 0x4AAB, 0x6B8F,
	0x73F0, 0x7411, 0x6BD0, 0x6BCF, 0x7410, 0x73F0, 0x73F0, 0x634D, 0x634D, 0x7C51, 0x73D0, 0x8472,
	0x6BAF, 0x634E, 0x7C11, 0x73D0, 0x5B0C, 0x39C7, 0x39C7, 0x4249, 0x4229, 0x39C7, 0x4229, 0x31A6,
	0x2945, 0x4A69, 0x5289, 0x4A49, 0x4228, 0x4A48, 0x5AAA, 0x5289, 0x3186, 0x4208, 0x39E7, 0x31C7,
	0x31C7, 0x31C7, 0x31C7, 0x39C7, 0x39C7, 0x39C7, 0x31C7, 0x39C7, 0x39C7, 0x31A7, 0x31A7, 0x31A7,
	0x31A7, 0x31A7, 0x31A6, 0x3186, 0x31A6, 0x39A6, 0x39A6, 0x39A6, 0x31A6, 0x3186, 0x3185, 0x3185,
	0x3186, 0x2966, 0x3186, 0x2966, 0x2125, 0x2966, 0x2145, 0x41A5, 0x61C5, 0x59A4, 0x4964, 0x4964,
	0x4943, 0x4964, 0x3923, 0x4143, 0x4984, 0x4984, 0x59A4, 0x59A4, 0x51A4, 0x69C5, 0x71E5, 0x4984,
	0x5184, 0x69E5, 0x69E5, 0x51A4, 0x59C5, 0x59A5, 0x51A4, 0x59A4, 0x61A4, 0x59A4, 0x59A4, 0x69E5,
	0x7205, 0x49E6, 0x39E8, 0x39E8, 0x39E8, 0x39E8, 0x39E8, 0x39E8, 0x39E8, 0x39E8, 0x39E8, 0x39E8,
	0x4249, 0x3A09, 0x3208, 0x3208, 0x31E8, 0x31E8, 0x3A08, 0x3A08, 0x39E8, 0x3A08, 0x3A08, 0x3A08,
	0x3A09, 0x3A29, 0x3A09, 0x3A09, 0x3A29, 0x39E8, 0x4249, 0x4229, 0x4229, 0x4229, 0x4249, 0x4249,
	0x4249, 0x4249, 0x4249, 0x4229, 0x5B2D, 0x7C11, 0x6B6E, 0x636E, 0x634D, 0x7C10, 0x634D, 0x5AEC,
	0x6BAF, 0x52CB, 0x39E8, 0x4A6A, 0x4249, 0x39C8, 0x4229, 0x31A6, 0x2945, 0x39C7, 0x3185, 0x4207,
	0x4A48, 0x4A48, 0x4207, 0x3185, 0x2103, 0x39E8, 0x39E8, 0x39C7, 0x31C7, 0x31C7, 0x31C7, 0x39C7,
	0x39E8, 0x39C7, 0x31C7, 0x39C7, 0x31A7, 0x31C7, 0x31A6, 0x31A6, 0x3186, 0x2986, 0x2986, 0x2986,
	0x39E7, 0x39E7, 0x39E8, 0x39E7, 0x39E7, 0x39E7, 0x39E7, 0x39C7, 0x2986, 0x3186, 0x2965, 0x2145,
	0x2125, 0x2966, 0x2145, 0x3985, 0x59A5, 0x5184, 0x4964, 0x4143, 0x4943, 0x4964, 0x3923, 0x3943,
	0x4964, 0x4964, 0x59A5, 0x59C5, 0x5184, 0x69C4, 0x69E5, 0x4984, 0x4984, 0x61C5, 0x69E5, 0x5184,
	0x59A5, 0x59A5, 0x59A5, 0x59A4, 0x59A4, 0x61C5, 0x59A4, 0x69C4, 0x7A05, 0x49E6, 0x39E8, 0x39E8,
	0x39E8, 0x39E8, 0x39E8, 0x39E8, 0x39E8, 0x39E8, 0x39E8, 0x39E8, 0x4228, 0x3A09, 0x31E8, 0x3A08,
	0x39E8, 0x31E8, 0x3A09, 0x3A09, 0x3A09, 0x3A08, 0x3A08, 0x3A09, 0x3A09, 0x3A29, 0x3A09, 0x4229,
	0x424A, 0x4A6A, 0x5B0D, 0x5B2D, 0x634D, 0x634D, 0x634E, 0x636E, 0x6B6E, 0x6B6E, 0x6B6E, 0x6B6E,
	0x5B2D, 0x5B0C, 0x5AEC, 0x52CB, 0x5AEC, 0x52CB, 0x52CB, 0x52CB, 0x52AB, 0x52CB, 0x52AB, 0x52CB,
	0x4229, 0x3A08, 0x4249, 0x31A6, 0x18C2, 0x2124, 0x18C3, 0x18C3, 0x18E3, 0x20E3, 0x2924, 0x2924,
	0x0841, 0x31A6, 0x4208, 0x31A7, 0x31C7, 0x31A7, 0x31C7, 0x31C7, 0x39C7, 0x39E7, 0x31C7, 0x31C7,
	0x31A7, 0x31A7, 0x31A6, 0x3186, 0x2986, 0x2966, 0x2966, 0x2945, 0x2145, 0x2945, 0x2145, 0x2986,
	0x2965, 0x2125, 0x2145, 0x2966, 0x2986, 0x3186, 0x2945, 0x2125, 0x2125, 0x2145, 0x2125, 0x4184,
	0x51A4, 0x4984, 0x4964, 0x4143, 0x4143, 0x4143, 0x3923, 0x3943, 0x4143, 0x4164, 0x5184, 0x59C4,
	0x4984, 0x61A4, 0x69E5, 0x51A4, 0x4984, 0x61C5, 0x69E5, 0x4984, 0x51A4, 0x59A4, 0x61C5, 0x51A4,
	0x59A4, 0x59A4, 0x5184, 0x69C4, 0x7A05, 0x49C6, 0x39E8, 0x39E8, 0x39E8, 0x39E8, 0x39E8, 0x39E8,
	0x39E8, 0x39E8, 0x39E8, 0x39E8, 0x4228, 0x3A09, 0x31E8, 0x3208, 0x31E8, 0x3209, 0x3A09, 0x39E8,
	0x39E8, 0x31E8, 0x39E8, 0x39E8, 0x3A09, 0x3A09, 0x3A09, 0x4229, 0x3A29, 0x3A29, 0x424A, 0x4A8A,
	0x4AAB, 0x52CC, 0x52EC, 0x52EC, 0x52EC, 0x52CC, 0x52CC, 0x52AB, 0x4AAB, 0x4A8B, 0x426A, 0x4A8A,
	0x4A6A, 0x4229, 0x3A09, 0x3A08, 0x3A08, 0x39E8, 0x3A09, 0x3A08, 0x39E8, 0x39E8, 0x4229, 0x31A6,
	0x0000, 0x0861, 0x1061, 0x1061, 0x1081, 0x1082, 0x18A2, 0x18C2, 0x18A2, 0x31A6, 0x39E8, 0x31A6,
	0x31A6, 0x31A6, 0x31A6, 0x31A7, 0x31A7, 0x31A7, 0x31A7, 0x31A7, 0x2986, 0x2986, 0x2986, 0x2966,
	0x2966, 0x2945, 0x2145, 0x2145, 0x2945, 0x2945, 0x2966, 0x31A7, 0x3186, 0x2966, 0x2145, 0x2986,
	0x2966, 0x2965, 0x2945, 0x2125, 0x2125, 0x2145, 0x2124, 0x3964, 0x4984, 0x4143, 0x4964, 0x4143,
	0x4143, 0x4143, 0x3923, 0x3923, 0x4143, 0x4984, 0x5184, 0x59A4, 0x4984, 0x59A4, 0x69E5, 0x51A4,
	0x4984, 0x59A4, 0x61E5, 0x4984, 0x5184, 0x59A4, 0x59C5, 0x5184, 0x59A4, 0x51A4, 0x5184, 0x61C4,
	0x71E4, 0x49C6, 0x39E8, 0x39E8, 0x39E8, 0x39E8, 0x39E8, 0x39E8, 0x39E8, 0x39E8, 0x39E8, 0x39E8,
	0x4228, 0x3A08, 0x31E8, 0x31E8, 0x31E8, 0x3209, 0x3209, 0x39E8, 0x31E8, 0x31E8, 0x39E8, 0x3A08,
	0x3A08, 0x3A08, 0x3A09, 0x3A09, 0x39E8, 0x3A29, 0x4229, 0x424A, 0x4249, 0x4A8A, 0x5B0C, 0x5AEC,
	0x5AEC, 0x5AEC, 0x5AEC, 0x52CB, 0x52AB, 0x52CB, 0x52CB, 0x52CB, 0x52AB, 0x52AB, 0x52AB, 0x52AB,
	0x52AA, 0x528A, 0x528A, 0x4A6A, 0x4A8A, 0x4A8A, 0x4A8A, 0x4A69, 0x62EA, 0x630B, 0x5AAA, 0x52A9,
	0x5AAA, 0x5AAA, 0x5ACA, 0x62EA, 0x6B2B, 0x5AAA, 0x4228, 0x4A49, 0x4A49, 0x4A49, 0x4A49, 0x4228,
	0x4228, 0x4249, 0x4228, 0x4208, 0x3A08, 0x39E7, 0x39E7, 0x31C7, 0x31A6, 0x3186, 0x2986, 0x3186,
	0x2986, 0x3186, 0x31C7, 0x2966, 0x2966, 0x2966, 0x2966, 0x2966, 0x2945, 0x2965, 0x2145, 0x2125,
	0x2125, 0x2125, 0x2104, 0x3964, 0x4964, 0x4143, 0x4964, 0x4143, 0x4143, 0x3923, 0x3943, 0x3123,
	0x4143, 0x4964, 0x5184, 0x5184, 0x5184, 0x5184, 0x69E5, 0x51A4, 0x4984, 0x51A4, 0x61C5, 0x5184,
	0x4984, 0x5184, 0x5184, 0x5184, 0x51A4, 0x51A4, 0x4984, 0x61C4, 0x71E4, 0x41C6, 0x39E8, 0x39E8,
	0x39E8, 0x39E8, 0x39E8, 0x39E8, 0x39E8, 0x39E8, 0x39E8, 0x39E8, 0x4208, 0x31E8, 0x31E8, 0x31E8,
	0x31E8, 0x31E8, 0x31E8, 0x31E8, 0x31E8, 0x31E8, 0x31E8, 0x39E8, 0x3A08, 0x31E8, 0x3A08, 0x39E8,
	0x39E8, 0x3A08, 0x3A29, 0x4229, 0x4249, 0x52CB, 0x52CB, 0x52AA, 0x52AA, 0x52AA, 0x52AB, 0x52AB,
	0x52AA, 0x528A, 0x528A, 0x528A, 0x4A69, 0x4A89, 0x4A69, 0x4A69, 0x4228, 0x4228, 0x4228, 0x4228,
	0x4228, 0x4208, 0x4208, 0x4228, 0x4207, 0x39E7, 0x39E7, 0x39C7, 0x39E7, 0x39C7, 0x39A6, 0x31A6,
	0x3186, 0x31A6, 0x31A6, 0x39A6, 0x31A6, 0x31A6, 0x31A6, 0x31A6, 0x3186, 0x3186, 0x3165, 0x2965,
	0x2965, 0x2945, 0x2945, 0x2124, 0x2104, 0x2103, 0x2103, 0x2103, 0x2104, 0x2104, 0x2124, 0x2125,
	0x2966, 0x2966, 0x2966, 0x2966, 0x2966, 0x2966, 0x2145, 0x2125, 0x1904, 0x2125, 0x2104, 0x3144,
	0x4164, 0x4164, 0x4143, 0x4964, 0x4143, 0x3923, 0x3923, 0x3123, 0x3123, 0x4964, 0x4164, 0x5184,
	0x5184, 0x5184, 0x69C5, 0x51A4, 0x4184, 0x5184, 0x59C4, 0x5184, 0x4984, 0x4984, 0x4984, 0x4984,
	0x5184, 0x5184, 0x4964, 0x59A4, 0x71E5, 0x41C6, 0x39E8, 0x39E8, 0x39E8, 0x39E8, 0x39E8, 0x39E8,
	0x39E8, 0x39E8, 0x39E8, 0x39E8, 0x3A08, 0x3208, 0x31E8, 0x31E8, 0x31E8, 0x31E8, 0x31E8, 0x31E8,
	0x31E8, 0x31E8, 0x31E8, 0x31E8, 0x31E8, 0x31E8, 0x31E8, 0x31C8, 0x39E8, 0x3A09, 0x3A09, 0x4229,
	0x4249, 0x3A08, 0x31C7, 0x39C7, 0x31A7, 0x31A7, 0x31A7, 0x31A7, 0x31A7, 0x31A7, 0x31A7, 0x3186,
	0x3186, 0x3186, 0x3186, 0x3186, 0x3186, 0x3186, 0x2966, 0x2966, 0x2966, 0x2965, 0x2965, 0x2945,
	0x2945, 0x2945, 0x2945, 0x2945, 0x2945, 0x2945, 0x2945, 0x2945, 0x2945, 0x2945, 0x2945, 0x2945,
	0x2945, 0x2924, 0x2924, 0x2944, 0x2124, 0x2124, 0x2104, 0x2104, 0x2104, 0x20E3, 0x18E3, 0x18E3,
	0x18C3, 0x18C3, 0x18C3, 0x18E3, 0x18E3, 0x18E4, 0x18E3, 0x18E3, 0x2966, 0x2145, 0x2145, 0x2986,
	0x3186, 0x2966, 0x2125, 0x2104, 0x2105, 0x2104, 0x1904, 0x3144, 0x4144, 0x4143, 0x4964, 0x4964,
	0x4143, 0x3923, 0x3923, 0x3103, 0x3923, 0x4164, 0x4144, 0x4964, 0x4984, 0x4964, 0x61C4, 0x5184,
	0x3964, 0x4984, 0x59A4, 0x5184, 0x4164, 0x4984, 0x4984, 0x4964, 0x5184, 0x4984, 0x4164, 0x59A4,
	0x69C4, 0x41C6, 0x39E8, 0x39E8, 0x39E8, 0x39E8, 0x39E8, 0x39E8, 0x39E8, 0x39E8, 0x39E8, 0x39E8,
	0x4208, 0x3208, 0x31E8, 0x31E8, 0x31E8, 0x31E8, 0x31E8, 0x31E8, 0x31E8, 0x31E8, 0x31C8, 0x31E8,
	0x31E8, 0x31E8, 0x31C8, 0x31C8, 0x39E8, 0x39E8, 0x39E8, 0x3A09, 0x4229, 0x4229, 0x39E8, 0x39E8,
	0x39E7, 0x39C7, 0x39E8, 0x39E8, 0x39C7, 0x39E8, 0x39C7, 0x39C7, 0x39C7, 0x39C7, 0x31A7, 0x31A7,
	0x39C7, 0x39C7, 0x3186, 0x3186, 0x31A6, 0x3186, 0x3186, 0x3166, 0x3166, 0x2966, 0x2965, 0x2965,
	0x3165, 0x2965, 0x2965, 0x2945, 0x2945, 0x2945, 0x2945, 0x2945, 0x2945, 0x2945, 0x2945, 0x2944,
	0x2944, 0x2945, 0x2124, 0x2124, 0x2104, 0x2104, 0x18E3, 0x18E3, 0x18C3, 0x18C3, 0x18C3, 0x18E4,
	0x2104, 0x2104, 0x18E3, 0x1904, 0x2966, 0x2125, 0x2145, 0x2986, 0x2966, 0x2145, 0x2125, 0x1904,
	0x1904, 0x2124, 0x18E4, 0x3144, 0x4164, 0x4164, 0x4164, 0x4963, 0x4143, 0x3923, 0x3923, 0x3103,
	0x3923, 0x3943, 0x4143, 0x4164, 0x4964, 0x4164, 0x5984, 0x5184, 0x3943, 0x4984, 0x5184, 0x5184,
	0x4164, 0x4964, 0x4164, 0x4964, 0x5184, 0x4964, 0x4143, 0x59A4, 0x61A4, 0x41C6, 0x39E8, 0x39E8,
	0x39E8, 0x39E8, 0x39E8, 0x39E8, 0x39E8, 0x39E8, 0x39E8, 0x39E8, 0x4228, 0x3A09, 0x31E8, 0x31E8,
	0x31E8, 0x31E8, 0x31E8, 0x31C8, 0x31C8, 0x31C8, 0x31C8, 0x31E8, 0x31C8, 0x31C8, 0x31C8, 0x31C7,
	0x31C8, 0x31C8, 0x39E8, 0x39E8, 0x4229, 0x3A08, 0x39C7, 0x39C7, 0x39E7, 0x39E7, 0x39C7, 0x39E8,
	0x39E7, 0x39C7, 0x31C7, 0x31A7, 0x31A7, 0x31A7, 0x31A7, 0x31A6, 0x3186, 0x3186, 0x3186, 0x3186,
	0x3186, 0x3186, 0x3186, 0x2986, 0x2966, 0x3186, 0x2965, 0x2965, 0x2945, 0x2945, 0x2945, 0x2945,
	0x2925, 0x2945, 0x2945, 0x2945, 0x2945, 0x2945, 0x2124, 0x2945, 0x2945, 0x2125, 0x2124, 0x2124,
	0x2104, 0x2104, 0x18E3, 0x18E3, 0x18C3, 0x18C3, 0x18E3, 0x18E3, 0x18E4, 0x2104, 0x18E4, 0x18E4,
	0x2945, 0x2125, 0x2145, 0x2145, 0x2145, 0x2125, 0x2125, 0x2105, 0x2125, 0x2125, 0x18C3, 0x3144,
	0x4164, 0x3943, 0x4143, 0x4143, 0x4143, 0x3923, 0x3923, 0x3103, 0x3123, 0x3923, 0x4143, 0x4143,
	0x4164, 0x4143, 0x4964, 0x5184, 0x3964, 0x4164, 0x4964, 0x5184, 0x4143, 0x4164, 0x4143, 0x4164,
	0x4163, 0x4964, 0x4143, 0x5184, 0x5984, 0x41C6, 0x39E8, 0x39E8, 0x39E8, 0x39E8, 0x39E8, 0x39E8,
	0x39E8, 0x39E8, 0x39E8, 0x39E8, 0x4228, 0x3208, 0x31C8, 0x31E8, 0x31E8, 0x31C8, 0x31C8, 0x31C8,
	0x31C8, 0x31C8, 0x31E8, 0x31E8, 0x31C7, 0x31C8, 0x31E8, 0x31A7, 0x31A7, 0x39C8, 0x39E8, 0x3A09,
	0x424A, 0x39E8, 0x39C7, 0x31C7, 0x31C7, 0x39C7, 0x31C7, 0x31A7, 0x39C7, 0x39C7, 0x31A7, 0x31A7,
	0x31A7, 0x31A7, 0x31A7, 0x31A6, 0x31A7, 0x31A7, 0x3186, 0x3186, 0x3186, 0x3186, 0x3186, 0x3186,
	0x2965, 0x2965, 0x2965, 0x2965, 0x2945, 0x2945, 0x2945, 0x2945, 0x2945, 0x2945, 0x2945, 0x2945,
	0x2925, 0x2125, 0x2124, 0x2945, 0x2945, 0x2124, 0x2124, 0x2104, 0x2104, 0x18E3, 0x18E3, 0x18C3,
	0x18C3, 0x18C3, 0x18E3, 0x18E3, 0x18E3, 0x18E4, 0x18E3, 0x18E4, 0x2966, 0x2145, 0x2125, 0x2125,
	0x2125, 0x2125, 0x2125, 0x2125, 0x2124, 0x2104, 0x18C3, 0x3124, 0x4164, 0x3943, 0x3943, 0x4143,
	0x4123, 0x3923, 0x3123, 0x3103, 0x3103, 0x3923, 0x3923, 0x3923, 0x4164, 0x3943, 0x4984, 0x4984,
	0x3964, 0x4164, 0x4163, 0x5184, 0x4144, 0x4143, 0x4164, 0x4964, 0x4163, 0x4143, 0x4143, 0x4964,
	0x5163, 0x41C6, 0x39E8, 0x39E8, 0x39E8, 0x39E8, 0x39E8, 0x39E8, 0x39E8, 0x39E8, 0x39E8, 0x39E8,
	0x4208, 0x31E8, 0x31C8, 0x31E8, 0x31C8, 0x31C8, 0x31C8, 0x31C8, 0x31C8, 0x31C8, 0x31C8, 0x31C7,
	0x31C8, 0x31E8, 0x31E8, 0x31A7, 0x31A7, 0x31C8, 0x31C8, 0x3A09, 0x426A, 0x39E8, 0x31A7, 0x31C7,
	0x31C7, 0x31A7, 0x31A7, 0x31A7, 0x31C7, 0x31C7, 0x31A7, 0x31A7, 0x31A7, 0x31A7, 0x31A7, 0x31A7,
	0x31A6, 0x31A7, 0x31A6, 0x3186, 0x3186, 0x3186, 0x2966, 0x2966, 0x2965, 0x2965, 0x2965, 0x2965,
	0x2945, 0x2945, 0x2925, 0x2925, 0x2925, 0x2945, 0x2945, 0x2925, 0x2124, 0x2124, 0x2124, 0x2124,
	0x2124, 0x2104, 0x2104, 0x18E4, 0x18E3, 0x18C3, 0x18C3, 0x18C3, 0x18C3, 0x18C3, 0x18C3, 0x18E3,
	0x18E4, 0x18E3, 0x18E3, 0x18E4, 0x2966, 0x2145, 0x2125, 0x2125, 0x2125, 0x2125, 0x2105, 0x2104,
	0x1904, 0x1904, 0x18C3, 0x3144, 0x4164, 0x3123, 0x3923, 0x4143, 0x3923, 0x3103, 0x3923, 0x3103,
	0x2903, 0x3923, 0x3943, 0x3943, 0x4143, 0x3943, 0x4164, 0x4964, 0x3943, 0x4164, 0x4964, 0x5184,
	0x4164, 0x4164, 0x4964, 0x4143, 0x4143, 0x4143, 0x3923, 0x4143, 0x5163, 0x41A6, 0x39E8, 0x39E7,
	0x39E8, 0x39E8, 0x39E8, 0x39E8, 0x39E8, 0x39E8, 0x39E8, 0x39E8, 0x4208, 0x31C8, 0x31C8, 0x31C8,
	0x31C8, 0x31C8, 0x31C8, 0x31C8, 0x31C8, 0x31C8, 0x31C8, 0x31C7, 0x31C8, 0x31C8, 0x31C8, 0x31C8,
	0x31C7, 0x39E8, 0x3A09, 0x3A09, 0x426A, 0x31C7, 0x31A7, 0x31C7, 0x31A7, 0x31A7, 0x31A7, 0x31C7,
	0x31C7, 0x31C7, 0x31A7, 0x31A7, 0x31A7, 0x31A7, 0x31A7, 0x31A7, 0x31A7, 0x31A6, 0x31A6, 0x3186,
	0x3186, 0x3186, 0x2966, 0x2965, 0x2965, 0x2965, 0x2965, 0x2945, 0x2945, 0x2945, 0x2945, 0x2945,
	0x2945, 0x2945, 0x2945, 0x2125, 0x2124, 0x2104, 0x2124, 0x2125, 0x2124, 0x2104, 0x2104, 0x1904,
	0x18E3, 0x18C3, 0x18C3, 0x18C3, 0x18C3, 0x18C3, 0x18C3, 0x18C3, 0x18E3, 0x18E3, 0x18C3, 0x18E4,
	0x2966, 0x2125, 0x2125, 0x2125, 0x2125, 0x1904, 0x1904, 0x1904, 0x2104, 0x18E4, 0x10C3, 0x3144,
	0x4164, 0x3123, 0x3923, 0x3923, 0x3923, 0x3923, 0x3923, 0x3103, 0x2903, 0x3923, 0x3923, 0x3923,
	0x3943, 0x3923, 0x3943, 0x4164, 0x3943, 0x4164, 0x4964, 0x4984, 0x4144, 0x3943, 0x4964, 0x4143,
	0x4143, 0x4143, 0x3923, 0x4143, 0x4943, 0x39A6, 0x39E8, 0x39E7, 0x39E8, 0x39E8, 0x39E8, 0x39E8,
	0x39E8, 0x39E8, 0x39E8, 0x39E8, 0x4208, 0x31C8, 0x31C8, 0x31C8, 0x31C8, 0x31C8, 0x31C8, 0x31C8,
	0x31C8, 0x31C8, 0x31C7, 0x31C8, 0x31C8, 0x31C8, 0x31C8, 0x31E8, 0x31E8, 0x3A08, 0x3A08, 0x3A08,
	0x424A, 0x39E8, 0x39C7, 0x39C7, 0x31C7, 0x31C7, 0x31A7, 0x31C7, 0x31A7, 0x31C7, 0x31A7, 0x31A7,
	0x31A7, 0x31A7, 0x31A7, 0x31A7, 0x31A7, 0x31A6, 0x31A7, 0x3186, 0x2986, 0x2986, 0x2986, 0x2966,
	0x2966, 0x2965, 0x2965, 0x2945, 0x2945, 0x2945, 0x2945, 0x2945, 0x2925, 0x2124, 0x2925, 0x2125,
	0x2104, 0x2104, 0x2124, 0x2124, 0x2124, 0x2104, 0x2104, 0x1904, 0x18E3, 0x18E3, 0x18E3, 0x18C3,
	0x18E3, 0x18C3, 0x18C3, 0x18E3, 0x18E3, 0x18E4, 0x18C3, 0x18E4, 0x2945, 0x2125, 0x2125, 0x1925,
	0x1904, 0x1904, 0x1904, 0x1904, 0x2125, 0x1904, 0x10C3, 0x3144, 0x3943, 0x3123, 0x3103, 0x3103,
	0x3903, 0x3923, 0x3923, 0x3103, 0x3103, 0x3103, 0x3923, 0x3103, 0x3943, 0x3923, 0x3923, 0x4143,
	0x3923, 0x3923, 0x4163, 0x4143, 0x3923, 0x3923, 0x4143, 0x3923, 0x4123, 0x3923, 0x3923, 0x3923,
	0x4122, 0x39A6, 0x39E8, 0x39E7, 0x39E8, 0x39E8, 0x39E8, 0x39E8, 0x39E8, 0x39E8, 0x39E8, 0x39E8,
	0x4208, 0x31C7, 0x31C7, 0x31E8, 0x31C8, 0x31C8, 0x31C8, 0x31C8, 0x31C8, 0x31C8, 0x31C7, 0x31C7,
	0x31C7, 0x31C7, 0x31C8, 0x31C8, 0x31E8, 0x39E8, 0x31E8, 0x3A09, 0x424A, 0x3A08, 0x31C7, 0x39C7,
	0x31C7, 0x31C7, 0x31A7, 0x31A7, 0x31A7, 0x31A7, 0x31A7, 0x31A7, 0x31A7, 0x3186, 0x3186, 0x31A7,
	0x3186, 0x3186, 0x3186, 0x2986, 0x3186, 0x2966, 0x2966, 0x2966, 0x2965, 0x2965, 0x2945, 0x2965,
	0x2945, 0x2945, 0x2945, 0x2945, 0x2945, 0x2124, 0x2104, 0x2104, 0x2104, 0x2104, 0x2124, 0x2124,
	0x2104, 0x2104, 0x18E4, 0x18E4, 0x18E3, 0x18E3, 0x18E3, 0x18E3, 0x18C3, 0x18C3, 0x18E3, 0x18E3,
	0x18E4, 0x1904, 0x18E3, 0x18E3, 0x2145, 0x2125, 0x1904, 0x1904, 0x1904, 0x1904, 0x18E4, 0x1904,
	0x1905, 0x1904, 0x10C3, 0x3144, 0x3923, 0x3103, 0x3103, 0x3103, 0x3102, 0x3923, 0x3923, 0x3102,
	0x28E2, 0x3103, 0x3923, 0x3103, 0x3923, 0x3923, 0x3923, 0x3923, 0x3103, 0x3103, 0x4123, 0x4123,
	0x3923, 0x3103, 0x3923, 0x3903, 0x3102, 0x3923, 0x3102, 0x3102, 0x4122, 0x3986, 0x39E8, 0x39E7,
	0x39E8, 0x39E8, 0x39E8, 0x39E8, 0x39E8, 0x39E8, 0x39E8, 0x39E8, 0x39E7, 0x29C7, 0x31C8, 0x31C8,
	0x31C8, 0x31C8, 0x31C8, 0x31C8, 0x31C7, 0x31A7, 0x31C7, 0x31C7, 0x31C7, 0x31C7, 0x31A7, 0x31C7,
	0x31C8, 0x31E8, 0x39E8, 0x39E8, 0x4249, 0x39E8, 0x31C7, 0x31C7, 0x31C7, 0x31C7, 0x31A7, 0x31A7,
	0x31A7, 0x31A7, 0x31A6, 0x31A6, 0x31A6, 0x3186, 0x3186, 0x3186, 0x3186, 0x2986, 0x2986, 0x2966,
	0x3186, 0x2966, 0x2965, 0x2965, 0x2965, 0x2965, 0x2945, 0x2965, 0x2965, 0x2945, 0x2945, 0x2945,
	0x2945, 0x2104, 0x2104, 0x2104, 0x2104, 0x2104, 0x2104, 0x2124, 0x2104, 0x2124, 0x2104, 0x18E3,
	0x18E3, 0x18E3, 0x18E3, 0x18E3, 0x18E3, 0x18C3, 0x18E3, 0x18E3, 0x18E3, 0x18E3, 0x18C3, 0x18E3,
	0x2145, 0x2125, 0x1904, 0x1904, 0x1904, 0x18E4, 0x1904, 0x1904, 0x1904, 0x1904, 0x18C3, 0x3124,
	0x3923, 0x3103, 0x3903, 0x3103, 0x3102, 0x3103, 0x3903, 0x30E2, 0x28E2, 0x28E2, 0x3102, 0x3102,
	0x3923, 0x3103, 0x3102, 0x3923, 0x3102, 0x3102, 0x3902, 0x4123, 0x3902, 0x30E2, 0x3102, 0x3102,
	0x30E2, 0x30E2, 0x30E2, 0x30E2, 0x4102, 0x3986, 0x39E8, 0x39E7, 0x39E8, 0x39E8, 0x39E8, 0x39E8,
	0x39E8, 0x39E8, 0x39E8, 0x39E8, 0x39E7, 0x29C7, 0x29C7, 0x31C8, 0x31C8, 0x31C8, 0x31C7, 0x31A7,
	0x29A7, 0x31A7, 0x31A7, 0x31A7, 0x31C7, 0x29A7, 0x29A7, 0x29A7, 0x31C8, 0x31E8, 0x3A08, 0x39E8,
	0x3A29, 0x31E8, 0x31C7, 0x31C7, 0x31C7, 0x31A7, 0x31A7, 0x31A7, 0x31A7, 0x31A6, 0x31A6, 0x31A7,
	0x31A6, 0x3186, 0x3186, 0x3186, 0x2966, 0x2966, 0x2966, 0x2986, 0x3186, 0x2965, 0x2965, 0x2965,
	0x2965, 0x2945, 0x2945, 0x2945, 0x2945, 0x2945, 0x2945, 0x2145, 0x2125, 0x2124, 0x2104, 0x2104,
	0x2124, 0x2104, 0x2104, 0x2124, 0x2124, 0x2124, 0x2104, 0x18E4, 0x18E3, 0x18E3, 0x18C3, 0x18C3,
	0x18C3, 0x18C3, 0x18C3, 0x18C3, 0x18E3, 0x18E4, 0x18C3, 0x18E3, 0x2145, 0x2125, 0x2105, 0x2104,
	0x1904, 0x18E4, 0x18E4, 0x18E4, 0x1904, 0x1904, 0x18C3, 0x2923, 0x3123, 0x30E2, 0x3102, 0x3102,
	0x28E2, 0x30E2, 0x30E2, 0x30E2, 0x28C2, 0x28E2, 0x30E2, 0x30E2, 0x3902, 0x30E2, 0x28E2, 0x3102,
	0x30E2, 0x28E2, 0x38E2, 0x4102, 0x30E2, 0x28E2, 0x30E2, 0x30E2, 0x30E2, 0x30E2, 0x28C2, 0x30E2,
	0x38E2, 0x3986, 0x39E8, 0x39E7, 0x39E8, 0x39E8, 0x39E8, 0x39E8, 0x39E8, 0x39E8, 0x39E8, 0x39E8,
	0x39E7, 0x29A7, 0x29C7, 0x31C8, 0x31C8, 0x31C7, 0x29A7, 0x29A7, 0x29A7, 0x29A7, 0x29A7, 0x29A7,
	0x29A7, 0x29A7, 0x29A7, 0x29A7, 0x31A7, 0x31C8, 0x31E8, 0x31E8, 0x3A29, 0x31C7, 0x31C7, 0x31C7,
	0x31C7, 0x31A7, 0x31A7, 0x31A7, 0x3187, 0x2986, 0x3186, 0x3186, 0x3186, 0x2986, 0x2986, 0x2966,
	0x2966, 0x2966, 0x2966, 0x2966, 0x2966, 0x2966, 0x2965, 0x2965, 0x2945, 0x2945, 0x2945, 0x2945,
	0x2125, 0x2125, 0x2945, 0x2125, 0x2124, 0x2104, 0x2104, 0x2124, 0x2124, 0x2124, 0x2124, 0x2124,
	0x2104, 0x2104, 0x2104, 0x2104, 0x18E3, 0x18E3, 0x18C3, 0x18C3, 0x18C3, 0x18C3, 0x18C3, 0x18C3,
	0x18E4, 0x18E4, 0x18E3, 0x18E3, 0x2125, 0x2124, 0x2105, 0x1904, 0x1904, 0x1904, 0x18E4, 0x18E4,
	0x18E4, 0x1904, 0x10C3, 0x3123, 0x3103, 0x30E2, 0x30E2, 0x30E2, 0x28C2, 0x28C2, 0x30C2, 0x30E2,
	0x28C2, 0x28C2, 0x28C2, 0x28C2, 0x30E2, 0x30E2, 0x28C2, 0x30E2, 0x28C2, 0x20C1, 0x30E2, 0x38E2,
	0x30C2, 0x30C2, 0x28C2, 0x30C2, 0x30E2, 0x28C2, 0x28C2, 0x30C2, 0x38C1, 0x3986, 0x39E8, 0x39E7,
	0x39E8, 0x39E8, 0x39E8, 0x39E8, 0x39E8, 0x39E8, 0x39E8, 0x39E8, 0x41E7, 0x29A7, 0x29A7, 0x29A7,
	0x29A7, 0x29A7, 0x3A08, 0x31A7, 0x2987, 0x29A7, 0x29A7, 0x29A7, 0x2987, 0x2987, 0x29A7, 0x29A7,
	0x31A7, 0x31C7, 0x31C8, 0x31E8, 0x3A09, 0x31C7, 0x31C7, 0x31C7, 0x31A7, 0x31A7, 0x31A7, 0x31A7,
	0x3187, 0x2986, 0x31A6, 0x2986, 0x2986, 0x2986, 0x2986, 0x2966, 0x2966, 0x2966, 0x2966, 0x2965,
	0x2966, 0x2966, 0x2965, 0x2965, 0x2945, 0x2945, 0x2124, 0x2124, 0x2124, 0x2124, 0x2124, 0x2124,
	0x2124, 0x2124, 0x2104, 0x2124, 0x2124, 0x2124, 0x2124, 0x2104, 0x2104, 0x2104, 0x2104, 0x2104,
	0x18E4, 0x18C3, 0x18C3, 0x18C3, 0x18C3, 0x18C3, 0x18C3, 0x18C3, 0x18E3, 0x18E4, 0x18E3, 0x18E3,
	0x2125, 0x1904, 0x1904, 0x2125, 0x18E4, 0x10A3, 0x18E4, 0x18E4, 0x18E4, 0x1904, 0x10A3, 0x2903,
	0x3102, 0x30E2, 0x30E2, 0x30E2, 0x28C2, 0x28C2, 0x30C2, 0x28C2, 0x20A1, 0x20A1, 0x28A1, 0x28C2,
	0x30E2, 0x30E2, 0x28C1, 0x30C2, 0x30C2, 0x20A1, 0x30C1, 0x38E2, 0x30E2, 0x28C1, 0x30C2, 0x30C1,
	0x30C2, 0x28A1, 0x30E2, 0x28C1, 0x38C1, 0x3986, 0x39E8, 0x39E7, 0x39E8, 0x39E8, 0x39E8, 0x39E8,
	0x39E8, 0x39E8, 0x39E8, 0x39E8, 0x4207, 0x29A7, 0x29A7, 0x29A7, 0x31A7, 0x5AC9, 0x41C5, 0x5268,
	0x29A7, 0x29A7, 0x29A7, 0x29A7, 0x2987, 0x2986, 0x2987, 0x29A7, 0x29A7, 0x31C7, 0x31C8, 0x31E8,
	0x3A09, 0x31C7, 0x31C7, 0x31A7, 0x31A7, 0x31A7, 0x31A7, 0x31A7, 0x2986, 0x2986, 0x2986, 0x2986,
	0x3186, 0x2986, 0x2966, 0x2966, 0x2966, 0x2966, 0x2966, 0x2965, 0x2986, 0x2965, 0x2945, 0x2945,
	0x2945, 0x2125, 0x2124, 0x2124, 0x2104, 0x2124, 0x2104, 0x2104, 0x2125, 0x2124, 0x2124, 0x2124,
	0x2125, 0x2945, 0x2945, 0x2104, 0x2104, 0x2104, 0x2104, 0x18E4, 0x18E3, 0x18E3, 0x18C3, 0x18C3,
	0x18C3, 0x18E3, 0x18C3, 0x18C3, 0x18C3, 0x18E3, 0x18C3, 0x18C3, 0x2125, 0x1904, 0x1904, 0x18E4,
	0x0000, 0x0000, 0x1904, 0x18E4, 0x18E4, 0x18E4, 0x10A3, 0x28E3, 0x3102, 0x30E2, 0x3902, 0x30E2,
	0x30E2, 0x28C1, 0x30C2, 0x30C2, 0x20A1, 0x20A1, 0x28C1, 0x28C2, 0x30C2, 0x30E2, 0x28C1, 0x30C2,
	0x30C2, 0x28A1, 0x30C1, 0x38E2, 0x30E2, 0x28C1, 0x28A1, 0x30C2, 0x28C1, 0x28C1, 0x30E2, 0x28C2,
	0x38C1, 0x3985, 0x39E8, 0x39E7, 0x39E8, 0x39E8, 0x39E8, 0x39E8, 0x39E8, 0x39E8, 0x39E8, 0x39E8,
	0x39E7, 0x2987, 0x29A7, 0x2987, 0x31A7, 0x734A, 0x5A67, 0x7B8B, 0x31E7, 0x2987, 0x2987, 0x2987,
	0x2987, 0x2987, 0x2987, 0x29A7, 0x29A7, 0x31A7, 0x31C8, 0x31E8, 0x3A09, 0x31A7, 0x31A7, 0x31A7,
	0x31A7, 0x31A7, 0x31A7, 0x3187, 0x3186, 0x2986, 0x2986, 0x2986, 0x2966, 0x2966, 0x2966, 0x2966,
	0x2965, 0x2945, 0x2966, 0x2965, 0x2966, 0x2965, 0x2945, 0x2945, 0x2945, 0x2125, 0x2125, 0x2124,
	0x2104, 0x2104, 0x2104, 0x2104, 0x2104, 0x2104, 0x2104, 0x2104, 0x2124, 0x2945, 0x2124, 0x2104,
	0x2104, 0x1904, 0x18E4, 0x18E3, 0x18E3, 0x18E4, 0x18E3, 0x18E3, 0x18C3, 0x18E3, 0x18C3, 0x18C3,
	0x18C3, 0x18C3, 0x18C3, 0x18C3, 0x2125, 0x18E4, 0x1904, 0x18E4, 0x1082, 0x18E3, 0x2145, 0x1904,
	0x18E4, 0x18E4, 0x10C3, 0x2903, 0x3102, 0x30E2, 0x3902, 0x3902, 0x30E2, 0x28C2, 0x30C2, 0x30C2,
	0x28C1, 0x20A1, 0x28C1, 0x28C1, 0x30E2, 0x30C2, 0x30C2, 0x30E2, 0x30E2, 0x28A1, 0x30C2, 0x38E2,
	0x38E2, 0x28C1, 0x28C2, 0x30C1, 0x30C2, 0x30C2, 0x38E2, 0x28C1, 0x38E1, 0x3985, 0x39E8, 0x39E7,
	0x39E8, 0x39E8, 0x39E8, 0x39E8, 0x39E8, 0x39E8, 0x39E8, 0x39E8, 0x4208, 0x29A7, 0x29A7, 0x29A7,
	0x29A7, 0x4A28, 0x7B8B, 0x5289, 0x2986, 0x2987, 0x2987, 0x2987, 0x2987, 0x29A7, 0x29A7, 0x29A7,
	0x29A7, 0x31A7, 0x31A7, 0x31C8, 0x31E8, 0x29A7, 0x31A7, 0x31C7, 0x31A7, 0x31A7, 0x31A7, 0x31A7,
	0x2986, 0x2986, 0x2986, 0x2986, 0x2966, 0x2966, 0x2966, 0x2966, 0x2965, 0x2945, 0x2945, 0x2965,
	0x2945, 0x2945, 0x2945, 0x2945, 0x2945, 0x2125, 0x2104, 0x2104, 0x2104, 0x18E4, 0x20E4, 0x2104,
	0x2104, 0x2104, 0x2104, 0x2104, 0x2104, 0x2124, 0x2104, 0x1904, 0x18E4, 0x18E4, 0x18E4, 0x1904,
	0x1904, 0x18E3, 0x18E3, 0x18E3, 0x18C3, 0x18C3, 0x18C3, 0x10A2, 0x10A2, 0x10A3, 0x10A2, 0x10C3,
	0x1904, 0x18E4, 0x18E4, 0x18E4, 0x2145, 0x2945, 0x2125, 0x2125, 0x18E4, 0x18E4, 0x10A2, 0x2903,
	0x3103, 0x3102, 0x3102, 0x38E2, 0x3902, 0x30E2, 0x30E2, 0x30E2, 0x28C1, 0x28C1, 0x28C2, 0x30C2,
	0x30C2, 0x30E2, 0x28C1, 0x38E2, 0x30E2, 0x28C1, 0x30E2, 0x38E2, 0x38E2, 0x30C2, 0x30C2, 0x30E2,
	0x30C2, 0x38E2, 0x38E2, 0x28C2, 0x38E1, 0x41A6, 0x39E8, 0x39E7, 0x39E8, 0x39E8, 0x39E8, 0x39E8,
	0x39E8, 0x39E8, 0x39E8, 0x39E8, 0x4208, 0x29A7, 0x29A7, 0x31C7, 0x29A7, 0x2186, 0x2986, 0x2187,
	0x2987, 0x2987, 0x2987, 0x2987, 0x2966, 0x2987, 0x31A7, 0x29A7, 0x31A7, 0x31C7, 0x31A7, 0x31C8,
	0x31E8, 0x2966, 0x2986, 0x2986, 0x2986, 0x2966, 0x2966, 0x2966, 0x2945, 0x2145, 0x2945, 0x2945,
	0x2945, 0x2945, 0x2945, 0x2145, 0x2145, 0x2125, 0x2125, 0x2145, 0x2145, 0x2145, 0x2125, 0x2125,
	0x2125, 0x2124, 0x2104, 0x1904, 0x1904, 0x18E4, 0x18E4, 0x1904, 0x1904, 0x18E4, 0x18E4, 0x18E4,
	0x1904, 0x2104, 0x2104, 0x1904, 0x18E4, 0x18E3, 0x18E4, 0x18E4, 0x18E3, 0x18C3, 0x18C3, 0x18C3,
	0x18C3, 0x10C3, 0x10A3, 0x10A2, 0x10A2, 0x10A2, 0x10C3, 0x1904, 0x1905, 0x1904, 0x1904, 0x1904,
	0x1904, 0x1904, 0x1905, 0x1904, 0x1904, 0x18E4, 0x10A3, 0x2923, 0x3102, 0x3102, 0x3923, 0x3902,
	0x3903, 0x30E2, 0x30E2, 0x3902, 0x28C2, 0x28E2, 0x28C2, 0x30E2, 0x30E2, 0x30E2, 0x28C1, 0x3902,
	0x30E2, 0x28C1, 0x30E2, 0x3902, 0x3902, 0x30E2, 0x30E2, 0x38E2, 0x38E2, 0x38E2, 0x38E2, 0x30E2,
	0x40E2, 0x3986, 0x39E8, 0x39E7, 0x39E8, 0x39E8, 0x39E8, 0x39E8, 0x39E8, 0x39E8, 0x39E8, 0x39E8,
	0x41E7, 0x2987, 0x29A7, 0x29A7, 0x29A7, 0x31C8, 0x29C7, 0x29A7, 0x2987, 0x2987, 0x2987, 0x2166,
	0x3A29, 0x31C8, 0x2966, 0x29A7, 0x29A7, 0x2987, 0x29A7, 0x31C7, 0x31C8, 0x31C8, 0x31E8, 0x31E8,
	0x31C8, 0x31C8, 0x31C8, 0x31E8, 0x31E8, 0x31C8, 0x31C8, 0x31E8, 0x31C8, 0x31C8, 0x31C8, 0x31C8,
	0x31C8, 0x31C8, 0x31C7, 0x31C7, 0x31A7, 0x31A7, 0x31A7, 0x2986, 0x2986, 0x2966, 0x2966, 0x2966,
	0x2966, 0x2966, 0x2966, 0x2966, 0x2966, 0x2945, 0x2145, 0x2145, 0x2145, 0x2145, 0x2145, 0x2125,
	0x2125, 0x2125, 0x2125, 0x2125, 0x2125, 0x2125, 0x2104, 0x1904, 0x1904, 0x18E4, 0x18E4, 0x18E4,
	0x18E4, 0x18E3, 0x18E4, 0x1904, 0x2104, 0x1904, 0x18E4, 0x18E4, 0x1904, 0x18E4, 0x18E4, 0x18E4,
	0x18E4, 0x18E3, 0x10C3, 0x4164, 0x3902, 0x28C2, 0x30E2, 0x30E2, 0x38E2, 0x30E2, 0x30E2, 0x38E2,
	0x30E2, 0x28C2, 0x28E2, 0x30E2, 0x30E2, 0x30C2, 0x30C2, 0x3902, 0x30E2, 0x28C2, 0x30C2, 0x38E2,
	0x40E2, 0x30C2, 0x28C1, 0x38C2, 0x38C2, 0x38E2, 0x30C2, 0x28C2, 0x4122, 0x49E6, 0x39E8, 0x39E7,
	0x39E8, 0x39E8, 0x39E8, 0x39E8, 0x39E8, 0x39E8, 0x39E8, 0x39E8, 0x4A28, 0x31A7, 0x31A7, 0x2966,
	0x2966, 0x2986, 0x2966, 0x2966, 0x2965, 0x2145, 0x2145, 0x2125, 0x39C7, 0x2966, 0x2945, 0x2945,
	0x2945, 0x2945, 0x2945, 0x3166, 0x2965, 0x3186, 0x3186, 0x3166, 0x3186, 0x3186, 0x3186, 0x3186,
	0x2966, 0x2965, 0x2965, 0x2965, 0x3165, 0x2965, 0x3165, 0x2945, 0x2945, 0x2945, 0x2945, 0x2945,
	0x2945, 0x2944, 0x2924, 0x2945, 0x2944, 0x2944, 0x2924, 0x2924, 0x2924, 0x2924, 0x2103, 0x2103,
	0x2103, 0x20E3, 0x20E3, 0x20E3, 0x20E3, 0x20E3, 0x20E3, 0x2103, 0x20E3, 0x20E3, 0x20E3, 0x18C3,
	0x18C3, 0x20E3, 0x18E3, 0x18C2, 0x18A2, 0x18C2, 0x18C2, 0x18C2, 0x18C3, 0x18C2, 0x18C2, 0x18C2,
	0x18C2, 0x18C3, 0x18E3, 0x18E3, 0x18E3, 0x18E3, 0x18E3, 0x20E3, 0x20E3, 0x2924, 0x10E3, 0x6A87,
	0x8B28, 0x6225, 0x7287, 0x6226, 0x6205, 0x51C5, 0x4984, 0x4984, 0x5184, 0x4163, 0x3943, 0x3902,
	0x3923, 0x3923, 0x4123, 0x4123, 0x4123, 0x3922, 0x3923, 0x51A4, 0x5184, 0x4963, 0x4163, 0x59A4,
	0x61E5, 0x6A26, 0x7286, 0x6225, 0x9348, 0x6AC9, 0x31C7, 0x39E8, 0x39E8, 0x39E8, 0x39E8, 0x39E8,
	0x39E8, 0x39E8, 0x39E8, 0x39E8, 0x9BCB, 0x7287, 0x3944, 0x3964, 0x3944, 0x3944, 0x3944, 0x4164,
	0x3944, 0x3144, 0x3944, 0x3964, 0x3923, 0x3944, 0x3964, 0x3964, 0x3964, 0x3964, 0x3964, 0x4185,
	0x49A5, 0x49C5, 0x51C5, 0x51C5, 0x59E6, 0x5A06, 0x6206, 0x6227, 0x6A47, 0x6227, 0x5A06, 0x5206,
	0x49E6, 0x49E6, 0x4A07, 0x4A07, 0x4A07, 0x49E6, 0x49E6, 0x49E6, 0x49E6, 0x4A06, 0x4A06, 0x4A06,
	0x49E6, 0x4A06, 0x4A06, 0x4A06, 0x4A06, 0x49E6, 0x49E6, 0x4A06, 0x49E6, 0x49E6, 0x49E6, 0x49E6,
	0x5206, 0x5A27, 0x6A47, 0x6A47, 0x6227, 0x5A06, 0x5A06, 0x51E6, 0x51E6, 0x49C5, 0x49A5, 0x4985,
	0x4184, 0x3964, 0x3964, 0x3984, 0x3984, 0x3964, 0x3984, 0x3964, 0x4184, 0x3964, 0x3944, 0x3964,
	0x3964, 0x3944, 0x3964, 0x3964, 0x4164, 0x4144, 0x82C7, 0x7309, 0x4A28, 0x5268, 0x5269, 0x5248,
	0x5268, 0x4A48, 0x4A28, 0x4A08, 0x4A28, 0x4208, 0x41E7, 0x4207, 0x41E7, 0x41E7, 0x4207, 0x41E7,
	0x4207, 0x4207, 0x4208, 0x5248, 0x4A28, 0x4A28, 0x4A28, 0x5248, 0x5269, 0x5269, 0x5A89, 0x5268,
	0x5248, 0x4208, 0x39E8, 0x39E8, 0x39E8, 0x39E8, 0x39E8, 0x39E8, 0x39E8, 0x39E8, 0x39E8, 0x39E8,
	0x8B08, 0x4163, 0x28C2, 0x30E2, 0x30E2, 0x28E2, 0x30E2, 0x30E2, 0x3103, 0x3103, 0x3103, 0x3923,
	0x3943, 0x3943, 0x4143, 0x4164, 0x4164, 0x4143, 0x4143, 0x4143, 0x4143, 0x4984, 0x59A4, 0x61A4,
	0x61A4, 0x61C5, 0x69E5, 0x6A05, 0x61C5, 0x51A5, 0x4985, 0x4984, 0x4184, 0x4185, 0x49A5, 0x49A5,
	0x49A5, 0x4984, 0x49A5, 0x51C5, 0x51C5, 0x49C5, 0x49C5, 0x49C5, 0x49A5, 0x49A5, 0x49A5, 0x51C5,
	0x51C5, 0x4984, 0x4984, 0x49A5, 0x49A5, 0x49A5, 0x4184, 0x4984, 0x4985, 0x49A5, 0x51A5, 0x61E5,
	0x6A05, 0x69E5, 0x61C5, 0x61A4, 0x59A4, 0x59A4, 0x4964, 0x4143, 0x4143, 0x4143, 0x4143, 0x4164,
	0x4164, 0x3943, 0x3943, 0x3923, 0x3123, 0x3103, 0x3103, 0x30E2, 0x30E2, 0x28E2, 0x28E2, 0x30E2,
	0x30E2, 0x28C2, 0x59C4, 0x6AA8, 0x39E8, 0x2986, 0x29A7, 0x3A08, 0x31C7, 0x31C7, 0x31E8, 0x31E8,
	0x31C8, 0x2966, 0x39E8, 0x2966, 0x39C7, 0x39E8, 0x39E8, 0x39E8, 0x39E8, 0x39E8, 0x31A7, 0x10A3,
	0x10C3, 0x18C3, 0x18C3, 0x18E4, 0x10C3, 0x18C3, 0x10A2, 0x10C3, 0x31C7, 0x39E8, 0x39E8, 0x39E8,
	0x39E8, 0x39E8, 0x39E8, 0x39E8, 0x39E8, 0x39E8, 0x39E8, 0x39E8, 0x7AE8, 0x3923, 0x3103, 0x3102,
	0x3102, 0x3102, 0x30E2, 0x30E2, 0x30E2, 0x3103, 0x3103, 0x3123, 0x3923, 0x3123, 0x3943, 0x3943,
	0x4144, 0x4164, 0x4164, 0x4164, 0x4143, 0x4964, 0x5184, 0x5184, 0x59A4, 0x59A4, 0x5184, 0x51A4,
	0x4984, 0x4164, 0x4164, 0x4184, 0x4964, 0x4984, 0x51A4, 0x5184, 0x5184, 0x51A5, 0x59C5, 0x51C5,
	0x51C5, 0x49A5, 0x49C5, 0x49A5, 0x4985, 0x4985, 0x49A5, 0x51C5, 0x51C5, 0x51C5, 0x51A4, 0x5184,
	0x5184, 0x51A5, 0x4984, 0x4164, 0x4184, 0x3964, 0x4184, 0x4984, 0x51A4, 0x5184, 0x59A4, 0x51A4,
	0x5184, 0x5184, 0x4964, 0x4143, 0x4164, 0x4164, 0x4164, 0x4143, 0x3943, 0x3923, 0x3123, 0x3923,
	0x3123, 0x3103, 0x3102, 0x30E2, 0x30E2, 0x30E2, 0x3102, 0x3102, 0x3102, 0x30E2, 0x4984, 0x6AA8,
	0x4229, 0x2966, 0x2986, 0x39E8, 0x31A7, 0x39E8, 0x3A08, 0x31A7, 0x3A09, 0x2966, 0x3A08, 0x2124,
	0x39C7, 0x39E8, 0x39E8, 0x39E8, 0x39E8, 0x39E8, 0x39C7, 0x2125, 0x1904, 0x18C3, 0x1904, 0x2125,
	0x1904, 0x18E4, 0x10C3, 0x10A2, 0x39E8, 0x39E8, 0x39E8, 0x39E8, 0x39E8, 0x39E8, 0x39E8, 0x39E8,
	0x39E8, 0x39E8, 0x39E8, 0x39E8, 0x8308, 0x4123, 0x3902, 0x3102, 0x3102, 0x3902, 0x30E2, 0x30E2,
	0x30E2, 0x3102, 0x3103, 0x3103, 0x3923, 0x3923, 0x4143, 0x4143, 0x4143, 0x4964, 0x4964, 0x4943,
	0x4963, 0x4964, 0x4964, 0x4964, 0x4964, 0x4964, 0x4984, 0x4984, 0x51A4, 0x5184, 0x5184, 0x5184,
	0x5184, 0x5184, 0x51A4, 0x51A5, 0x4984, 0x4984, 0x4984, 0x4984, 0x4185, 0x4185, 0x41A5, 0x4185,
	0x4185, 0x4164, 0x4164, 0x4985, 0x4984, 0x4984, 0x4984, 0x5184, 0x51A5, 0x51A4, 0x5184, 0x5184,
	0x5184, 0x5184, 0x51A4, 0x5184, 0x4964, 0x4984, 0x4964, 0x4964, 0x4964, 0x4964, 0x4964, 0x4943,
	0x4143, 0x4964, 0x4964, 0x4143, 0x4143, 0x4143, 0x3923, 0x3923, 0x3103, 0x3103, 0x3102, 0x30E2,
	0x30E2, 0x30E2, 0x3902, 0x3102, 0x3102, 0x3102, 0x5184, 0x6AC8, 0x4229, 0x2986, 0x29A7, 0x3A08,
	0x31A7, 0x39E8, 0x3A08, 0x31C8, 0x3A29, 0x2966, 0x3A08, 0x2125, 0x39C7, 0x39E8, 0x39E8, 0x39E8,
	0x39E8, 0x39E7, 0x39E8, 0x2146, 0x18C3, 0x10A3, 0x10A2, 0x10C3, 0x18E4, 0x18E4, 0x10C3, 0x10A2,
	0x39E8, 0x39E8, 0x39E8, 0x39E8, 0x39E8, 0x39E8, 0x39E8, 0x39E8, 0x39E8, 0x39E8, 0x39E8, 0x39E8,
	0x72A7, 0x3902, 0x3902, 0x3902, 0x3902, 0x30E2, 0x30E2, 0x30E2, 0x30E2, 0x3102, 0x3903, 0x3903,
	0x3923, 0x3943, 0x4143, 0x4143, 0x4963, 0x4964, 0x4964, 0x4943, 0x4143, 0x4143, 0x4143, 0x4143,
	0x4944, 0x4964, 0x51A4, 0x59A4, 0x59C5, 0x59A4, 0x51A4, 0x51A4, 0x5184, 0x51A4, 0x51A4, 0x4985,
	0x4984, 0x4164, 0x4184, 0x4184, 0x4184, 0x4164, 0x4185, 0x4184, 0x3964, 0x3944, 0x3964, 0x4184,
	0x4184, 0x4184, 0x4184, 0x4984, 0x49A5, 0x51A4, 0x51A4, 0x5184, 0x51A4, 0x51A4, 0x59A5, 0x59A5,
	0x59A4, 0x5184, 0x4943, 0x4944, 0x4143, 0x4143, 0x4143, 0x4143, 0x4964, 0x4963, 0x4964, 0x4963,
	0x4143, 0x4143, 0x3923, 0x3923, 0x3903, 0x3903, 0x3102, 0x30E2, 0x30E2, 0x30E2, 0x3902, 0x3902,
	0x3902, 0x3902, 0x4143, 0x6268, 0x4229, 0x2966, 0x2986, 0x39E8, 0x31A7, 0x39E8, 0x39E8, 0x31A7,
	0x3A09, 0x2966, 0x3A08, 0x2125, 0x39C7, 0x39E8, 0x39E8, 0x39E8, 0x39E8, 0x39E8, 0x39E8, 0x2146,
	0x18E4, 0x10C3, 0x18C3, 0x18C3, 0x18E4, 0x18E3, 0x10C3, 0x10A2, 0x39E8, 0x39E8, 0x39E8, 0x39E8,
	0x39E8, 0x39E8, 0x39E8, 0x39E8, 0x39E8, 0x39E8, 0x39E8, 0x39E8, 0x6A87, 0x3903, 0x3902, 0x3902,
	0x30E2, 0x30E2, 0x28C2, 0x28C2, 0x28C2, 0x30E2, 0x3103, 0x3903, 0x3923, 0x3923, 0x3923, 0x3923,
	0x3943, 0x4143, 0x4143, 0x3923, 0x4143, 0x4143, 0x4964, 0x4964, 0x4964, 0x4964, 0x4984, 0x51A4,
	0x5184, 0x5184, 0x4984, 0x4984, 0x4964, 0x4984, 0x4985, 0x4984, 0x4984, 0x4984, 0x49A5, 0x4984,
	0x4984, 0x4985, 0x4985, 0x4984, 0x4984, 0x4985, 0x4984, 0x4984, 0x4984, 0x49A5, 0x4984, 0x4984,
	0x4984, 0x4984, 0x4964, 0x4964, 0x4984, 0x4984, 0x5184, 0x5184, 0x51A4, 0x4984, 0x4964, 0x4964,
	0x4964, 0x4964, 0x4143, 0x4143, 0x3923, 0x4143, 0x4143, 0x3943, 0x3943, 0x3923, 0x3923, 0x3923,
	0x3903, 0x3102, 0x30E2, 0x28C2, 0x28C2, 0x28C2, 0x30E2, 0x30E2, 0x3902, 0x3902, 0x4943, 0x5A47,
	0x4229, 0x3186, 0x2986, 0x39E8, 0x31A7, 0x3A08, 0x3A08, 0x31A7, 0x424A, 0x2966, 0x3A08, 0x2124,
	0x39C7, 0x39E8, 0x39E8, 0x39E8, 0x39E8, 0x39E8, 0x39E8, 0x2987, 0x2125, 0x18E3, 0x1904, 0x2145,
	0x1904, 0x18E4, 0x18C3, 0x10A3, 0x39E8, 0x39E8, 0x39E8, 0x39E8, 0x39E8, 0x39E8, 0x39E8, 0x39E8,
	0x39E8, 0x39E8, 0x39E8, 0x39E8, 0x5A06, 0x3102, 0x30E2, 0x30E2, 0x28C2, 0x28C1, 0x28C2, 0x30E2,
	0x30E2, 0x3903, 0x3923, 0x4123, 0x3923, 0x3103, 0x3103, 0x3123, 0x3923, 0x3923, 0x3923, 0x3923,
	0x4143, 0x4143, 0x4143, 0x4143, 0x4964, 0x4984, 0x4144, 0x4144, 0x4964, 0x4164, 0x4984, 0x4984,
	0x5184, 0x4984, 0x5184, 0x5184, 0x51A4, 0x51A5, 0x51A4, 0x51A4, 0x4985, 0x4985, 0x4184, 0x4184,
	0x4984, 0x4984, 0x4985, 0x4984, 0x51A4, 0x51A5, 0x51A5, 0x51A4, 0x5184, 0x5184, 0x4984, 0x4984,
	0x4984, 0x4164, 0x4164, 0x4964, 0x4144, 0x4164, 0x4984, 0x4964, 0x4143, 0x4143, 0x4143, 0x4143,
	0x3923, 0x3923, 0x3923, 0x3923, 0x3103, 0x3103, 0x3103, 0x4123, 0x3923, 0x3923, 0x3102, 0x30E2,
	0x30C2, 0x28C2, 0x28C2, 0x30C2, 0x30E2, 0x30E2, 0x3923, 0x5207, 0x4249, 0x31A7, 0x2986, 0x31C8,
	0x31A7, 0x39E8, 0x3A08, 0x31C7, 0x4229, 0x2966, 0x4249, 0x2125, 0x39C7, 0x39E8, 0x39E8, 0x39E8,
	0x39E8, 0x39E8, 0x39E8, 0x2146, 0x1904, 0x18C3, 0x18E3, 0x18E4, 0x18E4, 0x18E4, 0x10C3, 0x10A2,
	0x39E8, 0x39E8, 0x39E8, 0x39E8, 0x39E8, 0x39E8, 0x39E8, 0x39E8, 0x39E8, 0x39E8, 0x39E8, 0x39E8,
	0x51E5, 0x3902, 0x3902, 0x38E2, 0x30E2, 0x30C2, 0x30C2, 0x30C2, 0x30E2, 0x3102, 0x3923, 0x3923,
	0x3923, 0x3923, 0x3123, 0x3123, 0x3923, 0x3923, 0x3923, 0x3923, 0x3943, 0x3923, 0x3923, 0x3123,
	0x3943, 0x4984, 0x4984, 0x4144, 0x4964, 0x4984, 0x51A4, 0x59C5, 0x59C5, 0x59C5, 0x59C5, 0x61C5,
	0x59C5, 0x59C5, 0x51C5, 0x51A5, 0x51A5, 0x4985, 0x4164, 0x4164, 0x4164, 0x4184, 0x49A5, 0x51A5,
	0x51C5, 0x59C5, 0x59A5, 0x59C5, 0x61C5, 0x59C5, 0x59C5, 0x59C5, 0x59A5, 0x4984, 0x4984, 0x4964,
	0x4164, 0x4984, 0x4964, 0x3923, 0x3123, 0x3923, 0x3923, 0x3923, 0x3923, 0x3923, 0x3923, 0x3923,
	0x3123, 0x3923, 0x3923, 0x3923, 0x3923, 0x3903, 0x3102, 0x30E2, 0x30C2, 0x30C2, 0x30C2, 0x30E2,
	0x38E2, 0x3902, 0x3902, 0x49E6, 0x4249, 0x31A7, 0x2966, 0x39E8, 0x31A7, 0x39E8, 0x4A8A, 0x31A7,
	0x3A08, 0x2946, 0x3A09, 0x2966, 0x39A7, 0x39E8, 0x39E8, 0x39E8, 0x39E8, 0x39E8, 0x39E8, 0x2987,
	0x2125, 0x18E3, 0x1904, 0x2146, 0x1904, 0x18E4, 0x18C3, 0x10A3, 0x39E8, 0x39E8, 0x39E8, 0x39E8,
	0x39E8, 0x39E8, 0x39E8, 0x39E8, 0x39E8, 0x39E8, 0x39E8, 0x39E8, 0x59C5, 0x3902, 0x38E2, 0x30E2,
	0x30C2, 0x28C2, 0x28C1, 0x28C2, 0x28E2, 0x28E2, 0x28E2, 0x2903, 0x3103, 0x3103, 0x3103, 0x3103,
	0x3103, 0x3103, 0x3123, 0x3123, 0x3923, 0x3943, 0x4144, 0x4164, 0x4964, 0x4964, 0x51A4, 0x59A4,
	0x59A4, 0x59A5, 0x61E5, 0x59C5, 0x59C5, 0x59C5, 0x59C5, 0x59E5, 0x61E6, 0x59E5, 0x61E6, 0x5A06,
	0x51C5, 0x51E5, 0x51C5, 0x51C5, 0x51C5, 0x59E6, 0x59E6, 0x51E6, 0x6206, 0x59E6, 0x59E5, 0x59E6,
	0x59C5, 0x59C5, 0x59C5, 0x59C5, 0x59C5, 0x61E5, 0x51A4, 0x59A5, 0x59A4, 0x5184, 0x4964, 0x4964,
	0x4164, 0x4143, 0x3943, 0x3923, 0x3123, 0x3123, 0x3103, 0x3103, 0x3103, 0x3103, 0x3103, 0x3103,
	0x2902, 0x28E2, 0x28E2, 0x30E2, 0x28C2, 0x28C1, 0x28C1, 0x30C2, 0x30E2, 0x38E2, 0x4122, 0x49C6,
	0x4249, 0x31A7, 0x2966, 0x39E8, 0x31A7, 0x52AB, 0x4A8A, 0x3A08, 0x4A6A, 0x2966, 0x3A29, 0x2125,
	0x39C7, 0x39E8, 0x39E8, 0x39E8, 0x39E8, 0x39E8, 0x39E8, 0x2987, 0x2145, 0x18E4, 0x1904, 0x2986,
	0x2125, 0x1904, 0x18E4, 0x10A3, 0x39E8, 0x39E8, 0x39E8, 0x39E8, 0x39E8, 0x39E8, 0x39E8, 0x39E8,
	0x39E8, 0x39E8, 0x39E8, 0x39E8, 0x5A06, 0x30E2, 0x30E2, 0x28C1, 0x20A1, 0x20A1, 0x20A1, 0x20A1,
	0x20C2, 0x28E2, 0x28E2, 0x3103, 0x3103, 0x3103, 0x3103, 0x3103, 0x3923, 0x3943, 0x3943, 0x4143,
	0x4164, 0x4164, 0x4964, 0x4984, 0x5184, 0x4964, 0x5184, 0x59A4, 0x51A4, 0x51A5, 0x51A5, 0x59A5,
	0x59C5, 0x51A5, 0x59C5, 0x59E5, 0x59E5, 0x61E6, 0x6A26, 0x6A26, 0x6226, 0x59E6, 0x59C5, 0x59C5,
	0x59E5, 0x59E6, 0x6206, 0x6226, 0x6A26, 0x6A26, 0x61E5, 0x59E5, 0x59E5, 0x51A5, 0x59A5, 0x59C5,
	0x51A5, 0x51A5, 0x51A5, 0x51A4, 0x59A4, 0x4964, 0x4964, 0x5184, 0x4964, 0x4964, 0x4164, 0x4164,
	0x4143, 0x3943, 0x3943, 0x3923, 0x3103, 0x3103, 0x3103, 0x3103, 0x3103, 0x28E2, 0x28C2, 0x20C2,
	0x20A1, 0x20A1, 0x20A1, 0x20A1, 0x28C1, 0x30E2, 0x3902, 0x5206, 0x4249, 0x2986, 0x2966, 0x39E8,
	0x39E8, 0x4A6A, 0x2945, 0x39E8, 0x4249, 0x2966, 0x3A09, 0x2124, 0x39C7, 0x39E8, 0x39E8, 0x39E8,
	0x39E8, 0x39E7, 0x39E8, 0x2166, 0x1904, 0x10C3, 0x18E4, 0x18E4, 0x18E4, 0x18E3, 0x10C3, 0x10A2,
	0x39E8, 0x39E8, 0x39E8, 0x39E8, 0x39E8, 0x39E8, 0x39E8, 0x39E8, 0x39E8, 0x39E8, 0x39E8, 0x39E8,
	0x51C5, 0x28C1, 0x30E2, 0x28C2, 0x28C1, 0x20A1, 0x28A1, 0x28C2, 0x28E2, 0x28E2, 0x3103, 0x3123,
	0x3923, 0x3923, 0x4143, 0x4143, 0x3943, 0x4143, 0x4964, 0x4984, 0x5184, 0x4964, 0x4164, 0x5184,
	0x5184, 0x59A4, 0x59A4, 0x59C5, 0x69E5, 0x69E5, 0x6A05, 0x7206, 0x7206, 0x7A26, 0x7226, 0x7A46,
	0x7226, 0x6A06, 0x6A26, 0x6A26, 0x6206, 0x59E5, 0x51C5, 0x51E5, 0x59E5, 0x59E5, 0x6206, 0x6226,
	0x6A26, 0x6A26, 0x6A06, 0x7226, 0x7A46, 0x7A26, 0x7A26, 0x7206, 0x7206, 0x6A05, 0x69E5, 0x61E5,
	0x59C5, 0x59A4, 0x59A4, 0x5184, 0x5184, 0x4164, 0x4984, 0x5184, 0x4964, 0x4964, 0x4143, 0x3943,
	0x4143, 0x3943, 0x3923, 0x3923, 0x3123, 0x3103, 0x28E2, 0x28E2, 0x28C2, 0x28A1, 0x20A1, 0x28C1,
	0x28C2, 0x28E2, 0x30E2, 0x49E6, 0x4249, 0x31A7, 0x2966, 0x3A08, 0x31A7, 0x3A08, 0x2965, 0x39E8,
	0x2966, 0x2945, 0x39E8, 0x2124, 0x39C7, 0x39E8, 0x39E8, 0x39E8, 0x39E8, 0x39E7, 0x39E8, 0x2125,
	0x18C3, 0x10A3, 0x1082, 0x10C3, 0x18E4, 0x18E3, 0x10C3, 0x10A2, 0x39E8, 0x39E8, 0x39E8, 0x39E8,
	0x39E8, 0x39E8, 0x39E8, 0x39E8, 0x39E8, 0x39E8, 0x39E8, 0x39E8, 0x4164, 0x30E2, 0x30E2, 0x30C2,
	0x28C2, 0x28C2, 0x28C1, 0x28C2, 0x30E2, 0x3102, 0x3103, 0x3923, 0x3923, 0x3923, 0x3923, 0x3923,
	0x4143, 0x4143, 0x4164, 0x4984, 0x51A4, 0x51A4, 0x59A4, 0x59C5, 0x59A4, 0x61C5, 0x69E5, 0x61E5,
	0x61E5, 0x6A05, 0x7A26, 0x7226, 0x7226, 0x7A26, 0x7A26, 0x7A46, 0x7226, 0x6A05, 0x6A26, 0x6A47,
	0x6206, 0x59E6, 0x59E5, 0x59E6, 0x59E5, 0x59E6, 0x5A06, 0x6206, 0x7247, 0x6A06, 0x7205, 0x7226,
	0x7A46, 0x7A26, 0x7A26, 0x7226, 0x7A26, 0x7226, 0x6A05, 0x61E5, 0x61E5, 0x69E5, 0x61C5, 0x59A4,
	0x61C5, 0x59A4, 0x51A4, 0x5184, 0x4984, 0x4164, 0x4144, 0x4143, 0x3923, 0x3923, 0x3923, 0x3923,
	0x3923, 0x3103, 0x3102, 0x30E2, 0x28C2, 0x28C1, 0x28C2, 0x28C2, 0x30C2, 0x30E2, 0x30E2, 0x3985,
	0x4A49, 0x31A7, 0x2966, 0x39E8, 0x31A7, 0x31C7, 0x31A7, 0x2104, 0x2145, 0x2966, 0x4229, 0x2125,
	0x39C7, 0x39E8, 0x39E8, 0x39E8, 0x39E8, 0x39E8, 0x39E8, 0x2166, 0x1904, 0x10C3, 0x18E4, 0x18E4,
	0x18E4, 0x18E4, 0x10C3, 0x10A2, 0x39E8, 0x39E8, 0x39E8, 0x39E8, 0x39E8, 0x39E8, 0x39E8, 0x39E8,
	0x39E8, 0x39E8, 0x39E8, 0x39E8, 0x4984, 0x38E2, 0x38E2, 0x30C2, 0x28C2, 0x28C1, 0x28C2, 0x28C2,
	0x30E2, 0x3102, 0x3103, 0x3103, 0x3923, 0x4143, 0x4143, 0x4143, 0x4164, 0x4964, 0x5184, 0x5184,
	0x59A4, 0x59A4, 0x59A4, 0x59A4, 0x59A4, 0x59A4, 0x61C4, 0x61C5, 0x61C5, 0x61E5, 0x69E5, 0x69E5,
	0x69E5, 0x7226, 0x7A46, 0x7A26, 0x7A46, 0x8246, 0x7A46, 0x8267, 0x7A66, 0x7226, 0x6A06, 0x6A26,
	0x7226, 0x7226, 0x7A46, 0x7A67, 0x8266, 0x8246, 0x7A46, 0x7A46, 0x7A26, 0x7A46, 0x6A06, 0x69E5,
	0x69E5, 0x61E5, 0x61C5, 0x61C5, 0x61C5, 0x59A4, 0x59A4, 0x59A4, 0x59A4, 0x59A4, 0x59A4, 0x59A4,
	0x5184, 0x4984, 0x4964, 0x4164, 0x4143, 0x4143, 0x3943, 0x3923, 0x3103, 0x3103, 0x3102, 0x28C2,
	0x28C2, 0x28C2, 0x28C2, 0x28C1, 0x30E2, 0x38E2, 0x38E2, 0x41A5, 0x4249, 0x31A7, 0x2966, 0x39E8,
	0x2987, 0x31C7, 0x2125, 0x2145, 0x2146, 0x2966, 0x4A6A, 0x2124, 0x39C7, 0x39E8, 0x39E8, 0x39E8,
	0x39E8, 0x39E8, 0x39E8, 0x2987, 0x2145, 0x18E4, 0x1904, 0x2986, 0x2125, 0x1904, 0x18E4, 0x10A3,
	0x39E8, 0x39E8, 0x39E8, 0x39E8, 0x39E8, 0x39E8, 0x39E8, 0x39E8, 0x39E8, 0x39E8, 0x39E8, 0x39E8,
	0x4184, 0x30E2, 0x30E2, 0x30E2, 0x30E2, 0x30C2, 0x30E2, 0x30E2, 0x3902, 0x3923, 0x3923, 0x3943,
	0x3943, 0x3943, 0x4143, 0x4164, 0x4164, 0x4964, 0x4984, 0x4984, 0x5184, 0x5184, 0x5184, 0x51A4,
	0x51A4, 0x59A4, 0x61C5, 0x7205, 0x7A25, 0x7A25, 0x8A46, 0x8A66, 0x9287, 0x9287, 0x9AA7, 0x92A7,
	0x92A7, 0x92A7, 0x8AA7, 0x8287, 0x7A67, 0x6206, 0x49A5, 0x51A5, 0x59E5, 0x61E5, 0x6A26, 0x7A67,
	0x8287, 0x8AA7, 0x92A7, 0x92A7, 0x92A7, 0x9AA7, 0x9287, 0x9287, 0x8A66, 0x8246, 0x7A25, 0x7A05,
	0x6A05, 0x61C5, 0x59A4, 0x51A4, 0x59A4, 0x5184, 0x5184, 0x5184, 0x4984, 0x4984, 0x4964, 0x4164,
	0x4164, 0x4143, 0x3943, 0x3943, 0x3923, 0x3923, 0x3903, 0x30E2, 0x30E2, 0x30E2, 0x30E2, 0x30E2,
	0x30E2, 0x30E2, 0x30E2, 0x3985, 0x4249, 0x31A7, 0x2966, 0x39E8, 0x2145, 0x31A7, 0x2966, 0x2966,
	0x2146, 0x2966, 0x4A6A, 0x2124, 0x39C7, 0x39E8, 0x39E8, 0x39E8, 0x39E8, 0x39E8, 0x39E8, 0x2987,
	0x2125, 0x18E4, 0x1904, 0x2146, 0x1904, 0x1904, 0x18C3, 0x10A3, 0x39E8, 0x39E8, 0x39E8, 0x39E8,
	0x39E8, 0x39E8, 0x39E8, 0x39E8, 0x39E8, 0x39E8, 0x39E8, 0x39E8, 0x4164, 0x30C2, 0x28C2, 0x30E2,
	0x30C2, 0x30C2, 0x30C2, 0x30E2, 0x30E2, 0x30E2, 0x3103, 0x3923, 0x3923, 0x3943, 0x3943, 0x4143,
	0x4164, 0x4984, 0x5184, 0x59A4, 0x61C4, 0x61C4, 0x69E5, 0x71E5, 0x7205, 0x7205, 0x7205, 0x7A05,
	0x8246, 0x8246, 0x8266, 0x8246, 0x8246, 0x8A67, 0x8287, 0x7246, 0x5A06, 0x51E5, 0x5A06, 0x5A06,
	0x51C6, 0x51C5, 0x51C5, 0x49A5, 0x49A5, 0x49A5, 0x49A5, 0x51E6, 0x6226, 0x5A06, 0x51C5, 0x6206,
	0x7247, 0x8287, 0x8266, 0x8266, 0x8246, 0x8266, 0x8246, 0x8226, 0x7A05, 0x7205, 0x71E5, 0x7205,
	0x71E5, 0x69E5, 0x61C4, 0x61C4, 0x59A4, 0x5184, 0x4964, 0x4164, 0x4143, 0x3943, 0x3943, 0x3943,
	0x3923, 0x3103, 0x30E2, 0x30E2, 0x30E2, 0x30C2, 0x30E2, 0x30C2, 0x30E2, 0x28C2, 0x30E2, 0x3985,
	0x4249, 0x39C8, 0x2986, 0x39E8, 0x2125, 0x31C8, 0x2987, 0x2986, 0x31A7, 0x2986, 0x4249, 0x2124,
	0x39C7, 0x39E8, 0x39E8, 0x39E8, 0x39E8, 0x39E7, 0x39E8, 0x2145, 0x18E3, 0x10A3, 0x10C3, 0x18C3,
	0x18E4, 0x18E3, 0x10C3, 0x10A2, 0x39E8, 0x39E8, 0x39E8, 0x39E8, 0x39E8, 0x39E8, 0x39E8, 0x39E8,
	0x39E8, 0x39E8, 0x39E8, 0x39E8, 0x4984, 0x30E2, 0x30E2, 0x30C1, 0x30C2, 0x28C1, 0x28C1, 0x28C2,
	0x28E2, 0x3102, 0x3923, 0x3923, 0x4143, 0x4964, 0x4984, 0x5184, 0x59A4, 0x61C4, 0x61C4, 0x69E5,
	0x69E5, 0x61E5, 0x61C5, 0x61C5, 0x69E5, 0x61E5, 0x59C5, 0x59C5, 0x59C5, 0x59E5, 0x51C5, 0x51C5,
	0x61E5, 0x6A26, 0x7247, 0x7246, 0x7226, 0x6206, 0x6A26, 0x6A47, 0x6A06, 0x6206, 0x6206, 0x59E5,
	0x59E5, 0x59E5, 0x6A06, 0x6A26, 0x7247, 0x6A26, 0x6206, 0x7226, 0x7246, 0x7247, 0x6A06, 0x59E5,
	0x51C5, 0x51C5, 0x59C5, 0x59C5, 0x59C5, 0x61C5, 0x61E5, 0x69E5, 0x61C5, 0x61C5, 0x61E5, 0x69E5,
	0x69E5, 0x61C4, 0x59A4, 0x51A4, 0x5184, 0x4984, 0x4164, 0x3943, 0x3923, 0x3903, 0x30E2, 0x28E2,
	0x28C2, 0x28C1, 0x30C2, 0x30C2, 0x30C2, 0x30E2, 0x38E2, 0x4185, 0x4249, 0x39C8, 0x31C7, 0x31C7,
	0x2987, 0x31C8, 0x39E8, 0x31A7, 0x39E8, 0x31C7, 0x39E8, 0x2104, 0x39C7, 0x39E8, 0x39E8, 0x39E8,
	0x39E8, 0x39E7, 0x39E8, 0x2125, 0x18C3, 0x10A3, 0x10A3, 0x10C3, 0x18E4, 0x18E3, 0x10C3, 0x10A2,
	0x39E8, 0x39E8, 0x39E8, 0x39E8, 0x39E8, 0x39E8, 0x39E8, 0x39E8, 0x39E8, 0x39E8, 0x39E8, 0x39E8,
	0x4984, 0x4102, 0x4102, 0x3902, 0x38E2, 0x30E2, 0x30E2, 0x30E2, 0x30E2, 0x3903, 0x3923, 0x4143,
	0x4143, 0x4164, 0x4964, 0x4964, 0x4964, 0x4164, 0x4984, 0x4984, 0x51A4, 0x4984, 0x4984, 0x4984,
	0x4984, 0x4984, 0x4984, 0x59A5, 0x59C5, 0x61E5, 0x6A06, 0x7246, 0x6A26, 0x6A26, 0x7A47, 0x7A67,
	0x7A67, 0x7A67, 0x7A67, 0x8287, 0x7A66, 0x7226, 0x6206, 0x6206, 0x6206, 0x6A26, 0x7A46, 0x7A67,
	0x7A87, 0x7A67, 0x7A66, 0x7A67, 0x7A67, 0x7247, 0x6A26, 0x6A26, 0x7226, 0x6206, 0x61E5, 0x59C5,
	0x51A5, 0x4984, 0x4984, 0x4984, 0x4184, 0x4984, 0x5184, 0x5184, 0x4984, 0x4984, 0x4164, 0x4964,
	0x4964, 0x4164, 0x4144, 0x4143, 0x3923, 0x3923, 0x3902, 0x30E2, 0x30E2, 0x30E2, 0x30E2, 0x38E2,
	0x3902, 0x4102, 0x4102, 0x4185, 0x4249, 0x3186, 0x10A3, 0x18C3, 0x2104, 0x1904, 0x2125, 0x1904,
	0x18C3, 0x18C3, 0x10C3, 0x18A3, 0x39C7, 0x39E8, 0x39E8, 0x39E8, 0x39E8, 0x39E8, 0x39E8, 0x2967,
	0x2125, 0x18C3, 0x1904, 0x2125, 0x18E4, 0x18E4, 0x18C3, 0x10A3, 0x39E8, 0x39E8, 0x39E8, 0x39E8,
	0x39E8, 0x39E8, 0x39E8, 0x39E8, 0x39E8, 0x39E8, 0x39E8, 0x39E8, 0x4164, 0x30C2, 0x30E2, 0x30E2,
	0x30E2, 0x28C2, 0x28C2, 0x28C2, 0x28E2, 0x28E2, 0x3103, 0x3123, 0x3923, 0x3943, 0x3944, 0x3964,
	0x3944, 0x4164, 0x4164, 0x4984, 0x4984, 0x4984, 0x51A4, 0x59A4, 0x59C5, 0x59C5, 0x61C4, 0x69E5,
	0x7205, 0x7A26, 0x7226, 0x7226, 0x7A46, 0x7A67, 0x7A47, 0x7A67, 0x7A46, 0x8266, 0x82A8, 0x8287,
	0x6A06, 0x6206, 0x6206, 0x61E6, 0x61E6, 0x6206, 0x6A26, 0x6A26, 0x82A8, 0x8287, 0x7A66, 0x7A47,
	0x7A67, 0x7A47, 0x7A67, 0x7246, 0x7226, 0x7226, 0x7A25, 0x7205, 0x69C5, 0x61C4, 0x59C5, 0x59A5,
	0x51A4, 0x5184, 0x4984, 0x4984, 0x4984, 0x4164, 0x3964, 0x3944, 0x3964, 0x3943, 0x3943, 0x3923,
	0x3123, 0x3103, 0x28E2, 0x28C2, 0x28C2, 0x28C1, 0x28C2, 0x30E2, 0x30E2, 0x30E2, 0x30E2, 0x3985,
	0x3A08, 0x39C7, 0x31A7, 0x31A7, 0x31C7, 0x31A7, 0x31C7, 0x31A7, 0x31A7, 0x31A7, 0x31A7, 0x31A7,
	0x39E8, 0x39E8, 0x39E8, 0x39E8, 0x39E8, 0x39E8, 0x39E8, 0x2987, 0x2145, 0x1904, 0x1904, 0x2987,
	0x2125, 0x2104, 0x18E4, 0x10A3, 0x39E8, 0x39E8, 0x39E8, 0x39E8, 0x39E8, 0x39E8, 0x39E8, 0x39E8,
	0x39E8, 0x39E8, 0x39E8, 0x39E8, 0x3964, 0x28C2, 0x28C2, 0x28C1, 0x28C1, 0x28C1, 0x20A1, 0x20A1,
	0x28E2, 0x3102, 0x3903, 0x3923, 0x4164, 0x4164, 0x4164, 0x4164, 0x4984, 0x51A4, 0x51A4, 0x59A4,
	0x61C5, 0x69E5, 0x69E5, 0x69E5, 0x7205, 0x7205, 0x7205, 0x7A25, 0x8246, 0x8246, 0x8246, 0x8246,
	0x8287, 0x8267, 0x8267, 0x7A46, 0x7A67, 0x7A47, 0x7247, 0x7267, 0x6A26, 0x59E6, 0x49A5, 0x49A5,
	0x51C5, 0x59E6, 0x6206, 0x6A26, 0x7267, 0x7246, 0x7A47, 0x7A47, 0x7A46, 0x8267, 0x8267, 0x8287,
	0x8246, 0x8246, 0x8246, 0x8246, 0x7A25, 0x7205, 0x7205, 0x7205, 0x69E5, 0x69E5, 0x61E5, 0x59C5,
	0x59A4, 0x51A4, 0x5184, 0x4984, 0x4164, 0x4164, 0x4164, 0x4143, 0x3923, 0x3903, 0x30E2, 0x28C2,
	0x20A1, 0x28A1, 0x28C1, 0x28C1, 0x28C1, 0x28C2, 0x28C2, 0x39A5, 0x39E8, 0x39E8, 0x39E8, 0x39E8,
	0x39E8, 0x39E8, 0x39E8, 0x39E8, 0x39E8, 0x39E8, 0x39E8, 0x39E8, 0x39E8, 0x39E8, 0x39E8, 0x39E8,
	0x39E8, 0x39E8, 0x39E8, 0x2166, 0x2104, 0x18C3, 0x1904, 0x2105, 0x18E4, 0x18E4, 0x10C3, 0x10A2,
	0x39E8, 0x39E8, 0x39E8, 0x39E8, 0x39E8, 0x39E8, 0x39E8, 0x39E8, 0x39E8, 0x39E8, 0x39E8, 0x39E8,
	0x4985, 0x30E2, 0x38E2, 0x38E2, 0x38E2, 0x38E2, 0x38E2, 0x38E2, 0x3902, 0x3902, 0x4123, 0x4143,
	0x4964, 0x4964, 0x4984, 0x4984, 0x5184, 0x59A4, 0x59A4, 0x59C5, 0x61C5, 0x61C5, 0x61C5, 0x61C5,
	0x61C5, 0x69E5, 0x69E5, 0x61E5, 0x6A05, 0x6A05, 0x6A05, 0x7246, 0x6A26, 0x6A26, 0x6A26, 0x7247,
	0x6A26, 0x6206, 0x6206, 0x59E5, 0x6206, 0x59E6, 0x51C5, 0x51C5, 0x51C6, 0x59E6, 0x5A06, 0x61E6,
	0x59E5, 0x6206, 0x6206, 0x7226, 0x7247, 0x6A26, 0x6A26, 0x7246, 0x7226, 0x69E5, 0x6A05, 0x61E5,
	0x61C5, 0x69E5, 0x61E5, 0x61C5, 0x61C5, 0x61C5, 0x61C5, 0x59C5, 0x59C5, 0x59A4, 0x51A4, 0x5184,
	0x4984, 0x4984, 0x4964, 0x4964, 0x4143, 0x4123, 0x3902, 0x3902, 0x38E2, 0x38E2, 0x38E2, 0x38E2,
	0x38E2, 0x30E2, 0x38E2, 0x41C6, 0x39E8, 0x39E7, 0x39E8, 0x39E7, 0x39E7, 0x39E8, 0x39E8, 0x39E8,
	0x39E8, 0x39E8, 0x39E8, 0x39E8, 0x39E8, 0x39E8, 0x39E8, 0x39E8, 0x39E8, 0x39E7, 0x39E8, 0x2125,
	0x18C3, 0x10A3, 0x10A2, 0x10C3, 0x18E4, 0x18E3, 0x10A3, 0x10A2, 0x39E8, 0x39E8, 0x39E8, 0x39E8,
	0x39E8, 0x39E8, 0x39E8, 0x39E8, 0x39E8, 0x39E8, 0x39E8, 0x39E8, 0x51E5, 0x4102, 0x4102, 0x38E2,
	0x3902, 0x3902, 0x38E2, 0x38E2, 0x3902, 0x4123, 0x3923, 0x4143, 0x4964, 0x5184, 0x5184, 0x4984,
	0x4964, 0x4984, 0x4984, 0x4984, 0x4984, 0x4984, 0x4984, 0x5184, 0x4984, 0x51A4, 0x51A5, 0x59C5,
	0x61E5, 0x61E5, 0x7226, 0x7A47, 0x7226, 0x7226, 0x6A26, 0x6A26, 0x6A06, 0x6A06, 0x6A06, 0x6A06,
	0x6206, 0x59E6, 0x59E6, 0x59E6, 0x59E6, 0x5A06, 0x5A06, 0x6A06, 0x6A06, 0x6A06, 0x6A06, 0x6A06,
	0x6A26, 0x6A26, 0x7226, 0x7246, 0x7A46, 0x6A26, 0x61E5, 0x61E5, 0x59C5, 0x51A5, 0x49A4, 0x4984,
	0x5184, 0x4984, 0x4984, 0x4984, 0x4984, 0x4984, 0x4984, 0x4964, 0x5184, 0x5184, 0x5184, 0x4964,
	0x4123, 0x3923, 0x4123, 0x3902, 0x38E2, 0x38E2, 0x3902, 0x38E2, 0x3902, 0x4102, 0x4922, 0x49E7,
	0x39E8, 0x39E8, 0x39E8, 0x3A08, 0x3A08, 0x39E8, 0x31C7, 0x39E8, 0x39E7, 0x39E7, 0x39E7, 0x39E7,
	0x39E7, 0x39E8, 0x39E8, 0x39E8, 0x39E8, 0x39E8, 0x39E8, 0x2146, 0x18E4, 0x10C3, 0x18C3, 0x18C3,
	0x18E4, 0x18E3, 0x10C3, 0x10A2, 0x39E8, 0x39E8, 0x39E8, 0x39E8, 0x39E8, 0x39E8, 0x39E8, 0x39E8,
	0x39E8, 0x39E8, 0x39E8, 0x39E8, 0x4964, 0x4102, 0x38E2, 0x38E2, 0x38E2, 0x30E2, 0x30C2, 0x30C2,
	0x30C2, 0x30E2, 0x3903, 0x3923, 0x3943, 0x4143, 0x3943, 0x3944, 0x4164, 0x4164, 0x4984, 0x4984,
	0x51A4, 0x51A4, 0x59C5, 0x61C5, 0x61E5, 0x59C5, 0x61C5, 0x61C5, 0x61E5, 0x6206, 0x6A26, 0x6A26,
	0x7226, 0x7226, 0x6A26, 0x7226, 0x61E6, 0x61E6, 0x6A26, 0x7226, 0x6A06, 0x59E5, 0x51C5, 0x51C5,
	0x51C5, 0x59E5, 0x61E6, 0x6A26, 0x7226, 0x6A06, 0x61E6, 0x6206, 0x7226, 0x6A26, 0x7226, 0x7226,
	0x6A26, 0x6A26, 0x61E5, 0x61C5, 0x61C5, 0x59C5, 0x61C5, 0x61C5, 0x61C5, 0x59C5, 0x51A4, 0x5184,
	0x4984, 0x4984, 0x4164, 0x4164, 0x3944, 0x3943, 0x4143, 0x3923, 0x3923, 0x3103, 0x30E2, 0x30C2,
	0x30C2, 0x30C2, 0x30E2, 0x38E2, 0x38E2, 0x3902, 0x4102, 0x4185, 0x39E8, 0x39E7, 0x39E8, 0x3165,
	0x3145, 0x2945, 0x18C2, 0x2965, 0x31C7, 0x31A7, 0x52AB, 0x52CB, 0x4208, 0x39E7, 0x39E8, 0x39E8,
	0x39E8, 0x39E8, 0x39E8, 0x2987, 0x2125, 0x18E4, 0x1904, 0x2146, 0x1904, 0x1904, 0x18C3, 0x10A3,
	0x39E8, 0x39E8, 0x39E8, 0x39E8, 0x39E8, 0x39E8, 0x39E8, 0x39E8, 0x39E8, 0x39E8, 0x39E8, 0x39E8,
	0x3923, 0x30C2, 0x30C2, 0x28C2, 0x28C1, 0x28A1, 0x28A1, 0x28C2, 0x30C2, 0x30E2, 0x3102, 0x3923,
	0x4143, 0x4164, 0x4164, 0x4164, 0x4964, 0x4984, 0x51A4, 0x4984, 0x59C5, 0x59A5, 0x59A4, 0x59A4,
	0x51A4, 0x59A4, 0x61C5, 0x61E5, 0x61C5, 0x61E5, 0x6A26, 0x6A26, 0x7246, 0x6A06, 0x6A06, 0x7246,
	0x7247, 0x6A06, 0x61E6, 0x6A06, 0x6206, 0x59E5, 0x51C5, 0x51C5, 0x51C5, 0x6206, 0x61E5, 0x6206,
	0x6206, 0x61E6, 0x7226, 0x7247, 0x7226, 0x6206, 0x6A26, 0x7246, 0x6A26, 0x6A26, 0x61E5, 0x61C5,
	0x61E5, 0x61C5, 0x5184, 0x51A4, 0x59A4, 0x59A4, 0x59A5, 0x59A4, 0x4984, 0x4984, 0x4964, 0x4164,
	0x4164, 0x4164, 0x4164, 0x4143, 0x3923, 0x3102, 0x30E2, 0x28C2, 0x28C2, 0x28A1, 0x28C1, 0x28C1,
	0x30C2, 0x30E2, 0x30C1, 0x3985, 0x39E8, 0x39E8, 0x39A7, 0x1860, 0x1860, 0x18A2, 0x18A2, 0x2124,
	0x31A7, 0x31C7, 0x5B0C, 0x632D, 0x4A49, 0x39C7, 0x39E8, 0x39E8, 0x39E8, 0x39E8, 0x39E8, 0x2987,
	0x2145, 0x18E4, 0x1904, 0x2986, 0x2125, 0x1904, 0x18E4, 0x10A3, 0x39E8, 0x39E8, 0x39E8, 0x39E8,
	0x39E8, 0x39E8, 0x39E8, 0x39E8, 0x39E8, 0x39E8, 0x39E8, 0x39E8, 0x3943, 0x30C2, 0x30E2, 0x30E2,
	0x30C2, 0x28A1, 0x30C2, 0x28C1, 0x28C2, 0x3102, 0x3903, 0x3923, 0x4143, 0x4964, 0x4964, 0x4143,
	0x4164, 0x4964, 0x4984, 0x5184, 0x51A4, 0x59A4, 0x59C5, 0x51A4, 0x51A4, 0x51A4, 0x61C5, 0x59C5,
	0x59C5, 0x61E5, 0x6A26, 0x7A46, 0x7A67, 0x7246, 0x7226, 0x6A06, 0x7247, 0x7A46, 0x7A46, 0x6A26,
	0x6A26, 0x6206, 0x59E5, 0x59C5, 0x61E6, 0x6A26, 0x6A06, 0x6A26, 0x7246, 0x7A46, 0x7A47, 0x7226,
	0x6A06, 0x7226, 0x7A46, 0x7A67, 0x7246, 0x6A06, 0x59E5, 0x51A5, 0x59C5, 0x61C5, 0x51A4, 0x51A4,
	0x51A4, 0x59C5, 0x59A4, 0x51A4, 0x4984, 0x4984, 0x4164, 0x4144, 0x4164, 0x4964, 0x4964, 0x4143,
	0x3923, 0x3903, 0x3102, 0x28C2, 0x28C2, 0x28C1, 0x28C1, 0x30E2, 0x30C2, 0x30E2, 0x30C1, 0x3985,
	0x39E8, 0x39E8, 0x39C7, 0x20C2, 0x20A1, 0x3165, 0x2965, 0x31A7, 0x39C7, 0x39C7, 0x4A6A, 0x4A8A,
	0x39E8, 0x39E8, 0x39E8, 0x39E8, 0x39E8, 0x39E7, 0x39E8, 0x2166, 0x1904, 0x10C3, 0x18E4, 0x18E4,
	0x18E4, 0x18E3, 0x10C3, 0x10A2, 0x39E8, 0x39E8, 0x39E8, 0x39E8, 0x39E8, 0x39E8, 0x39E8, 0x39E8,
	0x39E8, 0x39E8, 0x39E8, 0x39E8, 0x4143, 0x3902, 0x38E2, 0x30E2, 0x30C2, 0x30C2, 0x30C2, 0x30C2,
	0x30C2, 0x30E2, 0x3102, 0x3923, 0x3943, 0x3943, 0x4164, 0x4964, 0x4964, 0x4964, 0x4984, 0x5184,
	0x51A4, 0x59A4, 0x59A4, 0x59A4, 0x61C5, 0x61C5, 0x69E5, 0x6A05, 0x69E5, 0x69E5, 0x6A06, 0x7226,
	0x7226, 0x7226, 0x7226, 0x6A26, 0x6A06, 0x6A26, 0x7226, 0x6A06, 0x6206, 0x59C5, 0x51C5, 0x51C5,
	0x51A5, 0x51C5, 0x59E5, 0x6206, 0x6A26, 0x7226, 0x6A26, 0x6A06, 0x7226, 0x7226, 0x7226, 0x7226,
	0x7226, 0x6A05, 0x61E5, 0x69E5, 0x6A05, 0x69E5, 0x61C5, 0x61C5, 0x59A4, 0x59A4, 0x51A4, 0x51A4,
	0x4984, 0x4964, 0x4964, 0x4964, 0x4964, 0x4143, 0x3943, 0x3923, 0x3923, 0x3102, 0x30E2, 0x30C2,
	0x30C2, 0x30C2, 0x30C1, 0x30C2, 0x30E2, 0x38E2, 0x4102, 0x4185, 0x39E8, 0x39E7, 0x39E8, 0x39E7,
	0x39C7, 0x39E8, 0x3A08, 0x39E8, 0x39E8, 0x39E8, 0x39C7, 0x39C7, 0x39E8, 0x39E8, 0x39E8, 0x39E8,
	0x39E8, 0x39E7, 0x39E8, 0x2125, 0x18C3, 0x10A3, 0x1082, 0x10C3, 0x18E4, 0x18E3, 0x10C3, 0x10A2,
	0x39E8, 0x39E8, 0x39E8, 0x39E8, 0x39E8, 0x39E8, 0x39E8, 0x39E8, 0x39E8, 0x39E8, 0x39E8, 0x39E8,
	0x4123, 0x3902, 0x38E2, 0x30C2, 0x30C2, 0x28A1, 0x28A1, 0x30C2, 0x30E2, 0x30E2, 0x3102, 0x3923,
	0x4143, 0x4164, 0x4164, 0x4164, 0x4984, 0x5184, 0x5184, 0x59A4, 0x59A4, 0x59A4, 0x59A4, 0x59A4,
	0x59A4, 0x61C5, 0x59C5, 0x61C5, 0x6A05, 0x6A05, 0x6A05, 0x6A06, 0x6A06, 0x6206, 0x61E5, 0x59E5,
	0x61E5, 0x61E5, 0x61E5, 0x6A05, 0x7206, 0x61E5, 0x51C5, 0x51C5, 0x61E5, 0x61E5, 0x6A05, 0x7205,
	0x6A05, 0x61E5, 0x61E5, 0x61E5, 0x59E5, 0x61E5, 0x6A06, 0x6A06, 0x7206, 0x6A05, 0x6A06, 0x69E5,
	0x61C5, 0x59C5, 0x59C5, 0x59A4, 0x61C4, 0x59A4, 0x59A4, 0x59A4, 0x51A4, 0x5184, 0x5184, 0x4964,
	0x4164, 0x4163, 0x4163, 0x4143, 0x3923, 0x30E2, 0x30E2, 0x30C2, 0x30C2, 0x28A1, 0x28C1, 0x30C2,
	0x30C2, 0x3902, 0x40E2, 0x4185, 0x39E8, 0x39E7, 0x39E8, 0x39E8, 0x39E8, 0x39E7, 0x39E7, 0x39E8,
	0x39E8, 0x39E8, 0x39E8, 0x39E8, 0x39E8, 0x39E8, 0x39E8, 0x39E8, 0x39E8, 0x39E8, 0x39E8, 0x2166,
	0x1904, 0x10C3, 0x18E4, 0x18E4, 0x18E4, 0x18E4, 0x10C3, 0x10A2, 0x39E8, 0x39E8, 0x39E8, 0x39E8,
	0x39E8, 0x39E8, 0x39E8, 0x39E8, 0x39E8, 0x39E8, 0x39E8, 0x39E8, 0x4123, 0x4102, 0x38E2, 0x38E2,
	0x38E2, 0x30E2, 0x28C1, 0x28C1, 0x30C2, 0x30E2, 0x3903, 0x3923, 0x4143, 0x4143, 0x4143, 0x4163,
	0x4164, 0x4964, 0x4984, 0x5184, 0x51A4, 0x51A4, 0x59C5, 0x59C5, 0x59C5, 0x59A5, 0x59C5, 0x61C5,
	0x61E5, 0x6A05, 0x7226, 0x7206, 0x7A46, 0x7A46, 0x6A05, 0x61E5, 0x7206, 0x7206, 0x6A06, 0x7205,
	0x7226, 0x6A06, 0x6205, 0x6A06, 0x7226, 0x7226, 0x7226, 0x7206, 0x6A05, 0x7205, 0x7206, 0x7205,
	0x61E5, 0x7205, 0x7A46, 0x7A46, 0x7206, 0x7226, 0x69E5, 0x61E5, 0x61C5, 0x59C5, 0x59A5, 0x59C5,
	0x61C5, 0x59A4, 0x5184, 0x51A4, 0x5184, 0x4984, 0x4164, 0x4164, 0x4143, 0x4143, 0x4143, 0x3923,
	0x3923, 0x3902, 0x30E2, 0x28C2, 0x28C1, 0x28C1, 0x30E2, 0x38E2, 0x38E2, 0x3902, 0x4102, 0x3985,
	0x39E8, 0x39E7, 0x39E8, 0x39E8, 0x39E8, 0x39E8, 0x39E8, 0x39E8, 0x39E8, 0x39E8, 0x39E8, 0x39E8,
	0x39E8, 0x39E8, 0x39E8, 0x39E8, 0x39E8, 0x39E8, 0x39E8, 0x2987, 0x2145, 0x18E4, 0x1904, 0x2986,
	0x2125, 0x1904, 0x18E4, 0x10A3, 0x39E8, 0x39E8, 0x39E8, 0x39E8, 0x39E8, 0x39E8, 0x39E8, 0x39E8,
	0x39E8, 0x39E8, 0x39E8, 0x39E8, 0x3923, 0x38E2, 0x30E2, 0x30E2, 0x30E2, 0x30C2, 0x30E2, 0x30C2,
	0x28C2, 0x28E2, 0x28E2, 0x3103, 0x3923, 0x3923, 0x4143, 0x4163, 0x4964, 0x4964, 0x4964, 0x5184,
	0x5184, 0x51A4, 0x59A4, 0x59A4, 0x61C4, 0x59A4, 0x69E5, 0x7205, 0x7205, 0x7A25, 0x7225, 0x6A05,
	0x7A26, 0x8246, 0x8246, 0x8246, 0x7A26, 0x8246, 0x8246, 0x7A46, 0x7A26, 0x7206, 0x6205, 0x6206,
	0x6A05, 0x7226, 0x7A26, 0x7A26, 0x7A46, 0x8246, 0x8246, 0x7A46, 0x8246, 0x8246, 0x8246, 0x7226,
	0x6A05, 0x7A26, 0x7A25, 0x7205, 0x7205, 0x61C5, 0x61C4, 0x61C4, 0x59A4, 0x59A4, 0x5184, 0x5184,
	0x5184, 0x4964, 0x4964, 0x4964, 0x4163, 0x4143, 0x3923, 0x3923, 0x3102, 0x28E2, 0x28C2, 0x28C2,
	0x30C2, 0x30E2, 0x30C2, 0x30E2, 0x30E2, 0x38E2, 0x38E2, 0x3985, 0x39E8, 0x39E7, 0x39E8, 0x39E8,
	0x39E8, 0x39E8, 0x39E8, 0x39E8, 0x39E8, 0x39E8, 0x39E8, 0x39E8, 0x39E8, 0x39E8, 0x39E8, 0x39E8,
	0x39E8, 0x39E8, 0x39E8, 0x2987, 0x2125, 0x18E4, 0x1904, 0x2166, 0x1904, 0x1904, 0x18C3, 0x10A3,
	0x39E8, 0x39E8, 0x39E8, 0x39E8, 0x39E8, 0x39E8, 0x39E8, 0x39E8, 0x39E8, 0x39E8, 0x39E8, 0x39E8,
	0x3923, 0x3902, 0x30E2, 0x28C1, 0x28C1, 0x30C2, 0x30C1, 0x30C1, 0x38E2, 0x3902, 0x3902, 0x3923,
	0x4143, 0x4943, 0x4963, 0x5184, 0x59A4, 0x61C4, 0x61C4, 0x61C4, 0x69E4, 0x71E5, 0x71E5, 0x71E5,
	0x7205, 0x7A05, 0x7A25, 0x7A25, 0x8A66, 0x8A66, 0x8246, 0x8266, 0x8266, 0x8A66, 0x8246, 0x8246,
	0x7A26, 0x7A26, 0x7A46, 0x7A46, 0x7A26, 0x6A26, 0x61E5, 0x61E5, 0x6A06, 0x7226, 0x7A46, 0x7A46,
	0x7A46, 0x7A46, 0x7A46, 0x7A25, 0x8246, 0x8246, 0x8A66, 0x8266, 0x8266, 0x8246, 0x8A66, 0x8246,
	0x7A05, 0x7A25, 0x7A05, 0x7205, 0x71E5, 0x71E5, 0x71E5, 0x69C4, 0x61C4, 0x61C4, 0x61C4, 0x59A4,
	0x5184, 0x4963, 0x4143, 0x4123, 0x3902, 0x3902, 0x38E2, 0x30E2, 0x28C1, 0x30C2, 0x30C1, 0x28C1,
	0x28C2, 0x30E2, 0x38E2, 0x3965, 0x39E8, 0x39E7, 0x39E8, 0x39E8, 0x39E8, 0x39E8, 0x39E8, 0x39E8,
	0x39E8, 0x39E8, 0x39E8, 0x39E8, 0x39E8, 0x39E8, 0x39E8, 0x39E8, 0x39E8, 0x39E7, 0x39E8, 0x2146,
	0x18C3, 0x10A2, 0x10A3, 0x10A3, 0x18E4, 0x18E3, 0x10A3, 0x1082, 0x39E8, 0x39E8, 0x39E8, 0x39E8,
	0x39E8, 0x39E8, 0x39E8, 0x39E8, 0x39E8, 0x39E8, 0x39E8, 0x39E8, 0x4144, 0x4943, 0x4922, 0x4102,
	0x4102, 0x38E2, 0x38E2, 0x38E2, 0x38E2, 0x3902, 0x4123, 0x4123, 0x4943, 0x4963, 0x5184, 0x5984,
	0x61A4, 0x61C4, 0x69E5, 0x69E5, 0x69E5, 0x71E5, 0x7205, 0x7205, 0x71E5, 0x71E5, 0x71E5, 0x7205,
	0x8246, 0x8246, 0x8246, 0x8A66, 0x8A87, 0x8A66, 0x8246, 0x8246, 0x7A26, 0x7A25, 0x7A26, 0x7226,
	0x7206, 0x6205, 0x59C5, 0x61E5, 0x6A26, 0x6A26, 0x6A06, 0x7226, 0x7226, 0x7A25, 0x7A25, 0x7A46,
	0x8246, 0x8246, 0x8A66, 0x8A87, 0x8266, 0x8246, 0x8246, 0x8225, 0x7205, 0x71E5, 0x7205, 0x71E5,
	0x7205, 0x71E5, 0x71E5, 0x69E5, 0x69E5, 0x69E5, 0x61C4, 0x59A4, 0x5984, 0x5184, 0x4963, 0x4943,
	0x4123, 0x4122, 0x3902, 0x38E2, 0x38E2, 0x38E2, 0x3902, 0x4102, 0x4102, 0x4923, 0x4922, 0x4185,
	0x39E8, 0x39E7, 0x39E8, 0x39E8, 0x39E8, 0x39E8, 0x39E8, 0x39E8, 0x39E8, 0x39E8, 0x39E8, 0x39E8,
	0x39E8, 0x39E8, 0x39E8, 0x39E8, 0x39E8, 0x39E8, 0x39E8, 0x2966, 0x2125, 0x2104, 0x2104, 0x2125,
	0x2145, 0x2125, 0x2104, 0x2104, 0x39E8, 0x39E8, 0x39E8, 0x39E8, 0x39E8, 0x39E8, 0x39E8, 0x39E8,
	0x39E8, 0x39E8, 0x39E8, 0x39E8,
};
