/* From ~/picojet/app/assets (picojet tools/convert_assets.py): the biplane from
   opengameart.org, CC0. Copied as is, with <stdint.h> for C. */
// Generated from biplane.png by tools/convert_assets.py
// RGB565, row-major. const so it stays in flash and is sampled in place.
#pragma once
#include <stdint.h>

#define TEX_BIPLANE_W 128
#define TEX_BIPLANE_H 128

static const uint16_t tex_biplane_data[16384] = {
	0x0000, 0x0000, 0x0041, 0x0861, 0x20A2, 0x40E3, 0x1882, 0x0000, 0x0000, 0x0000, 0x0000, 0x0000,
	0x0000, 0x0000, 0x0000, 0x0000, 0x0000, 0x0000, 0x0000, 0x0000, 0x0000, 0x0000, 0x0000, 0x0000,
	0x0000, 0x0000, 0x0000, 0x0000, 0x0000, 0x0000, 0x0000, 0x0000, 0x0000, 0x0000, 0x0000, 0x0000,
	0x0000, 0x0000, 0x0000, 0x0000, 0x0000, 0x0000, 0x0000, 0x0000, 0x0000, 0x0000, 0x0000, 0x0000,
	0x0000, 0x0000, 0x0861, 0x0020, 0x0000, 0x0000, 0x0000, 0x2965, 0x2965, 0x0000, 0x0000, 0x0000,
	0x0000, 0x0000, 0x0000, 0x0000, 0x0000, 0x0000, 0x0000, 0x0000, 0x0000, 0x0000, 0x0000, 0x0000,
	0x0000, 0x0000, 0x0000, 0x0000, 0x0000, 0x0041, 0x2082, 0x2082, 0x0861, 0x0041, 0x0041, 0x0020,
	0x0020, 0x0000, 0x0000, 0x0000, 0x0000, 0x0000, 0x0000, 0x0000, 0x0000, 0x0000, 0x0000, 0x0000,
	0x0000, 0x0000, 0x0000, 0x0000, 0x0000, 0x0000, 0x0000, 0x0000, 0x0000, 0x0000, 0x0000, 0x0000,
	0x0000, 0x0000, 0x0041, 0x40E3, 0x50E3, 0x40C3, 0x20A2, 0x20A2, 0x1882, 0x0061, 0x0861, 0x0041,
	0x0020, 0x0020, 0x0000, 0x0000, 0x0000, 0x0000, 0x0000, 0x0000, 0x1082, 0x50E3, 0x8124, 0xA924,
	0xC145, 0xD945, 0x9124, 0x0861, 0x0000, 0x0000, 0x0000, 0x0000, 0x0000, 0x0000, 0x0000, 0x0000,
	0x0000, 0x0000, 0x0000, 0x0000, 0x0000, 0x0000, 0x0000, 0x0000, 0x0000, 0x0000, 0x0000, 0x0000,
	0x0000, 0x0000, 0x0000, 0x0000, 0x0000, 0x0000, 0x0000, 0x0000, 0x0000, 0x0000, 0x0000, 0x0000,
	0x0000, 0x0000, 0x0000, 0x0000, 0x0000, 0x0000, 0x0000, 0x0000, 0x0000, 0x0041, 0x8945, 0x5904,
	0x0020, 0x0000, 0x18C3, 0xCE59, 0x8410, 0x0000, 0x0000, 0x0000, 0x0000, 0x0000, 0x0000, 0x0000,
	0x0000, 0x0000, 0x0000, 0x0000, 0x0000, 0x0020, 0x0041, 0x0041, 0x0841, 0x1882, 0x2082, 0x2082,
	0x20A2, 0x7924, 0xC945, 0xC145, 0xA924, 0xA924, 0x9124, 0x7904, 0x7904, 0x58E3, 0x48C3, 0x40C3,
	0x2082, 0x2082, 0x1882, 0x0041, 0x0000, 0x0000, 0x0000, 0x0000, 0x0000, 0x0000, 0x0000, 0x0000,
	0x0020, 0x0041, 0x0041, 0x1061, 0x1882, 0x1882, 0x28A2, 0x40C3, 0x38C3, 0x38C3, 0x7104, 0xD145,
	0xD924, 0xD145, 0xC945, 0xC945, 0xB924, 0xA124, 0xA124, 0x8924, 0x7904, 0x6904, 0x48C3, 0x48C3,
	0x38C3, 0x1082, 0x0000, 0x0000, 0x48E3, 0xE145, 0xE124, 0xE124, 0xD924, 0xD924, 0xD145, 0x30C3,
	0x0000, 0x0000, 0x0000, 0x0000, 0x0000, 0x0000, 0x0000, 0x0000, 0x0000, 0x0000, 0x0000, 0x0000,
	0x0000, 0x0000, 0x0000, 0x0000, 0x0000, 0x0000, 0x0000, 0x0000, 0x0000, 0x0000, 0x0000, 0x0000,
	0x0000, 0x0000, 0x0000, 0x0000, 0x0000, 0x0000, 0x0000, 0x0000, 0x0000, 0x0000, 0x0000, 0x0000,
	0x0000, 0x0000, 0x0000, 0x0000, 0x0000, 0x0041, 0xB124, 0xD945, 0x30C3, 0x0020, 0x8C51, 0xFFFF,
	0xA514, 0x0020, 0x0000, 0x0000, 0x0020, 0x1882, 0x2082, 0x38C3, 0x48E3, 0x48C3, 0x6104, 0x7904,
	0x7904, 0x8924, 0xA924, 0xA924, 0xA945, 0xC945, 0xC945, 0xC945, 0xD145, 0xE124, 0xD924, 0xD924,
	0xE124, 0xE124, 0xE124, 0xE124, 0xE124, 0xE145, 0xE145, 0xE145, 0xD145, 0xC945, 0xC145, 0x9945,
	0x18A2, 0x0020, 0x30C3, 0x40C3, 0x48E3, 0x6904, 0x6904, 0x7104, 0x9124, 0x9124, 0x9124, 0xA945,
	0xB945, 0xB145, 0xC145, 0xC945, 0xD145, 0xD145, 0xE124, 0xD924, 0xD924, 0xD924, 0xD924, 0xD924,
	0xE124, 0xE124, 0xE124, 0xE124, 0xE124, 0xE124, 0xE145, 0xE145, 0xD945, 0xA145, 0x18A2, 0x0000,
	0x28C3, 0xC945, 0xD924, 0xD124, 0xD924, 0xD924, 0xD924, 0x58E3, 0x0000, 0x0000, 0x0000, 0x0000,
	0x0000, 0x0000, 0x0000, 0x0000, 0x0000, 0x0000, 0x0000, 0x0000, 0x0000, 0x0000, 0x0000, 0x0000,
	0x0000, 0x0000, 0x0000, 0x0000, 0x0000, 0x0000, 0x0000, 0x0000, 0x0000, 0x0000, 0x0000, 0x0000,
	0x0000, 0x0000, 0x0000, 0x0000, 0x0000, 0x0000, 0x0000, 0x0000, 0x0000, 0x0000, 0x0000, 0x0000,
	0x0000, 0x0041, 0xA124, 0xE924, 0xA124, 0x4945, 0xE6DB, 0xF7BE, 0xBDF7, 0x10A2, 0x0000, 0x0000,
	0x20A2, 0xB945, 0xC945, 0xD145, 0xE145, 0xE145, 0xE124, 0xE124, 0xE124, 0xE124, 0xE124, 0xE124,
	0xE124, 0xD924, 0xD924, 0xD924, 0xD924, 0xD924, 0xD924, 0xD124, 0xD124, 0xD124, 0xD124, 0xD124,
	0xD124, 0xC924, 0xD124, 0xD124, 0xD124, 0xD124, 0xD924, 0xD924, 0x8924, 0x10A2, 0x9124, 0xD945,
	0xD145, 0xD924, 0xD924, 0xD924, 0xD924, 0xD924, 0xD924, 0xD124, 0xD124, 0xD124, 0xC924, 0xC924,
	0xD124, 0xD124, 0xD924, 0xD924, 0xD924, 0xD924, 0xD924, 0xD924, 0xD924, 0xD924, 0xD924, 0xD924,
	0xD124, 0xD924, 0xD924, 0xD924, 0xD924, 0xE124, 0x9124, 0x0041, 0x0861, 0xA124, 0xE124, 0xD924,
	0xD924, 0xD924, 0xE124, 0x8124, 0x0020, 0x0000, 0x0000, 0x0000, 0x0000, 0x0000, 0x0000, 0x0000,
	0x0000, 0x0000, 0x0000, 0x0000, 0x0000, 0x0000, 0x0000, 0x0000, 0x0000, 0x0000, 0x0000, 0x0000,
	0x0000, 0x0000, 0x0000, 0x0000, 0x0000, 0x0000, 0x0000, 0x0000, 0x0000, 0x0000, 0x0000, 0x0000,
	0x0000, 0x0000, 0x0000, 0x0000, 0x0000, 0x0000, 0x0000, 0x0000, 0x0000, 0x0041, 0xA124, 0xE124,
	0xD104, 0x8986, 0xE6DB, 0xEF5D, 0xD69A, 0x2965, 0x0000, 0x0000, 0x40C3, 0xE145, 0xD924, 0xD924,
	0xD924, 0xD924, 0xD924, 0xD124, 0xD124, 0xD124, 0xD924, 0xD924, 0xD924, 0xD924, 0xD924, 0xD924,
	0xD924, 0xD924, 0xD924, 0xD124, 0xD124, 0xD124, 0xD124, 0xD124, 0xC924, 0xC924, 0xC924, 0xC924,
	0xC124, 0xC124, 0xC124, 0xD124, 0xA124, 0x0082, 0x9124, 0xD924, 0xD124, 0xD124, 0xC924, 0xC924,
	0xC924, 0xC924, 0xC924, 0xC924, 0xC924, 0xC924, 0xC924, 0xC924, 0xC924, 0xD124, 0xD924, 0xD924,
	0xD924, 0xD924, 0xD924, 0xD924, 0xD924, 0xD924, 0xD924, 0xD924, 0xD924, 0xD924, 0xD924, 0xD924,
	0xD124, 0xE124, 0xA924, 0x0861, 0x0041, 0x8124, 0xE124, 0xD124, 0xD124, 0xD124, 0xD124, 0xA124,
	0x0882, 0x0041, 0x0041, 0x0041, 0x0041, 0x0000, 0x0000, 0x0000, 0x0000, 0x0000, 0x0000, 0x0000,
	0x0000, 0x0000, 0x0000, 0x0000, 0x0000, 0x0000, 0x0000, 0x0000, 0x0000, 0x0000, 0x0000, 0x0000,
	0x0000, 0x0000, 0x0000, 0x0000, 0x0000, 0x0000, 0x0000, 0x0000, 0x0000, 0x0000, 0x0000, 0x0000,
	0x0000, 0x0000, 0x0000, 0x0000, 0x0000, 0x0020, 0xA124, 0xE124, 0xD904, 0xB186, 0xDEBA, 0xE73C,
	0xDEDB, 0x4A69, 0x0000, 0x0000, 0x48C3, 0xD945, 0xD924, 0xD924, 0xD924, 0xD924, 0xD924, 0xD924,
	0xD924, 0xD924, 0xD924, 0xD924, 0xD924, 0xD924, 0xD924, 0xD924, 0xD924, 0xD924, 0xD124, 0xD124,
	0xD124, 0xD124, 0xD124, 0xC924, 0xC924, 0xC924, 0xC924, 0xC124, 0xC124, 0xC124, 0xC124, 0xD124,
	0x9924, 0x0882, 0x9924, 0xD924, 0xC924, 0xC924, 0xC924, 0xC924, 0xC924, 0xC924, 0xC924, 0xC924,
	0xC124, 0xC124, 0xC124, 0xC124, 0xC924, 0xC924, 0xD924, 0xD924, 0xD924, 0xD924, 0xD924, 0xD924,
	0xD924, 0xD924, 0xD924, 0xD924, 0xD924, 0xD924, 0xD924, 0xD924, 0xD924, 0xE124, 0x8124, 0x0041,
	0x0000, 0x5904, 0xD924, 0xD124, 0xC924, 0xC924, 0xC924, 0xB124, 0x9924, 0xA124, 0xA124, 0xA124,
	0x9945, 0x28C3, 0x0041, 0x0041, 0x0041, 0x0041, 0x0041, 0x0041, 0x0041, 0x0041, 0x0041, 0x0041,
	0x0020, 0x0000, 0x0000, 0x0020, 0x0041, 0x0041, 0x0041, 0x0041, 0x0041, 0x0041, 0x0041, 0x0041,
	0x0041, 0x0041, 0x0041, 0x0041, 0x0041, 0x0041, 0x0041, 0x0041, 0x0041, 0x0041, 0x0041, 0x0041,
	0x0041, 0x0061, 0x8924, 0xE124, 0xD904, 0xD186, 0xE6BA, 0xDEFB, 0xDEFB, 0x6B6D, 0x0000, 0x0000,
	0x48C3, 0xE145, 0xD924, 0xD924, 0xD924, 0xD924, 0xD924, 0xD924, 0xD924, 0xD924, 0xD924, 0xD924,
	0xD924, 0xD924, 0xD924, 0xD924, 0xD924, 0xD924, 0xD124, 0xD124, 0xD124, 0xC924, 0xC924, 0xC924,
	0xC924, 0xC124, 0xC124, 0xC124, 0xC124, 0xC124, 0xC124, 0xD124, 0x8104, 0x10C3, 0xB124, 0xD124,
	0xC924, 0xC924, 0xC924, 0xC924, 0xC124, 0xC124, 0xC124, 0xC124, 0xC124, 0xC124, 0xC124, 0xC124,
	0xC124, 0xC924, 0xD924, 0xD924, 0xD924, 0xD924, 0xD924, 0xD924, 0xD924, 0xD924, 0xD924, 0xD924,
	0xD924, 0xD924, 0xD924, 0xD924, 0xD124, 0xE124, 0x7104, 0x0000, 0x0000, 0x38C3, 0xC145, 0xC924,
	0xC124, 0xC124, 0xB924, 0xB924, 0xC124, 0xC924, 0xD124, 0xD124, 0xD924, 0xB124, 0xA124, 0xA124,
	0xA124, 0xA124, 0xA124, 0xA124, 0xA124, 0xA145, 0xA124, 0xA165, 0xA4F3, 0xAD55, 0xAD96, 0xAC51,
	0xA104, 0xA945, 0xA924, 0xA124, 0xA924, 0xA924, 0xA924, 0xA124, 0xA924, 0xA924, 0xA124, 0xA124,
	0xA924, 0xA924, 0xA124, 0xA124, 0xA924, 0xA924, 0xA124, 0xA924, 0xA924, 0xA124, 0xC124, 0xD924,
	0xD904, 0xD986, 0xDE9A, 0xD6BA, 0xD6BA, 0x8C51, 0x0000, 0x0000, 0x48E3, 0xE145, 0xD924, 0xD924,
	0xD924, 0xD924, 0xD924, 0xD924, 0xD924, 0xD924, 0xD924, 0xD924, 0xD924, 0xD924, 0xD924, 0xD924,
	0xD924, 0xD124, 0xD124, 0xD124, 0xC924, 0xC924, 0xC924, 0xC924, 0xC124, 0xC124, 0xC124, 0xC124,
	0xC124, 0xC124, 0xB924, 0xC924, 0x6904, 0x10A2, 0xB945, 0xD124, 0xC924, 0xC924, 0xC924, 0xC124,
	0xC124, 0xC124, 0xC124, 0xC124, 0xC124, 0xC124, 0xC124, 0xC124, 0xC124, 0xC924, 0xD924, 0xD924,
	0xD924, 0xD924, 0xD924, 0xD924, 0xD924, 0xD924, 0xD924, 0xD924, 0xD924, 0xD924, 0xD924, 0xD924,
	0xD124, 0xE124, 0x7104, 0x0000, 0x0000, 0x1882, 0xA945, 0xC124, 0xB924, 0xB124, 0xA924, 0xA924,
	0xA124, 0xA124, 0xA124, 0xA924, 0xB124, 0xC124, 0xC124, 0xC124, 0xC124, 0xC924, 0xC924, 0xC924,
	0xD124, 0xD124, 0xD104, 0xD186, 0xDE79, 0xDEFB, 0xE75D, 0xE596, 0xE0E3, 0xE145, 0xE124, 0xE124,
	0xE124, 0xE124, 0xE124, 0xE124, 0xE124, 0xE124, 0xE124, 0xE124, 0xE124, 0xE124, 0xE124, 0xE124,
	0xE124, 0xE124, 0xE124, 0xE124, 0xE124, 0xE124, 0xD924, 0xD924, 0xD904, 0xD986, 0xD679, 0xCE9A,
	0xCE79, 0x8C51, 0x0000, 0x0000, 0x6104, 0xE124, 0xD924, 0xD924, 0xD924, 0xD924, 0xD924, 0xD924,
	0xD924, 0xD924, 0xD924, 0xD924, 0xD924, 0xD924, 0xD924, 0xD924, 0xD924, 0xD124, 0xD124, 0xD124,
	0xC924, 0xC924, 0xC924, 0xC124, 0xC124, 0xC124, 0xC124, 0xB924, 0xB924, 0xB924, 0xB924, 0xC924,
	0x6904, 0x10A2, 0xB145, 0xD124, 0xC924, 0xC124, 0xC124, 0xC124, 0xC124, 0xB924, 0xB924, 0xB924,
	0xB924, 0xB924, 0xB924, 0xB924, 0xC124, 0xC924, 0xD924, 0xD924, 0xD924, 0xD924, 0xD924, 0xD924,
	0xD924, 0xD924, 0xD924, 0xD924, 0xD924, 0xD924, 0xD924, 0xD924, 0xD924, 0xE145, 0x48E3, 0x0000,
	0x0000, 0x0041, 0x8924, 0xB924, 0xA924, 0xA924, 0xA924, 0xA124, 0x9924, 0x9924, 0x9924, 0x9924,
	0x9924, 0x9924, 0x9924, 0x9924, 0x9924, 0x9924, 0x9924, 0xA124, 0xA124, 0xA924, 0xA924, 0xB165,
	0xBD96, 0xBDF7, 0xC659, 0xCCF3, 0xC8E3, 0xD124, 0xD924, 0xD924, 0xD924, 0xD924, 0xD924, 0xD924,
	0xD924, 0xD924, 0xD924, 0xD924, 0xD924, 0xD924, 0xD924, 0xD924, 0xD924, 0xD924, 0xD924, 0xD924,
	0xD924, 0xD924, 0xD924, 0xD924, 0xD904, 0xD186, 0xD638, 0xC659, 0xC638, 0x8410, 0x0000, 0x0000,
	0x7924, 0xE145, 0xD145, 0xD945, 0xD945, 0xD945, 0xD945, 0xD945, 0xD945, 0xD945, 0xD945, 0xD945,
	0xD945, 0xD945, 0xD945, 0xD945, 0xD945, 0xD145, 0xD145, 0xC945, 0xC945, 0xC945, 0xC145, 0xC145,
	0xC145, 0xB945, 0xB945, 0xB945, 0xB945, 0xB945, 0xB945, 0xB945, 0x40E3, 0x1082, 0xB124, 0xC904,
	0xC104, 0xC104, 0xC104, 0xB904, 0xB924, 0xB924, 0xB924, 0xB924, 0xB924, 0xB924, 0xB924, 0xB924,
	0xC104, 0xC904, 0xD904, 0xD904, 0xD904, 0xD904, 0xD904, 0xD904, 0xD904, 0xD904, 0xD904, 0xD904,
	0xD904, 0xD904, 0xD904, 0xD904, 0xD904, 0xE124, 0x40C3, 0x0000, 0x0000, 0x0020, 0x6924, 0xB124,
	0xA124, 0xA124, 0x9924, 0x9924, 0x9124, 0x9124, 0x9124, 0x9124, 0x9124, 0x9124, 0x8924, 0x9124,
	0x9124, 0x9124, 0x9124, 0x9924, 0xA124, 0xA124, 0xA924, 0xA965, 0xB575, 0xBDD7, 0xBE38, 0xC4F3,
	0xC8E3, 0xD124, 0xD124, 0xD924, 0xD924, 0xD924, 0xD924, 0xD924, 0xD924, 0xD924, 0xD924, 0xD924,
	0xD924, 0xD924, 0xD924, 0xD924, 0xD924, 0xD924, 0xD924, 0xD924, 0xD924, 0xD924, 0xD924, 0xD924,
	0xD104, 0xC986, 0xCDF7, 0xBE18, 0xBDF7, 0x9492, 0x0841, 0x0000, 0x78E3, 0xE0A2, 0xD0A2, 0xD8A2,
	0xD8A2, 0xD8A2, 0xD8A2, 0xD8A2, 0xD8A2, 0xD8A2, 0xD8A2, 0xD8A2, 0xD8A2, 0xD8A2, 0xD0A2, 0xD0A2,
	0xD8A2, 0xD0C3, 0xC8C3, 0xC8C3, 0xC8C3, 0xC0C3, 0xC0C3, 0xB8C3, 0xB8C3, 0xB8C3, 0xB8C3, 0xB8C3,
	0xB8C3, 0xB0E3, 0xB0E3, 0xB0E3, 0x28A2, 0x28C3, 0xB986, 0xC186, 0xC186, 0xC186, 0xB986, 0xB986,
	0xB965, 0xB165, 0xB165, 0xB165, 0xB165, 0xB165, 0xB165, 0xB165, 0xB986, 0xC186, 0xD986, 0xD9A6,
	0xD9A6, 0xD9A6, 0xD9A6, 0xD9A6, 0xD9A6, 0xD9A6, 0xD9A6, 0xD9A6, 0xD9A6, 0xD9A6, 0xD9A6, 0xD9A6,
	0xD9A6, 0xE1A6, 0x48E3, 0x0000, 0x0000, 0x0000, 0x48E3, 0xA924, 0xA124, 0x9924, 0x9124, 0x8924,
	0x8924, 0x8124, 0x8924, 0x8924, 0x8924, 0x8124, 0x8124, 0x8124, 0x8124, 0x8924, 0x8924, 0x8924,
	0x9124, 0x9124, 0x9924, 0xA965, 0xB555, 0xB5B6, 0xBE18, 0xC4D3, 0xC8E3, 0xC924, 0xD124, 0xD924,
	0xD924, 0xD924, 0xD924, 0xD924, 0xD924, 0xD924, 0xD924, 0xD924, 0xD924, 0xD924, 0xD924, 0xD924,
	0xD924, 0xD924, 0xD924, 0xD924, 0xD924, 0xD924, 0xD924, 0xD124, 0xC904, 0xC986, 0xC5D7, 0xBDD7,
	0xB5B6, 0x9CD3, 0x10A2, 0x0000, 0x7A8A, 0xF492, 0xE471, 0xE471, 0xE471, 0xE471, 0xE471, 0xE471,
	0xE471, 0xE471, 0xE471, 0xE471, 0xEC71, 0xEC92, 0xEC92, 0xEC92, 0xE430, 0xCBCF, 0xCBCF, 0xCBCF,
	0xCBAE, 0xC3AE, 0xBB8E, 0xBB8E, 0xBB6D, 0xBB6D, 0xBB6D, 0xB36D, 0xB36D, 0xB34D, 0xB34D, 0xB36D,
	0x2904, 0x31A6, 0xC5D7, 0xC5D7, 0xBDB6, 0xBDB6, 0xBD96, 0xBD75, 0xB575, 0xB555, 0xAD34, 0xAD34,
	0xAD34, 0xAD34, 0xB534, 0xB575, 0xBDB6, 0xC5B6, 0xEEFB, 0xFF9E, 0xFF7D, 0xFF7D, 0xFF7D, 0xFF7D,
	0xFF7D, 0xFF7D, 0xFF7D, 0xFF7D, 0xFF7D, 0xFF7D, 0xFF7D, 0xFF7D, 0xFF9E, 0xF75D, 0x4208, 0x0000,
	0x0000, 0x0000, 0x28C3, 0x9945, 0x9924, 0x9124, 0x8924, 0x8924, 0x8124, 0x8124, 0x8124, 0x8124,
	0x8124, 0x7924, 0x7924, 0x7924, 0x7924, 0x8124, 0x8124, 0x8124, 0x8924, 0x8124, 0x9124, 0xA165,
	0xAD14, 0xAD75, 0xB5D7, 0xBC92, 0xC104, 0xC124, 0xC924, 0xD124, 0xD924, 0xD924, 0xD924, 0xD924,
	0xD924, 0xD924, 0xD924, 0xD924, 0xD924, 0xD924, 0xD924, 0xD924, 0xD924, 0xD924, 0xD924, 0xD924,
	0xD924, 0xD924, 0xD924, 0xC924, 0xC104, 0xC186, 0xBDB6, 0xB5B6, 0xB596, 0x9492, 0x10A2, 0x0000,
	0x7C30, 0xFFFF, 0xF7FF, 0xF7FF, 0xFFFF, 0xFFFF, 0xFFFF, 0xFFFF, 0xFFFF, 0xFFFF, 0xFFFF, 0xFFFF,
	0xFFFF, 0xFFFF, 0xFFFF, 0xFFFF, 0xEFBE, 0xCEDB, 0xCEBA, 0xCEBA, 0xC69A, 0xBE59, 0xBE38, 0xBE18,
	0xB618, 0xB5F7, 0xB618, 0xB5F7, 0xB5F7, 0xADD7, 0xADD7, 0xB618, 0x4A8A, 0x31A6, 0xC638, 0xC638,
	0xC618, 0xBE18, 0xBDF7, 0xBDD7, 0xB5B6, 0xB596, 0xAD96, 0xAD75, 0xAD96, 0xB596, 0xB5B6, 0xB5B6,
	0xBDF7, 0xBE18, 0xEF7D, 0xFFFF, 0xFFFF, 0xFFFF, 0xFFFF, 0xFFFF, 0xFFFF, 0xFFFF, 0xFFFF, 0xFFFF,
	0xFFFF, 0xFFFF, 0xFFFF, 0xFFFF, 0xFFFF, 0xFFFF, 0x4A8A, 0x0000, 0x0000, 0x0000, 0x1882, 0x9145,
	0x9124, 0x6924, 0x7124, 0x8124, 0x7924, 0x7124, 0x7924, 0x7924, 0x7124, 0x7124, 0x7124, 0x7124,
	0x7124, 0x7924, 0x7924, 0x8124, 0x8124, 0x5124, 0x6924, 0xA165, 0xA4F3, 0xA534, 0xAD96, 0xB471,
	0xB904, 0xB924, 0xC124, 0xC924, 0xD124, 0xD924, 0xD924, 0xD924, 0xD924, 0xD924, 0xD924, 0xD924,
	0xD924, 0xD924, 0xD924, 0xD924, 0xD924, 0xD924, 0xD924, 0xD924, 0xD924, 0xD124, 0xC924, 0xC124,
	0xB904, 0xB986, 0xBD75, 0xAD96, 0xAD55, 0x8C71, 0x10A2, 0x0000, 0x7BEF, 0xFFDF, 0xF7BE, 0xFFBE,
	0xFFBE, 0xFFBE, 0xFFBE, 0xFFBE, 0xFFBE, 0xFFBE, 0xFFDF, 0xFFDF, 0xFFFF, 0xFFFF, 0xFFDF, 0xFFDF,
	0xE71C, 0xCE38, 0xCE38, 0xC618, 0xC5F7, 0xBDB6, 0xB596, 0xB596, 0xB575, 0xB575, 0xB575, 0xB575,
	0xAD55, 0xAD34, 0xAD34, 0xB5B6, 0x5AEB, 0x31A6, 0xC618, 0xC618, 0xBDF7, 0xBDF7, 0xBDD7, 0xB5B6,
	0xB575, 0xAD75, 0xAD75, 0xAD55, 0xAD55, 0xAD75, 0xB596, 0xB596, 0xB5B6, 0xBDD7, 0xEF3C, 0xFFFF,
	0xFFDF, 0xFFDF, 0xFFDF, 0xFFDF, 0xFFDF, 0xFFDF, 0xFFDF, 0xFFDF, 0xFFDF, 0xFFDF, 0xFFDF, 0xFFDF,
	0xFFDF, 0xFFFF, 0x738E, 0x0000, 0x0000, 0x0000, 0x0861, 0x7924, 0x8924, 0x3924, 0x5124, 0x7124,
	0x7124, 0x7124, 0x7124, 0x7124, 0x7124, 0x6924, 0x6924, 0x6924, 0x6924, 0x7124, 0x7124, 0x7924,
	0x7124, 0x4924, 0x6924, 0x9165, 0x9CB2, 0xA514, 0xA555, 0xAC51, 0xB104, 0xB124, 0xB124, 0xB924,
	0xC924, 0xD124, 0xD924, 0xD924, 0xD924, 0xD924, 0xD924, 0xD924, 0xD924, 0xD924, 0xD924, 0xD924,
	0xD924, 0xD924, 0xD924, 0xD924, 0xD124, 0xC924, 0xC124, 0xB124, 0xB124, 0xB165, 0xB534, 0xA555,
	0xA534, 0x8C51, 0x10A2, 0x0000, 0x7BEF, 0xFFFF, 0xFFDF, 0xFFDF, 0xFFDF, 0xFFDF, 0xFFDF, 0xFFDF,
	0xFFDF, 0xFFFF, 0xFFFF, 0xFFFF, 0xFFFF, 0xFFFF, 0xFFFF, 0xFFFF, 0xE73C, 0xC638, 0xC638, 0xC638,
	0xBDD7, 0xB596, 0xAD75, 0xAD75, 0xAD75, 0xAD55, 0xAD75, 0xAD55, 0xA514, 0xA534, 0xA534, 0xB5B6,
	0x7BCF, 0x39E7, 0xC618, 0xC618, 0xBDF7, 0xBDD7, 0xBDF7, 0xB596, 0xAD55, 0xAD55, 0xAD55, 0xA534,
	0xA534, 0xAD75, 0xAD75, 0xAD55, 0xB596, 0xBDD7, 0xEF5D, 0xFFFF, 0xFFDF, 0xFFDF, 0xFFDF, 0xFFDF,
	0xFFDF, 0xFFDF, 0xFFDF, 0xFFDF, 0xFFDF, 0xFFDF, 0xFFDF, 0xFFDF, 0xFFDF, 0xFFFF, 0x8410, 0x0000,
	0x0000, 0x0000, 0x0041, 0x5924, 0x8924, 0x7124, 0x6124, 0x6924, 0x7124, 0x6924, 0x6924, 0x6924,
	0x6924, 0x6124, 0x6124, 0x6124, 0x6924, 0x6924, 0x6924, 0x7124, 0x6924, 0x6924, 0x7924, 0x8965,
	0x9471, 0x9CD3, 0x9D14, 0xA410, 0xA104, 0xA124, 0xA124, 0xA924, 0xA124, 0xA124, 0xC924, 0xD924,
	0xD924, 0xD924, 0xD924, 0xD924, 0xD924, 0xD924, 0xD924, 0xD924, 0xD924, 0xD924, 0xD924, 0xC124,
	0xA124, 0xA124, 0xA124, 0xA124, 0xA124, 0xA965, 0xACF3, 0xA514, 0x9CF3, 0x8430, 0x1082, 0x0000,
	0x7BEF, 0xFFFF, 0xFFDF, 0xFFFF, 0xFFDF, 0xFFDF, 0xFFFF, 0xFFFF, 0xFFFF, 0xFFFF, 0xFFFF, 0xFFFF,
	0xFFFF, 0xFFFF, 0xFFFF, 0xFFFF, 0xE71C, 0xC618, 0xC618, 0xA534, 0x9492, 0xA514, 0xAD55, 0xAD55,
	0xAD55, 0xA534, 0x8410, 0x7BCF, 0x9CD3, 0xA514, 0xA514, 0xB596, 0x8C71, 0x4208, 0xC618, 0xC618,
	0xBDF7, 0xB596, 0x8410, 0x8C71, 0xA514, 0xA514, 0xA534, 0xA534, 0x9CF3, 0x8C51, 0x9492, 0xA534,
	0xB596, 0xB5B6, 0xEF5D, 0xFFFF, 0xFFDF, 0xFFDF, 0xFFDF, 0xFFDF, 0xFFDF, 0xFFDF, 0xFFDF, 0xFFDF,
	0xFFDF, 0xFFDF, 0xFFDF, 0xFFDF, 0xFFDF, 0xFFFF, 0xA514, 0x0020, 0x0000, 0x0000, 0x0000, 0x4104,
	0x8924, 0x7924, 0x7124, 0x6924, 0x7124, 0x6924, 0x6124, 0x6924, 0x6124, 0x6124, 0x6124, 0x6124,
	0x6124, 0x6124, 0x6924, 0x6924, 0x6924, 0x7124, 0x7924, 0x8165, 0x9451, 0x9492, 0x94F3, 0x9BEF,
	0x9904, 0x9124, 0x9124, 0x8924, 0x7124, 0x3924, 0x8924, 0xD924, 0xD124, 0xD924, 0xD924, 0xD924,
	0xD924, 0xD924, 0xD924, 0xD924, 0xD924, 0xD124, 0xD924, 0x8924, 0x3924, 0x7124, 0x8924, 0x9124,
	0x9124, 0x9965, 0x9CB2, 0x9CD3, 0x94B2, 0x7BEF, 0x1082, 0x0000, 0x7BEF, 0xFFFF, 0xFFDF, 0xFFFF,
	0xFFFF, 0xFFFF, 0xFFFF, 0xFFFF, 0xFFFF, 0xFFFF, 0xFFFF, 0xFFFF, 0xFFFF, 0xFFFF, 0xFFFF, 0xFFFF,
	0xE71C, 0xC618, 0xBDF7, 0x8430, 0x6B4D, 0x94B2, 0xA534, 0xA534, 0xA534, 0x9CF3, 0x6B6D, 0x6B4D,
	0x94B2, 0x9CF3, 0xA514, 0xAD75, 0xA534, 0x528A, 0xBDF7, 0xC618, 0xBDD7, 0xAD55, 0x6B4D, 0x73AE,
	0x9CD3, 0x9CF3, 0xA514, 0xA514, 0x94B2, 0x630C, 0x738E, 0x9CF3, 0xB596, 0xB5B6, 0xEF5D, 0xFFFF,
	0xFFDF, 0xFFDF, 0xFFDF, 0xFFDF, 0xFFDF, 0xFFDF, 0xFFDF, 0xFFDF, 0xFFDF, 0xFFDF, 0xFFDF, 0xFFDF,
	0xFFDF, 0xFFFF, 0xB5B6, 0x1082, 0x0000, 0x0000, 0x0000, 0x28C3, 0x8145, 0x7924, 0x7124, 0x6924,
	0x7124, 0x6924, 0x6124, 0x6124, 0x6124, 0x5924, 0x5924, 0x5924, 0x6124, 0x6124, 0x6124, 0x6924,
	0x6924, 0x7124, 0x7924, 0x8165, 0x8C30, 0x8C71, 0x94D3, 0x93CF, 0x9104, 0x8124, 0x8124, 0x7124,
	0x3904, 0x0082, 0x8124, 0xC924, 0xB924, 0xD124, 0xD924, 0xD924, 0xD924, 0xD924, 0xD924, 0xD924,
	0xD124, 0xB924, 0xC924, 0x8124, 0x0082, 0x3104, 0x7124, 0x8124, 0x8124, 0x9165, 0x9471, 0x94B2,
	0x9492, 0x7BEF, 0x1082, 0x0000, 0x7BEF, 0xFFFF, 0xFFDF, 0xFFFF, 0xFFFF, 0xFFFF, 0xFFFF, 0xFFFF,
	0xFFFF, 0xFFFF, 0xFFFF, 0xFFFF, 0xFFFF, 0xFFFF, 0xFFFF, 0xFFFF, 0xE71C, 0xBDF7, 0xBDD7, 0xB596,
	0xA534, 0xA514, 0xA514, 0xA514, 0xA514, 0x9CF3, 0x9CF3, 0x9CD3, 0x9CD3, 0x9CD3, 0x9CF3, 0xA534,
	0xAD55, 0x5ACB, 0xBDD7, 0xBDF7, 0xB5B6, 0xB596, 0xAD55, 0x9CF3, 0x9CF3, 0x9CF3, 0xA514, 0x9CF3,
	0x9CD3, 0x94B2, 0x9492, 0x9CF3, 0xAD75, 0xB596, 0xE73C, 0xFFFF, 0xFFDF, 0xFFDF, 0xFFDF, 0xFFDF,
	0xFFDF, 0xFFDF, 0xFFDF, 0xFFDF, 0xFFDF, 0xFFDF, 0xFFDF, 0xFFDF, 0xFFDF, 0xFFFF, 0xCE79, 0x2104,
	0x0000, 0x0000, 0x0000, 0x18A2, 0x7945, 0x7924, 0x7124, 0x6924, 0x6924, 0x6924, 0x6124, 0x6124,
	0x6124, 0x5924, 0x5924, 0x5924, 0x6124, 0x6124, 0x6124, 0x6924, 0x6924, 0x6924, 0x6924, 0x8165,
	0x8C30, 0x8C71, 0x8CB2, 0x8BAE, 0x8104, 0x7924, 0x7924, 0x6145, 0x18A2, 0x0020, 0x7924, 0x9924,
	0x7124, 0xC124, 0xD924, 0xD924, 0xD924, 0xD924, 0xD924, 0xD924, 0xC124, 0x7124, 0x9924, 0x7924,
	0x0020, 0x18A2, 0x6145, 0x7924, 0x7924, 0x8965, 0x9451, 0x8C92, 0x9492, 0x7BEF, 0x1082, 0x0000,
	0xA514, 0xFFFF, 0xFFDF, 0xFFFF, 0xFFFF, 0xFFFF, 0xFFFF, 0xFFFF, 0xFFFF, 0xFFFF, 0xFFFF, 0xFFFF,
	0xFFFF, 0xFFFF, 0xFFFF, 0xFFFF, 0xE71C, 0xBDF7, 0xBDF7, 0xBDB6, 0xB596, 0xAD75, 0xAD34, 0xA534,
	0xA514, 0xA514, 0xA514, 0xA514, 0xA4F3, 0x9CF3, 0xA514, 0xA514, 0xB596, 0x73AE, 0xB5B6, 0xBDF7,
	0xB5B6, 0xB596, 0xAD75, 0xAD55, 0xA534, 0xA514, 0xA514, 0x9CF3, 0x9CF3, 0x9CF3, 0x9CF3, 0xA514,
	0xAD75, 0xB596, 0xE73C, 0xFFFF, 0xFFDF, 0xFFDF, 0xFFDF, 0xFFDF, 0xFFDF, 0xFFDF, 0xFFDF, 0xFFDF,
	0xFFDF, 0xFFDF, 0xFFDF, 0xFFDF, 0xFFDF, 0xFFFF, 0xDEBA, 0x2965, 0x0000, 0x0000, 0x0000, 0x0861,
	0x7124, 0x7124, 0x5124, 0x6924, 0x7124, 0x6924, 0x6124, 0x6124, 0x6124, 0x5924, 0x5924, 0x5924,
	0x5924, 0x6124, 0x6124, 0x6924, 0x7124, 0x5124, 0x4924, 0x8165, 0x8C30, 0x8C71, 0x8C92, 0x8B8E,
	0x8104, 0x7924, 0x7124, 0x5945, 0x18A2, 0x0041, 0x8124, 0xB924, 0xA124, 0xC924, 0xD924, 0xD924,
	0xD924, 0xD924, 0xD924, 0xD924, 0xC124, 0xA124, 0xB924, 0x7924, 0x0041, 0x18A2, 0x5945, 0x7124,
	0x7124, 0x8165, 0x8C10, 0x8C71, 0x8C71, 0x7BEF, 0x1082, 0x0000, 0xB5B6, 0xFFFF, 0xFFFF, 0xFFFF,
	0xFFFF, 0xFFFF, 0xFFFF, 0xFFFF, 0xFFFF, 0xFFFF, 0xFFFF, 0xFFFF, 0xFFFF, 0xFFFF, 0xFFFF, 0xFFFF,
	0xE73C, 0xBE18, 0xBE18, 0xBDD7, 0xB5B6, 0xB5B6, 0xAD75, 0xAD55, 0xA555, 0xA534, 0xA534, 0xA514,
	0xA514, 0xA514, 0xA514, 0xA534, 0xB5D7, 0x7C10, 0xB5B6, 0xBDF7, 0xB5D7, 0xB5B6, 0xAD96, 0xAD75,
	0xAD55, 0xA534, 0xA534, 0xA534, 0xA514, 0xA514, 0x9D14, 0xA534, 0xAD75, 0xB5B6, 0xE75D, 0xFFFF,
	0xFFFF, 0xFFFF, 0xFFFF, 0xFFFF, 0xFFFF, 0xFFFF, 0xFFFF, 0xFFFF, 0xFFFF, 0xFFFF, 0xFFFF, 0xFFFF,
	0xFFFF, 0xFFFF, 0xEF7D, 0x4A69, 0x0000, 0x0000, 0x0000, 0x0020, 0x5924, 0x7924, 0x4124, 0x6924,
	0x7124, 0x7124, 0x6924, 0x6124, 0x6124, 0x6124, 0x5924, 0x5924, 0x6124, 0x6125, 0x6124, 0x7124,
	0x7124, 0x5124, 0x6124, 0x8965, 0x8C30, 0x8C71, 0x8C71, 0x8B6D, 0x7904, 0x7124, 0x6924, 0x5945,
	0x18A2, 0x0041, 0x8124, 0xC924, 0xC924, 0xD124, 0xD924, 0xD924, 0xD924, 0xD924, 0xD924, 0xD924,
	0xD124, 0xC924, 0xC924, 0x8124, 0x0041, 0x18A2, 0x5945, 0x6924, 0x7124, 0x7965, 0x8C10, 0x8C71,
	0x8C71, 0x8C51, 0x2104, 0x0000, 0xB555, 0xFF9E, 0xFF7D, 0xFF9E, 0xFF9E, 0xFF9E, 0xFF9E, 0xFF9E,
	0xFF9E, 0xFF9E, 0xFF9E, 0xFF9E, 0xFF9E, 0xFF9E, 0xFF9E, 0xFF9E, 0xE6BA, 0xBDB6, 0xBD96, 0xBD96,
	0xB575, 0xB555, 0xAD34, 0xAD14, 0xAD14, 0xA4F3, 0xA4D3, 0xA4D3, 0xA4D3, 0xA4D3, 0xA4D3, 0x9CB2,
	0xBD96, 0xA4B2, 0xB555, 0xBD96, 0xB555, 0xB555, 0xAD34, 0xAD14, 0xAD14, 0xA4F3, 0xA4D3, 0xA4D3,
	0xA4D3, 0x9CB2, 0x9CB2, 0xA4D3, 0xAD14, 0xB555, 0xE6DB, 0xFF7D, 0xF75D, 0xFF7D, 0xF77D, 0xF75D,
	0xF75D, 0xF75D, 0xF75D, 0xF75D, 0xF75D, 0xF75D, 0xF77D, 0xF77D, 0xF77D, 0xFF7D, 0xEEFB, 0x4A28,
	0x0000, 0x0000, 0x0000, 0x0000, 0x4104, 0x9124, 0x7124, 0x6924, 0x7124, 0x7124, 0x6924, 0x7104,
	0x7924, 0x7965, 0x7965, 0x7145, 0x7124, 0x6903, 0x6904, 0x7124, 0x6924, 0x7124, 0x8924, 0x8965,
	0x8C51, 0x8C71, 0x8C71, 0x8B8E, 0x7904, 0x7124, 0x6924, 0x5945, 0x18A2, 0x0041, 0x8124, 0xD124,
	0xD124, 0xD124, 0xD924, 0xD924, 0xD924, 0xD924, 0xD924, 0xD924, 0xD124, 0xD124, 0xD124, 0x8124,
	0x0041, 0x18A2, 0x5945, 0x6924, 0x7124, 0x7965, 0x8C10, 0x8C71, 0x8C71, 0x8C71, 0x2945, 0x0020,
	0xA986, 0xE1A6, 0xD9A6, 0xD9A6, 0xD9A6, 0xD9A6, 0xD9A6, 0xD9A6, 0xD9A6, 0xD9A6, 0xD9A6, 0xD9A6,
	0xD9A6, 0xD9A6, 0xD9A6, 0xD9A6, 0xD186, 0xC186, 0xB986, 0xB986, 0xB165, 0xB165, 0xB165, 0xA965,
	0xA965, 0xA165, 0xA165, 0xA165, 0xA165, 0xA165, 0xA165, 0x9965, 0xB986, 0x9165, 0xA965, 0xB165,
	0xB165, 0xA965, 0xA965, 0xA965, 0xA165, 0xA165, 0xA165, 0x9965, 0x9965, 0x9965, 0x9965, 0xA165,
	0xA965, 0xB165, 0xD186, 0xD9A6, 0xD9A6, 0xD9A6, 0xD9A6, 0xD9A6, 0xD9A6, 0xD9A6, 0xD9A6, 0xD9A6,
	0xD9A6, 0xD9A6, 0xD9A6, 0xD9A6, 0xD9A6, 0xD9A6, 0xD986, 0x48E3, 0x0000, 0x0000, 0x0000, 0x0000,
	0x28C3, 0x9145, 0x8924, 0x7924, 0x7124, 0x7904, 0x7966, 0x6AED, 0x6391, 0x5BD2, 0x5BF3, 0x5BD2,
	0x6370, 0x6ACC, 0x71A7, 0x7104, 0x7124, 0x7924, 0x8924, 0x9165, 0x9451, 0x8C71, 0x8C92, 0x8B8E,
	0x7904, 0x6924, 0x6924, 0x5945, 0x18A2, 0x0041, 0x8124, 0xD124, 0xD124, 0xD924, 0xD924, 0xD924,
	0xD924, 0xD924, 0xD924, 0xD924, 0xD924, 0xD124, 0xD124, 0x8124, 0x0041, 0x18A2, 0x5945, 0x6924,
	0x6924, 0x7945, 0x8C10, 0x8C71, 0x8C71, 0x9492, 0x2924, 0x0020, 0xA924, 0xE104, 0xD104, 0xD904,
	0xD904, 0xD904, 0xD904, 0xD904, 0xD904, 0xD904, 0xD904, 0xD904, 0xD904, 0xD904, 0xD904, 0xD904,
	0xD104, 0xC104, 0xB904, 0xB904, 0xB124, 0xB124, 0xA924, 0xA924, 0xA924, 0xA124, 0xA124, 0xA124,
	0xA124, 0x9924, 0x9924, 0xA124, 0xB104, 0x7124, 0xA924, 0xB124, 0xA924, 0xA924, 0xA924, 0xA124,
	0xA124, 0xA124, 0xA124, 0x9924, 0x9924, 0x9924, 0x9924, 0x9924, 0xA924, 0xB124, 0xD104, 0xD904,
	0xD904, 0xD904, 0xD904, 0xD904, 0xD904, 0xD904, 0xD904, 0xD904, 0xD904, 0xD904, 0xD904, 0xD904,
	0xD904, 0xD904, 0xD924, 0x48E3, 0x0000, 0x0000, 0x0000, 0x0000, 0x18A2, 0x8945, 0x9124, 0x8124,
	0x7924, 0x8945, 0x6BD1, 0x5CB6, 0x5C96, 0x5C96, 0x5C96, 0x5C96, 0x5C96, 0x5C96, 0x6453, 0x726A,
	0x8104, 0x8145, 0x9124, 0x9165, 0x9471, 0x9492, 0x8CB2, 0x8B8E, 0x7904, 0x6924, 0x6924, 0x5945,
	0x18A2, 0x0041, 0x8924, 0xD124, 0xD124, 0xD924, 0xD924, 0xD924, 0xD924, 0xD924, 0xD924, 0xD924,
	0xD924, 0xD124, 0xD124, 0x8124, 0x0041, 0x20C3, 0x5945, 0x6924, 0x7124, 0x7945, 0x8C10, 0x8C92,
	0x9492, 0x94B2, 0x2924, 0x0000, 0xA945, 0xE124, 0xD924, 0xD924, 0xD924, 0xD924, 0xD924, 0xD924,
	0xD924, 0xD924, 0xD924, 0xD924, 0xD924, 0xD924, 0xD924, 0xD924, 0xD124, 0xC124, 0xB924, 0xB924,
	0xB124, 0xB124, 0xA924, 0xA924, 0xA124, 0xA124, 0xA124, 0xA124, 0x9924, 0x9924, 0x9924, 0x9924,
	0xB124, 0x7124, 0xA124, 0xB124, 0xA924, 0xA924, 0xA124, 0xA124, 0xA124, 0xA124, 0xA124, 0x9924,
	0x9924, 0x9924, 0x9924, 0x9924, 0xA924, 0xA924, 0xD124, 0xD924, 0xD924, 0xD924, 0xD924, 0xD924,
	0xD924, 0xD924, 0xD924, 0xD924, 0xD924, 0xD924, 0xD924, 0xD924, 0xD924, 0xD924, 0xC945, 0x28C3,
	0x0000, 0x0000, 0x0000, 0x0000, 0x1061, 0x8945, 0x9924, 0x8925, 0x9103, 0x830E, 0x5D18, 0x64B6,
	0x64B6, 0x64B6, 0x64B6, 0x64B6, 0x64B6, 0x64B6, 0x5CD7, 0x6494, 0x81E8, 0x9104, 0x9924, 0x9965,
	0x9C92, 0x94B2, 0x94B2, 0x8B8E, 0x7904, 0x7124, 0x6924, 0x5945, 0x20C3, 0x0041, 0x8924, 0xD124,
	0xD924, 0xD924, 0xD924, 0xD924, 0xD924, 0xD924, 0xD924, 0xD924, 0xD924, 0xD924, 0xD124, 0x8924,
	0x0041, 0x28E3, 0x5945, 0x6924, 0x7124, 0x7965, 0x8C30, 0x9492, 0x9492, 0x9CD3, 0x2945, 0x0020,
	0xA945, 0xE124, 0xD924, 0xD924, 0xD924, 0xD924, 0xD924, 0xD924, 0xD924, 0xD924, 0xD924, 0xD924,
	0xD924, 0xD924, 0xD924, 0xD924, 0xD124, 0xB924, 0xB924, 0xB124, 0xB124, 0xA924, 0xA924, 0xA924,
	0xA124, 0xA124, 0xA124, 0x9924, 0x9924, 0x9924, 0x9924, 0x9924, 0xA124, 0x6124, 0xA124, 0xA924,
	0xA924, 0xA124, 0xA124, 0xA124, 0xA124, 0x9924, 0x9924, 0x9924, 0x9924, 0x9924, 0x9924, 0x9924,
	0xA124, 0xA924, 0xD124, 0xD924, 0xD924, 0xD924, 0xD924, 0xD924, 0xD924, 0xD924, 0xD924, 0xD924,
	0xD924, 0xD924, 0xD924, 0xD924, 0xD924, 0xD924, 0xC145, 0x1882, 0x0000, 0x0000, 0x0000, 0x0000,
	0x1061, 0x8945, 0xA124, 0x9904, 0x99A7, 0x64D6, 0x5D18, 0x5D18, 0x5D18, 0x5CF8, 0x5D18, 0x5CF8,
	0x5D18, 0x5D18, 0x64F8, 0x5D38, 0x82ED, 0x98E3, 0x9924, 0xA165, 0x9CB2, 0x94D3, 0x94D3, 0x8BAE,
	0x7904, 0x7124, 0x6924, 0x5945, 0x28C3, 0x0041, 0x7924, 0xD124, 0xD924, 0xD924, 0xD924, 0xD924,
	0xD924, 0xD924, 0xD924, 0xD924, 0xD924, 0xD924, 0xD124, 0x8924, 0x0041, 0x28E3, 0x5945, 0x6924,
	0x7124, 0x7965, 0x8C30, 0x94B2, 0x94B2, 0x9CD3, 0x2945, 0x0000, 0xA945, 0xE124, 0xD924, 0xD924,
	0xD924, 0xD924, 0xD924, 0xD924, 0xD924, 0xD924, 0xD924, 0xD924, 0xD924, 0xD924, 0xD924, 0xD924,
	0xD124, 0xB924, 0xB924, 0xB124, 0xB124, 0xA924, 0xA924, 0xA924, 0xA124, 0xA124, 0xA124, 0x9924,
	0x9924, 0x9924, 0x9924, 0x9924, 0x9124, 0x4924, 0xA124, 0xA924, 0xA124, 0xA124, 0xA124, 0x9924,
	0x9924, 0x9924, 0x9924, 0x9924, 0x9924, 0x9924, 0x9924, 0x9924, 0xA124, 0xA924, 0xD124, 0xD924,
	0xD924, 0xD924, 0xD924, 0xD924, 0xD924, 0xD924, 0xD924, 0xD924, 0xD924, 0xD924, 0xD924, 0xD924,
	0xD924, 0xE124, 0xC145, 0x1882, 0x0000, 0x0000, 0x0000, 0x0000, 0x1061, 0x9145, 0xA925, 0xA0E3,
	0x928B, 0x5D59, 0x6559, 0x5D59, 0x5D59, 0x5D38, 0x5D39, 0x5D39, 0x5D59, 0x5D59, 0x6559, 0x5D59,
	0x7412, 0xA124, 0xA124, 0xA165, 0xA4D3, 0x9CF3, 0x94F3, 0x93CF, 0x8104, 0x7124, 0x6924, 0x6145,
	0x28E3, 0x0020, 0x6104, 0xD924, 0xD924, 0xD924, 0xD924, 0xD924, 0xD924, 0xD924, 0xD924, 0xD924,
	0xD924, 0xD924, 0xD924, 0x7124, 0x0041, 0x28E3, 0x6145, 0x6924, 0x7124, 0x8165, 0x9451, 0x94B2,
	0x9CD3, 0xA4F3, 0x3145, 0x0000, 0xA945, 0xE124, 0xD924, 0xD924, 0xD924, 0xD924, 0xD924, 0xD924,
	0xD924, 0xD924, 0xD924, 0xD924, 0xD924, 0xD924, 0xD924, 0xD924, 0xD124, 0xB924, 0xB924, 0xB124,
	0xB124, 0xA924, 0xA924, 0xA124, 0xA124, 0xA124, 0x9924, 0x9924, 0x9924, 0x9924, 0x9924, 0x9924,
	0x9124, 0x5124, 0xA124, 0xA924, 0xA124, 0xA124, 0x9924, 0x9924, 0x9924, 0x9924, 0x9924, 0x9124,
	0x9124, 0x9124, 0x9124, 0x9924, 0xA124, 0xA924, 0xD124, 0xD924, 0xD924, 0xD924, 0xD924, 0xD924,
	0xD924, 0xD924, 0xD924, 0xD924, 0xD924, 0xD924, 0xD924, 0xD924, 0xD924, 0xE124, 0xA124, 0x0041,
	0x0000, 0x0000, 0x0000, 0x0000, 0x1061, 0x9145, 0xA925, 0xA8E3, 0x8B2E, 0x5D79, 0x6579, 0x5D79,
	0x6559, 0x5D59, 0x5D79, 0x5D79, 0x5D79, 0x5D79, 0x5D79, 0x5D59, 0x6517, 0xA1C8, 0xA8E3, 0xA965,
	0xA4F3, 0x9CF3, 0x9D14, 0x93CF, 0x8104, 0x7924, 0x6924, 0x6124, 0x3104, 0x0020, 0x6104, 0xD924,
	0xD924, 0xD924, 0xD924, 0xD924, 0xD924, 0xD924, 0xD924, 0xD924, 0xD924, 0xD924, 0xD924, 0x6104,
	0x0020, 0x28E3, 0x6145, 0x6924, 0x7924, 0x8165, 0x9471, 0x9CD3, 0x9CF3, 0xA534, 0x3145, 0x0000,
	0xA945, 0xE124, 0xD924, 0xD924, 0xD945, 0xD924, 0xD924, 0xD924, 0xD924, 0xD924, 0xD924, 0xD924,
	0xD924, 0xD924, 0xD924, 0xD924, 0xD124, 0xB924, 0xB124, 0xB124, 0xB124, 0xA924, 0xA924, 0xA124,
	0xA124, 0x9924, 0x9924, 0x9924, 0x9924, 0x9124, 0x9124, 0x9924, 0x7924, 0x5924, 0xA924, 0xA124,
	0xA124, 0x9924, 0x9924, 0x9924, 0x9924, 0x9124, 0x9124, 0x9124, 0x9124, 0x9124, 0x9124, 0x9924,
	0xA124, 0xA124, 0xD124, 0xD924, 0xD924, 0xD924, 0xD924, 0xD924, 0xD924, 0xD924, 0xD924, 0xD924,
	0xD924, 0xD924, 0xD924, 0xD924, 0xD924, 0xE124, 0xA124, 0x0041, 0x0000, 0x0000, 0x0000, 0x0000,
	0x1082, 0x9945, 0xB124, 0xB104, 0x83D1, 0x5D99, 0x6579, 0x5D7A, 0x5D7A, 0x5D7A, 0x5D7A, 0x5D7A,
	0x5D7A, 0x5D7A, 0x5D7A, 0x5D79, 0x5D38, 0xA2AB, 0xB36D, 0xAA28, 0xACF3, 0xA534, 0x9D34, 0x9BEF,
	0x8904, 0x7924, 0x7124, 0x6124, 0x3904, 0x0041, 0x6104, 0xD924, 0xD924, 0xD924, 0xD924, 0xD924,
	0xD924, 0xD924, 0xD924, 0xD924, 0xD924, 0xD924, 0xD924, 0x6104, 0x0041, 0x3104, 0x6124, 0x7124,
	0x7924, 0x8965, 0x9C92, 0x9CF3, 0xA514, 0xAD55, 0x3165, 0x0000, 0xA945, 0xE124, 0xD924, 0xD924,
	0xD8E3, 0xD924, 0xD924, 0xD924, 0xD945, 0xD924, 0xD924, 0xD904, 0xD904, 0xD924, 0xD924, 0xD924,
	0xD124, 0xB924, 0xB124, 0xB124, 0xA924, 0xA924, 0xA124, 0xA124, 0xA124, 0x9924, 0x9924, 0x9924,
	0x9124, 0x9124, 0x9124, 0x9924, 0x7124, 0x5124, 0xA924, 0xA124, 0x9924, 0x9924, 0x9924, 0x9924,
	0x9124, 0x9124, 0x9124, 0x9124, 0x8924, 0x9124, 0x9124, 0x9124, 0x9924, 0xA124, 0xD124, 0xD924,
	0xD924, 0xD924, 0xD924, 0xD924, 0xD924, 0xD924, 0xD924, 0xD924, 0xD924, 0xD924, 0xD924, 0xD924,
	0xD924, 0xE124, 0x9124, 0x0041, 0x0000, 0x0000, 0x0000, 0x0000, 0x1061, 0x9945, 0xB124, 0xB124,
	0x7453, 0x5D99, 0x657A, 0x5D7A, 0x5D7A, 0x5D7A, 0x5D7A, 0x5D7A, 0x5D7A, 0x5D7A, 0x5D7A, 0x5D7A,
	0x5D58, 0xA2AB, 0xBBAE, 0xB249, 0xAD14, 0xA555, 0xA555, 0x9C10, 0x8904, 0x7924, 0x7124, 0x6124,
	0x3904, 0x0020, 0x5904, 0xD924, 0xD924, 0xD924, 0xD924, 0xD924, 0xD924, 0xD924, 0xD924, 0xD924,
	0xD924, 0xD924, 0xD924, 0x6104, 0x0020, 0x3904, 0x6924, 0x7124, 0x8124, 0x8965, 0x9CB2, 0xA534,
	0xA534, 0xAD75, 0x3165, 0x0000, 0xA945, 0xE124, 0xD104, 0xD986, 0xED14, 0xD965, 0xD924, 0xD924,
	0xD8E3, 0xD945, 0xD8C3, 0xE3CF, 0xEC10, 0xD8C3, 0xD945, 0xD924, 0xD124, 0xB924, 0xB124, 0xB124,
	0xA924, 0xA924, 0xA124, 0xA124, 0x9924, 0x9924, 0x9924, 0x9124, 0x9124, 0x9124, 0x9124, 0x9924,
	0x6924, 0x5124, 0xA124, 0x9924, 0x9924, 0x9924, 0x9124, 0x9124, 0x9124, 0x9124, 0x8924, 0x8924,
	0x8924, 0x8924, 0x8924, 0x9124, 0x9924, 0xA124, 0xD124, 0xD924, 0xD924, 0xD924, 0xD924, 0xD924,
	0xD924, 0xD924, 0xD924, 0xD924, 0xD924, 0xD924, 0xD924, 0xD924, 0xD124, 0xE124, 0x7904, 0x0020,
	0x0000, 0x0000, 0x0000, 0x0000, 0x1082, 0xA145, 0xB924, 0xB166, 0x6CD5, 0x5D99, 0x657A, 0x5D7A,
	0x5D7A, 0x5D7A, 0x5D7A, 0x5D7A, 0x5D7B, 0x5D7B, 0x5D7A, 0x5D9B, 0x6517, 0xB28A, 0xBC10, 0xBA49,
	0xB534, 0xAD75, 0xAD75, 0xA430, 0x9104, 0x8124, 0x7924, 0x6924, 0x4124, 0x0041, 0x38E3, 0xD145,
	0xD924, 0xD924, 0xD924, 0xD924, 0xD924, 0xD924, 0xD924, 0xD924, 0xD924, 0xD924, 0xD945, 0x50E3,
	0x0020, 0x3904, 0x6924, 0x7924, 0x8124, 0x9165, 0xA4D3, 0xA555, 0xAD55, 0xB596, 0x3165, 0x0000,
	0xA945, 0xE124, 0xD104, 0xD9C7, 0xF6FB, 0xD9A6, 0xD8C3, 0xE28A, 0xECF3, 0xD904, 0xD8A2, 0xECF3,
	0xED14, 0xD082, 0xD945, 0xD924, 0xD124, 0xB924, 0xB124, 0xA924, 0xA924, 0xA124, 0xA124, 0x9924,
	0x9924, 0x9924, 0x8924, 0x6124, 0x8124, 0x9124, 0x8924, 0x9924, 0x5924, 0x5124, 0xA124, 0x9924,
	0x9924, 0x9124, 0x9124, 0x9124, 0x8924, 0x8924, 0x8924, 0x8924, 0x8924, 0x8124, 0x8124, 0x8924,
	0x9924, 0x9924, 0xD124, 0xD924, 0xD924, 0xD924, 0xD924, 0xD924, 0xD924, 0xD924, 0xD924, 0xD924,
	0xD924, 0xD924, 0xD924, 0xD924, 0xD124, 0xE124, 0x7104, 0x0020, 0x0000, 0x0000, 0x0000, 0x0000,
	0x1082, 0xA145, 0xC104, 0xB166, 0x6D15, 0x5D99, 0x657A, 0x5D7B, 0x5D7B, 0x5D7B, 0x5D7B, 0x5D7B,
	0x5D7B, 0x5D7B, 0x5D7B, 0x5D9B, 0x6516, 0xB269, 0xBBCF, 0xBA69, 0xBD55, 0xB596, 0xAD96, 0xAC51,
	0x9904, 0x8924, 0x8124, 0x7124, 0x4924, 0x0061, 0x38C3, 0xD145, 0xD924, 0xD924, 0xD924, 0xD924,
	0xD924, 0xD924, 0xD924, 0xD924, 0xD924, 0xD924, 0xD145, 0x38E3, 0x0020, 0x3904, 0x7124, 0x8124,
	0x8924, 0x9965, 0xAD14, 0xAD75, 0xB596, 0xB5B6, 0x3165, 0x0000, 0xA945, 0xE124, 0xD104, 0xD9A6,
	0xF6BA, 0xD9C7, 0xD8A2, 0xE32C, 0xF679, 0xD8E3, 0xD0A2, 0xECB2, 0xECF3, 0xD082, 0xD945, 0xD924,
	0xD124, 0xB924, 0xB124, 0xA924, 0xA124, 0x9924, 0x9924, 0x9124, 0x9124, 0x8924, 0x7124, 0x4124,
	0x6924, 0x8924, 0x8924, 0x9124, 0x6924, 0x5124, 0xA124, 0x9924, 0x9124, 0x9124, 0x9124, 0x8924,
	0x8924, 0x8924, 0x8924, 0x8924, 0x8924, 0x8924, 0x8924, 0x8924, 0x9124, 0x9924, 0xC924, 0xD924,
	0xD924, 0xD924, 0xD924, 0xD924, 0xD924, 0xD924, 0xD924, 0xD924, 0xD924, 0xD924, 0xD924, 0xD924,
	0xD924, 0xE124, 0x8924, 0x0041, 0x0000, 0x0000, 0x0000, 0x0000, 0x1882, 0xA945, 0xC104, 0xB166,
	0x6D15, 0x5D9A, 0x657B, 0x5D7B, 0x5D7B, 0x5D7B, 0x5D7B, 0x5D7B, 0x5D7B, 0x5D7B, 0x5D7B, 0x5D9A,
	0x6516, 0xB249, 0xC3CF, 0xC28A, 0xBD75, 0xB5B6, 0xB5D7, 0xAC71, 0xA104, 0x9124, 0x8924, 0x7924,
	0x5124, 0x0041, 0x38C3, 0xD145, 0xD924, 0xD924, 0xD924, 0xD924, 0xD924, 0xD924, 0xD924, 0xD924,
	0xD924, 0xD924, 0xD145, 0x38C3, 0x0020, 0x4124, 0x7924, 0x8924, 0x9924, 0xA165, 0xAD34, 0xB5B6,
	0xB5B6, 0xBDD7, 0x3186, 0x0000, 0xA945, 0xE124, 0xD104, 0xD986, 0xF6BA, 0xD9C7, 0xD0A2, 0xE30C,
	0xF638, 0xD8E3, 0xD0A2, 0xECD3, 0xED14, 0xD082, 0xD945, 0xD924, 0xD124, 0xB924, 0xA924, 0xA924,
	0x9124, 0x5924, 0x7924, 0x8924, 0x8924, 0x8124, 0x7924, 0x7924, 0x6924, 0x7924, 0x8124, 0x9124,
	0x7124, 0x5924, 0x9924, 0x9924, 0x9124, 0x9124, 0x9124, 0x8924, 0x8924, 0x8924, 0x8924, 0x8924,
	0x8124, 0x8124, 0x8924, 0x8924, 0x9124, 0x9124, 0xC924, 0xD924, 0xD924, 0xD924, 0xD924, 0xD924,
	0xD924, 0xD924, 0xD924, 0xD924, 0xD924, 0xD924, 0xD924, 0xD924, 0xD924, 0xE124, 0x9924, 0x0041,
	0x0000, 0x0000, 0x0000, 0x0000, 0x1882, 0xA945, 0xC924, 0xB925, 0x74B4, 0x5D9A, 0x657B, 0x5D7B,
	0x5D7B, 0x5D7B, 0x5D7B, 0x5D7B, 0x5D7B, 0x5D7B, 0x657B, 0x5D79, 0x6D16, 0xB966, 0xC0E3, 0xC186,
	0xC5B6, 0xBDD7, 0xBE18, 0xB492, 0xA8E3, 0xA124, 0xA124, 0x9124, 0x6924, 0x10A2, 0x4904, 0xD924,
	0xD924, 0xD924, 0xD924, 0xD924, 0xD924, 0xD924, 0xD924, 0xD924, 0xD924, 0xD924, 0xD924, 0x48E3,
	0x10A2, 0x6924, 0x9124, 0xA124, 0xA124, 0xA965, 0xB575, 0xBDD7, 0xBDD7, 0xBDF7, 0x3986, 0x0000,
	0xA945, 0xE124, 0xD104, 0xD986, 0xF71C, 0xF6FB, 0xF69A, 0xF6FB, 0xFF9E, 0xF6BA, 0xF69A, 0xFF7D,
	0xECB2, 0xD0A2, 0xD945, 0xD924, 0xD124, 0xB124, 0xA924, 0xA124, 0x8924, 0x5924, 0x6924, 0x8124,
	0x8124, 0x8124, 0x8924, 0x8124, 0x7924, 0x7924, 0x8124, 0x8924, 0x8124, 0x6124, 0x9924, 0x9124,
	0x9124, 0x9124, 0x9124, 0x8924, 0x8924, 0x8924, 0x8124, 0x8124, 0x8124, 0x8124, 0x8124, 0x8124,
	0x8924, 0x9124, 0xC924, 0xD924, 0xD924, 0xD924, 0xD924, 0xD924, 0xD924, 0xD924, 0xD924, 0xD924,
	0xD924, 0xD924, 0xD924, 0xD924, 0xD924, 0xE124, 0xA924, 0x1082, 0x0000, 0x0000, 0x0000, 0x0000,
	0x1882, 0xA945, 0xC924, 0xC104, 0x8411, 0x5DBA, 0x655B, 0x5D7C, 0x5D7C, 0x5D7C, 0x5D7C, 0x5D7B,
	0x5D7C, 0x5D7C, 0x657B, 0x5D9A, 0x74D5, 0xC145, 0xC904, 0xC986, 0xC5D7, 0xC618, 0xBE38, 0xBCB2,
	0xB8E3, 0xB124, 0xB124, 0xB124, 0xA924, 0x9945, 0xB124, 0xD924, 0xD924, 0xD924, 0xD924, 0xD924,
	0xD924, 0xD924, 0xD924, 0xD924, 0xD924, 0xD924, 0xD924, 0xB924, 0x9945, 0xA924, 0xB124, 0xB124,
	0xB124, 0xB965, 0xBD96, 0xBE18, 0xC618, 0xC618, 0x3986, 0x0000, 0xA945, 0xE124, 0xD104, 0xD986,
	0xFF5D, 0xFFFF, 0xFFFF, 0xFFFF, 0xFFFF, 0xFFFF, 0xFFFF, 0xFFFF, 0xEC92, 0xD0A2, 0xD945, 0xD924,
	0xD124, 0xB124, 0xA124, 0x9924, 0x9924, 0x8124, 0x7124, 0x7924, 0x8124, 0x8124, 0x8924, 0x8924,
	0x7924, 0x7924, 0x8124, 0x8124, 0x8124, 0x6124, 0x9124, 0x9124, 0x8924, 0x8924, 0x8924, 0x8924,
	0x8124, 0x8124, 0x8124, 0x8124, 0x8124, 0x8124, 0x7924, 0x8124, 0x8124, 0x8924, 0xC924, 0xD924,
	0xD924, 0xD924, 0xD924, 0xD924, 0xD924, 0xD924, 0xD924, 0xD924, 0xD924, 0xD924, 0xD924, 0xD924,
	0xD924, 0xE124, 0xB945, 0x18A2, 0x0000, 0x0000, 0x0000, 0x0000, 0x1882, 0xB145, 0xC925, 0xC8E3,
	0x934F, 0x5DBA, 0x655B, 0x5D7C, 0x5D7C, 0x5D7C, 0x5D7C, 0x5D7C, 0x5D7C, 0x5D7C, 0x655B, 0x5DBB,
	0x8432, 0xC904, 0xC924, 0xC986, 0xCDF7, 0xC638, 0xC679, 0xC4D3, 0xC0E3, 0xB945, 0xC124, 0xC124,
	0xC924, 0xD124, 0xD924, 0xD924, 0xD924, 0xD924, 0xD924, 0xD924, 0xD924, 0xD924, 0xD924, 0xD924,
	0xD924, 0xD924, 0xD924, 0xD924, 0xD124, 0xC924, 0xC124, 0xC124, 0xB904, 0xB986, 0xC5D7, 0xC638,
	0xC638, 0xC638, 0x3986, 0x0000, 0xA945, 0xE124, 0xD924, 0xD945, 0xE269, 0xDA49, 0xDA28, 0xDA49,
	0xE269, 0xDA49, 0xDA28, 0xDA49, 0xD9A6, 0xD904, 0xD924, 0xD924, 0xD124, 0xA924, 0xA124, 0xA124,
	0x9924, 0x8924, 0x8124, 0x8124, 0x8124, 0x8124, 0x8924, 0x8924, 0x8124, 0x7924, 0x7924, 0x8124,
	0x8924, 0x6124, 0x8124, 0x9124, 0x8924, 0x8924, 0x8124, 0x8124, 0x8124, 0x7924, 0x7924, 0x7924,
	0x7924, 0x7924, 0x7924, 0x7924, 0x8124, 0x8124, 0xC124, 0xD924, 0xD924, 0xD924, 0xD924, 0xD924,
	0xD924, 0xD924, 0xD924, 0xD924, 0xD924, 0xD924, 0xD924, 0xD924, 0xD924, 0xD924, 0xB945, 0x28C3,
	0x0000, 0x0000, 0x0000, 0x0000, 0x1882, 0xB145, 0xD124, 0xD103, 0xB22A, 0x5D9A, 0x5D7B, 0x5D7C,
	0x5D7C, 0x5D7C, 0x5D7C, 0x5D7C, 0x657C, 0x5D7C, 0x655B, 0x5DBB, 0xAAAC, 0xD0E3, 0xC924, 0xC986,
	0xCE18, 0xCE59, 0xCE9A, 0xCCF3, 0xC0E3, 0xC145, 0xC924, 0xD124, 0xD924, 0xD924, 0xD924, 0xD924,
	0xD924, 0xD924, 0xD924, 0xD924, 0xD924, 0xD924, 0xD924, 0xD924, 0xD924, 0xD924, 0xD924, 0xD924,
	0xD924, 0xD924, 0xD124, 0xC924, 0xC104, 0xC186, 0xCDF7, 0xCE59, 0xCE59, 0xCE59, 0x3986, 0x0000,
	0xA945, 0xE124, 0xD924, 0xD924, 0xD8E3, 0xD924, 0xD924, 0xD924, 0xD8C3, 0xD904, 0xD945, 0xD945,
	0xD945, 0xD924, 0xD924, 0xD924, 0xD124, 0xA924, 0xA124, 0xA124, 0x9924, 0x8924, 0x8124, 0x8124,
	0x8124, 0x8124, 0x8124, 0x8124, 0x8124, 0x7924, 0x7924, 0x7924, 0x9124, 0x6924, 0x8124, 0x8924,
	0x8124, 0x8124, 0x8124, 0x7924, 0x7924, 0x7924, 0x7924, 0x7124, 0x7124, 0x7124, 0x7124, 0x7124,
	0x7924, 0x7924, 0xC124, 0xD924, 0xD924, 0xD924, 0xD924, 0xD924, 0xD924, 0xD924, 0xD924, 0xD924,
	0xD924, 0xD924, 0xD924, 0xD924, 0xD924, 0xD924, 0xC924, 0x38E3, 0x0000, 0x0000, 0x0000, 0x0000,
	0x1882, 0xB945, 0xD924, 0xD124, 0xD904, 0x8434, 0x5DBD, 0x655B, 0x5D7C, 0x5D7C, 0x5D7C, 0x5D7C,
	0x657C, 0x655B, 0x5D9C, 0x7497, 0xD124, 0xD124, 0xD104, 0xD186, 0xD638, 0xCE79, 0xCEBA, 0xCD14,
	0xC8E3, 0xC945, 0xD124, 0xD924, 0xD924, 0xD924, 0xD924, 0xD924, 0xD924, 0xD924, 0xD924, 0xD924,
	0xD924, 0xD924, 0xD924, 0xD924, 0xD924, 0xD924, 0xD924, 0xD924, 0xD924, 0xD924, 0xD924, 0xD124,
	0xC904, 0xC986, 0xCE18, 0xCE9A, 0xCE79, 0xCE79, 0x39A6, 0x0000, 0xA945, 0xE124, 0xD924, 0xD904,
	0xE269, 0xFF5D, 0xFF9E, 0xF679, 0xD945, 0xE3CF, 0xFFBE, 0xFFBE, 0xEC71, 0xD0A2, 0xD945, 0xD924,
	0xD124, 0xA924, 0xA124, 0x9924, 0x9924, 0x8924, 0x8924, 0x8124, 0x8124, 0x8124, 0x8124, 0x8124,
	0x8124, 0x7924, 0x7924, 0x7924, 0x9124, 0x8124, 0x7924, 0x8124, 0x7924, 0x7924, 0x7924, 0x7124,
	0x7124, 0x7124, 0x7124, 0x6924, 0x6924, 0x6924, 0x6924, 0x6924, 0x6924, 0x7124, 0xB924, 0xD924,
	0xD124, 0xD124, 0xD124, 0xD124, 0xD924, 0xD924, 0xD924, 0xD924, 0xD924, 0xD924, 0xD924, 0xD924,
	0xD924, 0xD924, 0xC924, 0x48E3, 0x0000, 0x0000, 0x0000, 0x0000, 0x1882, 0xB945, 0xD924, 0xD125,
	0xD903, 0xC1E9, 0x5D7C, 0x5D9C, 0x655B, 0x655B, 0x655B, 0x655B, 0x655B, 0x5D9C, 0x5D9C, 0xBA4A,
	0xD903, 0xD145, 0xD904, 0xD986, 0xD659, 0xD69A, 0xD6DB, 0xD534, 0xD0E3, 0xD145, 0xD924, 0xD924,
	0xD924, 0xD924, 0xD924, 0xD924, 0xD924, 0xD924, 0xD924, 0xD924, 0xD924, 0xD924, 0xD924, 0xD924,
	0xD924, 0xD924, 0xD924, 0xD924, 0xD924, 0xD924, 0xD924, 0xD924, 0xD104, 0xD186, 0xD638, 0xD6BA,
	0xD69A, 0xD69A, 0x39A6, 0x0000, 0xA945, 0xE124, 0xD104, 0xD986, 0xFF3C, 0xFFDF, 0xFFBE, 0xFFBE,
	0xFF9E, 0xFFDF, 0xFF9E, 0xFFBE, 0xEC71, 0xD0A2, 0xD945, 0xD924, 0xD124, 0xA924, 0xA124, 0x9924,
	0x9124, 0x8924, 0x8924, 0x8924, 0x8124, 0x8124, 0x8124, 0x8124, 0x8124, 0x7924, 0x7924, 0x7924,
	0x9124, 0x8924, 0x7124, 0x7124, 0x7124, 0x7124, 0x6924, 0x6924, 0x6945, 0x6145, 0x6145, 0x5945,
	0x5945, 0x5945, 0x5945, 0x5945, 0x6145, 0x6924, 0xB124, 0xD124, 0xC924, 0xC924, 0xD124, 0xD124,
	0xD124, 0xD924, 0xD924, 0xD924, 0xD924, 0xD924, 0xD924, 0xD924, 0xD924, 0xD924, 0xC124, 0x5904,
	0x0000, 0x0000, 0x0000, 0x0000, 0x1882, 0xB945, 0xD924, 0xD924, 0xD925, 0xD903, 0xAACD, 0x655B,
	0x55BD, 0x55BD, 0x55BD, 0x55BD, 0x5DBD, 0x6D1A, 0xAAAC, 0xD8E3, 0xD925, 0xD924, 0xD904, 0xD986,
	0xDE79, 0xD6BA, 0xD6FB, 0xD555, 0xD8E3, 0xD945, 0xD924, 0xD924, 0xD924, 0xD924, 0xD924, 0xD924,
	0xD924, 0xD924, 0xD924, 0xD924, 0xD924, 0xD924, 0xD924, 0xD924, 0xD924, 0xD924, 0xD924, 0xD924,
	0xD924, 0xD924, 0xD924, 0xD924, 0xD904, 0xD986, 0xDE79, 0xD6DB, 0xD6BA, 0xD6BA, 0x39A6, 0x0000,
	0xA945, 0xE124, 0xD104, 0xD9A6, 0xFF1C, 0xDA08, 0xD8E3, 0xE2CB, 0xFFFF, 0xF555, 0xD904, 0xD965,
	0xD945, 0xD924, 0xD924, 0xD924, 0xD124, 0xA924, 0xA124, 0x9924, 0x9124, 0x8924, 0x8924, 0x8124,
	0x8124, 0x8124, 0x8124, 0x8124, 0x8124, 0x7924, 0x7924, 0x7924, 0x9924, 0xA124, 0x5124, 0x5124,
	0x4924, 0x4124, 0x3904, 0x30E3, 0x28E3, 0x20C3, 0x18A2, 0x18A2, 0x18A2, 0x18A2, 0x18A2, 0x18A2,
	0x28E3, 0x4124, 0xA145, 0xC145, 0xB945, 0xB945, 0xB945, 0xC145, 0xC145, 0xC145, 0xC145, 0xC945,
	0xC945, 0xD145, 0xD924, 0xD924, 0xE124, 0xE124, 0xB945, 0x4904, 0x0000, 0x0000, 0x0000, 0x0000,
	0x1882, 0xC145, 0xD924, 0xD924, 0xD924, 0xD924, 0xE103, 0xC9A7, 0xA2EE, 0x9B50, 0x9B50, 0x9B50,
	0xAACD, 0xD186, 0xE0E3, 0xD924, 0xD924, 0xD924, 0xD904, 0xD986, 0xDE79, 0xDEDB, 0xDF1C, 0xDD75,
	0xD8E3, 0xD945, 0xD924, 0xD924, 0xD924, 0xD924, 0xD924, 0xD924, 0xD924, 0xD924, 0xD924, 0xD924,
	0xD924, 0xD924, 0xD924, 0xD924, 0xD924, 0xD924, 0xD924, 0xD924, 0xD924, 0xD924, 0xD924, 0xD924,
	0xD904, 0xD986, 0xDE9A, 0xDEFB, 0xDEDB, 0xDEBA, 0x41A6, 0x0000, 0xA945, 0xE124, 0xD104, 0xD986,
	0xFEDB, 0xE28A, 0xD965, 0xE38E, 0xF6BA, 0xD9E7, 0xD9E7, 0xDA08, 0xD986, 0xD924, 0xD924, 0xD924,
	0xD124, 0xA924, 0xA124, 0x9924, 0x9124, 0x8924, 0x8924, 0x8124, 0x8124, 0x8124, 0x8124, 0x8124,
	0x8124, 0x7924, 0x7924, 0x7924, 0x9924, 0x9124, 0x0882, 0x0841, 0x0041, 0x0020, 0x0020, 0x0000,
	0x0000, 0x0000, 0x0000, 0x0000, 0x0000, 0x0000, 0x0000, 0x0000, 0x0000, 0x0041, 0x28C3, 0x30C3,
	0x30C3, 0x30C3, 0x30C3, 0x30C3, 0x30C3, 0x30C3, 0x30C3, 0x38C3, 0x38C3, 0x48E3, 0x6104, 0x6104,
	0x6904, 0x8924, 0x5904, 0x0882, 0x0000, 0x0000, 0x0000, 0x0000, 0x1882, 0xC145, 0xD924, 0xD924,
	0xD924, 0xD924, 0xD925, 0xD904, 0xE0E3, 0xE0E3, 0xE0E3, 0xE0E3, 0xE0E3, 0xD924, 0xD945, 0xD924,
	0xD924, 0xD924, 0xD904, 0xD986, 0xDE9A, 0xDEFB, 0xDF3C, 0xDD75, 0xD8E3, 0xD945, 0xD924, 0xD924,
	0xD924, 0xD924, 0xD924, 0xD924, 0xD924, 0xD924, 0xD924, 0xD924, 0xD924, 0xD924, 0xD924, 0xD924,
	0xD924, 0xD924, 0xD924, 0xD924, 0xD924, 0xD924, 0xD924, 0xD924, 0xD904, 0xD986, 0xDE9A, 0xDF1C,
	0xDEFB, 0xDEDB, 0x41A6, 0x0000, 0xA945, 0xE124, 0xD904, 0xD965, 0xFF7D, 0xFFFF, 0xFFFF, 0xFFFF,
	0xFFFF, 0xFFFF, 0xFFFF, 0xFFFF, 0xECB2, 0xD0A2, 0xD945, 0xD924, 0xD124, 0xA924, 0xA124, 0x9924,
	0x9124, 0x8924, 0x8924, 0x8924, 0x8124, 0x8124, 0x8124, 0x8124, 0x8124, 0x7924, 0x7924, 0x7924,
	0x9924, 0x8924, 0x0020, 0x0000, 0x0000, 0x0000, 0x0000, 0x0000, 0x0000, 0x0000, 0x0000, 0x0000,
	0x0000, 0x0000, 0x0000, 0x0000, 0x0000, 0x0000, 0x0000, 0x0000, 0x0000, 0x0000, 0x0000, 0x0000,
	0x0000, 0x0000, 0x0000, 0x0000, 0x0000, 0x0000, 0x0000, 0x0000, 0x0020, 0x0041, 0x0020, 0x0000,
	0x0000, 0x0000, 0x0000, 0x0000, 0x1882, 0xC145, 0xD924, 0xD924, 0xD924, 0xD924, 0xD924, 0xD924,
	0xD945, 0xD945, 0xD945, 0xD945, 0xD945, 0xD924, 0xD924, 0xD924, 0xD924, 0xD924, 0xD904, 0xD986,
	0xE6BA, 0xDF1C, 0xE75D, 0xDD96, 0xD8E3, 0xD945, 0xD924, 0xD924, 0xD924, 0xD924, 0xD924, 0xD924,
	0xD924, 0xD924, 0xD924, 0xD924, 0xD924, 0xD924, 0xD924, 0xD924, 0xD924, 0xD924, 0xD924, 0xD924,
	0xD924, 0xD924, 0xD924, 0xD924, 0xD904, 0xD986, 0xE6BA, 0xDF1C, 0xE71C, 0xDEFB, 0x41A6, 0x0000,
	0xA945, 0xE124, 0xD904, 0xD965, 0xF69A, 0xFF1C, 0xFF1C, 0xFF1C, 0xFF1C, 0xFF1C, 0xFEFB, 0xFF1C,
	0xEC30, 0xD8C3, 0xD945, 0xD924, 0xD124, 0xA924, 0xA124, 0x9924, 0x9124, 0x8924, 0x8924, 0x8124,
	0x8124, 0x8124, 0x8124, 0x8124, 0x7924, 0x7924, 0x7924, 0x7924, 0x9924, 0x8924, 0x0041, 0x0000,
	0x0000, 0x0000, 0x0000, 0x0000, 0x0000, 0x0000, 0x0000, 0x0000, 0x0000, 0x0000, 0x0000, 0x0000,
	0x0000, 0x0000, 0x0000, 0x0000, 0x0000, 0x0000, 0x0000, 0x0000, 0x0000, 0x0000, 0x0000, 0x0000,
	0x0000, 0x0000, 0x0000, 0x0000, 0x0000, 0x0000, 0x0000, 0x0000, 0x0000, 0x0000, 0x0000, 0x0000,
	0x1882, 0xC145, 0xD924, 0xD924, 0xD924, 0xD924, 0xD924, 0xD924, 0xD924, 0xD924, 0xD924, 0xD924,
	0xD924, 0xD924, 0xD924, 0xD924, 0xD924, 0xD924, 0xD904, 0xD986, 0xE6BA, 0xE71C, 0xE77D, 0xE596,
	0xD8E3, 0xD945, 0xD924, 0xD924, 0xD924, 0xD924, 0xD924, 0xD924, 0xD924, 0xD924, 0xD924, 0xD924,
	0xD924, 0xD924, 0xD924, 0xD924, 0xD924, 0xD924, 0xD924, 0xD924, 0xD924, 0xD924, 0xD924, 0xD924,
	0xD904, 0xD986, 0xE6DB, 0xE73C, 0xE71C, 0xE71C, 0x41A6, 0x0000, 0xA945, 0xE124, 0xD924, 0xD924,
	0xD965, 0xD945, 0xD945, 0xD945, 0xD945, 0xD945, 0xD945, 0xD965, 0xD945, 0xD924, 0xD924, 0xD924,
	0xD124, 0xA924, 0x9924, 0x9924, 0x9124, 0x8924, 0x8924, 0x8124, 0x8124, 0x8124, 0x8124, 0x8124,
	0x8124, 0x7924, 0x7924, 0x7924, 0x9924, 0x8924, 0x0020, 0x0000, 0x0000, 0x0000, 0x0000, 0x0000,
	0x0000, 0x0000, 0x0000, 0x0000, 0x0000, 0x0000, 0x0000, 0x0000, 0x0000, 0x0000, 0x0000, 0x0000,
	0x0000, 0x0000, 0x0000, 0x0000, 0x0000, 0x0000, 0x0000, 0x0000, 0x0000, 0x0000, 0x0000, 0x0000,
	0x0000, 0x0000, 0x0000, 0x0000, 0x0000, 0x0000, 0x0000, 0x0000, 0x1882, 0xC145, 0xD924, 0xD924,
	0xD924, 0xD924, 0xD924, 0xD924, 0xD924, 0xD924, 0xD924, 0xD924, 0xD924, 0xD924, 0xD924, 0xD924,
	0xD924, 0xD924, 0xD904, 0xD986, 0xE6BA, 0xE73C, 0xE77D, 0xE5B6, 0xD8E3, 0xD945, 0xD924, 0xD924,
	0xD924, 0xD924, 0xD924, 0xD924, 0xD924, 0xD924, 0xD924, 0xD924, 0xD924, 0xD924, 0xD924, 0xD924,
	0xD924, 0xD924, 0xD924, 0xD924, 0xD924, 0xD924, 0xD924, 0xD924, 0xD904, 0xD986, 0xE6DB, 0xE73C,
	0xE73C, 0xE71C, 0x41C7, 0x0000, 0xA945, 0xE124, 0xD924, 0xD924, 0xD8C3, 0xD924, 0xD945, 0xD924,
	0xD924, 0xD924, 0xD945, 0xD8E3, 0xD8E3, 0xD924, 0xD924, 0xD924, 0xD124, 0xA924, 0x9924, 0x9924,
	0x9124, 0x8924, 0x8924, 0x8924, 0x8124, 0x8124, 0x8124, 0x8124, 0x8124, 0x7924, 0x7924, 0x7924,
	0x9924, 0x8924, 0x0020, 0x0000, 0x0000, 0x0000, 0x0000, 0x0000, 0x0000, 0x0000, 0x0000, 0x0000,
	0x0000, 0x0000, 0x0000, 0x0000, 0x0000, 0x0000, 0x0000, 0x0000, 0x0000, 0x0000, 0x0000, 0x0000,
	0x0000, 0x0000, 0x0000, 0x0000, 0x0000, 0x0000, 0x0000, 0x0000, 0x0000, 0x0000, 0x0000, 0x0000,
	0x0000, 0x0000, 0x0000, 0x0000, 0x1882, 0xC145, 0xD924, 0xD924, 0xD924, 0xD924, 0xD924, 0xD924,
	0xD924, 0xD924, 0xD924, 0xD924, 0xD924, 0xD924, 0xD924, 0xD924, 0xD924, 0xD924, 0xD904, 0xD986,
	0xE6DB, 0xE73C, 0xE77D, 0xE5B6, 0xD8E3, 0xD945, 0xD924, 0xD924, 0xD924, 0xD924, 0xD924, 0xD924,
	0xD924, 0xD924, 0xD924, 0xD924, 0xD924, 0xD924, 0xD924, 0xD924, 0xD924, 0xD924, 0xD924, 0xD924,
	0xD924, 0xD924, 0xD924, 0xD924, 0xD904, 0xD986, 0xE6DB, 0xE75D, 0xE73C, 0xE71C, 0x41C7, 0x0000,
	0xA945, 0xE124, 0xD924, 0xD945, 0xE2AA, 0xD8E3, 0xD8C3, 0xD8C3, 0xD8C3, 0xD8E3, 0xD0A2, 0xD9E7,
	0xE228, 0xD904, 0xD924, 0xD924, 0xD124, 0xA124, 0x9924, 0x9924, 0x9124, 0x8924, 0x8924, 0x8124,
	0x8124, 0x8124, 0x8124, 0x8124, 0x7924, 0x7924, 0x7924, 0x7124, 0x9924, 0x8924, 0x0020, 0x0000,
	0x0000, 0x0000, 0x0000, 0x0000, 0x0000, 0x0000, 0x0000, 0x0000, 0x0000, 0x0000, 0x0000, 0x0000,
	0x0000, 0x0000, 0x0000, 0x0000, 0x0000, 0x0000, 0x0000, 0x0000, 0x0000, 0x0000, 0x0000, 0x0000,
	0x0000, 0x0000, 0x0000, 0x0000, 0x0000, 0x0000, 0x0000, 0x0000, 0x0000, 0x0000, 0x0000, 0x0000,
	0x1882, 0xC145, 0xD924, 0xD924, 0xD924, 0xD924, 0xD924, 0xD924, 0xD924, 0xD924, 0xD924, 0xD924,
	0xD924, 0xD924, 0xD924, 0xD924, 0xD924, 0xD924, 0xD904, 0xD986, 0xE6DB, 0xE75D, 0xEF9E, 0xE5B6,
	0xD8E3, 0xD945, 0xD924, 0xD924, 0xD924, 0xD924, 0xD924, 0xD924, 0xD924, 0xD924, 0xD924, 0xD924,
	0xD924, 0xD924, 0xD924, 0xD924, 0xD924, 0xD924, 0xD924, 0xD924, 0xD924, 0xD924, 0xD924, 0xD924,
	0xD904, 0xD986, 0xE6DB, 0xE75D, 0xE73C, 0xE71C, 0x41C7, 0x0000, 0x9124, 0xE124, 0xD104, 0xD9C7,
	0xFF5D, 0xE32C, 0xE2AA, 0xE2EB, 0xE2CB, 0xE2EB, 0xE249, 0xF5B6, 0xED34, 0xD082, 0xD945, 0xD924,
	0xD124, 0xA124, 0x9924, 0x9924, 0x9124, 0x8924, 0x8924, 0x8124, 0x8124, 0x8124, 0x8124, 0x8124,
	0x8124, 0x7924, 0x7924, 0x7124, 0x9924, 0x8924, 0x0020, 0x0000, 0x0000, 0x0000, 0x0000, 0x0000,
	0x0000, 0x0000, 0x0000, 0x0000, 0x0000, 0x0000, 0x0000, 0x0000, 0x0000, 0x0000, 0x0000, 0x0000,
	0x0000, 0x0000, 0x0000, 0x0000, 0x0000, 0x0000, 0x0000, 0x0000, 0x0000, 0x0000, 0x0000, 0x0000,
	0x0000, 0x0000, 0x0000, 0x0000, 0x0000, 0x0000, 0x0000, 0x0000, 0x1882, 0xC145, 0xD924, 0xD924,
	0xD924, 0xD924, 0xD924, 0xD924, 0xD924, 0xD924, 0xD924, 0xD924, 0xD924, 0xD924, 0xD924, 0xD924,
	0xD924, 0xD924, 0xD904, 0xD986, 0xEEFB, 0xEF5D, 0xEF9E, 0xE5B6, 0xD8E3, 0xD945, 0xD924, 0xD924,
	0xD924, 0xD924, 0xD924, 0xD924, 0xD924, 0xD924, 0xD924, 0xD924, 0xD924, 0xD924, 0xD924, 0xD924,
	0xD924, 0xD924, 0xD924, 0xD924, 0xD924, 0xD924, 0xD924, 0xD924, 0xD904, 0xD986, 0xEEFB, 0xEF7D,
	0xEF5D, 0xE73C, 0x41C7, 0x0000, 0x7924, 0xE145, 0xD104, 0xD965, 0xFF5D, 0xFFFF, 0xFFFF, 0xFFFF,
	0xFFFF, 0xFFFF, 0xFFFF, 0xFFFF, 0xEC71, 0xD0A2, 0xD945, 0xD924, 0xD124, 0xA924, 0xA124, 0x9924,
	0x9124, 0x8924, 0x8924, 0x8924, 0x8124, 0x8124, 0x8124, 0x8124, 0x8124, 0x7924, 0x7924, 0x7924,
	0x9924, 0x8924, 0x0041, 0x0000, 0x0000, 0x0000, 0x0000, 0x0000, 0x0000, 0x0000, 0x0000, 0x0000,
	0x0000, 0x0000, 0x0000, 0x0000, 0x0000, 0x0000, 0x0000, 0x0000, 0x0000, 0x0000, 0x0000, 0x0000,
	0x0000, 0x0000, 0x0000, 0x0000, 0x0000, 0x0000, 0x0000, 0x0000, 0x0000, 0x0000, 0x0000, 0x0000,
	0x0000, 0x0000, 0x0000, 0x0000, 0x1882, 0xC145, 0xD924, 0xD924, 0xD924, 0xD924, 0xD924, 0xD924,
	0xD924, 0xD924, 0xD924, 0xD924, 0xD924, 0xD924, 0xD924, 0xD924, 0xD924, 0xD924, 0xD904, 0xD986,
	0xEEFB, 0xEF5D, 0xEFBE, 0xE5D7, 0xD8E3, 0xD945, 0xD924, 0xD924, 0xD924, 0xD924, 0xD924, 0xD924,
	0xD924, 0xD924, 0xD924, 0xD924, 0xD924, 0xD924, 0xD924, 0xD924, 0xD924, 0xD924, 0xD924, 0xD924,
	0xD924, 0xD924, 0xD924, 0xD924, 0xD904, 0xD986, 0xEEFB, 0xEF7D, 0xEF5D, 0xE73C, 0x41C7, 0x0000,
	0x7924, 0xE145, 0xD104, 0xD986, 0xFF7D, 0xF618, 0xF5D7, 0xF5D7, 0xF5D7, 0xF5F7, 0xF596, 0xFF5D,
	0xECF3, 0xD0A2, 0xD945, 0xD924, 0xD124, 0xA924, 0xA124, 0x9924, 0x9124, 0x8924, 0x8924, 0x8124,
	0x8124, 0x8124, 0x8124, 0x8124, 0x8124, 0x7924, 0x7924, 0x7924, 0x9924, 0x8924, 0x0020, 0x0000,
	0x0000, 0x0000, 0x0000, 0x0000, 0x0000, 0x0000, 0x0000, 0x0000, 0x0000, 0x0000, 0x0000, 0x0000,
	0x0000, 0x0000, 0x0000, 0x0020, 0x0000, 0x0000, 0x0000, 0x0000, 0x0000, 0x0000, 0x0000, 0x0020,
	0x0020, 0x0041, 0x0041, 0x1082, 0x1882, 0x20A2, 0x20A2, 0x0020, 0x0000, 0x0000, 0x0000, 0x0000,
	0x1882, 0xC145, 0xD924, 0xD924, 0xD924, 0xD924, 0xD924, 0xD924, 0xD924, 0xD924, 0xD924, 0xD924,
	0xD924, 0xD924, 0xD924, 0xD924, 0xD924, 0xD924, 0xD904, 0xD986, 0xEEFB, 0xEF7D, 0xEFBE, 0xEDD7,
	0xD8E3, 0xD945, 0xD924, 0xD924, 0xD924, 0xD924, 0xD924, 0xD924, 0xD924, 0xD924, 0xD924, 0xD924,
	0xD924, 0xD924, 0xD924, 0xD924, 0xD924, 0xD924, 0xD924, 0xD924, 0xD924, 0xD924, 0xD924, 0xD924,
	0xD904, 0xD986, 0xEF1C, 0xEF7D, 0xEF5D, 0xEF5D, 0x41C7, 0x0000, 0x7924, 0xE124, 0xD104, 0xD965,
	0xED14, 0xD945, 0xD0A2, 0xD8E3, 0xD8C3, 0xD8E3, 0xD061, 0xE38E, 0xEBCF, 0xD8C3, 0xD945, 0xD924,
	0xD124, 0xA924, 0xA124, 0x9924, 0x9124, 0x8924, 0x8924, 0x8924, 0x8124, 0x8124, 0x8124, 0x8124,
	0x8124, 0x7924, 0x7924, 0x7924, 0x9924, 0x8924, 0x0882, 0x0841, 0x0020, 0x0020, 0x0020, 0x0000,
	0x0000, 0x0000, 0x0000, 0x0000, 0x0000, 0x0000, 0x0000, 0x0000, 0x0000, 0x0861, 0x38E3, 0x5904,
	0x5104, 0x5104, 0x5904, 0x5904, 0x5904, 0x5904, 0x6104, 0x6104, 0x8124, 0x8924, 0x9124, 0xB145,
	0xB945, 0xC945, 0xA145, 0x3904, 0x0000, 0x0000, 0x0000, 0x0000, 0x1882, 0xC945, 0xD924, 0xD924,
	0xD924, 0xD924, 0xD924, 0xD924, 0xD924, 0xD924, 0xD924, 0xD924, 0xD924, 0xD924, 0xD924, 0xD924,
	0xD924, 0xD924, 0xD904, 0xD986, 0xEEFB, 0xEF7D, 0xEFBE, 0xEDD7, 0xD8E3, 0xD945, 0xD924, 0xD924,
	0xD924, 0xD924, 0xD924, 0xD924, 0xD924, 0xD924, 0xD924, 0xD924, 0xD924, 0xD924, 0xD924, 0xD924,
	0xD924, 0xD924, 0xD924, 0xD924, 0xD924, 0xD924, 0xD924, 0xD924, 0xD904, 0xD986, 0xEF1C, 0xEF9E,
	0xEF7D, 0xEF5D, 0x41C7, 0x0000, 0x7924, 0xE124, 0xD124, 0xD924, 0xD8E3, 0xD924, 0xD945, 0xD945,
	0xD945, 0xD945, 0xD945, 0xD904, 0xD8E3, 0xD924, 0xD924, 0xD924, 0xD124, 0xA924, 0xA124, 0x9924,
	0x9124, 0x8924, 0x8924, 0x8924, 0x8124, 0x8124, 0x8124, 0x8124, 0x8124, 0x7924, 0x7924, 0x7924,
	0x9124, 0xA924, 0x5924, 0x5124, 0x4924, 0x4104, 0x4104, 0x3104, 0x28E3, 0x28E3, 0x28E3, 0x28E3,
	0x28E3, 0x28E3, 0x28E3, 0x28E3, 0x3104, 0x4924, 0x9145, 0xD124, 0xC924, 0xC124, 0xC924, 0xC924,
	0xD124, 0xD124, 0xD924, 0xD924, 0xD924, 0xE124, 0xE124, 0xD924, 0xD924, 0xE124, 0xC924, 0x6924,
	0x0000, 0x0000, 0x0000, 0x0000, 0x1882, 0xC945, 0xD924, 0xD924, 0xD924, 0xD924, 0xD924, 0xD924,
	0xD924, 0xD924, 0xD924, 0xD924, 0xD924, 0xD924, 0xD924, 0xD924, 0xD924, 0xD924, 0xD904, 0xD986,
	0xEF1C, 0xEF7D, 0xEFBE, 0xEDD7, 0xD8E3, 0xD945, 0xD924, 0xD924, 0xD924, 0xD924, 0xD924, 0xD924,
	0xD924, 0xD924, 0xD924, 0xD924, 0xD924, 0xD924, 0xD924, 0xD924, 0xD924, 0xD924, 0xD924, 0xD924,
	0xD924, 0xD924, 0xD924, 0xD924, 0xD904, 0xD986, 0xEF1C, 0xEF9E, 0xEF7D, 0xEF5D, 0x49C7, 0x0000,
	0x7924, 0xE124, 0xD124, 0xD924, 0xD8E3, 0xD924, 0xD924, 0xD924, 0xD945, 0xD924, 0xD924, 0xD924,
	0xD924, 0xD924, 0xD924, 0xD924, 0xD124, 0xA924, 0xA124, 0xA124, 0x9124, 0x8924, 0x8924, 0x8924,
	0x8124, 0x8124, 0x8124, 0x8124, 0x8124, 0x7924, 0x7924, 0x7924, 0x9124, 0x9924, 0x7124, 0x7124,
	0x7124, 0x7124, 0x6924, 0x6924, 0x6945, 0x6945, 0x6145, 0x6145, 0x6145, 0x6145, 0x6145, 0x6145,
	0x6124, 0x6124, 0x9924, 0xD124, 0xC924, 0xC924, 0xC924, 0xD124, 0xD124, 0xD124, 0xD924, 0xD924,
	0xD924, 0xD924, 0xD924, 0xD924, 0xD924, 0xD924, 0xD124, 0x6104, 0x0000, 0x0000, 0x0000, 0x0000,
	0x1882, 0xC945, 0xD924, 0xD924, 0xD924, 0xD924, 0xD924, 0xD924, 0xD924, 0xD924, 0xD924, 0xD924,
	0xD924, 0xD924, 0xD924, 0xD924, 0xD924, 0xD924, 0xD904, 0xD986, 0xEF1C, 0xEF7D, 0xEFDF, 0xEDD7,
	0xD8E3, 0xD945, 0xD924, 0xD924, 0xD924, 0xD924, 0xD924, 0xD924, 0xD924, 0xD924, 0xD924, 0xD924,
	0xD924, 0xD924, 0xD924, 0xD924, 0xD924, 0xD924, 0xD924, 0xD924, 0xD924, 0xD924, 0xD924, 0xD924,
	0xD904, 0xD986, 0xEF1C, 0xEF9E, 0xEF7D, 0xEF5D, 0x49C7, 0x0000, 0x7924, 0xE145, 0xD104, 0xD986,
	0xECD3, 0xD965, 0xD924, 0xD904, 0xD8E3, 0xD924, 0xD924, 0xD924, 0xD924, 0xD924, 0xD924, 0xD924,
	0xD124, 0xA924, 0xA124, 0xA124, 0x9924, 0x8924, 0x8924, 0x8124, 0x8124, 0x8124, 0x8124, 0x8124,
	0x8124, 0x7924, 0x7924, 0x7924, 0x9924, 0x8924, 0x7924, 0x8124, 0x7924, 0x7924, 0x7924, 0x7124,
	0x7124, 0x7124, 0x7124, 0x6924, 0x6924, 0x6924, 0x6924, 0x6924, 0x7124, 0x7124, 0xA924, 0xD924,
	0xD124, 0xD124, 0xD124, 0xD924, 0xD924, 0xD924, 0xD924, 0xD924, 0xD924, 0xD924, 0xD924, 0xD924,
	0xD924, 0xD924, 0xD124, 0x6104, 0x0000, 0x0000, 0x0000, 0x0000, 0x1882, 0xC145, 0xD924, 0xD924,
	0xD924, 0xD924, 0xD924, 0xD924, 0xD924, 0xD924, 0xD924, 0xD924, 0xD924, 0xD924, 0xD924, 0xD924,
	0xD924, 0xD924, 0xD904, 0xD986, 0xEF1C, 0xEF7D, 0xF7DF, 0xEDF7, 0xD8E3, 0xD945, 0xD924, 0xD924,
	0xD924, 0xD924, 0xD924, 0xD924, 0xD924, 0xD924, 0xD924, 0xD924, 0xD924, 0xD924, 0xD924, 0xD924,
	0xD924, 0xD924, 0xD924, 0xD924, 0xD924, 0xD924, 0xD924, 0xD924, 0xD904, 0xD986, 0xEF1C, 0xEF9E,
	0xEF7D, 0xEF5D, 0x49C7, 0x0000, 0x7924, 0xE145, 0xD104, 0xD9C7, 0xFF3C, 0xD9A6, 0xD8C3, 0xE28A,
	0xECD3, 0xD8E3, 0xD924, 0xD924, 0xD924, 0xD924, 0xD924, 0xD924, 0xD124, 0xA924, 0xA124, 0xA124,
	0x9924, 0x8924, 0x8124, 0x8124, 0x8124, 0x8124, 0x8124, 0x8124, 0x8124, 0x7924, 0x7924, 0x7924,
	0x9124, 0x8924, 0x8124, 0x8924, 0x8124, 0x8124, 0x8124, 0x7924, 0x7924, 0x7924, 0x7924, 0x7124,
	0x7124, 0x7124, 0x7124, 0x7124, 0x7924, 0x7924, 0xB124, 0xD924, 0xD924, 0xD924, 0xD924, 0xD924,
	0xD924, 0xD924, 0xD924, 0xD924, 0xD924, 0xD924, 0xD924, 0xD924, 0xD924, 0xD924, 0xD124, 0x40E3,
	0x0000, 0x0000, 0x0000, 0x0000, 0x20A2, 0xC945, 0xD924, 0xD924, 0xD924, 0xD924, 0xD924, 0xD924,
	0xD924, 0xD924, 0xD924, 0xD924, 0xD924, 0xD924, 0xD924, 0xD924, 0xD924, 0xD924, 0xD904, 0xD986,
	0xEF1C, 0xEF9E, 0xF7DF, 0xEDD7, 0xD8E3, 0xD945, 0xD924, 0xD924, 0xD924, 0xD924, 0xD924, 0xD924,
	0xD924, 0xD924, 0xD924, 0xD924, 0xD924, 0xD924, 0xD924, 0xD924, 0xD924, 0xD924, 0xD924, 0xD924,
	0xD924, 0xD924, 0xD924, 0xD924, 0xD904, 0xD986, 0xEF1C, 0xEF9E, 0xEF7D, 0xEF5D, 0x49C7, 0x0000,
	0x7924, 0xE145, 0xD104, 0xD9A6, 0xF6FB, 0xD9C7, 0xD0A2, 0xE32C, 0xFEBA, 0xD8E3, 0xD945, 0xD945,
	0xD924, 0xD924, 0xD924, 0xD924, 0xD124, 0xA924, 0xA124, 0x9924, 0x9924, 0x8924, 0x7924, 0x8124,
	0x8124, 0x8124, 0x8924, 0x8924, 0x8124, 0x7924, 0x8124, 0x8124, 0x9124, 0x6924, 0x8124, 0x9124,
	0x8924, 0x8924, 0x8124, 0x8124, 0x8124, 0x7924, 0x7924, 0x7924, 0x7924, 0x7924, 0x7924, 0x7924,
	0x8124, 0x8124, 0xB124, 0xD924, 0xD924, 0xD924, 0xD924, 0xD924, 0xD924, 0xD924, 0xD924, 0xD924,
	0xD924, 0xD924, 0xD924, 0xD924, 0xD924, 0xD924, 0xD124, 0x40E3, 0x0000, 0x0000, 0x0000, 0x0000,
	0x40C3, 0xD945, 0xD924, 0xD924, 0xD924, 0xD924, 0xD924, 0xD924, 0xD924, 0xD924, 0xD924, 0xD924,
	0xD924, 0xD924, 0xD924, 0xD924, 0xD924, 0xD924, 0xD904, 0xD986, 0xEF1C, 0xF79E, 0xF7DF, 0xEDD7,
	0xD8E3, 0xD945, 0xD924, 0xD924, 0xD924, 0xD924, 0xD924, 0xD924, 0xD924, 0xD924, 0xD924, 0xD924,
	0xD924, 0xD924, 0xD924, 0xD924, 0xD924, 0xD924, 0xD924, 0xD924, 0xD924, 0xD924, 0xD924, 0xD924,
	0xD904, 0xD986, 0xEF1C, 0xEF9E, 0xEF7D, 0xEF5D, 0x49C7, 0x0000, 0x7924, 0xE145, 0xD104, 0xD986,
	0xF6DB, 0xD986, 0xD041, 0xE2CB, 0xF638, 0xD082, 0xD8E3, 0xD8E3, 0xD904, 0xD924, 0xD924, 0xD924,
	0xD124, 0xB124, 0xA124, 0x9924, 0x9124, 0x8124, 0x7124, 0x7924, 0x8124, 0x8124, 0x8924, 0x8924,
	0x7924, 0x7924, 0x8124, 0x8124, 0x9124, 0x6924, 0x8924, 0x9124, 0x9124, 0x8924, 0x8924, 0x8924,
	0x8124, 0x8124, 0x8124, 0x8124, 0x8124, 0x7924, 0x8124, 0x8124, 0x8924, 0x8924, 0xB924, 0xD924,
	0xD924, 0xD924, 0xD924, 0xD924, 0xD924, 0xD924, 0xD924, 0xD924, 0xD924, 0xD924, 0xD924, 0xD924,
	0xD924, 0xD924, 0xC945, 0x30C3, 0x0000, 0x0000, 0x0000, 0x0000, 0x6104, 0xE124, 0xD924, 0xD924,
	0xD924, 0xD924, 0xD924, 0xD924, 0xD924, 0xD924, 0xD924, 0xD924, 0xD924, 0xD924, 0xD924, 0xD924,
	0xD924, 0xD924, 0xD904, 0xD986, 0xEF1C, 0xEF9E, 0xF7DF, 0xEDF7, 0xD8E3, 0xD945, 0xD924, 0xD924,
	0xD924, 0xD924, 0xD924, 0xD924, 0xD924, 0xD924, 0xD924, 0xD924, 0xD924, 0xD924, 0xD924, 0xD924,
	0xD924, 0xD924, 0xD924, 0xD924, 0xD924, 0xD924, 0xD924, 0xD924, 0xD904, 0xD986, 0xEF1C, 0xEF9E,
	0xEF7D, 0xEF5D, 0x49C7, 0x0000, 0x7924, 0xE145, 0xD104, 0xD986, 0xF71C, 0xF679, 0xF5F7, 0xF69A,
	0xFF7D, 0xF618, 0xF618, 0xF638, 0xEBAE, 0xD8C3, 0xD945, 0xD924, 0xD124, 0xB124, 0xA924, 0xA124,
	0x9124, 0x5124, 0x5924, 0x8924, 0x8124, 0x8124, 0x8124, 0x8924, 0x7924, 0x7924, 0x8124, 0x8124,
	0x8924, 0x5924, 0x9124, 0x9924, 0x9124, 0x9124, 0x8924, 0x8924, 0x8924, 0x8924, 0x8124, 0x8124,
	0x8124, 0x8124, 0x8124, 0x8124, 0x8924, 0x8924, 0xB924, 0xD924, 0xD924, 0xD924, 0xD924, 0xD924,
	0xD924, 0xD924, 0xD924, 0xD924, 0xD924, 0xD924, 0xD924, 0xD924, 0xD924, 0xE124, 0xC145, 0x1882,
	0x0000, 0x0000, 0x0000, 0x0000, 0x7924, 0xE124, 0xD124, 0xD924, 0xD924, 0xD924, 0xD924, 0xD924,
	0xD924, 0xD924, 0xD924, 0xD924, 0xD924, 0xD924, 0xD924, 0xD924, 0xD924, 0xD924, 0xD904, 0xD986,
	0xF73C, 0xF79E, 0xF7DF, 0xEDD7, 0xD8E3, 0xD945, 0xD924, 0xD924, 0xD924, 0xD924, 0xD924, 0xD924,
	0xD924, 0xD924, 0xD924, 0xD924, 0xD924, 0xD924, 0xD924, 0xD924, 0xD924, 0xD924, 0xD924, 0xD924,
	0xD924, 0xD924, 0xD924, 0xD924, 0xD904, 0xD986, 0xEF1C, 0xEF9E, 0xF79E, 0xEF7D, 0x49C7, 0x0000,
	0x7924, 0xE145, 0xD104, 0xD986, 0xF75D, 0xFFFF, 0xFFFF, 0xFFFF, 0xFFFF, 0xFFFF, 0xFFFF, 0xFFFF,
	0xECD3, 0xD0A2, 0xD945, 0xD924, 0xD124, 0xB924, 0xB124, 0xA924, 0xA124, 0x7124, 0x8124, 0x9124,
	0x8924, 0x8124, 0x7924, 0x6924, 0x6124, 0x7924, 0x8124, 0x8924, 0x8124, 0x4924, 0x9124, 0x9924,
	0x9124, 0x9124, 0x9124, 0x9124, 0x8924, 0x8924, 0x8924, 0x8924, 0x8124, 0x8124, 0x8124, 0x8924,
	0x9124, 0x9124, 0xB924, 0xD924, 0xD924, 0xD924, 0xD924, 0xD924, 0xD924, 0xD924, 0xD924, 0xD924,
	0xD924, 0xD924, 0xD924, 0xD924, 0xD924, 0xE124, 0xB945, 0x1882, 0x0000, 0x0000, 0x0000, 0x0041,
	0xA124, 0xE124, 0xD924, 0xD924, 0xD924, 0xD924, 0xD924, 0xD924, 0xD924, 0xD924, 0xD924, 0xD924,
	0xD924, 0xD924, 0xD924, 0xD924, 0xD924, 0xD924, 0xD904, 0xD986, 0xF73C, 0xF79E, 0xF7DF, 0xEDD7,
	0xD8E3, 0xD945, 0xD924, 0xD924, 0xD924, 0xD924, 0xD924, 0xD924, 0xD924, 0xD924, 0xD924, 0xD924,
	0xD924, 0xD924, 0xD924, 0xD924, 0xD924, 0xD924, 0xD924, 0xD924, 0xD924, 0xD924, 0xD924, 0xD924,
	0xD904, 0xD986, 0xEF1C, 0xEF9E, 0xF79E, 0xEF7D, 0x49C7, 0x0000, 0x7924, 0xE124, 0xD124, 0xD945,
	0xE28A, 0xE2AA, 0xE28A, 0xE28A, 0xE2AA, 0xE28A, 0xE28A, 0xE2AA, 0xD9E7, 0xD904, 0xD924, 0xD924,
	0xD924, 0xB924, 0xB124, 0xA924, 0xA924, 0xA124, 0x9924, 0x9924, 0x9124, 0x9124, 0x8124, 0x4124,
	0x5924, 0x8924, 0x8924, 0x9124, 0x7924, 0x4124, 0x9924, 0x9924, 0x9924, 0x9124, 0x9124, 0x9124,
	0x8924, 0x8924, 0x8924, 0x8924, 0x8924, 0x8924, 0x8924, 0x8924, 0x9124, 0x9124, 0xC124, 0xD924,
	0xD924, 0xD924, 0xD924, 0xD924, 0xD924, 0xD924, 0xD924, 0xD924, 0xD924, 0xD924, 0xD924, 0xD924,
	0xD924, 0xE124, 0xA924, 0x0841, 0x0000, 0x0000, 0x0000, 0x1082, 0xB945, 0xD924, 0xD924, 0xD924,
	0xD924, 0xD924, 0xD924, 0xD924, 0xD924, 0xD924, 0xD924, 0xD924, 0xD924, 0xD924, 0xD924, 0xD924,
	0xD924, 0xD924, 0xD904, 0xD986, 0xF73C, 0xF79E, 0xF7DF, 0xEDD7, 0xD8E3, 0xD945, 0xD924, 0xD924,
	0xD924, 0xD924, 0xD924, 0xD924, 0xD924, 0xD924, 0xD924, 0xD924, 0xD924, 0xD924, 0xD924, 0xD924,
	0xD924, 0xD924, 0xD924, 0xD924, 0xD924, 0xD924, 0xD924, 0xD924, 0xD904, 0xD986, 0xEF1C, 0xEF9E,
	0xF79E, 0xEF7D, 0x49C7, 0x0000, 0x7924, 0xE124, 0xD124, 0xD924, 0xD8E3, 0xD8E3, 0xD8E3, 0xD8E3,
	0xD8E3, 0xD8E3, 0xD8E3, 0xD8C3, 0xD904, 0xD924, 0xD924, 0xD924, 0xD924, 0xC124, 0xB124, 0xB124,
	0xA924, 0xA924, 0xA124, 0xA124, 0x9924, 0x9924, 0x9124, 0x8124, 0x8924, 0x9124, 0x9124, 0x9124,
	0x7924, 0x4124, 0x9924, 0x9924, 0x9924, 0x9124, 0x9124, 0x9124, 0x9124, 0x8924, 0x8924, 0x8924,
	0x8924, 0x8924, 0x8924, 0x8924, 0x9924, 0x9924, 0xC124, 0xD924, 0xD924, 0xD924, 0xD924, 0xD924,
	0xD924, 0xD924, 0xD924, 0xD924, 0xD924, 0xD924, 0xD924, 0xD924, 0xD924, 0xE124, 0xA124, 0x0041,
	0x0000, 0x0000, 0x0000, 0x28A2, 0xD145, 0xD924, 0xD924, 0xD924, 0xD924, 0xD924, 0xD924, 0xD924,
	0xD924, 0xD924, 0xD924, 0xD924, 0xD924, 0xD924, 0xD924, 0xD924, 0xD924, 0xD924, 0xD904, 0xD986,
	0xEF3C, 0xF79E, 0xEFDF, 0xEDD7, 0xD8E3, 0xD945, 0xD924, 0xD924, 0xD924, 0xD924, 0xD924, 0xD924,
	0xD924, 0xD924, 0xD924, 0xD924, 0xD924, 0xD924, 0xD924, 0xD924, 0xD924, 0xD924, 0xD924, 0xD924,
	0xD924, 0xD924, 0xD924, 0xD924, 0xD904, 0xD986, 0xEF1C, 0xEF9E, 0xF77D, 0xEF7D, 0x49C7, 0x0000,
	0x7924, 0xE124, 0xD124, 0xD924, 0xD945, 0xD945, 0xD945, 0xD945, 0xD945, 0xD945, 0xD945, 0xD945,
	0xD924, 0xD924, 0xD924, 0xD924, 0xD924, 0xC124, 0xB124, 0xB124, 0xA924, 0xA924, 0xA124, 0xA124,
	0xA124, 0x9924, 0x9924, 0x9924, 0x9124, 0x9124, 0x9124, 0x9924, 0x8124, 0x4924, 0x9924, 0x9924,
	0x9924, 0x9924, 0x9124, 0x9124, 0x9124, 0x9124, 0x8924, 0x8924, 0x8924, 0x8924, 0x8924, 0x9124,
	0x9924, 0x9924, 0xC124, 0xD924, 0xD924, 0xD924, 0xD924, 0xD924, 0xD924, 0xD924, 0xD924, 0xD924,
	0xD924, 0xD924, 0xD924, 0xD924, 0xD924, 0xE124, 0xB124, 0x1082, 0x0000, 0x0000, 0x0000, 0x48E3,
	0xD945, 0xD924, 0xD924, 0xD924, 0xD924, 0xD924, 0xD924, 0xD924, 0xD924, 0xD924, 0xD924, 0xD924,
	0xD924, 0xD924, 0xD924, 0xD924, 0xD924, 0xD924, 0xD904, 0xD986, 0xEF1C, 0xEF7D, 0xEFDF, 0xEDD7,
	0xD8E3, 0xD945, 0xD924, 0xD924, 0xD924, 0xD924, 0xD924, 0xD924, 0xD924, 0xD924, 0xD924, 0xD924,
	0xD924, 0xD924, 0xD924, 0xD924, 0xD924, 0xD924, 0xD924, 0xD924, 0xD924, 0xD924, 0xD924, 0xD924,
	0xD904, 0xD986, 0xEF1C, 0xEF9E, 0xF77D, 0xEF7D, 0x49C7, 0x0000, 0x7924, 0xE124, 0xD124, 0xD924,
	0xD924, 0xD924, 0xD924, 0xD924, 0xD924, 0xD924, 0xD924, 0xD924, 0xD924, 0xD924, 0xD924, 0xD924,
	0xD924, 0xC124, 0xB124, 0xB124, 0xB124, 0xA924, 0xA924, 0xA124, 0xA124, 0x9924, 0x9924, 0x9924,
	0x9924, 0x9124, 0x9124, 0x9924, 0x9124, 0x4124, 0x9124, 0xA124, 0x9924, 0x9924, 0x9924, 0x9124,
	0x9124, 0x9124, 0x9124, 0x9124, 0x8924, 0x8924, 0x9124, 0x9124, 0x9924, 0xA124, 0xC124, 0xD924,
	0xD924, 0xD924, 0xD924, 0xD924, 0xD924, 0xD924, 0xD924, 0xD924, 0xD924, 0xD924, 0xD924, 0xD924,
	0xD924, 0xD924, 0xC145, 0x20A2, 0x0000, 0x0000, 0x0000, 0x6904, 0xE124, 0xD924, 0xD924, 0xD924,
	0xD924, 0xD924, 0xD924, 0xD924, 0xD924, 0xD924, 0xD924, 0xD924, 0xD924, 0xD924, 0xD924, 0xD924,
	0xD924, 0xD924, 0xD904, 0xD986, 0xEF1C, 0xEF7D, 0xEFDF, 0xEDD7, 0xD8E3, 0xD945, 0xD924, 0xD924,
	0xD924, 0xD924, 0xD924, 0xD924, 0xD924, 0xD924, 0xD924, 0xD924, 0xD924, 0xD924, 0xD924, 0xD924,
	0xD924, 0xD924, 0xD924, 0xD924, 0xD924, 0xD924, 0xD924, 0xD924, 0xD904, 0xD986, 0xEF1C, 0xEF9E,
	0xEF7D, 0xEF5D, 0x49C7, 0x0000, 0x7924, 0xE124, 0xD124, 0xD924, 0xD924, 0xD924, 0xD924, 0xD924,
	0xD924, 0xD924, 0xD924, 0xD924, 0xD924, 0xD924, 0xD924, 0xD924, 0xD924, 0xC124, 0xB124, 0xB124,
	0xB124, 0xA924, 0xA924, 0xA124, 0xA124, 0xA124, 0x9924, 0x9924, 0x9924, 0x9924, 0x9924, 0x9924,
	0xA124, 0x4924, 0x8924, 0xA924, 0xA124, 0xA124, 0x9924, 0x9924, 0x9924, 0x9124, 0x9124, 0x9124,
	0x9124, 0x9124, 0x9124, 0x9124, 0xA124, 0xA124, 0xC924, 0xD924, 0xD924, 0xD924, 0xD924, 0xD924,
	0xD924, 0xD924, 0xD924, 0xD924, 0xD924, 0xD924, 0xD924, 0xD924, 0xD924, 0xD924, 0xC945, 0x28C3,
	0x0000, 0x0000, 0x0020, 0x8924, 0xE124, 0xD924, 0xD924, 0xD924, 0xD924, 0xD924, 0xD924, 0xD924,
	0xD924, 0xD924, 0xD924, 0xD924, 0xD924, 0xD924, 0xD924, 0xD924, 0xD924, 0xD924, 0xD904, 0xD986,
	0xEF1C, 0xEF7D, 0xEFBE, 0xE5D7, 0xD8E3, 0xD945, 0xD924, 0xD924, 0xD924, 0xD924, 0xD924, 0xD924,
	0xD924, 0xD924, 0xD924, 0xD924, 0xD924, 0xD924, 0xD924, 0xD924, 0xD924, 0xD924, 0xD924, 0xD924,
	0xD924, 0xD924, 0xD924, 0xD924, 0xD904, 0xD986, 0xEEFB, 0xEF7D, 0xEF7D, 0xEF5D, 0x49C7, 0x0000,
	0x7924, 0xE124, 0xD124, 0xD924, 0xD924, 0xD924, 0xD924, 0xD924, 0xD924, 0xD924, 0xD924, 0xD924,
	0xD924, 0xD924, 0xD924, 0xD924, 0xD924, 0xC124, 0xB924, 0xB124, 0xB124, 0xB124, 0xA924, 0xA924,
	0xA124, 0xA124, 0xA124, 0x9924, 0x9924, 0x9924, 0x9924, 0x9924, 0xA124, 0x5124, 0x8924, 0xA924,
	0xA124, 0xA124, 0xA124, 0x9924, 0x9924, 0x9924, 0x9924, 0x9124, 0x9124, 0x9124, 0x9124, 0x9924,
	0xA124, 0xA124, 0xC924, 0xD924, 0xD924, 0xD924, 0xD924, 0xD924, 0xD924, 0xD924, 0xD924, 0xD924,
	0xD924, 0xD924, 0xD924, 0xD924, 0xD924, 0xD924, 0xD924, 0x48E3, 0x0000, 0x0000, 0x0861, 0xA124,
	0xE124, 0xD924, 0xD924, 0xD924, 0xD924, 0xD924, 0xD924, 0xD924, 0xD924, 0xD924, 0xD924, 0xD924,
	0xD924, 0xD924, 0xD924, 0xD924, 0xD924, 0xD924, 0xD904, 0xD986, 0xEF1C, 0xEF7D, 0xEF9E, 0xE5D7,
	0xD8E3, 0xD945, 0xD924, 0xD924, 0xD924, 0xD924, 0xD924, 0xD924, 0xD924, 0xD924, 0xD924, 0xD924,
	0xD924, 0xD924, 0xD924, 0xD924, 0xD924, 0xD924, 0xD924, 0xD924, 0xD924, 0xD924, 0xD924, 0xD924,
	0xD904, 0xD986, 0xEEFB, 0xEF7D, 0xEF5D, 0xEF5D, 0x49C7, 0x0000, 0x7924, 0xE124, 0xD124, 0xD924,
	0xD924, 0xD924, 0xD924, 0xD924, 0xD924, 0xD924, 0xD924, 0xD924, 0xD924, 0xD924, 0xD924, 0xD924,
	0xD924, 0xC124, 0xB924, 0xB924, 0xB124, 0xB124, 0xA924, 0xA924, 0xA124, 0xA124, 0xA124, 0xA124,
	0x9924, 0x9924, 0x9924, 0x9924, 0xA924, 0x7924, 0x9124, 0xB124, 0xA124, 0xA124, 0xA124, 0x9924,
	0x9924, 0x9924, 0x9924, 0x9924, 0x9924, 0x9924, 0x9924, 0x9924, 0xA124, 0xA124, 0xC924, 0xD924,
	0xD924, 0xD924, 0xD924, 0xD924, 0xD924, 0xD924, 0xD924, 0xD924, 0xD924, 0xD924, 0xD924, 0xD924,
	0xD924, 0xD924, 0xD924, 0x50E3, 0x0000, 0x0000, 0x1882, 0xB145, 0xD924, 0xD924, 0xD924, 0xD924,
	0xD924, 0xD924, 0xD924, 0xD924, 0xD924, 0xD924, 0xD924, 0xD924, 0xD924, 0xD924, 0xD924, 0xD924,
	0xD924, 0xD924, 0xD904, 0xD986, 0xEF1C, 0xEF5D, 0xEF9E, 0xE5B6, 0xD8E3, 0xD945, 0xD924, 0xD924,
	0xD924, 0xD924, 0xD924, 0xD924, 0xD924, 0xD924, 0xD924, 0xD924, 0xD924, 0xD924, 0xD924, 0xD924,
	0xD924, 0xD924, 0xD924, 0xD924, 0xD924, 0xD924, 0xD924, 0xD924, 0xD904, 0xD986, 0xE6DB, 0xE75D,
	0xEF5D, 0xEF5D, 0x49C7, 0x0000, 0x50E3, 0xE145, 0xD924, 0xD924, 0xD924, 0xD924, 0xD924, 0xD924,
	0xD924, 0xD924, 0xD924, 0xD924, 0xD924, 0xD924, 0xD924, 0xD924, 0xD924, 0xC124, 0xB924, 0xB924,
	0xB124, 0xB124, 0xA924, 0xA924, 0xA924, 0xA124, 0xA124, 0xA124, 0x9924, 0x9924, 0x9924, 0x9924,
	0xB124, 0x8124, 0x9124, 0xB124, 0xA924, 0xA124, 0xA124, 0xA124, 0xA124, 0x9924, 0x9924, 0x9924,
	0x9924, 0x9924, 0x9924, 0x9924, 0xA124, 0xA924, 0xC924, 0xD924, 0xD924, 0xD924, 0xD924, 0xD924,
	0xD924, 0xD924, 0xD924, 0xD924, 0xD924, 0xD924, 0xD924, 0xD924, 0xD924, 0xD924, 0xE124, 0x7924,
	0x0000, 0x0000, 0x30C3, 0xB945, 0xD124, 0xD924, 0xD924, 0xD924, 0xD924, 0xD924, 0xD924, 0xD924,
	0xD924, 0xD924, 0xD924, 0xD924, 0xD924, 0xD924, 0xD924, 0xD924, 0xD924, 0xD924, 0xD904, 0xD986,
	0xEEFB, 0xE75D, 0xE77D, 0xE596, 0xD8E3, 0xD945, 0xD924, 0xD924, 0xD924, 0xD924, 0xD924, 0xD924,
	0xD924, 0xD924, 0xD924, 0xD924, 0xD924, 0xD924, 0xD924, 0xD924, 0xD924, 0xD924, 0xD924, 0xD924,
	0xD924, 0xD924, 0xD924, 0xD924, 0xD904, 0xD986, 0xE6BA, 0xE73C, 0xE73C, 0xEF3C, 0x41C7, 0x0000,
	0x48E3, 0xE145, 0xD924, 0xD924, 0xD924, 0xD924, 0xD924, 0xD924, 0xD924, 0xD924, 0xD924, 0xD924,
	0xD924, 0xD924, 0xD924, 0xD924, 0xD924, 0xC924, 0xB924, 0xB924, 0xB124, 0xB124, 0xB124, 0xA924,
	0xA924, 0xA124, 0xA124, 0xA124, 0xA124, 0xA124, 0x9924, 0x9924, 0xB124, 0x9924, 0x9924, 0xB124,
	0xA924, 0xA924, 0xA124, 0xA124, 0xA124, 0xA124, 0xA124, 0x9924, 0x9924, 0x9924, 0x9924, 0x9924,
	0xA124, 0xA924, 0xC924, 0xD924, 0xD924, 0xD924, 0xD924, 0xD924, 0xD924, 0xD924, 0xD924, 0xD924,
	0xD924, 0xD924, 0xD924, 0xD924, 0xD924, 0xD924, 0xE124, 0x8124, 0x0000, 0x0000, 0x40E3, 0xB945,
	0xC924, 0xD924, 0xD924, 0xD924, 0xD924, 0xD924, 0xD924, 0xD924, 0xD924, 0xD924, 0xD924, 0xD924,
	0xD924, 0xD924, 0xD924, 0xD924, 0xD924, 0xD924, 0xD904, 0xD986, 0xE6DB, 0xE73C, 0xDF5D, 0xDD75,
	0xD8E3, 0xD945, 0xD924, 0xD924, 0xD924, 0xD924, 0xD924, 0xD924, 0xD924, 0xD924, 0xD924, 0xD924,
	0xD924, 0xD924, 0xD924, 0xD924, 0xD924, 0xD924, 0xD924, 0xD924, 0xD924, 0xD924, 0xD924, 0xD924,
	0xD904, 0xD986, 0xDE9A, 0xDF1C, 0xE71C, 0xE71C, 0x41C7, 0x0000, 0x48E3, 0xE145, 0xD945, 0xD945,
	0xD945, 0xD945, 0xD945, 0xD945, 0xD945, 0xD945, 0xD945, 0xD945, 0xD945, 0xD945, 0xD945, 0xD945,
	0xD945, 0xC945, 0xB924, 0xB924, 0xB124, 0xB124, 0xB124, 0xA924, 0xA924, 0xA124, 0xA124, 0xA124,
	0xA124, 0x9924, 0xA124, 0x9924, 0xB145, 0xA924, 0xA104, 0xB124, 0xA924, 0xA924, 0xA924, 0xA924,
	0xA124, 0xA124, 0xA124, 0x9924, 0x9924, 0x9924, 0x9924, 0x9924, 0xA124, 0xA924, 0xC904, 0xD904,
	0xD904, 0xD904, 0xD904, 0xD904, 0xD904, 0xD904, 0xD904, 0xD904, 0xD904, 0xD904, 0xD904, 0xD904,
	0xD904, 0xD904, 0xE104, 0x9924, 0x0000, 0x0000, 0x5904, 0xA924, 0xB924, 0xD924, 0xD924, 0xD924,
	0xD924, 0xD924, 0xD924, 0xD924, 0xD924, 0xD924, 0xD924, 0xD924, 0xD924, 0xD924, 0xD924, 0xD924,
	0xD924, 0xD924, 0xD904, 0xD986, 0xE6BA, 0xE71C, 0xDF1C, 0xDD55, 0xD8E3, 0xD945, 0xD924, 0xD924,
	0xD924, 0xD924, 0xD924, 0xD924, 0xD924, 0xD924, 0xD924, 0xC924, 0xB945, 0xB945, 0xC924, 0xD924,
	0xD924, 0xD924, 0xD924, 0xD924, 0xD924, 0xD924, 0xD924, 0xD924, 0xD904, 0xD986, 0xDE79, 0xDEFB,
	0xDEFB, 0xDEFB, 0x41E7, 0x0000, 0x48C3, 0xD8E3, 0xD0E3, 0xD8E3, 0xD8E3, 0xD8E3, 0xD8E3, 0xD8E3,
	0xD8E3, 0xD8E3, 0xD8E3, 0xD8E3, 0xD8E3, 0xD8E3, 0xD8E3, 0xD8E3, 0xD8E3, 0xC8E3, 0xB8E3, 0xB8E3,
	0xB0E3, 0xB104, 0xB104, 0xA904, 0xA904, 0xA104, 0xA104, 0xA104, 0xA104, 0xA104, 0xA104, 0x9904,
	0xB0E3, 0xB124, 0xA986, 0xB165, 0xB165, 0xB165, 0xA965, 0xA965, 0xA165, 0xA165, 0xA165, 0x9965,
	0x9965, 0x9965, 0x9965, 0x9965, 0xA165, 0xA965, 0xC986, 0xD9A6, 0xD9A6, 0xD9A6, 0xD9A6, 0xD9A6,
	0xD9A6, 0xD9A6, 0xD9A6, 0xD9A6, 0xD9A6, 0xD9A6, 0xD9A6, 0xD9A6, 0xD9A6, 0xD9A6, 0xE1A6, 0xA965,
	0x0000, 0x0020, 0x5924, 0x9124, 0xA124, 0xC124, 0xC924, 0xC924, 0xD124, 0xD124, 0xD924, 0xD924,
	0xD924, 0xD924, 0xD124, 0xD924, 0xD924, 0xD924, 0xD924, 0xD924, 0xD924, 0xD124, 0xD104, 0xD986,
	0xE6BA, 0xDEFB, 0xD6DB, 0xD534, 0xD0E3, 0xD945, 0xD924, 0xD924, 0xD924, 0xD924, 0xD924, 0xD924,
	0xD924, 0xD924, 0xB924, 0x5124, 0x28C3, 0x28C3, 0x4104, 0xB124, 0xD924, 0xD924, 0xD924, 0xD924,
	0xD924, 0xD924, 0xD924, 0xD924, 0xD904, 0xD186, 0xCE38, 0xD6BA, 0xDEBA, 0xDEDB, 0x4228, 0x0000,
	0x49C7, 0xF638, 0xF638, 0xF638, 0xF638, 0xF638, 0xF638, 0xF638, 0xF638, 0xF638, 0xF638, 0xF638,
	0xF638, 0xF638, 0xF638, 0xF638, 0xF618, 0xCD14, 0xBCD3, 0xBCB2, 0xB492, 0xB471, 0xAC51, 0xAC51,
	0xAC30, 0xA430, 0xA410, 0xA410, 0x9C10, 0xA410, 0xA410, 0x9BEF, 0xB492, 0xAC71, 0xA4D3, 0xBD96,
	0xB575, 0xB555, 0xAD34, 0xAD14, 0xAD14, 0xA4F3, 0xA4F3, 0xA4D3, 0xA4D3, 0x9CB2, 0x9CB2, 0x9CB2,
	0xAD14, 0xAD14, 0xC5F7, 0xF75D, 0xFF7D, 0xFF7D, 0xFF7D, 0xF75D, 0xF75D, 0xF75D, 0xF75D, 0xF75D,
	0xF75D, 0xF77D, 0xF77D, 0xFF7D, 0xFF7D, 0xF75D, 0xFF7D, 0xB534, 0x0000, 0x0861, 0x8924, 0xB124,
	0xA924, 0xB924, 0xB924, 0xB124, 0xB124, 0xC124, 0xD124, 0xD124, 0xD124, 0xC124, 0xB924, 0xC124,
	0xC924, 0xD124, 0xD124, 0xD924, 0xC924, 0xB924, 0xC124, 0xD145, 0xDCD3, 0xD679, 0xCEBA, 0xCD14,
	0xC904, 0xD124, 0xD924, 0xD924, 0xD924, 0xD924, 0xD924, 0xD924, 0xD924, 0xC924, 0xA924, 0x4924,
	0x0020, 0x0000, 0x10A2, 0x9145, 0xC924, 0xD924, 0xD924, 0xD924, 0xD924, 0xD924, 0xD924, 0xD924,
	0xD104, 0xC986, 0xCDF7, 0xCE79, 0xD69A, 0xD69A, 0x4208, 0x0000, 0x4A08, 0xFFFF, 0xFFFF, 0xFFFF,
	0xFFFF, 0xFFFF, 0xFFFF, 0xFFFF, 0xFFFF, 0xFFFF, 0xFFFF, 0xFFFF, 0xFFFF, 0xFFFF, 0xFFFF, 0xFFFF,
	0xFFFF, 0xCE9A, 0xBE38, 0xBE18, 0xB5F7, 0xB5D7, 0xADB6, 0xAD96, 0xA575, 0xA555, 0xA555, 0xA534,
	0xA534, 0xA555, 0xA555, 0x9D14, 0xBE18, 0x9D14, 0x8C71, 0xC638, 0xB5D7, 0xB5B6, 0xB596, 0xAD96,
	0xAD75, 0xA555, 0xA534, 0xA514, 0xA514, 0x9D14, 0x9CF3, 0x9D14, 0xAD55, 0xAD75, 0xC659, 0xFFFF,
	0xFFFF, 0xFFFF, 0xFFFF, 0xFFFF, 0xFFFF, 0xFFFF, 0xFFFF, 0xFFFF, 0xFFFF, 0xFFFF, 0xFFFF, 0xFFFF,
	0xFFFF, 0xFFFF, 0xFFFF, 0x8C92, 0x0000, 0x1882, 0xC145, 0xE124, 0xD924, 0xD924, 0xD124, 0xD124,
	0xD124, 0xC924, 0xC124, 0xB124, 0xA924, 0xC124, 0xD124, 0xC124, 0xA924, 0xB124, 0xB924, 0xB924,
	0xC924, 0xD924, 0xD924, 0xD924, 0xCA28, 0xCC92, 0xC659, 0xBCF3, 0xC104, 0xC924, 0xD124, 0xD924,
	0xD924, 0xD924, 0xD924, 0xD924, 0xD124, 0xC124, 0xA924, 0x7945, 0x18A2, 0x0000, 0x0882, 0x8124,
	0xC124, 0xD124, 0xD924, 0xD924, 0xD924, 0xD924, 0xD924, 0xD124, 0xC904, 0xC186, 0xBDB6, 0xC638,
	0xCE59, 0xC618, 0x39C7, 0x0000, 0x4A08, 0xFFBE, 0xFFFF, 0xFFDF, 0xFFFF, 0xFFFF, 0xFFFF, 0xFFFF,
	0xFFFF, 0xFFFF, 0xFFFF, 0xFFFF, 0xFFFF, 0xFFFF, 0xFFFF, 0xFFFF, 0xFFBE, 0xCE59, 0xBDF7, 0xBDB6,
	0xB5B6, 0xAD75, 0xAD34, 0xA534, 0xA514, 0xA514, 0xA514, 0xA514, 0x9CF3, 0x9CF3, 0x9CF3, 0x9CD3,
	0xBDD7, 0x7BCF, 0x8410, 0xC638, 0xBDB6, 0xB5B6, 0xB596, 0xAD75, 0xAD55, 0xA514, 0xA514, 0xA4F3,
	0x9CF3, 0x9CF3, 0x9CF3, 0x9CF3, 0xAD55, 0xAD75, 0xCE38, 0xFFDF, 0xFFDF, 0xFFDF, 0xFFDF, 0xFFDF,
	0xFFDF, 0xFFDF, 0xFFDF, 0xFFDF, 0xFFDF, 0xFFDF, 0xFFDF, 0xFFDF, 0xFFDF, 0xFFDF, 0xFFDF, 0x8410,
	0x0000, 0x30C3, 0xD145, 0xD924, 0xD924, 0xD924, 0xD924, 0xD124, 0xC124, 0xB124, 0xA124, 0x9124,
	0xA924, 0xD124, 0xD924, 0xD124, 0xA924, 0x9924, 0xA124, 0xA924, 0xB124, 0xD924, 0xD924, 0xD924,
	0xC145, 0xBA69, 0xBD34, 0xB596, 0xB986, 0xC904, 0xC924, 0xD924, 0xD924, 0xD924, 0xD924, 0xD924,
	0xD124, 0xC124, 0xA924, 0x6924, 0x1061, 0x0000, 0x0882, 0x7924, 0xC124, 0xD124, 0xD924, 0xD924,
	0xD924, 0xD924, 0xD924, 0xC924, 0xC124, 0xB965, 0xB555, 0xBDD7, 0xBDF7, 0xBDD7, 0x39C7, 0x0000,
	0x4A08, 0xFFBE, 0xFFFF, 0xFFFF, 0xFFFF, 0xFFFF, 0xFFFF, 0xFFFF, 0xFFFF, 0xFFFF, 0xFFFF, 0xFFFF,
	0xFFFF, 0xFFFF, 0xFFFF, 0xFFFF, 0xFFDF, 0xCE59, 0xBDF7, 0xB596, 0x9CF3, 0x9CD3, 0xA514, 0xA534,
	0xA514, 0x9CF3, 0x9CD3, 0x8C71, 0x9492, 0x9CD3, 0x9CF3, 0x9CF3, 0xBDF7, 0x738E, 0x8410, 0xCE59,
	0xBDD7, 0xB5B6, 0xAD75, 0xA534, 0x9CF3, 0x9CF3, 0x9CF3, 0x9CF3, 0x9CD3, 0x94B2, 0x8C71, 0x9492,
	0xA534, 0xAD75, 0xCE59, 0xFFDF, 0xFFDF, 0xFFDF, 0xFFDF, 0xFFDF, 0xFFDF, 0xFFDF, 0xFFDF, 0xFFDF,
	0xFFDF, 0xFFDF, 0xFFDF, 0xFFDF, 0xFFDF, 0xFFDF, 0xF7BE, 0x632C, 0x0000, 0x48E3, 0xD945, 0xD924,
	0xD924, 0xD924, 0xC924, 0xB124, 0xA124, 0x9924, 0x9124, 0x9124, 0xB924, 0xD124, 0xD924, 0xD124,
	0xB924, 0x9124, 0x9924, 0xA124, 0xA124, 0xC924, 0xD924, 0xD924, 0xC124, 0xA986, 0xB3EF, 0xADD7,
	0xB249, 0xC0E3, 0xC945, 0xD124, 0xD924, 0xD924, 0xD924, 0xD924, 0xD924, 0xD124, 0xA124, 0x3104,
	0x0041, 0x0041, 0x0082, 0x6124, 0xD124, 0xD924, 0xD924, 0xD924, 0xD924, 0xD924, 0xD124, 0xC924,
	0xC124, 0xB965, 0xAD34, 0xB5B6, 0xBDD7, 0xBDD7, 0x39C7, 0x0000, 0x2945, 0xE71C, 0xFFFF, 0xFFDF,
	0xFFDF, 0xFFFF, 0xFFFF, 0xFFFF, 0xFFFF, 0xFFFF, 0xFFFF, 0xFFFF, 0xFFFF, 0xFFFF, 0xFFFF, 0xFFFF,
	0xFFDF, 0xCE79, 0xC618, 0xAD55, 0x632C, 0x8430, 0xA514, 0xA534, 0xA534, 0xA534, 0x8410, 0x4A69,
	0x8430, 0x9CF3, 0xA514, 0xA534, 0xBDD7, 0x5ACB, 0x8410, 0xCE59, 0xBDD7, 0xB5B6, 0x8C51, 0x630C,
	0x8C71, 0x9CF3, 0xA514, 0xA514, 0x9CF3, 0x7BCF, 0x5ACB, 0x8C71, 0xAD55, 0xB596, 0xCE59, 0xFFDF,
	0xFFDF, 0xFFDF, 0xFFDF, 0xFFDF, 0xFFDF, 0xFFDF, 0xFFDF, 0xFFDF, 0xFFDF, 0xFFDF, 0xFFDF, 0xFFDF,
	0xFFDF, 0xFFFF, 0xF79E, 0x4A69, 0x0020, 0x6104, 0xE124, 0xD924, 0xD924, 0xD124, 0xB124, 0xA124,
	0x9924, 0x9124, 0x8924, 0xA124, 0xC924, 0xD924, 0xD924, 0xD124, 0xC124, 0x9924, 0x9124, 0x9924,
	0x9924, 0xB124, 0xD924, 0xD924, 0xC924, 0xA145, 0xB32C, 0xADB6, 0xAB2C, 0xB8E3, 0xC145, 0xD124,
	0xD924, 0xD924, 0xD924, 0xD924, 0xD924, 0xD924, 0xC124, 0x8924, 0x8124, 0x8124, 0x8924, 0xB924,
	0xD924, 0xD924, 0xD924, 0xD924, 0xD924, 0xD924, 0xD124, 0xC124, 0xB924, 0xB165, 0xAD14, 0xB596,
	0xBDD7, 0xB5B6, 0x31A6, 0x0000, 0x1904, 0xDEFB, 0xFFFF, 0xFFDF, 0xFFFF, 0xFFFF, 0xFFFF, 0xFFFF,
	0xFFFF, 0xFFFF, 0xFFFF, 0xFFFF, 0xFFFF, 0xFFFF, 0xFFFF, 0xFFFF, 0xFFDF, 0xCE79, 0xC618, 0xBDF7,
	0xA534, 0xA534, 0xAD55, 0xAD55, 0xAD55, 0xAD55, 0x9CF3, 0x8C71, 0x9CD3, 0xA514, 0xA534, 0xA534,
	0xB5B6, 0x4208, 0x8410, 0xCE79, 0xBDF7, 0xBDD7, 0x94B2, 0x7BEF, 0x9CF3, 0xA514, 0xA534, 0xA534,
	0xA534, 0x94B2, 0x8C71, 0x9CF3, 0xAD75, 0xB596, 0xCE59, 0xFFDF, 0xFFDF, 0xFFDF, 0xFFDF, 0xFFDF,
	0xFFDF, 0xFFDF, 0xFFDF, 0xFFDF, 0xFFDF, 0xFFDF, 0xFFDF, 0xFFDF, 0xFFDF, 0xFFFF, 0xE73C, 0x4208,
	0x0041, 0x7924, 0xE124, 0xD924, 0xD924, 0xC124, 0xA924, 0x9924, 0x9124, 0x8924, 0x8924, 0xB124,
	0xC924, 0xD924, 0xD924, 0xD124, 0xC924, 0xA924, 0x8924, 0x9124, 0x9124, 0xA124, 0xC924, 0xD924,
	0xD124, 0xA124, 0xAAAA, 0xA555, 0xA3EF, 0xB904, 0xC124, 0xC924, 0xD924, 0xD924, 0xD924, 0xD924,
	0xD924, 0xD924, 0xD924, 0xE124, 0xD924, 0xD924, 0xE124, 0xD924, 0xD924, 0xD924, 0xD924, 0xD924,
	0xD924, 0xD924, 0xD124, 0xC124, 0xB924, 0xB165, 0xA4F3, 0xAD96, 0xBDD7, 0xB5B6, 0x31A6, 0x0000,
	0x2104, 0xDEFB, 0xFFFF, 0xFFDF, 0xFFDF, 0xFFDF, 0xFFDF, 0xFFDF, 0xFFDF, 0xFFFF, 0xFFFF, 0xFFFF,
	0xFFFF, 0xFFFF, 0xFFFF, 0xFFFF, 0xFFDF, 0xD69A, 0xC638, 0xC638, 0xC618, 0xB5B6, 0xB596, 0xAD75,
	0xAD75, 0xAD75, 0xAD75, 0xB596, 0xAD55, 0xA534, 0xA534, 0xAD55, 0xAD55, 0x3186, 0x8430, 0xCE79,
	0xBDF7, 0xBDD7, 0xBDF7, 0xBDD7, 0xAD75, 0xAD55, 0xAD55, 0xAD55, 0xA534, 0xAD55, 0xB596, 0xAD55,
	0xB596, 0xB5B6, 0xCE79, 0xFFDF, 0xFFFF, 0xFFDF, 0xFFDF, 0xFFDF, 0xFFFF, 0xFFFF, 0xFFFF, 0xFFDF,
	0xFFDF, 0xFFDF, 0xFFDF, 0xFFFF, 0xFFDF, 0xFFFF, 0xD6BA, 0x2104, 0x0041, 0x9924, 0xE124, 0xD924,
	0xD124, 0xA924, 0x9924, 0x9124, 0x8924, 0x8924, 0x9924, 0xC124, 0xD124, 0xD924, 0xD124, 0xD124,
	0xC924, 0xB124, 0x9124, 0x9124, 0x9124, 0x9924, 0xB124, 0xD924, 0xD924, 0xA924, 0x9A28, 0xACD3,
	0xA4B2, 0xB145, 0xB924, 0xC924, 0xD924, 0xD924, 0xD924, 0xD924, 0xD924, 0xD924, 0xD924, 0xD924,
	0xD924, 0xD924, 0xD924, 0xD924, 0xD924, 0xD924, 0xD924, 0xD924, 0xD924, 0xD924, 0xD124, 0xC124,
	0xB124, 0xA965, 0xA4D3, 0xAD55, 0xB596, 0xB596, 0x31A6, 0x0000, 0x2104, 0xDEDB, 0xFFFF, 0xFFBE,
	0xFFBE, 0xFFBE, 0xFFBE, 0xFFBE, 0xFFBE, 0xFFBE, 0xFFDF, 0xFFDF, 0xFFFF, 0xFFFF, 0xFFFF, 0xFFFF,
	0xFFDF, 0xD69A, 0xCE38, 0xCE38, 0xC618, 0xBDF7, 0xBDB6, 0xB5B6, 0xB596, 0xB575, 0xB575, 0xB575,
	0xB575, 0xAD55, 0xAD55, 0xAD75, 0xA514, 0x18E3, 0x8C51, 0xCE59, 0xBDF7, 0xBDF7, 0xBDF7, 0xBDB6,
	0xB596, 0xAD75, 0xAD75, 0xAD55, 0xAD55, 0xAD55, 0xB596, 0xB596, 0xB5B6, 0xBDB6, 0xCE79, 0xFFDF,
	0xFFDF, 0xFFDF, 0xFFDF, 0xFFDF, 0xFFDF, 0xFFDF, 0xFFDF, 0xFFDF, 0xFFDF, 0xFFDF, 0xFFDF, 0xFFDF,
	0xFFBE, 0xFFFF, 0xD69A, 0x18E3, 0x1082, 0xA924, 0xE124, 0xD924, 0xB924, 0x9924, 0x9124, 0x8924,
	0x8924, 0x8924, 0xA924, 0xC924, 0xD124, 0xD924, 0xD124, 0xD124, 0xC924, 0xC124, 0x9924, 0x8924,
	0x9124, 0x9124, 0xA124, 0xC924, 0xE124, 0xB924, 0x9186, 0xA3EF, 0x9D34, 0xA9E7, 0xB904, 0xC124,
	0xD924, 0xD924, 0xD924, 0xD924, 0xD924, 0xD924, 0xD924, 0xD924, 0xD924, 0xD924, 0xD924, 0xD924,
	0xD924, 0xD924, 0xD924, 0xD924, 0xD924, 0xD924, 0xD124, 0xC124, 0xB124, 0xA965, 0xA4D3, 0xA534,
	0xA514, 0xAD55, 0x31A6, 0x0000, 0x2104, 0xDF3C, 0xFFFF, 0xF7FF, 0xF7FF, 0xF7FF, 0xF7FF, 0xF7FF,
	0xF7FF, 0xF7FF, 0xFFFF, 0xFFFF, 0xFFFF, 0xFFFF, 0xFFFF, 0xFFFF, 0xFFFF, 0xD6FB, 0xCEBA, 0xCE9A,
	0xCE9A, 0xC679, 0xBE38, 0xBE18, 0xBE18, 0xB5F7, 0xB5F7, 0xB5F7, 0xB5F7, 0xB5D7, 0xADB6, 0xB5F7,
	0x9CF3, 0x10A2, 0x7C10, 0xCEBA, 0xBE38, 0xC659, 0xBE38, 0xBE18, 0xB5F7, 0xB5D7, 0xADB6, 0xADB6,
	0xADB6, 0xADB6, 0xB5D7, 0xB5D7, 0xBE18, 0xBE18, 0xD6DB, 0xFFFF, 0xFFFF, 0xFFFF, 0xFFFF, 0xFFFF,
	0xFFFF, 0xFFFF, 0xFFFF, 0xFFFF, 0xFFFF, 0xFFFF, 0xFFFF, 0xFFFF, 0xFFFF, 0xFFFF, 0xB5F7, 0x0841,
	0x20A2, 0xC145, 0xE124, 0xC924, 0xA124, 0x9124, 0x8924, 0x8924, 0x8924, 0x9124, 0xB924, 0xC924,
	0xD124, 0xD924, 0xD124, 0xD124, 0xC924, 0xC124, 0xA924, 0x8924, 0x9124, 0x9124, 0xA124, 0xB924,
	0xD924, 0xC924, 0x9145, 0xA32C, 0x9D55, 0xA2AA, 0xB8E3, 0xC145, 0xD124, 0xD924, 0xD924, 0xD924,
	0xD924, 0xD924, 0xD924, 0xD924, 0xD924, 0xD924, 0xD924, 0xD924, 0xD924, 0xD924, 0xD924, 0xD924,
	0xD924, 0xD924, 0xD124, 0xB924, 0xB124, 0xA965, 0xA4D3, 0xAD55, 0x9CD3, 0xA514, 0x3186, 0x0000,
	0x20E3, 0xD575, 0xF618, 0xEDF7, 0xEDF7, 0xEDF7, 0xEDF7, 0xEDF7, 0xEDF7, 0xEDF7, 0xEDF7, 0xEDF7,
	0xEDF7, 0xEE18, 0xF638, 0xF638, 0xF638, 0xDD75, 0xCD14, 0xCD14, 0xCD14, 0xC4F3, 0xC4D3, 0xBCB2,
	0xBCB2, 0xBCB2, 0xBCB2, 0xBC92, 0xBC92, 0xB492, 0xB471, 0xBCB2, 0x834D, 0x0000, 0x628A, 0xCD14,
	0xBCB2, 0xBCB2, 0xBCB2, 0xBCB2, 0xB492, 0xB471, 0xAC71, 0xAC51, 0xAC51, 0xAC51, 0xAC51, 0xB471,
	0xBC92, 0xBCB2, 0xD534, 0xF638, 0xF638, 0xF638, 0xF638, 0xF638, 0xF638, 0xF638, 0xF638, 0xF638,
	0xF638, 0xF638, 0xF638, 0xF638, 0xF638, 0xFE38, 0xAC51, 0x0020, 0x38E3, 0xD124, 0xD924, 0xB124,
	0x9124, 0x9124, 0x8924, 0x8924, 0x8924, 0xA124, 0xC124, 0xD124, 0xD924, 0xD924, 0xD924, 0xD124,
	0xC924, 0xC124, 0xB124, 0x9124, 0x8924, 0x9124, 0x9924, 0xB124, 0xD124, 0xD924, 0x9924, 0x9A8A,
	0x9D14, 0xA36D, 0xB0E3, 0xC145, 0xD124, 0xD924, 0xD924, 0xD924, 0xD924, 0xD924, 0xD924, 0xD924,
	0xD924, 0xD924, 0xD924, 0xD924, 0xD924, 0xD924, 0xD924, 0xD924, 0xD924, 0xD924, 0xD124, 0xB924,
	0xB124, 0xA965, 0xA4D3, 0xAD96, 0x9CF3, 0x9CD3, 0x3186, 0x0000, 0x1882, 0xC104, 0xD8E3, 0xD8E3,
	0xD8E3, 0xD8E3, 0xD8E3, 0xD8E3, 0xD8E3, 0xD8E3, 0xD8E3, 0xD8E3, 0xD8E3, 0xD8E3, 0xD8E3, 0xD8E3,
	0xD8E3, 0xD8E3, 0xD0E3, 0xC8E3, 0xC8E3, 0xC8E3, 0xC0E3, 0xC0E3, 0xB8E3, 0xB8E3, 0xB8E3, 0xB8E3,
	0xB8E3, 0xB904, 0xB904, 0xB8E3, 0xA124, 0x10A2, 0x58E3, 0xC904, 0xC0E3, 0xC0E3, 0xC0E3, 0xB8E3,
	0xB8E3, 0xB104, 0xB104, 0xB104, 0xB104, 0xB104, 0xB104, 0xB104, 0xB8E3, 0xC0E3, 0xD0E3, 0xD8E3,
	0xD8E3, 0xD8E3, 0xD8E3, 0xD8E3, 0xD8E3, 0xD8E3, 0xD8E3, 0xD8E3, 0xD8E3, 0xD8E3, 0xD8E3, 0xD8E3,
	0xD0E3, 0xE0E3, 0xA904, 0x0861, 0x5904, 0xD924, 0xC924, 0x9924, 0x8924, 0x8924, 0x8924, 0x8924,
	0x9124, 0xB924, 0xC924, 0xD124, 0xD924, 0xD924, 0xD924, 0xD124, 0xC924, 0xC924, 0xB924, 0x9924,
	0x8924, 0x9124, 0x9124, 0xA924, 0xC124, 0xD924, 0xB124, 0x9249, 0x9CF3, 0x9C30, 0xB124, 0xB924,
	0xD124, 0xD924, 0xD924, 0xD924, 0xD924, 0xD924, 0xD924, 0xD924, 0xD924, 0xD924, 0xD924, 0xD924,
	0xD924, 0xD924, 0xD924, 0xD924, 0xD924, 0xD924, 0xD124, 0xB924, 0xB124, 0xA965, 0xA4D3, 0xB5B6,
	0xA514, 0x9492, 0x2965, 0x0000, 0x0861, 0xA945, 0xE145, 0xD945, 0xD945, 0xD945, 0xD945, 0xD945,
	0xD945, 0xD945, 0xD945, 0xD945, 0xD945, 0xD945, 0xD945, 0xD945, 0xD945, 0xD945, 0xD145, 0xD145,
	0xC945, 0xC924, 0xC924, 0xC124, 0xC124, 0xC124, 0xB924, 0xB924, 0xB924, 0xB924, 0xB924, 0xB924,
	0xA945, 0x10A2, 0x6104, 0xD145, 0xC124, 0xC124, 0xC124, 0xC124, 0xB924, 0xB924, 0xB924, 0xB924,
	0xB124, 0xB924, 0xB924, 0xB924, 0xB924, 0xC124, 0xD145, 0xD945, 0xD945, 0xD945, 0xD945, 0xD945,
	0xD945, 0xD945, 0xD945, 0xD945, 0xD945, 0xD945, 0xD945, 0xD945, 0xD945, 0xD945, 0xC145, 0x1882,
	0x7124, 0xD924, 0xB124, 0x9124, 0x9924, 0x9124, 0x9124, 0x9124, 0xA124, 0xC924, 0xD124, 0xD924,
	0xD924, 0xD924, 0xD924, 0xD124, 0xC924, 0xC924, 0xC124, 0xA124, 0x8924, 0x9124, 0x9124, 0xA124,
	0xB924, 0xD124, 0xC924, 0x9A08, 0x9C92, 0x9CD3, 0xA986, 0xB904, 0xD124, 0xD924, 0xD924, 0xD924,
	0xD924, 0xD924, 0xD924, 0xD924, 0xD924, 0xD924, 0xD924, 0xD924, 0xD924, 0xD924, 0xD924, 0xD924,
	0xD924, 0xD924, 0xD124, 0xC124, 0xB124, 0xA965, 0xA4D3, 0xB5B6, 0xB575, 0x8C71, 0x2965, 0x0000,
	0x0041, 0xA924, 0xE124, 0xD924, 0xD924, 0xD924, 0xD924, 0xD924, 0xD924, 0xD924, 0xD924, 0xD924,
	0xD924, 0xD924, 0xD924, 0xD924, 0xD924, 0xD924, 0xD124, 0xD124, 0xC924, 0xC924, 0xC924, 0xC124,
	0xC124, 0xC124, 0xC124, 0xC124, 0xB924, 0xB924, 0xB924, 0xC124, 0xB945, 0x28C3, 0x58E3, 0xD145,
	0xC124, 0xC124, 0xC124, 0xC124, 0xC124, 0xC124, 0xB924, 0xB924, 0xB924, 0xB924, 0xB924, 0xB924,
	0xC124, 0xC124, 0xD124, 0xD924, 0xD924, 0xD924, 0xD924, 0xD924, 0xD924, 0xD924, 0xD924, 0xD924,
	0xD924, 0xD924, 0xD924, 0xD924, 0xD924, 0xD924, 0xC945, 0x20A2, 0x30C3, 0x8124, 0x7124, 0x6924,
	0x6924, 0x7124, 0x8145, 0x9145, 0xC124, 0xD124, 0xD924, 0xD924, 0xD924, 0xD924, 0xD924, 0xD124,
	0xD124, 0xC924, 0xC124, 0xB124, 0x9124, 0x8924, 0x9124, 0xA124, 0xB124, 0xC924, 0xD124, 0xA9A6,
	0xA410, 0x9D34, 0xAA28, 0xB8E3, 0xC924, 0xD924, 0xD924, 0xD924, 0xD924, 0xD924, 0xD924, 0xD924,
	0xD924, 0xD924, 0xD924, 0xD924, 0xD924, 0xD924, 0xD924, 0xD924, 0xD924, 0xD924, 0xD124, 0xC124,
	0xB924, 0xB165, 0xA4F3, 0xB5D7, 0xBDD7, 0x8C71, 0x2945, 0x0000, 0x0861, 0xA924, 0xE124, 0xD924,
	0xD924, 0xD924, 0xD924, 0xD924, 0xD924, 0xD924, 0xD924, 0xD924, 0xD924, 0xD924, 0xD924, 0xD924,
	0xD924, 0xD924, 0xD124, 0xD124, 0xD124, 0xD124, 0xC924, 0xC924, 0xC124, 0xC124, 0xC124, 0xC124,
	0xC124, 0xC124, 0xC124, 0xC124, 0xC945, 0x38C3, 0x38C3, 0xC945, 0xC924, 0xC924, 0xC924, 0xC124,
	0xC124, 0xC124, 0xC124, 0xC124, 0xC124, 0xC124, 0xC124, 0xC124, 0xC124, 0xC124, 0xC924, 0xD924,
	0xD924, 0xD924, 0xD924, 0xD924, 0xD924, 0xD924, 0xD924, 0xD924, 0xD924, 0xD924, 0xD924, 0xD924,
	0xD924, 0xD924, 0xD124, 0x38C3, 0x0000, 0x0041, 0x0041, 0x0020, 0x0041, 0x0841, 0x1061, 0x20A2,
	0x9924, 0xD924, 0xD924, 0xD924, 0xD924, 0xD924, 0xD924, 0xD924, 0xD124, 0xD124, 0xC924, 0xB924,
	0x9924, 0x8924, 0x9124, 0x9924, 0xB124, 0xC924, 0xD924, 0xB945, 0xAB6D, 0x9D55, 0xA2EB, 0xB8E3,
	0xC945, 0xD924, 0xD924, 0xD924, 0xD924, 0xD924, 0xD924, 0xD924, 0xD924, 0xD924, 0xD924, 0xD924,
	0xD924, 0xD924, 0xD924, 0xD924, 0xD924, 0xD924, 0xD124, 0xC124, 0xB924, 0xB165, 0xAD14, 0xBDD7,
	0xC618, 0x9492, 0x2945, 0x0000, 0x0041, 0x9124, 0xE124, 0xD924, 0xD924, 0xD924, 0xD924, 0xD924,
	0xD924, 0xD924, 0xD924, 0xD924, 0xD924, 0xD924, 0xD924, 0xD924, 0xD924, 0xD924, 0xD124, 0xD124,
	0xD124, 0xD124, 0xC924, 0xC924, 0xC924, 0xC924, 0xC124, 0xC124, 0xC124, 0xC124, 0xC124, 0xC124,
	0xD145, 0x48E3, 0x30C3, 0xD145, 0xC924, 0xC924, 0xC924, 0xC924, 0xC924, 0xC924, 0xC124, 0xC124,
	0xC124, 0xC124, 0xC124, 0xC124, 0xC124, 0xC124, 0xC924, 0xD924, 0xD924, 0xD924, 0xD924, 0xD924,
	0xD924, 0xD924, 0xD924, 0xD924, 0xD924, 0xD924, 0xD924, 0xD924, 0xD924, 0xD924, 0xD924, 0x50E3,
	0x0000, 0x0000, 0x0000, 0x0000, 0x0000, 0x0000, 0x0000, 0x0000, 0x20C3, 0xB945, 0xE124, 0xD124,
	0xD924, 0xD924, 0xD924, 0xD924, 0xD124, 0xD124, 0xC924, 0xC124, 0xA924, 0x8924, 0x9124, 0x9124,
	0xB124, 0xD924, 0xD924, 0xC124, 0xB2EB, 0xA555, 0xA3CF, 0xB904, 0xC924, 0xD924, 0xD924, 0xD924,
	0xD924, 0xD924, 0xD924, 0xD924, 0xD924, 0xD924, 0xD924, 0xD924, 0xD924, 0xD924, 0xD924, 0xD924,
	0xD924, 0xD924, 0xD924, 0xC924, 0xC124, 0xB986, 0xB555, 0xBDF7, 0xCE59, 0x9CD3, 0x2124, 0x0000,
	0x0020, 0x7904, 0xE124, 0xD124, 0xD924, 0xD924, 0xD924, 0xD924, 0xD924, 0xD924, 0xD924, 0xD924,
	0xD924, 0xD924, 0xD924, 0xD924, 0xD924, 0xD924, 0xD924, 0xD124, 0xD124, 0xD124, 0xD124, 0xC924,
	0xC924, 0xC924, 0xC924, 0xC924, 0xC924, 0xC124, 0xC124, 0xC124, 0xD924, 0x6904, 0x30E3, 0xD145,
	0xD124, 0xC924, 0xC924, 0xC924, 0xC924, 0xC924, 0xC924, 0xC924, 0xC924, 0xC124, 0xC124, 0xC124,
	0xC924, 0xC924, 0xD124, 0xD924, 0xD924, 0xD924, 0xD924, 0xD924, 0xD924, 0xD924, 0xD924, 0xD924,
	0xD924, 0xD924, 0xD924, 0xD924, 0xD924, 0xD924, 0xD924, 0x5904, 0x0000, 0x0000, 0x0000, 0x0000,
	0x0000, 0x0000, 0x0000, 0x0000, 0x0020, 0x38E3, 0xC945, 0xE124, 0xD924, 0xD924, 0xD924, 0xD924,
	0xE124, 0xE124, 0xD924, 0xD124, 0xC124, 0xA124, 0x9924, 0x9924, 0xB924, 0xD924, 0xD924, 0xC924,
	0xBA8A, 0xAD14, 0xA4B2, 0xB145, 0xC924, 0xD924, 0xD924, 0xD924, 0xD924, 0xD924, 0xD924, 0xD924,
	0xD924, 0xD924, 0xD924, 0xD924, 0xD924, 0xD924, 0xD924, 0xD924, 0xD924, 0xD924, 0xD924, 0xD924,
	0xD104, 0xC986, 0xC5B6, 0xCE79, 0xDEDB, 0xB596, 0x2124, 0x0000, 0x0020, 0x8104, 0xE945, 0xD945,
	0xD945, 0xD924, 0xD924, 0xD924, 0xD124, 0xD124, 0xD124, 0xD124, 0xD924, 0xD924, 0xD924, 0xD924,
	0xD924, 0xD924, 0xD924, 0xD924, 0xD124, 0xD124, 0xD124, 0xD124, 0xC924, 0xC924, 0xC924, 0xC924,
	0xC924, 0xC124, 0xC924, 0xC124, 0xD924, 0x6904, 0x20C3, 0xC924, 0xD124, 0xC924, 0xD124, 0xC924,
	0xC924, 0xC924, 0xC924, 0xC924, 0xC924, 0xC924, 0xC924, 0xC924, 0xC924, 0xC924, 0xD124, 0xD924,
	0xD924, 0xD924, 0xD924, 0xD924, 0xD924, 0xD924, 0xD924, 0xD924, 0xD924, 0xD924, 0xD924, 0xD924,
	0xD924, 0xD124, 0xE124, 0x8124, 0x0000, 0x0000, 0x0000, 0x0000, 0x0000, 0x0000, 0x0000, 0x0000,
	0x0000, 0x0000, 0x5904, 0xD145, 0xD924, 0xD124, 0xD124, 0xC124, 0xB924, 0x9924, 0x8924, 0x6904,
	0x5904, 0x5104, 0x5924, 0x7945, 0xB945, 0xD924, 0xE124, 0xD124, 0xC208, 0xB492, 0xA555, 0xB1E7,
	0xC904, 0xD924, 0xD924, 0xD124, 0xC945, 0xC945, 0xC945, 0xC945, 0xC945, 0xC945, 0xC924, 0xC924,
	0xC924, 0xC924, 0xC924, 0xC924, 0xC124, 0xC924, 0xC145, 0xB945, 0xB924, 0xB186, 0xB555, 0xBDF7,
	0xC618, 0xAD75, 0x2965, 0x0000, 0x0000, 0x60E3, 0xD104, 0xD0E3, 0xD8E3, 0xD904, 0xE145, 0xE145,
	0xE124, 0xE124, 0xE124, 0xE124, 0xE124, 0xE124, 0xE124, 0xE124, 0xE124, 0xE124, 0xD924, 0xD124,
	0xD124, 0xD124, 0xD124, 0xD124, 0xD124, 0xD124, 0xD924, 0xD924, 0xD924, 0xE124, 0xE124, 0xE924,
	0xB145, 0x20A2, 0x1882, 0xB945, 0xD945, 0xD924, 0xD924, 0xD924, 0xD924, 0xD924, 0xD924, 0xD124,
	0xD124, 0xD124, 0xD124, 0xD124, 0xD124, 0xD924, 0xD924, 0xD924, 0xD924, 0xD924, 0xD924, 0xD924,
	0xD924, 0xD124, 0xD124, 0xD924, 0xD924, 0xD924, 0xD924, 0xE124, 0xE124, 0xE924, 0xB945, 0x40E3,
	0x0000, 0x0000, 0x0000, 0x0000, 0x0000, 0x0000, 0x0000, 0x0000, 0x0000, 0x0000, 0x0020, 0x20E3,
	0x9124, 0xA124, 0x8924, 0x7124, 0x6124, 0x5924, 0x4924, 0x4904, 0x20A2, 0x0041, 0x0020, 0x0861,
	0x30C3, 0x7124, 0xB145, 0xD124, 0xC965, 0xC38E, 0xADB6, 0xB2CB, 0xC8E3, 0xD145, 0xE124, 0x8124,
	0x1882, 0x2082, 0x2082, 0x2082, 0x1882, 0x18A2, 0x20C3, 0x20C3, 0x20C3, 0x20C3, 0x20C3, 0x20C3,
	0x20C3, 0x18A2, 0x1061, 0x1882, 0x1882, 0x1882, 0x18C3, 0x18C3, 0x18E3, 0x18E3, 0x0841, 0x0020,
	0x31A6, 0x528A, 0x830C, 0x9AEB, 0xAAEB, 0x71E7, 0x48E3, 0x58E3, 0x7904, 0x7904, 0x7904, 0x8104,
	0xA124, 0xA924, 0xA924, 0xA924, 0xA924, 0xB145, 0xE124, 0xE124, 0xE124, 0xE124, 0xE124, 0xE145,
	0xE145, 0xD145, 0xC945, 0xB945, 0xA924, 0x9924, 0x7904, 0x7904, 0x38C3, 0x0000, 0x0841, 0x38C3,
	0x40E3, 0x6104, 0x6904, 0x6904, 0x6904, 0x8924, 0x9124, 0x9124, 0x9124, 0xA945, 0xB945, 0xB145,
	0xB145, 0xB945, 0xC145, 0xE124, 0xD924, 0xD924, 0xE124, 0xE124, 0xE124, 0xE124, 0xE124, 0xE145,
	0xE145, 0xD145, 0xC945, 0xB945, 0xA924, 0xA124, 0x38E3, 0x0020, 0x0000, 0x0000, 0x0000, 0x0000,
	0x0000, 0x0000, 0x0000, 0x0000, 0x0000, 0x0041, 0x20A2, 0x7104, 0xC124, 0xD924, 0xD124, 0xD924,
	0xD924, 0xD924, 0xD924, 0xE124, 0xC945, 0x7924, 0x20A2, 0x0020, 0x0000, 0x0020, 0x18A2, 0x5904,
	0xB945, 0xDAEB, 0xBDB6, 0xB3CF, 0xC8E3, 0xD945, 0xD945, 0x48E3, 0x0000, 0x0000, 0x0000, 0x0020,
	0x1882, 0x7104, 0xA124, 0xA124, 0xA124, 0xA124, 0xA124, 0xA124, 0xA124, 0x7904, 0x20A2, 0x0020,
	0x0000, 0x0000, 0x0000, 0x0000, 0x0000, 0x0000, 0x0020, 0x4A49, 0x8410, 0x8C92, 0x94F3, 0x9D34,
	0x9D55, 0x94F3, 0x634D, 0x0061, 0x0000, 0x0000, 0x0000, 0x0000, 0x0041, 0x0041, 0x0041, 0x0041,
	0x0041, 0x1061, 0x7924, 0xA924, 0x9124, 0x7924, 0x7104, 0x48E3, 0x48E3, 0x28A2, 0x2082, 0x1061,
	0x0041, 0x0020, 0x0000, 0x0000, 0x0000, 0x0000, 0x0000, 0x0000, 0x0000, 0x0000, 0x0000, 0x0000,
	0x0000, 0x0020, 0x0041, 0x0041, 0x0041, 0x1061, 0x1882, 0x1882, 0x1882, 0x1882, 0x20A2, 0x7124,
	0xC945, 0xC945, 0xB945, 0xA945, 0x9924, 0x8124, 0x7924, 0x50E3, 0x48E3, 0x30C3, 0x2082, 0x1061,
	0x0041, 0x0041, 0x0000, 0x0000, 0x0000, 0x0000, 0x0000, 0x0000, 0x0000, 0x0000, 0x0000, 0x0020,
	0x20A2, 0x7924, 0xC945, 0xE124, 0xD924, 0xD924, 0xD924, 0xD924, 0xD924, 0xD924, 0xD924, 0xD924,
	0xD924, 0xE124, 0xC945, 0x8124, 0x30C3, 0x0041, 0x0000, 0x0020, 0x20A2, 0x92AA, 0xD638, 0xC534,
	0xC104, 0xD924, 0xC945, 0x20A2, 0x0000, 0x0020, 0x20A2, 0x8124, 0xC945, 0xE124, 0xE124, 0xE124,
	0xE124, 0xE124, 0xE124, 0xE124, 0xE124, 0xE124, 0xC945, 0x8924, 0x38C3, 0x0041, 0x0000, 0x0000,
	0x0000, 0x0020, 0x4A49, 0x8430, 0x8C71, 0x9CD3, 0xA514, 0xA514, 0xA4F3, 0xA514, 0xB575, 0x528A,
	0x0000, 0x0000, 0x0000, 0x0000, 0x0000, 0x0000, 0x0000, 0x0000, 0x0000, 0x0000, 0x0020, 0x0061,
	0x0041, 0x0020, 0x0020, 0x0000, 0x0000, 0x0000, 0x0000, 0x0000, 0x0000, 0x0000, 0x0000, 0x0000,
	0x0000, 0x0000, 0x0000, 0x0000, 0x0000, 0x0000, 0x0000, 0x0000, 0x0000, 0x0000, 0x0000, 0x0000,
	0x0000, 0x0000, 0x0000, 0x0000, 0x0000, 0x0000, 0x0000, 0x0020, 0x1861, 0x2082, 0x1061, 0x0041,
	0x0041, 0x0000, 0x0000, 0x0000, 0x0000, 0x0000, 0x0000, 0x0000, 0x0000, 0x0000, 0x0000, 0x0000,
	0x0000, 0x0000, 0x0000, 0x0000, 0x0000, 0x0000, 0x0041, 0x7124, 0xC945, 0xE124, 0xD924, 0xD924,
	0xD924, 0xD924, 0xD924, 0xD924, 0xD924, 0xD924, 0xD924, 0xD924, 0xD924, 0xD124, 0xD924, 0xE124,
	0xD945, 0x7924, 0x0041, 0x0000, 0x0000, 0x0061, 0x5B4D, 0xBC30, 0xD104, 0xE124, 0xA124, 0x0061,
	0x1882, 0x7924, 0xC945, 0xE124, 0xD924, 0xD124, 0xD924, 0xD924, 0xD924, 0xD924, 0xD924, 0xD924,
	0xD924, 0xD924, 0xD924, 0xE124, 0xD145, 0x9124, 0x30C3, 0x0020, 0x0000, 0x2104, 0x8410, 0x9492,
	0x9CD3, 0xA514, 0xA514, 0xA514, 0xA514, 0xA514, 0xA514, 0x94B2, 0x20E3, 0x0000, 0x0000, 0x0000,
	0x0000, 0x0000, 0x0000, 0x0000, 0x0000, 0x0000, 0x0000, 0x0000, 0x0000, 0x0000, 0x0000, 0x0000,
	0x0000, 0x0000, 0x0000, 0x0000, 0x0000, 0x0000, 0x0000, 0x0000, 0x0000, 0x0000, 0x0000, 0x0000,
	0x0000, 0x0000, 0x0000, 0x0020, 0x0020, 0x0020, 0x0020, 0x0020, 0x0020, 0x0020, 0x0020, 0x0000,
	0x0020, 0x0020, 0x0020, 0x0861, 0x0861, 0x0861, 0x0861, 0x0861, 0x0861, 0x1061, 0x1061, 0x1061,
	0x1061, 0x1061, 0x0861, 0x1082, 0x18E3, 0x18E3, 0x0841, 0x0000, 0x0000, 0x0000, 0x0000, 0x0000,
	0x0000, 0x0020, 0x6104, 0xE124, 0xD924, 0xD124, 0xD924, 0xD924, 0xD924, 0xD924, 0xD924, 0xD924,
	0xD924, 0xD924, 0xD924, 0xD924, 0xD924, 0xD924, 0xD924, 0xD124, 0xD924, 0xE124, 0x6104, 0x0020,
	0x0000, 0x0000, 0x0000, 0x38C3, 0xB924, 0xE924, 0x7104, 0x18C3, 0xB145, 0xE924, 0xD924, 0xD124,
	0xD924, 0xD924, 0xD924, 0xD924, 0xD924, 0xD924, 0xD924, 0xD924, 0xD924, 0xD924, 0xD924, 0xD124,
	0xD924, 0xE124, 0xC945, 0x38E3, 0x0000, 0x3165, 0x8C92, 0x9CF3, 0xA514, 0xA514, 0xA514, 0xA514,
	0xA514, 0xA514, 0x9CF3, 0xAD55, 0x630C, 0x0000, 0x0000, 0x0000, 0x0000, 0x0000, 0x0000, 0x0000,
	0x0000, 0x0000, 0x0000, 0x0000, 0x0000, 0x0000, 0x0000, 0x0000, 0x0800, 0x1000, 0x1800, 0x1800,
	0x1800, 0x1800, 0x1800, 0x1800, 0x1800, 0x1800, 0x1000, 0x0000, 0x0000, 0x2104, 0x4208, 0x4228,
	0x4228, 0x4228, 0x4228, 0x4228, 0x4228, 0x4228, 0x4208, 0x4208, 0x4208, 0x4208, 0x4208, 0x4A69,
	0x5269, 0x5269, 0x4A69, 0x4A69, 0x4A69, 0x4A69, 0x4A69, 0x4A69, 0x4A69, 0x4A69, 0x4A69, 0x4A69,
	0x528A, 0x52AA, 0x18E3, 0x0000, 0x0000, 0x0000, 0x0000, 0x0000, 0x0000, 0x40E3, 0xD145, 0xD924,
	0xD924, 0xD924, 0xD924, 0xD924, 0xD924, 0xD924, 0xD924, 0xD924, 0xD924, 0xD924, 0xD924, 0xD924,
	0xD924, 0xD924, 0xD924, 0xD924, 0xD924, 0xD924, 0xD145, 0x40E3, 0x0000, 0x0000, 0x0000, 0x0000,
	0x38E3, 0xB145, 0x4924, 0x9124, 0xE924, 0xD124, 0xD924, 0xD924, 0xD924, 0xD924, 0xD924, 0xD924,
	0xD924, 0xD924, 0xD924, 0xD924, 0xD924, 0xD924, 0xD924, 0xD924, 0xD924, 0xD124, 0xE124, 0xB945,
	0x1861, 0x4228, 0xA4F3, 0xA514, 0xA514, 0xA514, 0xA514, 0xA514, 0xA514, 0xA514, 0x9CF3, 0xAD55,
	0x5ACB, 0x0000, 0x0000, 0x0000, 0x0000, 0x0000, 0x0000, 0x0000, 0x0000, 0x0000, 0x0000, 0x3945,
	0x5AEB, 0x5ACB, 0x630C, 0x736D, 0x838E, 0x8BAE, 0x8BCE, 0x8BCE, 0x8BCE, 0x8BCE, 0x8BCE, 0x8BCE,
	0x8BCE, 0x8BCE, 0x83AE, 0x5A89, 0x1061, 0x31A6, 0x5ACB, 0x528A, 0x528A, 0x528A, 0x52AA, 0x52AA,
	0x52AA, 0x52AA, 0x52AA, 0x52AA, 0x52AA, 0x52AA, 0x52AA, 0x528A, 0x528A, 0x528A, 0x528A, 0x528A,
	0x528A, 0x528A, 0x528A, 0x528A, 0x528A, 0x528A, 0x528A, 0x528A, 0x528A, 0x528A, 0x18C3, 0x0000,
	0x0000, 0x0000, 0x0000, 0x0000, 0x20A2, 0xC145, 0xE124, 0xD924, 0xD924, 0xD924, 0xD924, 0xD924,
	0xD924, 0xD924, 0xD924, 0xD924, 0xD924, 0xD924, 0xD924, 0xD924, 0xD924, 0xD924, 0xD924, 0xD924,
	0xD924, 0xD924, 0xE124, 0xC145, 0x20A2, 0x0000, 0x0000, 0x0000, 0x0000, 0x10C3, 0x8124, 0xE124,
	0xD924, 0xD924, 0xD924, 0xD924, 0xD924, 0xD924, 0xD924, 0xD924, 0xD924, 0xD924, 0xD924, 0xD924,
	0xD924, 0xD924, 0xD924, 0xD924, 0xD924, 0xD924, 0xD124, 0xE124, 0x9104, 0x52CB, 0xA514, 0xA514,
	0xA514, 0xA514, 0xA514, 0xA514, 0xA514, 0xA514, 0x9CF3, 0xAD55, 0x4208, 0x0000, 0x0000, 0x0000,
	0x0000, 0x0000, 0x0000, 0x0000, 0x0000, 0x0000, 0x4841, 0x9C30, 0xA575, 0xA534, 0xA534, 0xA555,
	0xA555, 0xA555, 0xA555, 0xA555, 0xA555, 0xA555, 0xA555, 0xA555, 0xA555, 0xA555, 0xA555, 0xAD75,
	0x6B4D, 0x39A6, 0x52AA, 0x528A, 0x528A, 0x528A, 0x528A, 0x528A, 0x528A, 0x528A, 0x528A, 0x528A,
	0x528A, 0x528A, 0x528A, 0x528A, 0x528A, 0x528A, 0x528A, 0x528A, 0x528A, 0x528A, 0x528A, 0x528A,
	0x528A, 0x528A, 0x528A, 0x528A, 0x528A, 0x52AA, 0x18E3, 0x0000, 0x0000, 0x0000, 0x0000, 0x1082,
	0xA145, 0xE124, 0xD124, 0xD924, 0xD924, 0xD924, 0xD924, 0xD924, 0xD924, 0xD924, 0xD924, 0xD924,
	0xD924, 0xD924, 0xD924, 0xD924, 0xD924, 0xD924, 0xD924, 0xD924, 0xD924, 0xD924, 0xD124, 0xE124,
	0xA145, 0x1082, 0x0000, 0x0000, 0x0020, 0x50E3, 0xD924, 0xD924, 0xD924, 0xD924, 0xD924, 0xD924,
	0xD924, 0xD924, 0xD924, 0xD924, 0xD924, 0xD924, 0xD924, 0xD924, 0xD924, 0xD924, 0xD924, 0xD924,
	0xD924, 0xD924, 0xD924, 0xD924, 0xD904, 0x9B0C, 0x9534, 0xA514, 0xA514, 0xA514, 0xA514, 0xA514,
	0xA514, 0xA514, 0xA514, 0xA534, 0x2124, 0x0000, 0x0000, 0x0000, 0x0000, 0x0000, 0x0000, 0x0000,
	0x0000, 0x1020, 0xA8C3, 0xAB6D, 0x9D34, 0xA4F3, 0xA514, 0xA4F3, 0xA4F3, 0xA4F3, 0xA4F3, 0xA4F3,
	0xA4F3, 0xA4F3, 0xA4F3, 0xA4F3, 0xA4F3, 0xA4F3, 0x9CF3, 0xA534, 0x8410, 0x39E7, 0x52AA, 0x528A,
	0x528A, 0x528A, 0x528A, 0x528A, 0x528A, 0x528A, 0x528A, 0x528A, 0x528A, 0x528A, 0x528A, 0x528A,
	0x528A, 0x528A, 0x528A, 0x528A, 0x528A, 0x528A, 0x528A, 0x528A, 0x528A, 0x528A, 0x528A, 0x528A,
	0x528A, 0x52AA, 0x2104, 0x0000, 0x0000, 0x0000, 0x0020, 0x6904, 0xE124, 0xD124, 0xD924, 0xD924,
	0xD924, 0xD924, 0xD924, 0xD924, 0xD924, 0xD924, 0xD924, 0xD924, 0xD924, 0xD924, 0xD924, 0xD924,
	0xD924, 0xD924, 0xD924, 0xD924, 0xD924, 0xD924, 0xD924, 0xD124, 0xE124, 0x6904, 0x0000, 0x0000,
	0x30C3, 0xC945, 0xD924, 0xD924, 0xD924, 0xD924, 0xD924, 0xD924, 0xD924, 0xD924, 0xD924, 0xD924,
	0xD924, 0xD924, 0xD924, 0xD924, 0xD924, 0xD924, 0xD924, 0xD924, 0xD924, 0xD924, 0xD924, 0xD924,
	0xD904, 0xD1A6, 0xAC71, 0xA534, 0xA514, 0xA514, 0xA514, 0xA514, 0xA514, 0xA514, 0xA575, 0x9410,
	0x3882, 0x2841, 0x3000, 0x2000, 0x1000, 0x1000, 0x2000, 0x1800, 0x0800, 0x1000, 0xB882, 0xC1C6,
	0x9D13, 0xA514, 0xA514, 0xA514, 0xA514, 0xA514, 0xA514, 0xA514, 0xA514, 0xA514, 0xA514, 0xA514,
	0xA514, 0xA514, 0xA514, 0xA534, 0x7BCF, 0x49E7, 0x52AA, 0x528A, 0x528A, 0x528A, 0x528A, 0x528A,
	0x528A, 0x528A, 0x528A, 0x528A, 0x528A, 0x528A, 0x528A, 0x528A, 0x528A, 0x528A, 0x528A, 0x528A,
	0x528A, 0x528A, 0x528A, 0x528A, 0x528A, 0x528A, 0x528A, 0x528A, 0x528A, 0x52AA, 0x2124, 0x0000,
	0x0000, 0x0000, 0x0041, 0x9124, 0xE124, 0xD124, 0xD924, 0xD924, 0xD924, 0xD924, 0xD924, 0xD924,
	0xD924, 0xD924, 0xD924, 0xD924, 0xD924, 0xD924, 0xD924, 0xD924, 0xD924, 0xD924, 0xD924, 0xD924,
	0xD924, 0xD924, 0xD924, 0xD924, 0xE124, 0x9924, 0x0020, 0x0000, 0x8124, 0xE124, 0xD124, 0xD924,
	0xD924, 0xD924, 0xD924, 0xD924, 0xD924, 0xD924, 0xD924, 0xD924, 0xD924, 0xD924, 0xD924, 0xD924,
	0xD924, 0xD924, 0xD924, 0xD924, 0xD924, 0xD924, 0xD924, 0xD924, 0xD924, 0xD904, 0xC165, 0x8C51,
	0xA534, 0xA514, 0xA514, 0x9CF3, 0x9CF3, 0x9CD3, 0xB34D, 0xC904, 0xC8A2, 0xC8E3, 0xD410, 0xD534,
	0xB36D, 0xBB8E, 0xC3AE, 0xB965, 0xA0C3, 0x7186, 0xB9C7, 0xC289, 0x9D34, 0xA514, 0xA514, 0xA514,
	0xA514, 0xA514, 0xA514, 0xA514, 0xA514, 0xA514, 0xA514, 0x9CF3, 0x9CF3, 0xA514, 0xA514, 0xA514,
	0xA4B2, 0x6A48, 0x4A8A, 0x528A, 0x528A, 0x528A, 0x528A, 0x528A, 0x528A, 0x528A, 0x528A, 0x528A,
	0x528A, 0x528A, 0x528A, 0x528A, 0x528A, 0x528A, 0x528A, 0x528A, 0x528A, 0x528A, 0x528A, 0x528A,
	0x528A, 0x528A, 0x528A, 0x528A, 0x528A, 0x52AA, 0x2945, 0x0000, 0x0000, 0x0000, 0x1082, 0xB945,
	0xE124, 0xD924, 0xD924, 0xD924, 0xD924, 0xD924, 0xD924, 0xD924, 0xD924, 0xD924, 0xD924, 0xD924,
	0xD924, 0xD924, 0xD924, 0xD924, 0xD924, 0xD924, 0xD924, 0xD924, 0xD924, 0xD924, 0xD924, 0xD924,
	0xE124, 0xB945, 0x1061, 0x0041, 0xA145, 0xE124, 0xD924, 0xD924, 0xD924, 0xD924, 0xD924, 0xD924,
	0xD924, 0xD924, 0xD924, 0xD924, 0xD924, 0xD924, 0xD924, 0xD924, 0xD924, 0xD924, 0xD924, 0xD924,
	0xD924, 0xD924, 0xD924, 0xD924, 0xD924, 0xE124, 0xB904, 0x6ACB, 0x9CF3, 0x9CF3, 0xA534, 0xAD75,
	0xB596, 0xD4D3, 0xE430, 0xE4F3, 0xE4F3, 0xED75, 0xEFBE, 0xEFBE, 0xF7BE, 0xF7BE, 0xEFDF, 0xEE38,
	0xED96, 0xEF3C, 0xEF5D, 0xC575, 0x9CF3, 0xA514, 0xA514, 0xA514, 0xA514, 0xA514, 0xA514, 0xA514,
	0xA514, 0xA514, 0xA514, 0xA514, 0xA514, 0xA514, 0xA514, 0xA514, 0xA4D2, 0x6A48, 0x4A8A, 0x528A,
	0x528A, 0x528A, 0x528A, 0x528A, 0x528A, 0x528A, 0x528A, 0x528A, 0x528A, 0x528A, 0x528A, 0x528A,
	0x528A, 0x528A, 0x528A, 0x528A, 0x528A, 0x528A, 0x528A, 0x528A, 0x528A, 0x528A, 0x528A, 0x528A,
	0x528A, 0x52AA, 0x3186, 0x0000, 0x0000, 0x0000, 0x30C3, 0xD145, 0xD924, 0xD924, 0xD924, 0xD924,
	0xD924, 0xD924, 0xD924, 0xD924, 0xD924, 0xD924, 0xD924, 0xD924, 0xD924, 0xD924, 0xD924, 0xD924,
	0xD924, 0xD924, 0xD924, 0xD924, 0xD924, 0xD924, 0xD924, 0xD924, 0xD924, 0xD945, 0x30A2, 0x1082,
	0xC145, 0xD924, 0xD924, 0xD924, 0xD924, 0xD924, 0xD924, 0xD924, 0xD924, 0xD924, 0xD924, 0xD924,
	0xD924, 0xD924, 0xD924, 0xD924, 0xD924, 0xD924, 0xD924, 0xD924, 0xD924, 0xD924, 0xD924, 0xD924,
	0xD924, 0xD924, 0xD104, 0xC9C7, 0xBD55, 0xBDF7, 0xDEFB, 0xEF5D, 0xEF5D, 0xEF7D, 0xEFBE, 0xEFBE,
	0xEFBE, 0xEF9E, 0xEF3C, 0xEF3C, 0xE73C, 0xE73C, 0xE73C, 0xEF7D, 0xEF9E, 0xE75D, 0xEF9E, 0xC5D6,
	0x9CB2, 0xA514, 0xA514, 0xA514, 0xA514, 0xA514, 0xA514, 0xA514, 0xA514, 0xA514, 0xA514, 0xA514,
	0xA514, 0xA514, 0xA514, 0xA514, 0xA4D2, 0x6A69, 0x4A8A, 0x528A, 0x528A, 0x528A, 0x528A, 0x528A,
	0x528A, 0x528A, 0x528A, 0x528A, 0x528A, 0x528A, 0x528A, 0x528A, 0x528A, 0x528A, 0x528A, 0x528A,
	0x528A, 0x528A, 0x528A, 0x528A, 0x528A, 0x528A, 0x528A, 0x528A, 0x528A, 0x52AA, 0x39E7, 0x0000,
	0x0000, 0x0000, 0x58E3, 0xE145, 0xD924, 0xD924, 0xD924, 0xD924, 0xD924, 0xD924, 0xD924, 0xD924,
	0xD924, 0xD924, 0xD124, 0xD124, 0xD124, 0xD124, 0xD124, 0xD924, 0xD924, 0xD924, 0xD924, 0xD924,
	0xD924, 0xD924, 0xD924, 0xD924, 0xD924, 0xE124, 0x5904, 0x38E3, 0xD945, 0xD924, 0xD924, 0xD924,
	0xD924, 0xD924, 0xD924, 0xD924, 0xD924, 0xD924, 0xD924, 0xD924, 0xD924, 0xD924, 0xD924, 0xD924,
	0xD924, 0xD924, 0xD924, 0xD924, 0xD924, 0xD924, 0xD924, 0xD924, 0xD924, 0xD924, 0xD904, 0xD9C7,
	0xEEFB, 0xEF9E, 0xEF5D, 0xEF5D, 0xEF5D, 0xEF5D, 0xEF3C, 0xEF3C, 0xEF3C, 0xEF3C, 0xEF5D, 0xEF5D,
	0xEF5D, 0xEF5D, 0xEF5D, 0xEF5D, 0xEF3C, 0xEF3C, 0xEF9E, 0xCDF7, 0x9C91, 0xA534, 0xA514, 0xA514,
	0xA514, 0xA514, 0xA514, 0xA514, 0xA514, 0xA514, 0xA514, 0xA514, 0xA514, 0xA514, 0xA514, 0xA514,
	0x9CF3, 0x5AAA, 0x4A8A, 0x528A, 0x528A, 0x528A, 0x528A, 0x528A, 0x528A, 0x528A, 0x528A, 0x528A,
	0x528A, 0x528A, 0x528A, 0x528A, 0x528A, 0x528A, 0x528A, 0x528A, 0x528A, 0x528A, 0x528A, 0x528A,
	0x528A, 0x528A, 0x528A, 0x528A, 0x528A, 0x52AA, 0x4208, 0x0000, 0x0000, 0x0020, 0x8924, 0xE124,
	0xD924, 0xD924, 0xD924, 0xD924, 0xD924, 0xD924, 0xD924, 0xD924, 0xD924, 0xD924, 0xC924, 0x8924,
	0x5104, 0x8124, 0xC924, 0xD924, 0xD924, 0xD924, 0xD924, 0xD924, 0xD924, 0xD924, 0xD924, 0xD924,
	0xD924, 0xE124, 0x8124, 0x6124, 0xE124, 0xD924, 0xD924, 0xD924, 0xD924, 0xD924, 0xD924, 0xD924,
	0xD924, 0xD924, 0xD924, 0xD924, 0xD924, 0xD924, 0xD924, 0xD924, 0xD924, 0xD924, 0xD924, 0xD924,
	0xD924, 0xD924, 0xD924, 0xD924, 0xD924, 0xD924, 0xD904, 0xDA08, 0xEF3C, 0xEF5D, 0xEF5D, 0xEF5D,
	0xEF5D, 0xEF5D, 0xEF5D, 0xEF5D, 0xEF5D, 0xEF5D, 0xEF5D, 0xEF5D, 0xEF5D, 0xEF5D, 0xEF5D, 0xEF5D,
	0xEF5D, 0xEF5D, 0xEF7D, 0xE6DA, 0xA491, 0xA514, 0xA514, 0xA514, 0xA514, 0xA514, 0xA514, 0xA514,
	0xA514, 0xA514, 0xA514, 0xA514, 0xA514, 0xA514, 0xA514, 0xA534, 0x9471, 0x4A08, 0x528A, 0x528A,
	0x528A, 0x528A, 0x528A, 0x528A, 0x528A, 0x528A, 0x528A, 0x528A, 0x528A, 0x528A, 0x528A, 0x528A,
	0x528A, 0x528A, 0x528A, 0x528A, 0x528A, 0x528A, 0x528A, 0x528A, 0x528A, 0x528A, 0x528A, 0x528A,
	0x528A, 0x52AA, 0x4208, 0x0000, 0x0000, 0x0041, 0xA924, 0xE124, 0xD924, 0xD924, 0xD924, 0xD924,
	0xD924, 0xD924, 0xD924, 0xD924, 0xD924, 0xD124, 0xA945, 0x20C3, 0x0000, 0x20C3, 0xA145, 0xD124,
	0xD924, 0xD924, 0xD924, 0xD924, 0xD924, 0xD924, 0xD924, 0xD924, 0xD924, 0xE124, 0xA924, 0x9124,
	0xE124, 0xD924, 0xD924, 0xD924, 0xD924, 0xD924, 0xD924, 0xD924, 0xD924, 0xD924, 0xD924, 0xD924,
	0xD924, 0xD924, 0xD924, 0xD924, 0xD924, 0xD924, 0xD924, 0xD924, 0xD924, 0xD924, 0xD924, 0xD924,
	0xD924, 0xD945, 0xD8E3, 0xDA49, 0xEF5D, 0xEF5D, 0xEF5D, 0xEF5D, 0xEF5D, 0xEF5D, 0xEF5D, 0xEF5D,
	0xEF5D, 0xEF5D, 0xEF5D, 0xEF5D, 0xEF5D, 0xEF5D, 0xEF5D, 0xEF5D, 0xEF5D, 0xEF5D, 0xEF5D, 0xEF5D,
	0xB513, 0x9CF3, 0xA514, 0xA514, 0xA514, 0xA514, 0xA514, 0xA514, 0xA514, 0xA514, 0xA514, 0xA514,
	0xA514, 0xA514, 0xA514, 0xA534, 0x5A49, 0x3165, 0x52AA, 0x528A, 0x528A, 0x528A, 0x528A, 0x528A,
	0x528A, 0x528A, 0x528A, 0x528A, 0x528A, 0x528A, 0x528A, 0x528A, 0x528A, 0x528A, 0x528A, 0x528A,
	0x528A, 0x528A, 0x528A, 0x528A, 0x528A, 0x528A, 0x528A, 0x528A, 0x528A, 0x52AA, 0x4208, 0x0000,
	0x0000, 0x0020, 0x9124, 0xE124, 0xD924, 0xD924, 0xD924, 0xD924, 0xD924, 0xD924, 0xD924, 0xD924,
	0xD924, 0xD924, 0xA145, 0x10A2, 0x0000, 0x10A2, 0x9945, 0xD124, 0xD924, 0xD924, 0xD924, 0xD924,
	0xD924, 0xD924, 0xD924, 0xD924, 0xD924, 0xE124, 0x9124, 0x9924, 0xE124, 0xD924, 0xD924, 0xD924,
	0xD924, 0xD924, 0xD924, 0xD924, 0xD924, 0xD924, 0xD924, 0xD924, 0xD924, 0xD924, 0xD924, 0xD924,
	0xD924, 0xD924, 0xD924, 0xD924, 0xD924, 0xD924, 0xD924, 0xD924, 0xD924, 0xD945, 0xD8E3, 0xDA69,
	0xEF5D, 0xEF5D, 0xEF5D, 0xEF5D, 0xEF5D, 0xEF5D, 0xEF5D, 0xEF5D, 0xEF5D, 0xEF5D, 0xEF5D, 0xEF5D,
	0xEF5D, 0xEF5D, 0xEF5D, 0xEF5D, 0xEF5D, 0xEF5D, 0xEF5C, 0xEF9E, 0xC5B6, 0x9CB2, 0xA514, 0xA514,
	0xA514, 0xA514, 0xA514, 0xA514, 0xA514, 0xA514, 0xA514, 0xA514, 0xA514, 0xA514, 0xA534, 0x9492,
	0x1061, 0x2965, 0x52AA, 0x528A, 0x528A, 0x528A, 0x528A, 0x528A, 0x528A, 0x528A, 0x528A, 0x528A,
	0x528A, 0x528A, 0x528A, 0x528A, 0x528A, 0x528A, 0x528A, 0x528A, 0x528A, 0x528A, 0x528A, 0x528A,
	0x528A, 0x528A, 0x528A, 0x528A, 0x528A, 0x52AA, 0x4208, 0x0000, 0x0000, 0x0000, 0x6104, 0xE124,
	0xD924, 0xD924, 0xD924, 0xD924, 0xD924, 0xD924, 0xD924, 0xD924, 0xD924, 0xD924, 0xC124, 0x7124,
	0x28C3, 0x6924, 0xC124, 0xD924, 0xD924, 0xD924, 0xD924, 0xD924, 0xD924, 0xD924, 0xD924, 0xD924,
	0xD924, 0xE124, 0x6924, 0x7124, 0xE124, 0xD924, 0xD924, 0xD924, 0xD924, 0xD924, 0xD924, 0xD924,
	0xD924, 0xD924, 0xD124, 0xD924, 0xD924, 0xD924, 0xD924, 0xD924, 0xD124, 0xD924, 0xD924, 0xD924,
	0xD924, 0xD924, 0xD924, 0xD924, 0xD924, 0xD945, 0xD8E3, 0xDA49, 0xEF3C, 0xEF5D, 0xEF5D, 0xEF5D,
	0xEF5D, 0xEF5D, 0xEF5D, 0xEF5D, 0xEF5D, 0xEF5D, 0xEF5D, 0xEF5D, 0xEF5D, 0xEF5D, 0xEF5D, 0xEF5D,
	0xEF5D, 0xEF5D, 0xEF3C, 0xEF9E, 0xDE38, 0x9C71, 0xA534, 0xA514, 0xA514, 0xA514, 0xA514, 0xA514,
	0xA514, 0xA514, 0xA514, 0xA514, 0xA514, 0xA514, 0xA534, 0x8C30, 0x1000, 0x2986, 0x52AA, 0x528A,
	0x528A, 0x528A, 0x528A, 0x528A, 0x528A, 0x528A, 0x528A, 0x528A, 0x528A, 0x528A, 0x528A, 0x528A,
	0x528A, 0x528A, 0x528A, 0x528A, 0x528A, 0x528A, 0x528A, 0x528A, 0x528A, 0x528A, 0x528A, 0x528A,
	0x528A, 0x52AA, 0x4208, 0x0000, 0x0000, 0x0000, 0x40C3, 0xD945, 0xD924, 0xD924, 0xD924, 0xD924,
	0xD924, 0xD924, 0xD924, 0xD924, 0xD924, 0xD924, 0xD124, 0xC924, 0xC145, 0xC924, 0xD124, 0xD924,
	0xD924, 0xD924, 0xD924, 0xD924, 0xD924, 0xD924, 0xD924, 0xD924, 0xD924, 0xD945, 0x38E3, 0x50E3,
	0xE124, 0xD924, 0xD924, 0xD924, 0xD924, 0xD924, 0xD924, 0xD924, 0xD124, 0xD124, 0xC924, 0xC124,
	0xC924, 0xD124, 0xC924, 0xC124, 0xC924, 0xC924, 0xD124, 0xD924, 0xD924, 0xD924, 0xD924, 0xD924,
	0xD924, 0xD924, 0xD904, 0xD986, 0xEEDB, 0xEF7D, 0xEF5D, 0xEF5D, 0xEF5D, 0xEF5D, 0xEF5D, 0xEF5D,
	0xEF5D, 0xEF5D, 0xEF5D, 0xEF5D, 0xEF5D, 0xEF5D, 0xEF5D, 0xEF5D, 0xEF5D, 0xEF5D, 0xEF3C, 0xEF9E,
	0xE638, 0xA430, 0xA534, 0xA514, 0xA514, 0xA514, 0xA514, 0xA514, 0xA514, 0xA514, 0xA514, 0xA514,
	0xA514, 0xA4F3, 0xA555, 0x934D, 0x1800, 0x2986, 0x5AAA, 0x528A, 0x528A, 0x528A, 0x528A, 0x528A,
	0x528A, 0x528A, 0x528A, 0x528A, 0x528A, 0x528A, 0x528A, 0x528A, 0x528A, 0x528A, 0x528A, 0x528A,
	0x528A, 0x528A, 0x528A, 0x528A, 0x528A, 0x528A, 0x528A, 0x528A, 0x528A, 0x52AA, 0x4208, 0x0000,
	0x0000, 0x0000, 0x1882, 0xC145, 0xD924, 0xD924, 0xD924, 0xD924, 0xD924, 0xD924, 0xD924, 0xD924,
	0xD924, 0xD924, 0xD924, 0xD924, 0xD924, 0xD924, 0xD924, 0xD924, 0xD924, 0xD924, 0xD924, 0xD924,
	0xD924, 0xD924, 0xD924, 0xD924, 0xD924, 0xC145, 0x1082, 0x30A2, 0xD145, 0xD924, 0xD924, 0xD924,
	0xD924, 0xD924, 0xD924, 0xD924, 0xD124, 0xC924, 0xB924, 0xB124, 0xA124, 0x9924, 0xA124, 0xB124,
	0xB924, 0xC124, 0xD124, 0xD924, 0xD924, 0xD924, 0xD924, 0xD924, 0xD924, 0xD945, 0xD8E3, 0xE30C,
	0xEF7D, 0xEF5D, 0xEF5D, 0xEF5D, 0xEF5D, 0xEF5D, 0xEF5D, 0xEF5D, 0xEF5D, 0xEF5D, 0xEF5D, 0xEF5D,
	0xEF5D, 0xEF5D, 0xEF5D, 0xEF5D, 0xEF5D, 0xEF5D, 0xEF3C, 0xEFBE, 0xE5B6, 0xABEF, 0x9D55, 0xA514,
	0xA514, 0xA514, 0xA514, 0xA514, 0xA514, 0xA514, 0xA514, 0xA514, 0xA514, 0xA514, 0xA554, 0xA228,
	0x2000, 0x2986, 0x5AAA, 0x528A, 0x528A, 0x528A, 0x528A, 0x528A, 0x528A, 0x528A, 0x528A, 0x528A,
	0x528A, 0x528A, 0x528A, 0x528A, 0x528A, 0x528A, 0x528A, 0x528A, 0x528A, 0x528A, 0x528A, 0x528A,
	0x528A, 0x528A, 0x528A, 0x528A, 0x528A, 0x52AA, 0x39E7, 0x0000, 0x0000, 0x0000, 0x0041, 0x9924,
	0xE124, 0xD924, 0xD924, 0xD924, 0xD924, 0xD924, 0xD924, 0xD924, 0xD924, 0xD924, 0xD924, 0xD924,
	0xD924, 0xD924, 0xD924, 0xD924, 0xD924, 0xD924, 0xD924, 0xD924, 0xD924, 0xD924, 0xD924, 0xD924,
	0xE124, 0xA124, 0x0020, 0x1061, 0xC145, 0xD924, 0xD924, 0xD924, 0xD924, 0xD924, 0xD124, 0xC924,
	0xB924, 0xB124, 0xA924, 0x9924, 0x9924, 0xB124, 0x9924, 0x9924, 0xA924, 0xB124, 0xB924, 0xC924,
	0xD124, 0xD124, 0xD924, 0xD924, 0xD924, 0xD924, 0xC904, 0xC514, 0xEF9E, 0xEF3C, 0xEF5D, 0xEF5D,
	0xEF5D, 0xEF5D, 0xEF5D, 0xEF5D, 0xEF5D, 0xEF5D, 0xEF5D, 0xEF5D, 0xEF5D, 0xEF5D, 0xEF5D, 0xEF5D,
	0xEF5D, 0xEF5D, 0xEF3C, 0xEFBF, 0xE3EF, 0xA2EA, 0x9D75, 0xA4F3, 0xA514, 0xA514, 0xA514, 0xA514,
	0xA514, 0xA514, 0xA514, 0xA514, 0xA514, 0xA514, 0xA535, 0xAA28, 0x2000, 0x2165, 0x52AA, 0x528A,
	0x528A, 0x528A, 0x528A, 0x528A, 0x528A, 0x528A, 0x528A, 0x528A, 0x528A, 0x528A, 0x528A, 0x528A,
	0x528A, 0x528A, 0x528A, 0x528A, 0x528A, 0x528A, 0x528A, 0x528A, 0x528A, 0x528A, 0x528A, 0x528A,
	0x528A, 0x52AA, 0x39E7, 0x0000, 0x0000, 0x0000, 0x0020, 0x7924, 0xE124, 0xD124, 0xD924, 0xD924,
	0xD924, 0xD924, 0xD924, 0xD924, 0xD924, 0xD924, 0xD924, 0xD924, 0xD924, 0xD924, 0xD924, 0xD924,
	0xD924, 0xD924, 0xD924, 0xD924, 0xD924, 0xD924, 0xD924, 0xD124, 0xE124, 0x7924, 0x0000, 0x0020,
	0x9924, 0xE124, 0xD124, 0xD124, 0xC924, 0xC124, 0xB924, 0xB924, 0xB124, 0xB124, 0x9924, 0x9124,
	0xB124, 0xD924, 0xB924, 0x9124, 0x9924, 0xA924, 0xB124, 0xB924, 0xB924, 0xC124, 0xC924, 0xD124,
	0xD124, 0xE124, 0xA965, 0x94D3, 0xEF7D, 0xEF5D, 0xEF5D, 0xEF5D, 0xEF5D, 0xEF5D, 0xEF5D, 0xEF5D,
	0xEF5D, 0xEF5D, 0xEF5D, 0xEF5D, 0xEF5D, 0xEF5D, 0xEF5D, 0xEF5D, 0xEF5D, 0xEF5D, 0xEF3C, 0xEFBE,
	0xE34C, 0xAACA, 0x9D75, 0xA4F3, 0xA514, 0xA514, 0xA514, 0xA514, 0xA514, 0xA514, 0xA514, 0xA514,
	0xA514, 0xA514, 0xA534, 0x99C7, 0x1000, 0x2145, 0x52AA, 0x528A, 0x528A, 0x528A, 0x528A, 0x528A,
	0x528A, 0x528A, 0x528A, 0x528A, 0x528A, 0x528A, 0x528A, 0x528A, 0x528A, 0x528A, 0x528A, 0x528A,
	0x528A, 0x528A, 0x528A, 0x528A, 0x528A, 0x528A, 0x528A, 0x528A, 0x528A, 0x52AA, 0x39C7, 0x0000,
	0x0000, 0x0000, 0x0000, 0x20A2, 0xC145, 0xE124, 0xD924, 0xD924, 0xD924, 0xD924, 0xD924, 0xD924,
	0xD924, 0xD924, 0xD924, 0xD924, 0xD924, 0xD924, 0xD924, 0xD924, 0xD924, 0xD924, 0xD924, 0xD924,
	0xD924, 0xD924, 0xD924, 0xE124, 0xC145, 0x20A2, 0x0000, 0x0000, 0x5104, 0xC945, 0xC924, 0xC124,
	0xC124, 0xC124, 0xB924, 0xB924, 0xB124, 0xA124, 0x9124, 0xA924, 0xD124, 0xD924, 0xD924, 0xB924,
	0x9124, 0xA124, 0xA924, 0xB924, 0xB924, 0xC124, 0xC124, 0xC124, 0xC924, 0xC904, 0x9A08, 0xCE9A,
	0xEF7D, 0xEF5D, 0xEF5D, 0xEF5D, 0xEF5D, 0xEF5D, 0xEF5D, 0xEF5D, 0xEF5D, 0xEF5D, 0xEF5D, 0xEF5D,
	0xEF5D, 0xEF5D, 0xEF5D, 0xEF5D, 0xEF5D, 0xEF5D, 0xEF3C, 0xEFBE, 0xECB2, 0xB2AA, 0x9D75, 0xA4F3,
	0xA514, 0xA514, 0xA514, 0xA514, 0xA514, 0xA514, 0xA514, 0xA514, 0xA514, 0xA514, 0xA4F3, 0x5986,
	0x0000, 0x2124, 0x52AA, 0x4A69, 0x528A, 0x528A, 0x528A, 0x528A, 0x528A, 0x528A, 0x528A, 0x528A,
	0x528A, 0x528A, 0x5269, 0x528A, 0x528A, 0x5269, 0x528A, 0x528A, 0x528A, 0x528A, 0x528A, 0x528A,
	0x528A, 0x528A, 0x528A, 0x528A, 0x4A69, 0x52AA, 0x31A6, 0x0000, 0x0000, 0x0000, 0x0000, 0x0000,
	0x40E3, 0xD145, 0xD924, 0xD924, 0xD924, 0xD924, 0xD924, 0xD924, 0xD924, 0xD924, 0xD924, 0xD924,
	0xD924, 0xD924, 0xD924, 0xD924, 0xD924, 0xD924, 0xD924, 0xD924, 0xD924, 0xD924, 0xD924, 0xD145,
	0x40E3, 0x0000, 0x0000, 0x0000, 0x0041, 0x40E3, 0xA945, 0xD124, 0xC124, 0xC124, 0xB924, 0xB924,
	0xA924, 0x9145, 0xA924, 0xD124, 0xD924, 0xD924, 0xD924, 0xD924, 0xB924, 0x9924, 0xA924, 0xB124,
	0xB924, 0xB924, 0xC124, 0xD124, 0xB145, 0x58C3, 0x9228, 0xF75D, 0xE75D, 0xEF5D, 0xEF5D, 0xEF5D,
	0xEF5D, 0xEF5D, 0xEF5D, 0xEF5D, 0xEF5D, 0xEF5D, 0xEF5D, 0xEF5D, 0xEF5D, 0xEF5D, 0xEF5D, 0xEF5D,
	0xEF5D, 0xEF5D, 0xEF3C, 0xEF9E, 0xEDD7, 0xB228, 0x9D34, 0xA514, 0xA514, 0xA514, 0xA514, 0xA514,
	0xA514, 0xA514, 0xA514, 0xA514, 0xA514, 0xA514, 0x9CB2, 0x39E7, 0x0000, 0x2124, 0x5ACB, 0x528A,
	0x528A, 0x52AA, 0x52AA, 0x52AA, 0x52AA, 0x52AA, 0x52AA, 0x528A, 0x528A, 0x528A, 0x4A69, 0x4A69,
	0x4A69, 0x4A69, 0x528A, 0x528A, 0x528A, 0x528A, 0x52AA, 0x52AA, 0x52AA, 0x52AA, 0x52AA, 0x52AA,
	0x528A, 0x5ACB, 0x3186, 0x0000, 0x0000, 0x0000, 0x0000, 0x0000, 0x0020, 0x6104, 0xE124, 0xD924,
	0xD924, 0xD924, 0xD924, 0xD924, 0xD924, 0xD924, 0xD924, 0xD924, 0xD924, 0xD924, 0xD924, 0xD924,
	0xD924, 0xD924, 0xD924, 0xD924, 0xD924, 0xD924, 0xD924, 0x6104, 0x0020, 0x0000, 0x0000, 0x0000,
	0x0000, 0x0000, 0x20A2, 0x8124, 0xC145, 0xC924, 0xB924, 0x9945, 0x6124, 0x30E3, 0x9124, 0xE124,
	0xD924, 0xD924, 0xD924, 0xE124, 0xA924, 0x38E3, 0x5904, 0x9145, 0xB924, 0xC124, 0xC124, 0x8945,
	0x20C3, 0x1820, 0xC1A6, 0xEF1C, 0xEF5D, 0xEF5D, 0xEF5D, 0xEF5D, 0xEF5D, 0xEF5D, 0xEF5D, 0xEF5D,
	0xEF5D, 0xEF5D, 0xEF5D, 0xEF5D, 0xEF5D, 0xEF5D, 0xEF5D, 0xEF5D, 0xEF5D, 0xEF5D, 0xEF3C, 0xEF9E,
	0xEE18, 0xBA48, 0x9D34, 0xA514, 0xA514, 0xA514, 0xA514, 0xA514, 0xA514, 0xA514, 0xA514, 0xA514,
	0xA514, 0xA534, 0x9450, 0x4A28, 0x0882, 0x18C3, 0x4A49, 0x4228, 0x4228, 0x39E7, 0x31A6, 0x31A6,
	0x31A6, 0x31A6, 0x3186, 0x3186, 0x2965, 0x2965, 0x2965, 0x2965, 0x2965, 0x2965, 0x2124, 0x18E3,
	0x18E3, 0x2104, 0x2104, 0x2104, 0x18E3, 0x18E3, 0x18E3, 0x18E3, 0x18E3, 0x2104, 0x1082, 0x0000,
	0x0000, 0x0000, 0x0000, 0x0000, 0x0000, 0x0041, 0x8124, 0xE124, 0xD124, 0xD924, 0xD924, 0xD924,
	0xD924, 0xD924, 0xD924, 0xD924, 0xD924, 0xD924, 0xD924, 0xD924, 0xD924, 0xD924, 0xD924, 0xD924,
	0xD124, 0xE124, 0x8924, 0x0041, 0x0000, 0x0000, 0x0000, 0x0020, 0x0841, 0x0000, 0x0000, 0x0061,
	0x4904, 0x8124, 0x5104, 0x18A2, 0x0041, 0x0000, 0x28C3, 0xC145, 0xD924, 0xD924, 0xD924, 0xD124,
	0x40E3, 0x0000, 0x0020, 0x1882, 0x4904, 0x8124, 0x5104, 0x0861, 0x0000, 0x3861, 0xD104, 0xE596,
	0xEF9E, 0xEF3C, 0xEF5D, 0xEF5D, 0xEF5D, 0xEF5D, 0xEF5D, 0xEF5D, 0xEF5D, 0xEF5D, 0xEF5D, 0xEF5D,
	0xEF5D, 0xEF5D, 0xEF5D, 0xEF5D, 0xEF5D, 0xEF5D, 0xEF3C, 0xEFBE, 0xED96, 0xB9E7, 0x9D34, 0xA514,
	0xA514, 0xA514, 0xA514, 0xA514, 0xA514, 0xA514, 0xA514, 0xA514, 0xA4F3, 0xA535, 0x8C0F, 0x4A08,
	0x1082, 0x0000, 0x0020, 0x0020, 0x0000, 0x0000, 0x0000, 0x0000, 0x0000, 0x0000, 0x0000, 0x0000,
	0x0020, 0x0020, 0x0020, 0x0020, 0x0020, 0x0020, 0x0020, 0x0020, 0x0000, 0x0000, 0x0000, 0x0000,
	0x0000, 0x0000, 0x0000, 0x0000, 0x0000, 0x0000, 0x0000, 0x0000, 0x0000, 0x0000, 0x0000, 0x0000,
	0x0000, 0x0000, 0x0861, 0xA145, 0xE145, 0xE124, 0xD924, 0xD924, 0xD924, 0xD924, 0xD924, 0xD924,
	0xD924, 0xD924, 0xD924, 0xD924, 0xD924, 0xD924, 0xD924, 0xE124, 0xE145, 0xA986, 0x1082, 0x0020,
	0x18E3, 0x2965, 0x4208, 0x52AA, 0x5AEB, 0x39E7, 0x10A2, 0x0000, 0x0000, 0x0041, 0x0000, 0x0000,
	0x0000, 0x0000, 0x0020, 0x6104, 0xE124, 0xD124, 0xE124, 0x8124, 0x0020, 0x0000, 0x0000, 0x0000,
	0x0000, 0x0020, 0x0000, 0x0000, 0x0000, 0x4882, 0xD8C3, 0xE34D, 0xEF9E, 0xEF3C, 0xEF5D, 0xEF5D,
	0xEF5D, 0xEF5D, 0xEF5D, 0xEF5D, 0xEF5D, 0xEF5D, 0xEF5D, 0xEF5D, 0xEF5D, 0xEF5D, 0xEF5D, 0xEF5D,
	0xEF5D, 0xEF5D, 0xEF3C, 0xEFBE, 0xE492, 0xC8E3, 0x9CD2, 0xA534, 0xA514, 0xA514, 0xA514, 0xA514,
	0xA514, 0xA514, 0xA514, 0xA514, 0xA514, 0x9D34, 0xB268, 0x9124, 0x1041, 0x0000, 0x0000, 0x0020,
	0x10A2, 0x0841, 0x0000, 0x0000, 0x0000, 0x0000, 0x0000, 0x18E3, 0x4208, 0x39E7, 0x39E7, 0x39E7,
	0x39E7, 0x39E7, 0x39E7, 0x39E7, 0x39C7, 0x0861, 0x0000, 0x0000, 0x0000, 0x0000, 0x0000, 0x0000,
	0x0000, 0x0000, 0x0000, 0x0000, 0x0000, 0x0000, 0x0000, 0x0000, 0x0000, 0x0000, 0x0000, 0x1082,
	0x58E3, 0xA945, 0xD945, 0xE124, 0xD924, 0xD124, 0xD124, 0xD124, 0xD124, 0xD124, 0xD124, 0xD124,
	0xD924, 0xE124, 0xD924, 0xA945, 0x6165, 0x10A2, 0x0841, 0x39A6, 0x4228, 0x528A, 0x6B4D, 0x73AE,
	0x7BEF, 0x8410, 0x738E, 0x4A28, 0x1061, 0x0000, 0x0000, 0x0000, 0x0000, 0x0000, 0x0000, 0x0861,
	0x9945, 0xE924, 0xB945, 0x1882, 0x0000, 0x0000, 0x0000, 0x0000, 0x0000, 0x0000, 0x0000, 0x0000,
	0x0000, 0x6082, 0xD924, 0xE575, 0xEF9E, 0xEF3C, 0xEF5D, 0xEF5D, 0xEF5D, 0xEF5D, 0xEF5D, 0xEF5D,
	0xEF5D, 0xEF5D, 0xEF5D, 0xEF5D, 0xEF5D, 0xEF5D, 0xEF5D, 0xEF5D, 0xEF5D, 0xEF5D, 0xEF3C, 0xEFBE,
	0xE3AE, 0xD082, 0xA3EF, 0xA555, 0xA513, 0xA514, 0xA514, 0xA514, 0xA514, 0xA514, 0xA514, 0xA514,
	0xA534, 0xA450, 0xB944, 0x6925, 0x0000, 0x0000, 0x18E3, 0x39C7, 0x4228, 0x39C7, 0x18E3, 0x0000,
	0x0000, 0x0000, 0x0000, 0x2124, 0x4228, 0x4208, 0x4208, 0x4208, 0x4208, 0x4208, 0x4208, 0x4208,
	0x4208, 0x1082, 0x0000, 0x0000, 0x0000, 0x0000, 0x0000, 0x0000, 0x0000, 0x0000, 0x0000, 0x0000,
	0x0000, 0x0000, 0x0000, 0x0000, 0x0000, 0x0000, 0x0000, 0x0000, 0x0000, 0x0861, 0x48E3, 0xA945,
	0xD945, 0xE124, 0xE124, 0xE124, 0xE124, 0xE124, 0xE124, 0xE124, 0xD945, 0xA945, 0x48E3, 0x0882,
	0x0000, 0x1061, 0x528A, 0x528A, 0x39C7, 0x31A6, 0x5ACB, 0x7BCF, 0x8410, 0x8C51, 0x9492, 0x9CF3,
	0x6B4D, 0x0020, 0x0000, 0x0000, 0x0000, 0x0000, 0x0000, 0x0000, 0x1882, 0x50E3, 0x28C3, 0x0000,
	0x0000, 0x0000, 0x0000, 0x0000, 0x0000, 0x0000, 0x0000, 0x0000, 0x0000, 0x90C3, 0xE165, 0xE69A,
	0xEF7D, 0xEF5D, 0xEF5D, 0xEF5D, 0xEF5D, 0xEF5D, 0xEF5D, 0xEF5D, 0xEF5D, 0xEF5D, 0xEF5D, 0xEF5D,
	0xEF5D, 0xEF5D, 0xEF5D, 0xEF5D, 0xEF5D, 0xEF5D, 0xEF3C, 0xEFBE, 0xDB6D, 0xD882, 0xB2EB, 0x9D55,
	0xA4F3, 0xA514, 0xA514, 0xA514, 0xA514, 0xA514, 0xA514, 0xA514, 0x9D55, 0xA3AE, 0x9965, 0x3145,
	0x0882, 0x3186, 0x4208, 0x4208, 0x39E7, 0x4208, 0x4228, 0x31A6, 0x10A2, 0x0000, 0x0000, 0x2124,
	0x4228, 0x39E7, 0x4208, 0x4208, 0x4208, 0x4208, 0x4208, 0x4208, 0x4208, 0x1082, 0x0000, 0x0000,
	0x0000, 0x0000, 0x0000, 0x0000, 0x0000, 0x0000, 0x0000, 0x0000, 0x0000, 0x0000, 0x0000, 0x0000,
	0x0000, 0x0000, 0x0000, 0x0000, 0x0000, 0x0000, 0x0000, 0x0861, 0x50E3, 0x7904, 0x7904, 0x7904,
	0x7904, 0x7904, 0x7904, 0x7904, 0x48E3, 0x0861, 0x0000, 0x0000, 0x1082, 0x632C, 0x8410, 0x52AA,
	0x2965, 0x2104, 0x39C7, 0x7BEF, 0x8C71, 0x94B2, 0x9CF3, 0xA514, 0xA514, 0x31A6, 0x0000, 0x0000,
	0x0000, 0x0000, 0x0000, 0x0000, 0x0000, 0x0000, 0x0000, 0x0000, 0x0000, 0x0000, 0x0000, 0x0000,
	0x0000, 0x0000, 0x0000, 0x0000, 0x1820, 0xB8E3, 0xE186, 0xE6BA, 0xEF7D, 0xEF5D, 0xEF5D, 0xEF5D,
	0xEF5D, 0xEF5D, 0xEF5D, 0xEF5D, 0xEF5D, 0xEF5D, 0xEF5D, 0xEF5D, 0xEF5D, 0xEF5D, 0xEF5D, 0xEF5D,
	0xEF5D, 0xEF5D, 0xEF3C, 0xEFBE, 0xDBCF, 0xD882, 0xBA48, 0x9D34, 0xA514, 0xA514, 0xA514, 0xA514,
	0xA514, 0xA514, 0xA514, 0xA514, 0xA534, 0x9B8D, 0x7986, 0x39C7, 0x41E7, 0x4208, 0x39E7, 0x4208,
	0x4208, 0x4208, 0x39E7, 0x4208, 0x4208, 0x2965, 0x0020, 0x2124, 0x4228, 0x39E7, 0x4208, 0x4208,
	0x4208, 0x4208, 0x4208, 0x4208, 0x4208, 0x1082, 0x0000, 0x0000, 0x0000, 0x0000, 0x0000, 0x0000,
	0x0000, 0x0000, 0x0000, 0x0000, 0x0000, 0x0000, 0x0000, 0x0000, 0x0000, 0x0000, 0x0000, 0x0000,
	0x0000, 0x0000, 0x0000, 0x0000, 0x0000, 0x0000, 0x0000, 0x0000, 0x0000, 0x0000, 0x0000, 0x0000,
	0x0000, 0x0000, 0x0000, 0x0000, 0x4208, 0x94B2, 0x8C71, 0x73AE, 0x3186, 0x18C3, 0x2965, 0x7BCF,
	0x94B2, 0xA514, 0xA514, 0x9CF3, 0xA534, 0x7BEF, 0x0841, 0x0000, 0x0000, 0x0000, 0x0000, 0x0000,
	0x0000, 0x0000, 0x0000, 0x0000, 0x0000, 0x0000, 0x0000, 0x0000, 0x0000, 0x0000, 0x0000, 0x0000,
	0x2841, 0xC0A2, 0xE451, 0xEF9E, 0xEF3C, 0xEF5D, 0xEF5D, 0xEF5D, 0xEF5D, 0xEF5D, 0xEF5D, 0xEF5D,
	0xEF5D, 0xEF5D, 0xEF5D, 0xEF5D, 0xEF5D, 0xEF5D, 0xEF5D, 0xEF5D, 0xEF5D, 0xEF5D, 0xEF3C, 0xEFBE,
	0xE4D3, 0xD0A2, 0xC1C6, 0x9CF3, 0xA514, 0xA514, 0xA514, 0xA514, 0xA514, 0xA514, 0xA514, 0xA514,
	0x9D13, 0x8227, 0x61A6, 0x3A08, 0x4208, 0x39E7, 0x4208, 0x4208, 0x4208, 0x4208, 0x4208, 0x39E7,
	0x39E7, 0x4A49, 0x2104, 0x2104, 0x4228, 0x39E7, 0x4208, 0x4208, 0x4208, 0x4208, 0x4208, 0x4208,
	0x4208, 0x1082, 0x0000, 0x0000, 0x0000, 0x0000, 0x0000, 0x0000, 0x0000, 0x0000, 0x0000, 0x0000,
	0x0000, 0x0000, 0x0000, 0x0000, 0x0000, 0x0000, 0x0000, 0x0000, 0x0000, 0x0000, 0x0000, 0x0000,
	0x0000, 0x0000, 0x0000, 0x0000, 0x0000, 0x0000, 0x0000, 0x0000, 0x0000, 0x0000, 0x0000, 0x0000,
	0x52AA, 0xA514, 0x9CD3, 0x9CD3, 0x73AE, 0x2124, 0x10A2, 0x738E, 0xA514, 0xA514, 0xA514, 0xA514,
	0xA514, 0xA534, 0x39E7, 0x0000, 0x0000, 0x0000, 0x0000, 0x0000, 0x0000, 0x0000, 0x0000, 0x0000,
	0x0000, 0x0000, 0x0000, 0x0000, 0x0000, 0x0000, 0x0000, 0x0000, 0x2000, 0xC269, 0xEF5D, 0xEF5D,
	0xEF5D, 0xEF5D, 0xEF5D, 0xEF5D, 0xEF5D, 0xEF5D, 0xEF5D, 0xEF5D, 0xEF5D, 0xEF5D, 0xEF5D, 0xEF5D,
	0xEF5D, 0xEF5D, 0xEF5D, 0xEF5D, 0xEF5D, 0xEF5D, 0xEF3C, 0xEF9E, 0xE638, 0xD124, 0xC165, 0x9CD3,
	0xA514, 0xA514, 0xA514, 0xA514, 0xA514, 0xA514, 0xA514, 0xA514, 0x9CD2, 0x79C5, 0x59C7, 0x3A08,
	0x4208, 0x4208, 0x4208, 0x4208, 0x4208, 0x4208, 0x4208, 0x4208, 0x39E7, 0x4228, 0x2124, 0x2124,
	0x4228, 0x39E7, 0x4208, 0x4208, 0x4208, 0x4208, 0x4208, 0x4208, 0x4208, 0x1082, 0x0000, 0x0000,
	0x0000, 0x0000, 0x0000, 0x0000, 0x0000, 0x0000, 0x0000, 0x0000, 0x0000, 0x0000, 0x0000, 0x0000,
	0x0000, 0x0000, 0x0000, 0x0000, 0x0000, 0x0000, 0x0000, 0x0000, 0x0000, 0x0000, 0x0000, 0x0000,
	0x0000, 0x0000, 0x0000, 0x0000, 0x0000, 0x0000, 0x0000, 0x0000, 0x738E, 0xAD55, 0xA514, 0xA514,
	0xA514, 0x73AE, 0x18C3, 0x528A, 0xA534, 0xA514, 0xA514, 0xA514, 0x9CF3, 0xAD55, 0x630C, 0x0000,
	0x0000, 0x0000, 0x0000, 0x0000, 0x0000, 0x0000, 0x0000, 0x0000, 0x0000, 0x0000, 0x0000, 0x0000,
	0x0000, 0x0000, 0x0000, 0x0000, 0x2861, 0xD618, 0xEF9E, 0xEF3C, 0xEF5D, 0xEF5D, 0xEF5D, 0xEF5D,
	0xEF5D, 0xEF5D, 0xEF5D, 0xEF5D, 0xEF5D, 0xEF5D, 0xEF5D, 0xEF5D, 0xEF5D, 0xEF5D, 0xEF5D, 0xEF5D,
	0xEF5D, 0xEF5D, 0xEF5D, 0xEF5D, 0xE71C, 0xB9E7, 0xC924, 0xA4B2, 0xA534, 0xA514, 0xA514, 0xA514,
	0xA514, 0xA514, 0xA514, 0xA514, 0x9CD3, 0x81C6, 0x51C7, 0x3A08, 0x4208, 0x4208, 0x4208, 0x4208,
	0x4208, 0x4208, 0x4208, 0x4208, 0x39E7, 0x4228, 0x2124, 0x2104, 0x4228, 0x39E7, 0x4208, 0x4208,
	0x4208, 0x4208, 0x4208, 0x4208, 0x4208, 0x1082, 0x0000, 0x0000, 0x0000, 0x0000, 0x0000, 0x0000,
	0x0000, 0x0000, 0x0000, 0x0000, 0x0000, 0x0000, 0x0000, 0x0000, 0x0000, 0x0000, 0x0000, 0x0000,
	0x0000, 0x0000, 0x0000, 0x0000, 0x0000, 0x0000, 0x0000, 0x0000, 0x0000, 0x0000, 0x0000, 0x0000,
	0x0000, 0x0000, 0x0000, 0x0861, 0x8C51, 0xA534, 0xA514, 0xA514, 0xA514, 0xA534, 0x738E, 0x52AA,
	0xA514, 0xA514, 0xA514, 0xA514, 0x9CF3, 0xAD55, 0x4A69, 0x0000, 0x0000, 0x0000, 0x0000, 0x0000,
	0x0000, 0x0000, 0x0000, 0x0000, 0x0000, 0x0000, 0x0000, 0x0000, 0x0000, 0x0000, 0x0000, 0x0000,
	0x41C7, 0xE73C, 0xEF5D, 0xEF5D, 0xEF5D, 0xEF5D, 0xEF5D, 0xEF5D, 0xEF5D, 0xEF5D, 0xEF5D, 0xEF5D,
	0xEF5D, 0xEF5D, 0xEF5D, 0xEF5D, 0xEF5D, 0xEF5D, 0xEF5D, 0xEF5D, 0xEF5D, 0xEF5D, 0xEF5D, 0xEF5D,
	0xDF3C, 0xAA69, 0xC8C2, 0xA430, 0xA535, 0xA513, 0xA514, 0xA514, 0xA514, 0xA514, 0xA514, 0xA514,
	0xA514, 0x8A28, 0x4986, 0x3A08, 0x4208, 0x4208, 0x4208, 0x4208, 0x4208, 0x4208, 0x4208, 0x4208,
	0x39E7, 0x4228, 0x2124, 0x2104, 0x4228, 0x39E7, 0x4208, 0x4208, 0x4208, 0x4208, 0x4208, 0x4208,
	0x4208, 0x1082, 0x0000, 0x0000, 0x0000, 0x0000, 0x0000, 0x0000, 0x0000, 0x0000, 0x0000, 0x0000,
	0x0000, 0x0000, 0x0000, 0x0000, 0x0000, 0x0000, 0x0000, 0x0000, 0x0000, 0x0000, 0x0000, 0x0000,
	0x0000, 0x0000, 0x0000, 0x0000, 0x0000, 0x0000, 0x0000, 0x0000, 0x0000, 0x0000, 0x0000, 0x1082,
	0x9492, 0xA534, 0xA514, 0xA514, 0xA514, 0xA514, 0xA534, 0x94B2, 0xA514, 0xA514, 0xA514, 0xA514,
	0xA514, 0xA534, 0x39C7, 0x0000, 0x0000, 0x0000, 0x0000, 0x0000, 0x0000, 0x0000, 0x0000, 0x0000,
	0x0000, 0x0000, 0x0000, 0x0000, 0x0000, 0x0000, 0x0000, 0x0000, 0x4228, 0xE71C, 0xEF5D, 0xEF5D,
	0xEF5D, 0xEF5D, 0xEF5D, 0xEF5D, 0xEF5D, 0xEF5D, 0xEF5D, 0xEF5D, 0xEF5D, 0xEF5D, 0xEF5D, 0xEF5D,
	0xEF5D, 0xEF5D, 0xEF5D, 0xEF5D, 0xEF5D, 0xEF5D, 0xEF5D, 0xEF5D, 0xDF3C, 0xA249, 0xD0A2, 0xA38D,
	0x9D55, 0xA4F3, 0xA514, 0xA514, 0xA514, 0xA514, 0xA514, 0xA514, 0xA4F3, 0x81A6, 0x3986, 0x4208,
	0x4208, 0x4208, 0x4208, 0x4208, 0x4208, 0x4208, 0x4208, 0x4208, 0x39E7, 0x4228, 0x2124, 0x2104,
	0x4228, 0x39E7, 0x4208, 0x4208, 0x4208, 0x4208, 0x4208, 0x4208, 0x4208, 0x1082, 0x0000, 0x0000,
	0x0000, 0x0000, 0x0000, 0x0000, 0x0000, 0x0000, 0x0000, 0x0000, 0x0000, 0x0000, 0x0000, 0x0000,
	0x0000, 0x0000, 0x0000, 0x0000, 0x0000, 0x0000, 0x0000, 0x0000, 0x0000, 0x0000, 0x0000, 0x0000,
	0x0000, 0x0000, 0x0000, 0x0000, 0x0000, 0x0000, 0x0000, 0x0000, 0x630C, 0xAD55, 0x9CF3, 0xA514,
	0xA514, 0xA514, 0xA514, 0xA514, 0xA514, 0xA514, 0xA514, 0xA514, 0xA514, 0x9CF3, 0x2124, 0x0000,
	0x0000, 0x0000, 0x0000, 0x0000, 0x0000, 0x0000, 0x0000, 0x0000, 0x0000, 0x0000, 0x0000, 0x0000,
	0x0000, 0x0000, 0x0000, 0x0000, 0x3186, 0xDEDB, 0xEF7D, 0xEF5D, 0xEF5D, 0xEF5D, 0xEF5D, 0xEF5D,
	0xEF5D, 0xEF5D, 0xEF5D, 0xEF5D, 0xEF5D, 0xEF5D, 0xEF5D, 0xEF5D, 0xEF5D, 0xEF5D, 0xEF5D, 0xEF5D,
	0xEF5D, 0xEF5D, 0xEF5D, 0xEF7D, 0xDEDB, 0x6945, 0xC0A2, 0xC289, 0x9D55, 0xA4F4, 0xA514, 0xA514,
	0xA514, 0xA514, 0xA513, 0xA514, 0xA4B2, 0x48C3, 0x2125, 0x4228, 0x39E7, 0x4208, 0x4208, 0x4208,
	0x4208, 0x4208, 0x4208, 0x4208, 0x39E7, 0x4228, 0x2124, 0x2104, 0x4228, 0x39E7, 0x4208, 0x4208,
	0x4208, 0x4208, 0x4208, 0x4208, 0x4208, 0x1082, 0x0000, 0x0000, 0x0000, 0x0000, 0x0000, 0x0000,
	0x0000, 0x0000, 0x0000, 0x0000, 0x0000, 0x0000, 0x0000, 0x0000, 0x0000, 0x0000, 0x0000, 0x0000,
	0x0000, 0x0000, 0x0000, 0x0000, 0x0000, 0x0000, 0x0000, 0x0000, 0x0000, 0x0000, 0x0000, 0x0000,
	0x0000, 0x0000, 0x0000, 0x0000, 0x2104, 0x9CD3, 0xA514, 0xA514, 0xA514, 0xA514, 0xA514, 0xA514,
	0xA514, 0xA514, 0xA514, 0x9CF3, 0xA534, 0x94B2, 0x1082, 0x0000, 0x0000, 0x0000, 0x0000, 0x0000,
	0x0000, 0x0000, 0x0000, 0x0000, 0x0000, 0x0000, 0x0000, 0x0000, 0x0000, 0x0000, 0x0000, 0x0000,
	0x0861, 0xAD75, 0xF79E, 0xE73C, 0xEF5D, 0xEF5D, 0xEF5D, 0xEF5D, 0xEF5D, 0xEF5D, 0xEF5D, 0xEF5D,
	0xEF5D, 0xEF5D, 0xEF5D, 0xEF5D, 0xEF5D, 0xEF5D, 0xEF5D, 0xEF5D, 0xEF5D, 0xEF5D, 0xEF3C, 0xEF9E,
	0xE5B6, 0x4041, 0x4061, 0xA903, 0xA430, 0xA534, 0xA514, 0xA514, 0xA514, 0xA514, 0xA4F3, 0xA575,
	0x836D, 0x1000, 0x2145, 0x4A28, 0x39E7, 0x4208, 0x4208, 0x4208, 0x4208, 0x4208, 0x4208, 0x4208,
	0x39E7, 0x4228, 0x2124, 0x2104, 0x4228, 0x39E7, 0x4208, 0x4208, 0x4208, 0x4208, 0x4208, 0x4208,
	0x4208, 0x1082, 0x0000, 0x0000, 0x0000, 0x0000, 0x0000, 0x0000, 0x0000, 0x0000, 0x0000, 0x0000,
	0x0000, 0x0000, 0x0000, 0x0000, 0x0000, 0x0000, 0x0000, 0x0000, 0x0000, 0x0000, 0x0000, 0x0000,
	0x0000, 0x0000, 0x0000, 0x0000, 0x0000, 0x0000, 0x0000, 0x0000, 0x0000, 0x0000, 0x0000, 0x0000,
	0x0000, 0x632C, 0xAD75, 0x9CF3, 0xA514, 0xA514, 0xA514, 0xA514, 0xA514, 0xA514, 0x9CF3, 0xA514,
	0xA514, 0x39E7, 0x0000, 0x0000, 0x0000, 0x0000, 0x0000, 0x0000, 0x0000, 0x0000, 0x0000, 0x0000,
	0x0000, 0x0000, 0x0000, 0x0000, 0x0000, 0x0000, 0x0000, 0x0000, 0x0000, 0x6B4D, 0xEF7D, 0xEF5D,
	0xEF5D, 0xEF5D, 0xEF5D, 0xEF5D, 0xEF5D, 0xEF5D, 0xEF5D, 0xEF5D, 0xEF5D, 0xEF5D, 0xEF5D, 0xEF5D,
	0xEF5D, 0xEF5D, 0xEF5D, 0xEF5D, 0xEF5D, 0xEF5D, 0xEF3C, 0xEFBE, 0xEBAE, 0x7841, 0x0000, 0x4000,
	0xB248, 0xA555, 0xA4F3, 0xA514, 0xA514, 0xA514, 0x9D14, 0x9451, 0x30E3, 0x0000, 0x1061, 0x31A6,
	0x4208, 0x4208, 0x39E7, 0x4208, 0x4208, 0x4208, 0x39E7, 0x4208, 0x4228, 0x39C7, 0x0861, 0x2124,
	0x4228, 0x4208, 0x4208, 0x4208, 0x4208, 0x4208, 0x4208, 0x4208, 0x4208, 0x1082, 0x0000, 0x0000,
	0x0000, 0x0000, 0x0000, 0x0000, 0x0000, 0x0000, 0x0000, 0x0000, 0x0000, 0x0000, 0x0000, 0x0000,
	0x0000, 0x0000, 0x0000, 0x0000, 0x0000, 0x0000, 0x0000, 0x0000, 0x0000, 0x0000, 0x0000, 0x0000,
	0x0000, 0x0000, 0x0000, 0x0000, 0x0000, 0x0000, 0x0000, 0x0000, 0x0000, 0x18E3, 0x8430, 0xAD55,
	0xA534, 0x9CF3, 0x9CF3, 0x9CF3, 0x9CF3, 0xA514, 0xA534, 0xA534, 0x4208, 0x0000, 0x0000, 0x0000,
	0x0000, 0x0000, 0x0000, 0x0000, 0x0000, 0x0000, 0x0000, 0x0000, 0x0000, 0x0000, 0x0000, 0x0000,
	0x0000, 0x0000, 0x0000, 0x0000, 0x0000, 0x528A, 0xEF5D, 0xEF5D, 0xEF5D, 0xEF5D, 0xEF5D, 0xEF5D,
	0xEF5D, 0xEF5D, 0xEF5D, 0xEF5D, 0xEF5D, 0xEF5D, 0xEF5D, 0xEF5D, 0xEF5D, 0xEF5D, 0xEF5D, 0xEF5D,
	0xEF5D, 0xEF5D, 0xEF5D, 0xEF5D, 0xE249, 0xA8A2, 0x0820, 0x0800, 0x6124, 0x9CF3, 0xA534, 0xA4F3,
	0xA4F3, 0x9D34, 0xB289, 0x70A2, 0x0000, 0x0000, 0x0000, 0x0000, 0x18E3, 0x39E7, 0x4228, 0x4208,
	0x39E7, 0x4208, 0x4228, 0x39E7, 0x2104, 0x0020, 0x0000, 0x18E3, 0x39E7, 0x39E7, 0x39E7, 0x39E7,
	0x39E7, 0x39C7, 0x39C7, 0x39C7, 0x39C7, 0x0861, 0x0000, 0x0000, 0x0000, 0x0000, 0x0000, 0x0000,
	0x0000, 0x0000, 0x0000, 0x0000, 0x0000, 0x0000, 0x0000, 0x0000, 0x0000, 0x0000, 0x0000, 0x0000,
	0x0000, 0x0000, 0x0000, 0x0000, 0x0000, 0x0000, 0x0000, 0x0000, 0x0000, 0x0000, 0x0000, 0x0000,
	0x0000, 0x0000, 0x0000, 0x0000, 0x0000, 0x0000, 0x0841, 0x4228, 0x8C71, 0xAD55, 0xAD55, 0xAD55,
	0xAD55, 0xA514, 0x94B2, 0x4208, 0x0000, 0x0000, 0x0000, 0x0000, 0x0000, 0x0000, 0x0000, 0x0000,
	0x0000, 0x0000, 0x0000, 0x0000, 0x0000, 0x0000, 0x0000, 0x0000, 0x0000, 0x0000, 0x0000, 0x0000,
	0x0000, 0x4A69, 0xE73C, 0xEF5D, 0xEF5D, 0xEF5D, 0xEF5D, 0xEF5D, 0xEF5D, 0xEF5D, 0xEF5D, 0xEF5D,
	0xEF5D, 0xEF5D, 0xEF5D, 0xEF5D, 0xEF5D, 0xEF5D, 0xEF5D, 0xEF5D, 0xEF5D, 0xEF5D, 0xEF3C, 0xEF9E,
	0xEC92, 0xB8C3, 0x1820, 0x0000, 0x0800, 0x7AAA, 0xA4F3, 0x9D34, 0x9D96, 0x9C0F, 0xC0E3, 0x3021,
	0x0000, 0x0000, 0x0000, 0x0000, 0x0000, 0x0841, 0x2124, 0x4208, 0x4228, 0x4208, 0x2945, 0x0841,
	0x0000, 0x0000, 0x0000, 0x0000, 0x0841, 0x0841, 0x0020, 0x0020, 0x0020, 0x0020, 0x0020, 0x0020,
	0x0020, 0x0000, 0x0000, 0x0000, 0x0000, 0x0000, 0x0000, 0x0000, 0x0000, 0x0000, 0x0000, 0x0000,
	0x0000, 0x0000, 0x0000, 0x0000, 0x0000, 0x0000, 0x0000, 0x0000, 0x0000, 0x0000, 0x0000, 0x0000,
	0x0000, 0x0000, 0x0000, 0x0000, 0x0000, 0x0000, 0x0000, 0x0000, 0x0000, 0x0000, 0x0000, 0x0000,
	0x0000, 0x0000, 0x0000, 0x0000, 0x1082, 0x52AA, 0x6B4D, 0x528A, 0x4208, 0x2945, 0x1082, 0x0000,
	0x0000, 0x0000, 0x0000, 0x0000, 0x0000, 0x0000, 0x0000, 0x0000, 0x0000, 0x0000, 0x0000, 0x0000,
	0x0000, 0x0000, 0x0000, 0x0000, 0x0000, 0x0000, 0x0000, 0x0000, 0x0000, 0x2965, 0xD6BA, 0xEF7D,
	0xEF5D, 0xEF5D, 0xEF5D, 0xEF5D, 0xEF5D, 0xEF5D, 0xEF5D, 0xEF5D, 0xEF5D, 0xEF5D, 0xEF5D, 0xEF5D,
	0xEF5D, 0xEF5D, 0xEF5D, 0xEF5D, 0xEF5D, 0xEF5D, 0xEF5D, 0xEF7D, 0xEEDB, 0xB945, 0x1800, 0x0000,
	0x0000, 0x4840, 0xB944, 0xB2AA, 0xA32C, 0xC985, 0x90A2, 0x0000, 0x0000, 0x0000, 0x0000, 0x0000,
	0x0000, 0x0000, 0x0000, 0x0861, 0x2124, 0x1082, 0x0000, 0x0000, 0x0000, 0x0000, 0x0000, 0x0000,
	0x0000, 0x0000, 0x0000, 0x0000, 0x0000, 0x0000, 0x0000, 0x0000, 0x0000, 0x0000, 0x0000, 0x0000,
	0x0000, 0x0000, 0x0000, 0x0000, 0x0000, 0x0000, 0x0000, 0x0000, 0x0000, 0x0000, 0x0000, 0x0000,
	0x0000, 0x0000, 0x0000, 0x0000, 0x0000, 0x0000, 0x0000, 0x0000, 0x0000, 0x0000, 0x0000, 0x0000,
	0x0000, 0x0000, 0x0000, 0x0000, 0x0000, 0x0000, 0x0000, 0x0000, 0x0000, 0x0000, 0x0000, 0x0000,
	0x0000, 0x0000, 0x0000, 0x0000, 0x0000, 0x0000, 0x0000, 0x0000, 0x0000, 0x0000, 0x0000, 0x0000,
	0x0000, 0x0000, 0x0000, 0x0000, 0x0000, 0x0000, 0x0000, 0x0000, 0x0000, 0x0000, 0x0000, 0x0000,
	0x0000, 0x0000, 0x0000, 0x0000, 0x0000, 0x0841, 0xA534, 0xF79E, 0xE73C, 0xEF5D, 0xEF5D, 0xEF5D,
	0xEF5D, 0xEF5D, 0xEF5D, 0xEF5D, 0xEF5D, 0xEF5D, 0xEF5D, 0xEF5D, 0xEF5D, 0xEF5D, 0xEF5D, 0xEF5D,
	0xEF5D, 0xEF5D, 0xEF3C, 0xEF9E, 0xEDB6, 0xA0E3, 0x0800, 0x0000, 0x0000, 0x0000, 0x6062, 0xD0E3,
	0xD8E3, 0xC0E4, 0x3841, 0x0000, 0x0000, 0x0000, 0x0000, 0x0000, 0x0000, 0x0000, 0x0000, 0x0000,
	0x0000, 0x0000, 0x0000, 0x0000, 0x0000, 0x0000, 0x0000, 0x0000, 0x0000, 0x0000, 0x0000, 0x0000,
	0x0000, 0x0000, 0x0000, 0x0000, 0x0000, 0x0000, 0x0000, 0x0000, 0x0000, 0x0000, 0x0000, 0x0000,
	0x0000, 0x0000, 0x0000, 0x0000,
};
