/* From ~/picojet/app/assets (picojet tools/convert_assets.py). Shipped with
   Gustavo Pezzi's pikuma.com 3D graphics course; picojet keeps it "under
   whatever terms they arrived with" (picojet LICENSE). Copied as is, with
   <stdint.h> for C. */
// Generated from f22.png by tools/convert_assets.py
// RGB565, row-major. const so it stays in flash and is sampled in place.
#pragma once
#include <stdint.h>

#define TEX_F22_W 128
#define TEX_F22_H 128

static const uint16_t tex_f22_data[16384] = {
	0x0000, 0x0000, 0x0000, 0x0000, 0x0000, 0x0000, 0x0000, 0x0000, 0x0000, 0x0000, 0x0000, 0x0000,
	0x0000, 0x0000, 0x0000, 0x0000, 0x0000, 0x0000, 0x0000, 0x0000, 0x0000, 0x0000, 0x0000, 0x0000,
	0x0000, 0x0000, 0x0000, 0x0000, 0x0000, 0x0000, 0x0000, 0x0000, 0x0000, 0x0000, 0x0000, 0x0000,
	0x0000, 0x0000, 0x0000, 0x0000, 0x0000, 0x0000, 0x0000, 0x0000, 0x0000, 0x0000, 0x0000, 0x0000,
	0x0000, 0x0000, 0x0000, 0x0000, 0x0000, 0x0000, 0x0000, 0x0000, 0x0000, 0x0000, 0x0000, 0x0000,
	0x0000, 0x0000, 0x0000, 0x0000, 0x0000, 0x0000, 0x0000, 0x0000, 0x0000, 0x0000, 0x0000, 0x0000,
	0x0000, 0x0000, 0x0000, 0x0000, 0x0000, 0x0000, 0x0000, 0x0000, 0x0000, 0x0000, 0x0000, 0x0000,
	0x0000, 0x0000, 0x0000, 0x0000, 0x0000, 0x0000, 0x0000, 0x0000, 0x0000, 0x0000, 0x0000, 0x0000,
	0x0000, 0x0000, 0x0000, 0x0000, 0x0000, 0x0000, 0x0000, 0x0000, 0x0000, 0x0000, 0x0000, 0x0000,
	0x0000, 0x0000, 0x0000, 0x0000, 0x0000, 0x0000, 0x0000, 0x0000, 0x0000, 0x0000, 0x0000, 0x0000,
	0x0000, 0x0000, 0x0000, 0x0000, 0x0000, 0x0000, 0x0000, 0x0000, 0x0000, 0x0000, 0x0000, 0x0000,
	0x0000, 0x0000, 0x0000, 0x0000, 0x0000, 0x0000, 0x0000, 0x0000, 0x0000, 0x0000, 0x0000, 0x0000,
	0x0000, 0x0000, 0x0000, 0x0000, 0x0000, 0x0000, 0x0000, 0x0000, 0x0000, 0x0000, 0x0000, 0x0000,
	0x0000, 0x0000, 0x0000, 0x0000, 0x0000, 0x0000, 0x0000, 0x0000, 0x0000, 0x0000, 0x0000, 0x0000,
	0x0000, 0x0000, 0x0000, 0x0000, 0x0000, 0x0000, 0x0000, 0x0000, 0x0000, 0x0000, 0x0000, 0x0000,
	0x0000, 0x0000, 0x0000, 0x0000, 0x0000, 0x0000, 0x0000, 0x0000, 0x0000, 0x0000, 0x0000, 0x0000,
	0x0000, 0x0000, 0x0000, 0x0000, 0x0000, 0x0000, 0x0000, 0x0000, 0x0000, 0x0000, 0x0000, 0x0000,
	0x0000, 0x0000, 0x0000, 0x0000, 0x0000, 0x0000, 0x0000, 0x0000, 0x0000, 0x0000, 0x0000, 0x0000,
	0x0000, 0x0000, 0x0000, 0x0000, 0x0000, 0x0000, 0x0000, 0x0000, 0x0000, 0x0000, 0x0000, 0x0000,
	0x0000, 0x0000, 0x0000, 0x0000, 0x0000, 0x0000, 0x0000, 0x0000, 0x0000, 0x0000, 0x0000, 0x0000,
	0x0000, 0x0000, 0x0000, 0x0000, 0x0000, 0x0000, 0x0000, 0x0000, 0x0000, 0x0000, 0x0000, 0x0000,
	0x0000, 0x0000, 0x0000, 0x0000, 0x0000, 0x0000, 0x0000, 0x0000, 0x0000, 0x0000, 0x0000, 0x0000,
	0x0000, 0x0000, 0x0000, 0x0000, 0x0000, 0x0000, 0x0000, 0x0000, 0x0000, 0x0000, 0x0000, 0x0000,
	0x0000, 0x0000, 0x0000, 0x0000, 0x0000, 0x0000, 0x0000, 0x0000, 0x0000, 0x0000, 0x0000, 0x0000,
	0x0000, 0x0000, 0x0000, 0x0000, 0x0000, 0x0000, 0x0000, 0x0000, 0x0000, 0x0000, 0x0000, 0x0000,
	0x0000, 0x0000, 0x0000, 0x0000, 0x0000, 0x0000, 0x0000, 0x0000, 0x0000, 0x0000, 0x0000, 0x0000,
	0x0000, 0x0000, 0x0000, 0x0000, 0x0000, 0x0000, 0x0000, 0x0000, 0x0000, 0x0000, 0x0000, 0x0000,
	0x0000, 0x0000, 0x0000, 0x0000, 0x0000, 0x0000, 0x0000, 0x0000, 0x0000, 0x0000, 0x0000, 0x0000,
	0x0000, 0x0000, 0x0000, 0x0000, 0x0000, 0x0000, 0x0000, 0x0000, 0x0000, 0x0000, 0x0000, 0x0000,
	0x0000, 0x0000, 0x0000, 0x0000, 0x0000, 0x0000, 0x0000, 0x0000, 0x0000, 0x0000, 0x0000, 0x0000,
	0x0000, 0x0000, 0x0000, 0x0000, 0x0000, 0x0000, 0x0000, 0x0000, 0x0000, 0x0000, 0x0000, 0x0000,
	0x0000, 0x0000, 0x0000, 0x0000, 0x0000, 0x0000, 0x0000, 0x0000, 0x0000, 0x0000, 0x0000, 0x0000,
	0x0000, 0x0000, 0x0000, 0x0000, 0x0000, 0x0000, 0x0000, 0x0000, 0x0000, 0x0000, 0x0000, 0x0000,
	0x0000, 0x0000, 0x0000, 0x0000, 0x0000, 0x0000, 0x0000, 0x0000, 0x0000, 0x0000, 0x0000, 0x0000,
	0x0000, 0x0000, 0x0000, 0x0000, 0x0000, 0x0000, 0x0000, 0x0000, 0x0000, 0x0000, 0x0000, 0x0000,
	0x0000, 0x0000, 0x0000, 0x0000, 0x0000, 0x0000, 0x0000, 0x0000, 0x0000, 0x0000, 0x0000, 0x0000,
	0x0000, 0x0000, 0x0000, 0x0000, 0x0000, 0x0000, 0x0000, 0x0000, 0x0000, 0x0000, 0x0000, 0x0000,
	0x0000, 0x0000, 0x0000, 0x0000, 0x0000, 0x0000, 0x0000, 0x0000, 0x0000, 0x0000, 0x0000, 0x0000,
	0x0000, 0x0000, 0x0000, 0x0000, 0x0000, 0x0000, 0x0000, 0x0000, 0x0000, 0x0000, 0x0000, 0x0000,
	0x0000, 0x0000, 0x0000, 0x0000, 0x0000, 0x0000, 0x0000, 0x0000, 0x0000, 0x0000, 0x0000, 0x0000,
	0x0000, 0x0000, 0x0000, 0x0000, 0x0000, 0x0000, 0x0000, 0x0000, 0x0000, 0x0000, 0x0000, 0x0000,
	0x0000, 0x0000, 0x0000, 0x0000, 0x0000, 0x0000, 0x0000, 0x0000, 0x0000, 0x0000, 0x0000, 0x0000,
	0x0000, 0x0000, 0x0000, 0x0000, 0x0000, 0x0000, 0x0000, 0x0000, 0x0000, 0x0000, 0x0000, 0x0000,
	0x0000, 0x0000, 0x0000, 0x0000, 0x0000, 0x0000, 0x0000, 0x0000, 0x0000, 0x0000, 0x0000, 0x0000,
	0x0000, 0x0000, 0x0000, 0x0000, 0x0000, 0x0000, 0x0000, 0x0000, 0x0000, 0x0000, 0x0000, 0x0000,
	0x0000, 0x0000, 0x0000, 0x0000, 0x0000, 0x0000, 0x0000, 0x0000, 0x0000, 0x0000, 0x0000, 0x0000,
	0x0000, 0x0000, 0x0000, 0x0000, 0x0000, 0x0000, 0x0000, 0x0000, 0x0000, 0x0000, 0x0000, 0x0000,
	0x0000, 0x0000, 0x0000, 0x0000, 0x0000, 0x0000, 0x0000, 0x0000, 0x0000, 0x0000, 0x0000, 0x0000,
	0x0000, 0x0000, 0x0000, 0x0000, 0x0000, 0x0000, 0x0000, 0x0000, 0x0000, 0x0000, 0x0000, 0x0000,
	0x0000, 0x0000, 0x0000, 0x0000, 0x0000, 0x0000, 0x0000, 0x0000, 0x0000, 0x0000, 0x0000, 0x0000,
	0x0000, 0x0000, 0x0000, 0x0000, 0x0000, 0x0000, 0x0000, 0x0000, 0x0000, 0x0000, 0x0000, 0x0000,
	0x0000, 0x0000, 0x0000, 0x0000, 0x0000, 0x0000, 0x0000, 0x0000, 0x0000, 0x0000, 0x0000, 0x0000,
	0x0000, 0x0000, 0x0000, 0x0000, 0x0000, 0x0000, 0x0000, 0x0000, 0x0000, 0x0000, 0x0000, 0x0000,
	0x0000, 0x0000, 0x0000, 0x0000, 0x0000, 0x0000, 0x0000, 0x0000, 0x0000, 0x0000, 0x0000, 0x0000,
	0x0000, 0x0000, 0x0000, 0x0000, 0x0000, 0x0000, 0x0000, 0x0000, 0x0000, 0x0000, 0x0000, 0x0000,
	0x0000, 0x0000, 0x0000, 0x0000, 0x0000, 0x0000, 0x0000, 0x0000, 0x0000, 0x0000, 0x0000, 0x0000,
	0x0000, 0x0000, 0x0000, 0x0000, 0x0000, 0x0000, 0x0000, 0x0000, 0x0000, 0x0000, 0x0000, 0x0000,
	0x0000, 0x0000, 0x0000, 0x0000, 0x0000, 0x0000, 0x0000, 0x0000, 0x0000, 0x0000, 0x0000, 0x0000,
	0x0000, 0x0000, 0x0000, 0x0000, 0x0000, 0x0000, 0x0000, 0x0000, 0x0000, 0x0000, 0x0000, 0x0000,
	0x0000, 0x0000, 0x0000, 0x0000, 0x0000, 0x0000, 0x0000, 0x0000, 0x0000, 0x0000, 0x0000, 0x0000,
	0x0000, 0x0000, 0x0000, 0x0000, 0x0000, 0x0000, 0x0000, 0x0000, 0x0000, 0x0000, 0x0000, 0x0000,
	0x0000, 0x0000, 0x0000, 0x0000, 0x0000, 0x0000, 0x0000, 0x0000, 0x0000, 0x0000, 0x0000, 0x0000,
	0x0000, 0x0000, 0x0000, 0x0000, 0x0000, 0x0000, 0x0000, 0x0000, 0x0000, 0x0000, 0x0000, 0x0000,
	0x0000, 0x0000, 0x0000, 0x0000, 0x0000, 0x0000, 0x0000, 0x0000, 0x0000, 0x0000, 0x0000, 0x0000,
	0x0000, 0x0000, 0x0000, 0x0000, 0x0000, 0x0000, 0x0000, 0x0000, 0x0000, 0x0000, 0x0000, 0x0000,
	0x0000, 0x0000, 0x0000, 0x0000, 0x0000, 0x0000, 0x0000, 0x0000, 0x0000, 0x0000, 0x0000, 0x0000,
	0x0000, 0x0000, 0x0000, 0x0000, 0x0000, 0x0000, 0x0000, 0x0000, 0x0000, 0x0000, 0x0000, 0x0000,
	0x0000, 0x0000, 0x0000, 0x0000, 0x0000, 0x0000, 0x0000, 0x0000, 0x0000, 0x0000, 0x0000, 0x0000,
	0x0000, 0x0000, 0x0000, 0x0000, 0x0000, 0x0000, 0x0000, 0x0000, 0x0000, 0x0000, 0x0000, 0x0000,
	0x0000, 0x0000, 0x0000, 0x0000, 0x0000, 0x0000, 0x0000, 0x0000, 0x0000, 0x0000, 0x0000, 0x0000,
	0x0000, 0x0000, 0x0000, 0x0000, 0x0000, 0x0000, 0x0000, 0x0000, 0x0000, 0x0000, 0x0000, 0x0000,
	0x0000, 0x0000, 0x0000, 0x0000, 0x0000, 0x0000, 0x0000, 0x0000, 0x0000, 0x0000, 0x0000, 0x0000,
	0x0000, 0x0000, 0x0000, 0x0000, 0x0000, 0x0000, 0x0000, 0x0000, 0x0000, 0x0000, 0x0000, 0x0000,
	0x0000, 0x0000, 0x0000, 0x0000, 0x0000, 0x0000, 0x0000, 0x0000, 0x0000, 0x0000, 0x0000, 0x0000,
	0x0000, 0x0000, 0x0000, 0x0000, 0x0000, 0x0000, 0x0000, 0x0000, 0x0000, 0x0000, 0x0000, 0x0000,
	0x0000, 0x0000, 0x0000, 0x0000, 0x0000, 0x0000, 0x0000, 0x0000, 0x0000, 0x0000, 0x0000, 0x0000,
	0x0000, 0x0000, 0x0000, 0x0000, 0x0000, 0x0000, 0x0000, 0x0000, 0x0000, 0x0000, 0x0000, 0x0000,
	0x0000, 0x0000, 0x0000, 0x0000, 0x0000, 0x0000, 0x0000, 0x0000, 0x0000, 0x0000, 0x0000, 0x0000,
	0x0000, 0x0000, 0x0000, 0x0000, 0x0000, 0x0000, 0x0000, 0x0000, 0x0000, 0x0000, 0x0000, 0x0000,
	0x0000, 0x0000, 0x0000, 0x0000, 0x0000, 0x0000, 0x0000, 0x0000, 0x0000, 0x0000, 0x0000, 0x0000,
	0x0000, 0x0000, 0x0000, 0x0000, 0x0000, 0x0000, 0x0000, 0x0000, 0x0000, 0x0000, 0x0000, 0x0000,
	0x0000, 0x0000, 0x0000, 0x0000, 0x0000, 0x0000, 0x0000, 0x0000, 0x0000, 0x0000, 0x0000, 0x0000,
	0x0000, 0x0000, 0x0000, 0x0000, 0x0000, 0x0000, 0x0000, 0x0000, 0x0000, 0x0000, 0x0000, 0x0000,
	0x0000, 0x0000, 0x0000, 0x0000, 0x0000, 0x0000, 0x0000, 0x0000, 0x0000, 0x0000, 0x0000, 0x0000,
	0x0000, 0x0000, 0x0000, 0x0000, 0x0000, 0x0000, 0x0000, 0x0000, 0x0000, 0x0000, 0x0000, 0x0000,
	0x0000, 0x0000, 0x0000, 0x0000, 0x0000, 0x0000, 0x0000, 0x0000, 0x0000, 0x0000, 0x0000, 0x0000,
	0x0000, 0x0000, 0x0000, 0x0000, 0x0000, 0x0000, 0x0000, 0x0000, 0x0000, 0x0000, 0x0000, 0x0000,
	0x0000, 0x0000, 0x0000, 0x0000, 0x0000, 0x0000, 0x0000, 0x0000, 0x0000, 0x0000, 0x0000, 0x0000,
	0x0000, 0x0000, 0x0000, 0x0000, 0x0000, 0x0000, 0x0000, 0x0000, 0x0000, 0x0000, 0x0000, 0x0000,
	0x0000, 0x0000, 0x0000, 0x0000, 0x0000, 0x0000, 0x0000, 0x0000, 0x0000, 0x0000, 0x0000, 0x0000,
	0x0000, 0x0000, 0x0000, 0x0000, 0x0000, 0x0000, 0x0000, 0x0000, 0x0000, 0x0000, 0x0000, 0x0000,
	0x0000, 0x0000, 0x0000, 0x0000, 0x0000, 0x0000, 0x0000, 0x0000, 0x0000, 0x0000, 0x0000, 0x0000,
	0x0000, 0x0000, 0x0000, 0x0000, 0x0000, 0x0000, 0x0000, 0x0000, 0x0000, 0x0000, 0x0000, 0x0000,
	0x0000, 0x0000, 0x0000, 0x0000, 0x0000, 0x0000, 0x0000, 0x0000, 0x0000, 0x0000, 0x0000, 0x0000,
	0x0000, 0x0000, 0x0000, 0x0000, 0x0000, 0x0000, 0x0000, 0x0000, 0x0000, 0x0000, 0x0000, 0x0000,
	0x0000, 0x0000, 0x0000, 0x0000, 0x0000, 0x0000, 0x0000, 0x0000, 0x0000, 0x0000, 0x0000, 0x0000,
	0x0000, 0x0000, 0x0000, 0x0000, 0x0000, 0x1082, 0x2145, 0x2124, 0x2124, 0x2124, 0x2124, 0x2124,
	0x2124, 0x2124, 0x2124, 0x2124, 0x2124, 0x2124, 0x2104, 0x18E4, 0x18E3, 0x18C3, 0x18C3, 0x18C3,
	0x18C3, 0x18C3, 0x18C3, 0x18C3, 0x18C3, 0x18C3, 0x18C3, 0x18C3, 0x18C3, 0x18C3, 0x18C3, 0x18C3,
	0x18C3, 0x18C3, 0x18C3, 0x18C3, 0x18C3, 0x18C3, 0x18C3, 0x18C3, 0x18C3, 0x18C3, 0x18C3, 0x18C3,
	0x18C3, 0x18E3, 0x18E3, 0x18E3, 0x18E3, 0x18E3, 0x18E3, 0x18E3, 0x18E3, 0x18E3, 0x18E3, 0x18E3,
	0x18E3, 0x18E3, 0x18C3, 0x18C3, 0x18C3, 0x18C3, 0x18C3, 0x18C3, 0x18C3, 0x18C3, 0x18C3, 0x18C3,
	0x18C3, 0x18C3, 0x18C3, 0x18C3, 0x18C3, 0x18C3, 0x18C3, 0x18C3, 0x18C3, 0x18C3, 0x18C3, 0x18C3,
	0x18C3, 0x18C3, 0x18C3, 0x18C3, 0x18C3, 0x18C3, 0x18C3, 0x18C3, 0x18C3, 0x18C3, 0x18C3, 0x18C3,
	0x18C3, 0x18C3, 0x18C3, 0x18C3, 0x18C3, 0x18C3, 0x18C3, 0x18C3, 0x18C3, 0x18C3, 0x18C3, 0x18C3,
	0x18C3, 0x18C3, 0x18C3, 0x18C3, 0x18C3, 0x18C3, 0x18C3, 0x18C3, 0x18C3, 0x18C3, 0x18C3, 0x18C3,
	0x0000, 0x0000, 0x0000, 0x0000, 0x0000, 0x0000, 0x0000, 0x0000, 0x0000, 0x0000, 0x0000, 0x0000,
	0x10A2, 0x4A69, 0x528A, 0x4A6A, 0x4A8A, 0x4A8A, 0x4A6A, 0x4A6A, 0x4A8A, 0x4A8A, 0x4A6A, 0x4A6A,
	0x4A6A, 0x4A8A, 0x4A49, 0x4208, 0x39E8, 0x39C8, 0x39C8, 0x39C8, 0x39C8, 0x39C8, 0x39C8, 0x39C8,
	0x39C8, 0x39C8, 0x39C8, 0x39C8, 0x39C8, 0x39C8, 0x39C8, 0x39C8, 0x39C8, 0x39C8, 0x39C8, 0x39C8,
	0x31C7, 0x31C7, 0x31C7, 0x39C7, 0x39C8, 0x39C8, 0x39C8, 0x39C8, 0x39C8, 0x39C8, 0x39C8, 0x39C8,
	0x39C8, 0x39C8, 0x39C8, 0x39E8, 0x39E8, 0x39E8, 0x39C8, 0x39C8, 0x39C8, 0x39C8, 0x39C8, 0x39C8,
	0x39C8, 0x39C8, 0x39C7, 0x39C7, 0x31C7, 0x31C7, 0x31C7, 0x39C7, 0x31C7, 0x31C7, 0x31A7, 0x31C7,
	0x31C7, 0x31A7, 0x31A7, 0x31A7, 0x31A7, 0x31A7, 0x31A7, 0x31A7, 0x31A7, 0x31A7, 0x31A7, 0x31A7,
	0x31A7, 0x31A7, 0x31A7, 0x31C7, 0x31C7, 0x31A7, 0x31C7, 0x31A7, 0x31A7, 0x31C7, 0x31A7, 0x31A7,
	0x31A7, 0x39C7, 0x39C8, 0x31C8, 0x39C8, 0x39C8, 0x31C7, 0x31C7, 0x31C7, 0x31C7, 0x39C8, 0x39C8,
	0x39C8, 0x31C8, 0x31C8, 0x39C8, 0x31C7, 0x31C7, 0x31C7, 0x39C8, 0x2125, 0x0000, 0x0000, 0x0000,
	0x0000, 0x0000, 0x0000, 0x0000, 0x0000, 0x0000, 0x0000, 0x10A2, 0x4A69, 0x4A49, 0x4229, 0x4A49,
	0x4A49, 0x4A49, 0x4229, 0x4229, 0x4A49, 0x4A49, 0x4229, 0x4229, 0x4229, 0x4A49, 0x4228, 0x39C7,
	0x31A7, 0x31A7, 0x31A7, 0x31A7, 0x31A7, 0x31A7, 0x31A7, 0x31A7, 0x31A7, 0x31A7, 0x31A7, 0x31A7,
	0x31A7, 0x31A7, 0x31A7, 0x31A7, 0x31A7, 0x31A7, 0x31A7, 0x3187, 0x3187, 0x3187, 0x3187, 0x3187,
	0x31A7, 0x31A7, 0x31A7, 0x31A7, 0x31A7, 0x31A7, 0x31A7, 0x31A7, 0x31A7, 0x31A7, 0x31A7, 0x31A7,
	0x31A7, 0x31A7, 0x31A7, 0x31A7, 0x31A7, 0x31A7, 0x31A7, 0x31A7, 0x31A7, 0x31A7, 0x3187, 0x3187,
	0x3187, 0x3187, 0x3187, 0x3187, 0x3187, 0x3187, 0x3187, 0x3187, 0x3187, 0x3187, 0x3187, 0x3187,
	0x3187, 0x3187, 0x3187, 0x3187, 0x3187, 0x3187, 0x3187, 0x3187, 0x3187, 0x3187, 0x3187, 0x3187,
	0x3187, 0x3187, 0x3187, 0x3187, 0x3187, 0x3187, 0x3187, 0x3187, 0x3187, 0x3187, 0x31A7, 0x3187,
	0x31A7, 0x31A7, 0x3187, 0x3187, 0x3187, 0x3187, 0x31A7, 0x31A7, 0x31A7, 0x3187, 0x3187, 0x31A7,
	0x3187, 0x3187, 0x3187, 0x3187, 0x31A7, 0x2125, 0x0000, 0x0000, 0x0000, 0x0000, 0x0000, 0x0000,
	0x0000, 0x0000, 0x10A2, 0x4A6A, 0x4A49, 0x4A49, 0x4A49, 0x4A49, 0x4A49, 0x4A49, 0x4A49, 0x4A49,
	0x4A49, 0x4A49, 0x4A49, 0x4A49, 0x4A49, 0x4A49, 0x4228, 0x39C8, 0x31A7, 0x31A7, 0x31A7, 0x31A7,
	0x31A7, 0x31A7, 0x31A7, 0x31A7, 0x31A7, 0x31A7, 0x31A7, 0x31A7, 0x31A7, 0x31A7, 0x31A7, 0x31A7,
	0x31A7, 0x31A7, 0x31A7, 0x31A7, 0x3187, 0x3187, 0x3187, 0x3187, 0x31A7, 0x31A7, 0x31A7, 0x31A7,
	0x31A7, 0x31A7, 0x31A7, 0x31A7, 0x31A7, 0x31A7, 0x31A7, 0x31A7, 0x31A7, 0x31A7, 0x31A7, 0x31A7,
	0x31A7, 0x31A7, 0x31A7, 0x31A7, 0x31A7, 0x31A7, 0x31A7, 0x31A7, 0x3187, 0x3187, 0x3187, 0x31A7,
	0x3187, 0x3187, 0x3187, 0x31A7, 0x31A7, 0x3187, 0x3187, 0x3187, 0x3187, 0x3187, 0x3187, 0x3187,
	0x3187, 0x3187, 0x3187, 0x3187, 0x3187, 0x3187, 0x3187, 0x31A7, 0x31A7, 0x3187, 0x31A7, 0x3187,
	0x3187, 0x31A7, 0x3187, 0x3187, 0x3187, 0x31A7, 0x31A7, 0x31A7, 0x31A7, 0x31A7, 0x31A7, 0x31A7,
	0x31A7, 0x31A7, 0x31A7, 0x31A7, 0x31A7, 0x31A7, 0x31A7, 0x31A7, 0x31A7, 0x31A7, 0x31A7, 0x3187,
	0x3187, 0x31A7, 0x2125, 0x0000, 0x0000, 0x0000, 0x0000, 0x0000, 0x0000, 0x10A2, 0x528A, 0x4A6A,
	0x4A49, 0x4A49, 0x4A49, 0x4A49, 0x4A49, 0x4A49, 0x4A49, 0x4A49, 0x4A49, 0x4A49, 0x4A49, 0x4A49,
	0x4A49, 0x4A49, 0x4229, 0x39C7, 0x31A7, 0x31A7, 0x31A7, 0x31A7, 0x31A7, 0x31A7, 0x31A7, 0x31A7,
	0x31A7, 0x31A7, 0x31A7, 0x31A7, 0x31A7, 0x31A7, 0x31A7, 0x31A7, 0x31A7, 0x31A7, 0x31A7, 0x31A7,
	0x3187, 0x3187, 0x3187, 0x31A7, 0x31A7, 0x31A7, 0x31A7, 0x31A7, 0x31A7, 0x31A7, 0x31A7, 0x31A7,
	0x31A7, 0x31A7, 0x31A7, 0x31A7, 0x31A7, 0x31A7, 0x31A7, 0x31A7, 0x31A7, 0x31A7, 0x31A7, 0x31A7,
	0x31A7, 0x31A7, 0x31A7, 0x31A7, 0x3187, 0x31A7, 0x3187, 0x3187, 0x3187, 0x3187, 0x3187, 0x31A7,
	0x31A7, 0x3187, 0x3187, 0x3187, 0x3187, 0x3187, 0x3187, 0x3187, 0x3187, 0x3187, 0x3187, 0x3187,
	0x3187, 0x3187, 0x3187, 0x31A7, 0x31A7, 0x3187, 0x31A7, 0x3187, 0x3187, 0x31A7, 0x3187, 0x3187,
	0x3187, 0x31A7, 0x31A7, 0x3187, 0x31A7, 0x31A7, 0x31A7, 0x31A7, 0x31A7, 0x31A7, 0x31A7, 0x31A7,
	0x31A7, 0x31A7, 0x31A7, 0x31A7, 0x31A7, 0x31A7, 0x3187, 0x3187, 0x3187, 0x3187, 0x31A7, 0x2125,
	0x0000, 0x0000, 0x0000, 0x0000, 0x1904, 0x528A, 0x528A, 0x4A69, 0x4A49, 0x4A49, 0x4A49, 0x4A49,
	0x4A49, 0x4A49, 0x4A49, 0x4A49, 0x4A49, 0x4A49, 0x4A49, 0x4A49, 0x4A49, 0x4A49, 0x4229, 0x31A7,
	0x31A7, 0x31A7, 0x31A7, 0x31A7, 0x31A7, 0x31A7, 0x31A7, 0x31A7, 0x31A7, 0x31A7, 0x31A7, 0x31A7,
	0x31A7, 0x31A7, 0x31A7, 0x31A7, 0x31A7, 0x31A7, 0x31A7, 0x31A7, 0x31A7, 0x3187, 0x3187, 0x31A7,
	0x31A7, 0x31A7, 0x31A7, 0x31A7, 0x31A7, 0x31A7, 0x31A7, 0x31A7, 0x31A7, 0x31A7, 0x31A7, 0x31A7,
	0x31A7, 0x31A7, 0x31A7, 0x31A7, 0x31A7, 0x31A7, 0x31A7, 0x31A7, 0x31A7, 0x31A7, 0x31A7, 0x31A7,
	0x31A7, 0x31A7, 0x31A7, 0x31A7, 0x3187, 0x31A7, 0x3187, 0x31A7, 0x31A7, 0x3187, 0x3187, 0x3187,
	0x3187, 0x3187, 0x3187, 0x3187, 0x3187, 0x3187, 0x3187, 0x3187, 0x3187, 0x3187, 0x3187, 0x31A7,
	0x3187, 0x31A7, 0x3187, 0x3187, 0x3187, 0x31A7, 0x3187, 0x31A7, 0x3187, 0x31A7, 0x31A7, 0x31A7,
	0x31A7, 0x31A7, 0x31A7, 0x3187, 0x31A7, 0x31A7, 0x31A7, 0x31A7, 0x31A7, 0x3187, 0x31A7, 0x31A7,
	0x31A7, 0x3187, 0x3187, 0x3187, 0x3187, 0x3187, 0x3186, 0x39C7, 0x2125, 0x0000, 0x0000, 0x0000,
	0x4228, 0x5AEC, 0x526A, 0x4A6A, 0x4A49, 0x4A49, 0x4A49, 0x4A49, 0x4A49, 0x4A49, 0x4A49, 0x4A49,
	0x4A49, 0x4A49, 0x4A49, 0x4A49, 0x4A49, 0x4A49, 0x39E8, 0x31A7, 0x31A7, 0x31A7, 0x31A7, 0x31A7,
	0x31A7, 0x31A7, 0x31A7, 0x31A7, 0x31A7, 0x31A7, 0x31A7, 0x31A7, 0x31A7, 0x31A7, 0x31A7, 0x31A7,
	0x31A7, 0x31A7, 0x31A7, 0x31A7, 0x31A7, 0x3187, 0x3187, 0x3187, 0x31A7, 0x31A7, 0x31A7, 0x31A7,
	0x31A7, 0x31A7, 0x31A7, 0x31A7, 0x31A7, 0x31A7, 0x31A7, 0x31A7, 0x31A7, 0x31A7, 0x31A7, 0x31A7,
	0x31A7, 0x31A7, 0x31A7, 0x31A7, 0x31A7, 0x31A7, 0x31A7, 0x31A7, 0x31A7, 0x31A7, 0x31A7, 0x31A7,
	0x31A7, 0x31A7, 0x31A7, 0x31A7, 0x31A7, 0x31A7, 0x3187, 0x31A7, 0x3187, 0x3187, 0x3187, 0x3187,
	0x31A7, 0x3187, 0x3187, 0x31A7, 0x31A7, 0x31A7, 0x31A7, 0x3187, 0x3187, 0x31A7, 0x31A7, 0x31A7,
	0x31A7, 0x31A7, 0x31A7, 0x31A7, 0x31A7, 0x31A7, 0x31A7, 0x31A7, 0x31A7, 0x31A7, 0x31A7, 0x31A7,
	0x31A7, 0x31A7, 0x31A7, 0x31A7, 0x31A7, 0x31A7, 0x31A7, 0x31A7, 0x31A7, 0x3187, 0x3187, 0x3187,
	0x3187, 0x3187, 0x31A7, 0x3187, 0x1082, 0x0000, 0x0000, 0x0000, 0x0000, 0x3186, 0x52AA, 0x4A6A,
	0x4A6A, 0x4A49, 0x4A49, 0x4A49, 0x4A49, 0x4A49, 0x4A49, 0x4A49, 0x4A49, 0x4A49, 0x4A49, 0x4A49,
	0x4A49, 0x4229, 0x31C7, 0x31A7, 0x31A7, 0x31A7, 0x31A7, 0x31A7, 0x31A7, 0x31A7, 0x31A7, 0x31A7,
	0x31A7, 0x31A7, 0x31A7, 0x31A7, 0x31A7, 0x31A7, 0x31A7, 0x31A7, 0x31A7, 0x31A7, 0x31A7, 0x31A7,
	0x31A7, 0x31A7, 0x3187, 0x31A7, 0x3187, 0x31A7, 0x31A7, 0x31A7, 0x31A7, 0x31A7, 0x31A7, 0x31A7,
	0x31A7, 0x31A7, 0x31A7, 0x31A7, 0x31A7, 0x31A7, 0x31A7, 0x31A7, 0x31A7, 0x31A7, 0x31A7, 0x31A7,
	0x31A7, 0x31A7, 0x31A7, 0x31A7, 0x31A7, 0x31A7, 0x31A7, 0x31A7, 0x31A7, 0x31A7, 0x31A7, 0x31A7,
	0x31A7, 0x31A7, 0x31A7, 0x31A7, 0x31A7, 0x3187, 0x31A7, 0x31A7, 0x31A7, 0x31A7, 0x31A7, 0x31A7,
	0x31A7, 0x31A7, 0x31A7, 0x31A7, 0x31A7, 0x31A7, 0x31A7, 0x31A7, 0x31A7, 0x31A7, 0x31A7, 0x31A7,
	0x31A7, 0x31A7, 0x31A7, 0x31A7, 0x31A7, 0x31A7, 0x31A7, 0x31A7, 0x31A7, 0x31A7, 0x31A7, 0x31A7,
	0x31A7, 0x31A7, 0x31A7, 0x31A7, 0x31A7, 0x31A7, 0x31A7, 0x31A7, 0x3187, 0x31A7, 0x31A7, 0x0862,
	0x0000, 0x0000, 0x0000, 0x0000, 0x2945, 0x4A69, 0x632C, 0x528A, 0x4A69, 0x4A6A, 0x4A69, 0x4A49,
	0x4A49, 0x4A49, 0x4A49, 0x4A49, 0x4A49, 0x4A49, 0x4A49, 0x4A49, 0x4A49, 0x39E8, 0x31A7, 0x31A7,
	0x31A7, 0x31A7, 0x31A7, 0x31A7, 0x31A7, 0x31A7, 0x31A7, 0x31A7, 0x31A7, 0x31A7, 0x31A7, 0x31A7,
	0x31A7, 0x31A7, 0x31A7, 0x31A7, 0x31A7, 0x31A7, 0x31A7, 0x31A7, 0x31A7, 0x31A7, 0x3187, 0x3187,
	0x3187, 0x31A7, 0x31A7, 0x31A7, 0x31A7, 0x31A7, 0x31A7, 0x31A7, 0x31A7, 0x31A7, 0x31A7, 0x31A7,
	0x31A7, 0x31A7, 0x31A7, 0x31A7, 0x31A7, 0x31A7, 0x31A7, 0x31A7, 0x31A7, 0x31A7, 0x31A7, 0x31A7,
	0x31A7, 0x31A7, 0x31A7, 0x31A7, 0x31A7, 0x31A7, 0x31A7, 0x31A7, 0x31A7, 0x31A7, 0x31A7, 0x31A7,
	0x31A7, 0x31A7, 0x31A7, 0x31A7, 0x31A7, 0x31A7, 0x31A7, 0x31A7, 0x31A7, 0x31A7, 0x31A7, 0x31A7,
	0x31A7, 0x31A7, 0x31A7, 0x31A7, 0x31A7, 0x31A7, 0x31A7, 0x31A7, 0x31A7, 0x31A7, 0x31A7, 0x31A7,
	0x31A7, 0x31A7, 0x31A7, 0x31A7, 0x31A7, 0x31A7, 0x31A7, 0x31A7, 0x31A7, 0x31A7, 0x31A7, 0x31A7,
	0x31A7, 0x31A7, 0x31A7, 0x31A7, 0x31A7, 0x31A7, 0x0862, 0x0000, 0x0000, 0x0000, 0x0000, 0x0000,
	0x9CF3, 0xA514, 0x8C72, 0x7BEF, 0x630C, 0x528A, 0x4A69, 0x4A6A, 0x4A6A, 0x4A49, 0x4A49, 0x4A49,
	0x4A49, 0x4A49, 0x4A49, 0x4A49, 0x4229, 0x39C8, 0x31A7, 0x31A7, 0x31A7, 0x31A7, 0x31A7, 0x31A7,
	0x31A7, 0x31A7, 0x31A7, 0x31A7, 0x31A7, 0x31A7, 0x31A7, 0x31A7, 0x31A7, 0x31A7, 0x31A7, 0x31A7,
	0x31A7, 0x31A7, 0x31A7, 0x31A7, 0x31A7, 0x31A7, 0x31A7, 0x3187, 0x3187, 0x31A7, 0x31A7, 0x31A7,
	0x31A7, 0x31A7, 0x31A7, 0x31A7, 0x31A7, 0x31A7, 0x31A7, 0x31A7, 0x31A7, 0x31A7, 0x31A7, 0x31A7,
	0x31A7, 0x31A7, 0x31A7, 0x31A7, 0x31A7, 0x31A7, 0x31A7, 0x31A7, 0x31A7, 0x31A7, 0x31A7, 0x31A7,
	0x31A7, 0x31A7, 0x31A7, 0x31A7, 0x31A7, 0x31A7, 0x31A7, 0x31A7, 0x31A7, 0x31A7, 0x31A7, 0x31A7,
	0x31A7, 0x31A7, 0x31A7, 0x31A7, 0x31A7, 0x31A7, 0x31A7, 0x31A7, 0x31A7, 0x31A7, 0x31A7, 0x31A7,
	0x31A7, 0x31A7, 0x31A7, 0x31A7, 0x31A7, 0x31A7, 0x31A7, 0x31A7, 0x31A7, 0x31A7, 0x31A7, 0x31A7,
	0x31A7, 0x31A7, 0x31A7, 0x31A7, 0x31A7, 0x31A7, 0x31C7, 0x31C7, 0x31A7, 0x31A7, 0x31A7, 0x31A7,
	0x39C7, 0x1082, 0x0000, 0x0000, 0x0000, 0x0000, 0x0000, 0x0000, 0xA514, 0x9CD3, 0x94B3, 0x9492,
	0x8C71, 0x7BCF, 0x630C, 0x528A, 0x4A49, 0x4A49, 0x4A49, 0x4A49, 0x4A49, 0x4A49, 0x4A49, 0x4A49,
	0x4229, 0x39C8, 0x31C7, 0x31A7, 0x31A7, 0x31A7, 0x31A7, 0x31A7, 0x31A7, 0x31A7, 0x31A7, 0x31A7,
	0x31A7, 0x31A7, 0x31A7, 0x31A7, 0x31A7, 0x31A7, 0x31A7, 0x31A7, 0x31A7, 0x31A7, 0x31A7, 0x31A7,
	0x31A7, 0x31A7, 0x31A7, 0x31A7, 0x31A7, 0x31A7, 0x31A7, 0x31A7, 0x31A7, 0x31A7, 0x31A7, 0x31A7,
	0x31A7, 0x31A7, 0x31A7, 0x31A7, 0x31A7, 0x31A7, 0x31A7, 0x31A7, 0x31A7, 0x31A7, 0x31A7, 0x31A7,
	0x31A7, 0x31A7, 0x31A7, 0x31A7, 0x31A7, 0x31A7, 0x31A7, 0x31A7, 0x31A7, 0x31A7, 0x31A7, 0x31A7,
	0x31A7, 0x31A7, 0x31A7, 0x31A7, 0x31A7, 0x31A7, 0x31A7, 0x31A7, 0x31A7, 0x31A7, 0x31A7, 0x31A7,
	0x31A7, 0x31A7, 0x31A7, 0x31A7, 0x31A7, 0x31A7, 0x31A7, 0x31C7, 0x31C7, 0x31A7, 0x31A7, 0x31C7,
	0x39C7, 0x31C7, 0x39C7, 0x39C7, 0x39C8, 0x39C8, 0x39C8, 0x31C7, 0x31C7, 0x31A7, 0x31A7, 0x31A7,
	0x31A7, 0x31A7, 0x31A7, 0x31C7, 0x39C7, 0x39E8, 0x4229, 0x4229, 0x0862, 0x0000, 0x0000, 0x0000,
	0x0000, 0x0000, 0x0000, 0x0000, 0xA534, 0xA534, 0x9D14, 0x9CD3, 0x94B3, 0x9492, 0x8C92, 0x7BF0,
	0x6B6E, 0x6B4D, 0x5AEC, 0x5AEB, 0x52AA, 0x4A6A, 0x4A6A, 0x4A69, 0x4229, 0x39E8, 0x39C8, 0x39C7,
	0x39C8, 0x31C7, 0x31C7, 0x39C8, 0x39C7, 0x39C8, 0x39C8, 0x39C8, 0x39C8, 0x31C7, 0x39C8, 0x39C8,
	0x31C7, 0x39C7, 0x39C7, 0x39C8, 0x39C8, 0x31C7, 0x31A7, 0x31A7, 0x31C7, 0x31C7, 0x31A7, 0x31A7,
	0x31A7, 0x31A7, 0x31A7, 0x31C7, 0x31C7, 0x31C7, 0x31C7, 0x31C7, 0x31A7, 0x31A7, 0x31C7, 0x31C7,
	0x31A7, 0x31A7, 0x31A7, 0x31A7, 0x31A7, 0x31A7, 0x31A7, 0x31A7, 0x31A7, 0x31A7, 0x31A7, 0x31A7,
	0x31A7, 0x31C7, 0x31C7, 0x31C7, 0x31C7, 0x39C7, 0x31A7, 0x31A7, 0x39C7, 0x31A7, 0x31C7, 0x31C7,
	0x31C7, 0x39C7, 0x31C7, 0x31A7, 0x31A7, 0x31C7, 0x39C7, 0x39C8, 0x39C8, 0x39C7, 0x39C8, 0x39C8,
	0x39C8, 0x39C8, 0x39C8, 0x39C8, 0x39C8, 0x39C8, 0x39C8, 0x39C8, 0x39C8, 0x39C7, 0x31C7, 0x39C7,
	0x39E8, 0x39E8, 0x39E8, 0x39E8, 0x39E8, 0x39E8, 0x4229, 0x4229, 0x4A4A, 0x4A8B, 0x4A8A, 0x52AB,
	0x5AEC, 0x630D, 0x632E, 0x6B4E, 0x4249, 0x0000, 0x0000, 0x0000, 0x0000, 0x0000, 0x0000, 0x0000,
	0xAD55, 0xAD55, 0xAD55, 0xA514, 0x9CF4, 0x9CD3, 0x9CD3, 0x94B3, 0x94B2, 0x9492, 0x8C51, 0x8431,
	0x73AF, 0x6B4E, 0x630D, 0x5AEC, 0x528A, 0x3A08, 0x39C8, 0x39C8, 0x39C8, 0x39E8, 0x39E8, 0x39E8,
	0x39E8, 0x39E8, 0x39E8, 0x39E8, 0x39E8, 0x39E8, 0x39E8, 0x39E8, 0x39E8, 0x39E8, 0x39E8, 0x39E8,
	0x39E8, 0x39C8, 0x39C8, 0x39C8, 0x39C8, 0x39C8, 0x39C7, 0x39C7, 0x39C7, 0x31A7, 0x31A7, 0x31C7,
	0x39C8, 0x39C8, 0x39C8, 0x39C8, 0x39C8, 0x31C7, 0x39C8, 0x39C8, 0x31C7, 0x31C7, 0x31A7, 0x31A7,
	0x31A7, 0x31A7, 0x31A7, 0x31C7, 0x31A7, 0x31A7, 0x31C7, 0x31A7, 0x31A7, 0x39C7, 0x39C7, 0x39C8,
	0x39C8, 0x39C8, 0x39C7, 0x39C7, 0x39C8, 0x39C8, 0x39C8, 0x39E8, 0x39E8, 0x39E8, 0x39E8, 0x39E8,
	0x39E8, 0x39E8, 0x39E8, 0x39E8, 0x39E8, 0x39E8, 0x39E8, 0x39E8, 0x39E8, 0x39E8, 0x39E8, 0x4208,
	0x4209, 0x4209, 0x4209, 0x422A, 0x4A4A, 0x4A6A, 0x52AB, 0x52AB, 0x5AEC, 0x5AEC, 0x5AEC, 0x632D,
	0x632E, 0x634E, 0x6B6E, 0x6B6F, 0x6B6E, 0x6B6E, 0x6B6F, 0x6B8F, 0x6B8F, 0x6B6F, 0x6B6E, 0x6B6E,
	0x73B0, 0x4A6A, 0x0000, 0x0000, 0x0000, 0x0000, 0x0000, 0x0000, 0xAD75, 0xAD75, 0xAD75, 0xAD55,
	0xAD55, 0xA534, 0xA534, 0xA514, 0x9CD3, 0x9CD3, 0x94B3, 0x9492, 0x8411, 0x73AF, 0x6B8F, 0x6B6F,
	0x6B6E, 0x5ACC, 0x4A6A, 0x4A4A, 0x4229, 0x4209, 0x4209, 0x4209, 0x4209, 0x4209, 0x4209, 0x4209,
	0x4209, 0x4208, 0x4209, 0x4209, 0x4208, 0x4209, 0x4209, 0x4209, 0x4208, 0x3A08, 0x39E8, 0x39E8,
	0x39E8, 0x39E8, 0x39E8, 0x39E8, 0x39C8, 0x4209, 0x4A8B, 0x4A8B, 0x4209, 0x39E8, 0x39E8, 0x39E8,
	0x39E8, 0x39E8, 0x39E8, 0x39E8, 0x39E8, 0x39E8, 0x4209, 0x4209, 0x4209, 0x4209, 0x4209, 0x4229,
	0x4229, 0x4A4A, 0x4A4A, 0x4A4A, 0x4A4A, 0x4A6A, 0x4A6A, 0x4A6A, 0x4A4A, 0x4A4A, 0x4249, 0x424A,
	0x4A4A, 0x424A, 0x4229, 0x4229, 0x4209, 0x4209, 0x4209, 0x4209, 0x4209, 0x4229, 0x4A4A, 0x4A6A,
	0x4A4A, 0x4A6A, 0x4A6B, 0x528B, 0x528B, 0x52AC, 0x52AC, 0x52CC, 0x5ACD, 0x5ACD, 0x5AED, 0x5AED,
	0x632E, 0x6B8F, 0x73B0, 0x73B0, 0x73AF, 0x738F, 0x73AF, 0x738F, 0x738F, 0x73AF, 0x73B0, 0x73B0,
	0x738F, 0x738F, 0x738F, 0x73AF, 0x73B0, 0x73AF, 0x73AF, 0x73B0, 0x738F, 0x7BF1, 0x52AB, 0x0000,
	0x0000, 0x0000, 0x0000, 0x0000, 0xAD75, 0xB596, 0xB596, 0xB596, 0xAD75, 0xAD75, 0xAD75, 0xAD55,
	0xA535, 0xA534, 0xA514, 0x9CF4, 0x8C72, 0x7BF0, 0x73D0, 0x73B0, 0x73B0, 0x73B0, 0x6B8F, 0x6B6E,
	0x6B6E, 0x632D, 0x5ACC, 0x528B, 0x4A6A, 0x4A6A, 0x4A6A, 0x4A6A, 0x4A4A, 0x4A4A, 0x4A4A, 0x4249,
	0x4A4A, 0x4A4A, 0x4A4A, 0x4A6A, 0x4A6B, 0x4A4A, 0x4A4A, 0x4A6A, 0x4A6B, 0x4A8B, 0x52CC, 0x5ACC,
	0x5ACC, 0x632E, 0x6B4E, 0x6B4E, 0x632D, 0x52CC, 0x52CC, 0x5AEC, 0x5AEC, 0x5AEC, 0x630D, 0x5AED,
	0x52CC, 0x52AC, 0x5ACC, 0x5ACD, 0x5ACC, 0x5ACD, 0x5ACD, 0x5AED, 0x632E, 0x6B8F, 0x738F, 0x73AF,
	0x73B0, 0x73B0, 0x73B0, 0x73B0, 0x6B6F, 0x630E, 0x5B0D, 0x630E, 0x632E, 0x630E, 0x5ACD, 0x4A4B,
	0x422A, 0x420A, 0x420A, 0x420A, 0x422B, 0x52AC, 0x5B0D, 0x630E, 0x630E, 0x630E, 0x632E, 0x632E,
	0x632E, 0x630E, 0x630E, 0x630E, 0x630E, 0x630E, 0x630E, 0x632E, 0x6B6F, 0x73B0, 0x7BD0, 0x7BD0,
	0x7BD0, 0x7BD0, 0x7BD0, 0x7BD0, 0x7BD0, 0x7BD0, 0x7BF1, 0x7BF1, 0x7BD0, 0x7BD0, 0x7BD0, 0x7BF0,
	0x7BF1, 0x7BF1, 0x7BF0, 0x7BF1, 0x7BF1, 0x7BD0, 0x8452, 0x5ACC, 0x0000, 0x0000, 0x0000, 0x0000,
	0xAD75, 0xB596, 0xB596, 0xB596, 0xB596, 0xB596, 0xB5B6, 0xB596, 0xAD75, 0xAD75, 0xAD75, 0xAD55,
	0x94B3, 0x8411, 0x7C11, 0x7BF1, 0x7BF0, 0x7BF0, 0x73B0, 0x73AF, 0x73AF, 0x738F, 0x6B4E, 0x5AED,
	0x5ACC, 0x52CC, 0x52AC, 0x52AC, 0x52AC, 0x52AC, 0x52AC, 0x52AC, 0x52AC, 0x5ACC, 0x5ACC, 0x5ACD,
	0x5AED, 0x5AED, 0x5ACD, 0x5AED, 0x5AED, 0x630E, 0x6B6F, 0x73AF, 0x73AF, 0x738F, 0x738F, 0x738F,
	0x6B6F, 0x6B8F, 0x6B6F, 0x6B6F, 0x738F, 0x738F, 0x6B6F, 0x6B4E, 0x630D, 0x630D, 0x630E, 0x630E,
	0x630E, 0x630E, 0x632E, 0x632E, 0x6B6F, 0x7BD0, 0x7BF0, 0x7BF1, 0x7C11, 0x7C11, 0x7BF1, 0x7BF1,
	0x73B0, 0x6B4F, 0x634E, 0x634E, 0x6B4F, 0x634E, 0x5B0D, 0x4A6B, 0x424B, 0x424B, 0x424B, 0x424B,
	0x4A4B, 0x52CD, 0x632E, 0x634E, 0x632E, 0x632E, 0x632E, 0x632E, 0x632E, 0x632E, 0x632E, 0x632E,
	0x632E, 0x632E, 0x632E, 0x632E, 0x6B6F, 0x7BF1, 0x7C11, 0x7BF1, 0x7BF1, 0x7BF1, 0x7BF1, 0x7BF1,
	0x7BF1, 0x7C11, 0x8431, 0x8431, 0x8411, 0x7C11, 0x8411, 0x8431, 0x8432, 0x8431, 0x8431, 0x8431,
	0x8431, 0x8431, 0x8411, 0x8C73, 0x5AEC, 0x0000, 0x0000, 0x0000, 0xAD55, 0xB596, 0xB596, 0xB596,
	0xB5B6, 0xB5B6, 0xB5B6, 0xB5B6, 0xB596, 0xB596, 0xB596, 0xB596, 0x9CD4, 0x8431, 0x8432, 0x8411,
	0x8431, 0x8411, 0x7BD0, 0x7BD0, 0x7BD0, 0x73B0, 0x6B4E, 0x630D, 0x5AED, 0x5AED, 0x5ACD, 0x5ACC,
	0x5ACD, 0x5ACD, 0x5AED, 0x5ACD, 0x5AED, 0x5AED, 0x5AED, 0x5AED, 0x630D, 0x630D, 0x5B0D, 0x5B0D,
	0x5B0D, 0x632E, 0x738F, 0x7BD0, 0x7BD0, 0x7BD0, 0x7BD0, 0x7BD0, 0x73D0, 0x73B0, 0x73AF, 0x73B0,
	0x73D0, 0x7BD0, 0x7BD0, 0x73B0, 0x632E, 0x634E, 0x6B4F, 0x6B4F, 0x634E, 0x6B4F, 0x6B4F, 0x634E,
	0x73D0, 0x8431, 0x8411, 0x8432, 0x8452, 0x8431, 0x8431, 0x8452, 0x7BD0, 0x6B6F, 0x6B4F, 0x6B6F,
	0x6B6F, 0x6B6F, 0x632E, 0x4A6B, 0x424B, 0x424B, 0x424B, 0x424B, 0x424B, 0x5ACD, 0x6B6F, 0x6B4F,
	0x6B4F, 0x6B4F, 0x6B4F, 0x6B4F, 0x6B4F, 0x6B4E, 0x6B4F, 0x6B4E, 0x6B4F, 0x6B4E, 0x634F, 0x632E,
	0x6B6F, 0x8411, 0x8431, 0x7C11, 0x8411, 0x8411, 0x8411, 0x8411, 0x8411, 0x8431, 0x8C52, 0x8452,
	0x8431, 0x8431, 0x8432, 0x8C52, 0x8C52, 0x8452, 0x8452, 0x8452, 0x8452, 0x8452, 0x8452, 0x8431,
	0x9493, 0x5AEC, 0x0000, 0x0000, 0xAD75, 0xB596, 0xB596, 0xB596, 0xB596, 0xB5B6, 0xB5B6, 0xB5B6,
	0xB5B6, 0xB5B6, 0xB596, 0xB5B6, 0x9CF4, 0x8431, 0x8452, 0x8432, 0x8432, 0x8411, 0x7BF0, 0x7BF0,
	0x7BF0, 0x7BD0, 0x6B6F, 0x630D, 0x5AED, 0x5AED, 0x5AED, 0x5AED, 0x5AED, 0x5AED, 0x5AED, 0x5AED,
	0x5AED, 0x5B0D, 0x5B0D, 0x630D, 0x632E, 0x630D, 0x630D, 0x632E, 0x632E, 0x632E, 0x73AF, 0x7BF1,
	0x7BF0, 0x7BF0, 0x7BF1, 0x7BF0, 0x7BD0, 0x73B0, 0x73B0, 0x7BF0, 0x7C11, 0x8411, 0x8432, 0x73B0,
	0x6B6F, 0x6B6F, 0x6B6F, 0x6B6F, 0x6B6F, 0x6B6F, 0x6B6F, 0x6B6F, 0x7BF1, 0x8C52, 0x8C52, 0x8C52,
	0x8C52, 0x8C52, 0x8452, 0x8C72, 0x7BF1, 0x6B4F, 0x6B6F, 0x6B6F, 0x6B6F, 0x6B6F, 0x6B6F, 0x52AD,
	0x4A6B, 0x4A6B, 0x4A6B, 0x4A6B, 0x52AD, 0x6B6F, 0x6B6F, 0x6B6F, 0x6B4F, 0x6B6F, 0x6B4F, 0x6B4F,
	0x6B4F, 0x6B4F, 0x6B4F, 0x6B4F, 0x6B4F, 0x6B4F, 0x634E, 0x632E, 0x6B4F, 0x738F, 0x8411, 0x8411,
	0x7BF1, 0x7BF1, 0x7BF1, 0x7C11, 0x7BF1, 0x7BF1, 0x7BF1, 0x8411, 0x8411, 0x8411, 0x8431, 0x8432,
	0x8432, 0x8452, 0x8C52, 0x8C52, 0x8C52, 0x8C52, 0x8C52, 0x8431, 0x94B4, 0x4A4A, 0x0000, 0x0000,
	0xAD75, 0xB596, 0xB596, 0xB596, 0xB596, 0xB596, 0xB596, 0xB596, 0xB596, 0xB596, 0xB596, 0xB596,
	0x9CD4, 0x8411, 0x8411, 0x8411, 0x8411, 0x7BF1, 0x7BF0, 0x7BF0, 0x7BF0, 0x7BF0, 0x738F, 0x632E,
	0x5AED, 0x5B0D, 0x5AED, 0x5AED, 0x5AED, 0x5AED, 0x5AED, 0x5AED, 0x5B0D, 0x630D, 0x630D, 0x630E,
	0x632E, 0x632E, 0x632E, 0x632E, 0x630E, 0x632E, 0x73AF, 0x7C11, 0x7C11, 0x8411, 0x8411, 0x7C11,
	0x5AED, 0x4A6B, 0x4A6C, 0x73B0, 0x8C52, 0x8C52, 0x8452, 0x6B90, 0x6B8F, 0x7390, 0x6B6F, 0x6B6F,
	0x6B6F, 0x6B8F, 0x6B6F, 0x6B6F, 0x73D0, 0x8C52, 0x8C52, 0x8C52, 0x8C52, 0x8C72, 0x8C52, 0x8C72,
	0x7BF1, 0x6B6F, 0x6B6F, 0x6B6F, 0x6B6F, 0x6B6F, 0x6B6F, 0x6B6F, 0x6B4F, 0x6B4F, 0x6B4F, 0x6B4F,
	0x6B6F, 0x6B6F, 0x6B6F, 0x6B4F, 0x6B6F, 0x6B6F, 0x6B4F, 0x634E, 0x6B4F, 0x6B4F, 0x6B4F, 0x6B4F,
	0x6B4F, 0x6B4F, 0x6B4E, 0x6B4F, 0x6B4F, 0x634E, 0x6B8F, 0x8431, 0x6B6F, 0x422A, 0x4A6B, 0x4A6B,
	0x4A6C, 0x6B4F, 0x6B6F, 0x7BF1, 0x8411, 0x8411, 0x8411, 0x8431, 0x8452, 0x8452, 0x8452, 0x8C52,
	0x8C52, 0x8C52, 0x8432, 0x94B4, 0x630D, 0x0020, 0x0000, 0x0000, 0xAD75, 0xB596, 0xB596, 0xB5B6,
	0xB5B6, 0xB596, 0xB596, 0xAD75, 0xAD75, 0xAD75, 0xAD75, 0xB595, 0x9CD3, 0x7BF1, 0x8411, 0x8411,
	0x8411, 0x8411, 0x7BF0, 0x7BF1, 0x7BF0, 0x7BF0, 0x6B8F, 0x632E, 0x5B0D, 0x5B0D, 0x5B0D, 0x5AED,
	0x5AED, 0x5AED, 0x5B0D, 0x5AED, 0x5AED, 0x630D, 0x630D, 0x630D, 0x632E, 0x632E, 0x630E, 0x630E,
	0x6B6F, 0x7BD0, 0x8411, 0x8411, 0x8431, 0x8411, 0x8431, 0x8431, 0x52CD, 0x3A0A, 0x422B, 0x73B0,
	0x8C72, 0x8C52, 0x8452, 0x7390, 0x6B6F, 0x6B8F, 0x6B6F, 0x6B90, 0x6B6F, 0x6B6F, 0x6B90, 0x6B6F,
	0x6B6F, 0x8432, 0x8C72, 0x8C73, 0x8C72, 0x8C52, 0x8C72, 0x8432, 0x7390, 0x6B6F, 0x6B6F, 0x6B6F,
	0x6B6F, 0x6B6F, 0x6B8F, 0x6B6F, 0x6B6F, 0x6B6F, 0x6B6F, 0x6B6F, 0x6B6F, 0x6B6F, 0x6B4F, 0x6B4F,
	0x6B6F, 0x73D0, 0x73D0, 0x7BD0, 0x738F, 0x6B4E, 0x6B4F, 0x6B4E, 0x634E, 0x6B4F, 0x6B4E, 0x634E,
	0x632E, 0x6B4E, 0x634E, 0x7BF1, 0x8C52, 0x632E, 0x39EA, 0x422B, 0x4A6B, 0x8411, 0x8C52, 0x8C52,
	0x8C52, 0x8432, 0x8411, 0x8431, 0x8452, 0x8452, 0x8452, 0x8C52, 0x8C52, 0x8452, 0x94B4, 0x630D,
	0x0000, 0x0000, 0x0000, 0x0000, 0xAD75, 0xB596, 0xB596, 0xB5B6, 0xB5B6, 0xB596, 0xB596, 0xAD75,
	0xAD75, 0xAD55, 0xAD55, 0xAD95, 0x94B3, 0x7BF1, 0x8411, 0x7C11, 0x8411, 0x7C11, 0x7BF1, 0x7BF1,
	0x7BF0, 0x73D0, 0x632E, 0x630D, 0x5B0D, 0x5AED, 0x5B0D, 0x630D, 0x5B0D, 0x5AED, 0x630D, 0x5B0D,
	0x630E, 0x5B0D, 0x630D, 0x630E, 0x632E, 0x632E, 0x6B6F, 0x738F, 0x7BD0, 0x7BF0, 0x8411, 0x8431,
	0x8432, 0x8432, 0x8452, 0x8432, 0x6B6F, 0x634E, 0x634E, 0x7BF1, 0x8C72, 0x8C52, 0x8452, 0x738F,
	0x6B6F, 0x6B8F, 0x6B8F, 0x6B8F, 0x6B6F, 0x7390, 0x6B8F, 0x7390, 0x6B6F, 0x73B0, 0x8C52, 0x8C72,
	0x8C72, 0x8C52, 0x8C72, 0x73B0, 0x6B6F, 0x6B90, 0x6B6F, 0x6B6F, 0x7390, 0x6B6F, 0x6B6F, 0x6B6F,
	0x6B8F, 0x6B6F, 0x6B6F, 0x6B6F, 0x6B6F, 0x6B6F, 0x6B6F, 0x6B6F, 0x7BF1, 0x8C52, 0x8432, 0x8431,
	0x8431, 0x73D0, 0x632E, 0x6B4E, 0x6B4F, 0x634E, 0x634E, 0x634E, 0x6B4E, 0x632E, 0x6B8F, 0x8411,
	0x7BD0, 0x528C, 0x422A, 0x424B, 0x4A6B, 0x8411, 0x8452, 0x8452, 0x8452, 0x8452, 0x8432, 0x8432,
	0x8C52, 0x8452, 0x8452, 0x8452, 0x8452, 0x8C73, 0x5AEC, 0x0000, 0x0000, 0x0000, 0x0000, 0x0000,
	0xAD75, 0xB596, 0xB596, 0xB5B6, 0xB5B6, 0xB596, 0xAD75, 0xAD75, 0xAD75, 0xAD55, 0xAD75, 0xAD55,
	0x94B3, 0x8411, 0x8411, 0x7C11, 0x7C11, 0x7C11, 0x7BF1, 0x7BF1, 0x7BF1, 0x6B6F, 0x630E, 0x632E,
	0x632E, 0x632E, 0x632E, 0x632E, 0x630E, 0x632E, 0x632E, 0x632E, 0x630E, 0x630E, 0x634E, 0x6B4E,
	0x632E, 0x73B0, 0x8411, 0x630E, 0x4A6B, 0x5B0D, 0x8431, 0x8431, 0x8431, 0x8432, 0x8432, 0x8432,
	0x8C52, 0x8C52, 0x8C72, 0x8C52, 0x8452, 0x8C52, 0x8452, 0x7390, 0x6B6F, 0x6B6F, 0x6B6F, 0x6B6F,
	0x6B8F, 0x6B6F, 0x6B6F, 0x6B6F, 0x6B8F, 0x6B6F, 0x7BF1, 0x8C52, 0x8C52, 0x8C72, 0x8411, 0x6B6F,
	0x6B6F, 0x6B6F, 0x6B6F, 0x6B6F, 0x6B8F, 0x6B8F, 0x6B6F, 0x6B6F, 0x6B6F, 0x6B6F, 0x6B6F, 0x6B6F,
	0x6B6F, 0x6B6F, 0x6B6F, 0x6B6F, 0x8431, 0x8431, 0x8411, 0x8411, 0x8411, 0x8432, 0x738F, 0x632E,
	0x6B4F, 0x632E, 0x634E, 0x632E, 0x632E, 0x632E, 0x73B0, 0x8431, 0x6B4E, 0x39E9, 0x424B, 0x422A,
	0x4A6B, 0x8411, 0x8432, 0x8411, 0x8432, 0x8432, 0x8452, 0x8411, 0x73B0, 0x73B0, 0x73B0, 0x7390,
	0x73B0, 0x73D0, 0x18E4, 0x0000, 0x0000, 0x0000, 0x0000, 0x0000, 0xAD75, 0xB596, 0xB596, 0xB5B6,
	0xB5B6, 0xB596, 0xAD75, 0xAD75, 0xAD75, 0xAD75, 0xAD75, 0xA534, 0x94B3, 0x8431, 0x7C11, 0x8411,
	0x7C11, 0x7C11, 0x7BF1, 0x7C11, 0x7BF1, 0x6B4F, 0x632E, 0x632E, 0x632E, 0x632E, 0x634E, 0x632E,
	0x632E, 0x632E, 0x632E, 0x632E, 0x6B4E, 0x738F, 0x7BF0, 0x7BF0, 0x7BF0, 0x8411, 0x8411, 0x7BD0,
	0x7BF0, 0x8411, 0x8C52, 0x8452, 0x8432, 0x8432, 0x8432, 0x8432, 0x8432, 0x8452, 0x8452, 0x8C52,
	0x8C52, 0x8C52, 0x7BF1, 0x6B6F, 0x6B6F, 0x6B6F, 0x6B8F, 0x6B8F, 0x6B6F, 0x6B8F, 0x6B6F, 0x6B6F,
	0x6B6F, 0x6B6F, 0x7BF1, 0x8C73, 0x8C72, 0x8C73, 0x7BD1, 0x6B6F, 0x6B6F, 0x6B6F, 0x6B8F, 0x6B6F,
	0x6B6F, 0x6B6F, 0x6B8F, 0x6B8F, 0x6B6F, 0x6B6F, 0x6B6F, 0x6B6F, 0x6B6F, 0x6B6F, 0x6B6F, 0x6B4F,
	0x7BF0, 0x8432, 0x8431, 0x8411, 0x7C11, 0x8411, 0x73B0, 0x630E, 0x632E, 0x632E, 0x632E, 0x630E,
	0x630E, 0x632E, 0x7BF0, 0x7BF0, 0x8431, 0x632D, 0x39EA, 0x422A, 0x4A4B, 0x7BF1, 0x8431, 0x8431,
	0x8432, 0x8411, 0x73B0, 0x6B6F, 0x6B4F, 0x6B4F, 0x6B4F, 0x6B6F, 0x6B6F, 0x6B6F, 0x7390, 0x2104,
	0x0000, 0x0000, 0x0000, 0x0000, 0xB5B6, 0xB596, 0xAD75, 0xB596, 0xB5B6, 0xB596, 0xAD75, 0xAD75,
	0xAD75, 0xAD75, 0xAD55, 0xA514, 0x94B3, 0x8431, 0x7C11, 0x8411, 0x7C11, 0x7C11, 0x7BF1, 0x7BF1,
	0x7BD0, 0x6B6F, 0x632E, 0x632E, 0x632E, 0x632E, 0x634E, 0x634E, 0x632E, 0x632E, 0x632E, 0x632E,
	0x738F, 0x7C11, 0x8411, 0x8411, 0x8411, 0x8431, 0x8411, 0x8431, 0x8432, 0x8C52, 0x738F, 0x6B4F,
	0x8431, 0x8432, 0x8452, 0x8452, 0x8C52, 0x8C52, 0x8452, 0x8432, 0x73D0, 0x738F, 0x6B8F, 0x6B6F,
	0x6B6F, 0x6B8F, 0x6B8F, 0x6B6F, 0x6B6F, 0x6B6F, 0x6B8F, 0x6B6F, 0x6B6F, 0x7390, 0x8452, 0x8C72,
	0x8C52, 0x8452, 0x7390, 0x6B6F, 0x6B8F, 0x6B6F, 0x6B6F, 0x6B6F, 0x6B8F, 0x6B6F, 0x6B6F, 0x6B6F,
	0x6B6F, 0x6B6F, 0x6B6F, 0x6B6F, 0x6B6F, 0x6B6F, 0x6B6F, 0x6B4F, 0x6B8F, 0x8411, 0x7BF1, 0x8411,
	0x8411, 0x7BF1, 0x7BF0, 0x6B6F, 0x630E, 0x630D, 0x630D, 0x5B0D, 0x5AED, 0x630D, 0x6B6F, 0x7BD0,
	0x738F, 0x424A, 0x39C9, 0x39EA, 0x422A, 0x738F, 0x7BD0, 0x7BD0, 0x73B0, 0x6B4F, 0x6B4F, 0x6B6F,
	0x6B6F, 0x6B6F, 0x6B6F, 0x6B6F, 0x6B6F, 0x6B6F, 0x7390, 0x7390, 0x18E4, 0x0000, 0x0000, 0x0000,
	0x8410, 0xAD75, 0xBDF7, 0xB5B6, 0xB596, 0xB596, 0xAD75, 0xAD75, 0xAD75, 0xAD75, 0xAD55, 0x9CF4,
	0x94B3, 0x8431, 0x7C11, 0x8411, 0x7C11, 0x7BF1, 0x7BF1, 0x7BF1, 0x7BD0, 0x6B6F, 0x632E, 0x632E,
	0x632E, 0x632E, 0x634E, 0x634E, 0x632E, 0x632E, 0x632E, 0x6B4E, 0x73B0, 0x7C11, 0x8431, 0x8431,
	0x8431, 0x8411, 0x8411, 0x8431, 0x8432, 0x6B6F, 0x4A4B, 0x6B8F, 0x8C52, 0x8C52, 0x8432, 0x8452,
	0x8C52, 0x7BF1, 0x73B0, 0x6B8F, 0x6B6F, 0x6B6F, 0x6B6F, 0x6B6F, 0x6B8F, 0x6B8F, 0x6B8F, 0x6B6F,
	0x6B6F, 0x6B8F, 0x7390, 0x6B6F, 0x6B8F, 0x8411, 0x8C72, 0x8C52, 0x8C73, 0x8411, 0x738F, 0x6B6F,
	0x6B6F, 0x6B8F, 0x6B8F, 0x6B6F, 0x6B6F, 0x6B6F, 0x6B6F, 0x6B8F, 0x6B6F, 0x6B6F, 0x6B6F, 0x6B6F,
	0x6B6F, 0x6B6F, 0x6B6F, 0x6B4F, 0x632E, 0x6B6F, 0x7BF1, 0x7BF1, 0x7BD0, 0x7BD0, 0x7BD0, 0x7BD0,
	0x6B6F, 0x5AED, 0x5AED, 0x5ACC, 0x5AED, 0x5AED, 0x5ACD, 0x632D, 0x630D, 0x52AC, 0x5ACD, 0x5ACC,
	0x5ACC, 0x5B0D, 0x632E, 0x738F, 0x632E, 0x634E, 0x6B4F, 0x6B6F, 0x6B6F, 0x6B6F, 0x6B6F, 0x6B6F,
	0x6B6F, 0x6B90, 0x6B6F, 0x6B4F, 0x6B4F, 0x18E4, 0x0000, 0x0000, 0x0000, 0x0861, 0x5ACB, 0xAD55,
	0xC618, 0xB5B6, 0xAD75, 0xAD75, 0xAD55, 0xAD55, 0xAD55, 0x9CF3, 0x94B3, 0x8431, 0x7C11, 0x8411,
	0x7C11, 0x7BF1, 0x7BF1, 0x7BF1, 0x7BD0, 0x6B6F, 0x634E, 0x632E, 0x632E, 0x632E, 0x634E, 0x634E,
	0x632E, 0x632E, 0x632E, 0x6B6F, 0x7BD0, 0x8411, 0x8431, 0x8431, 0x8431, 0x8431, 0x8432, 0x8C52,
	0x8432, 0x6B4E, 0x73B0, 0x8C73, 0x8411, 0x7BD0, 0x6B8F, 0x73B0, 0x73B0, 0x6B6F, 0x6B6F, 0x6B6F,
	0x6B6F, 0x6B6F, 0x6B6F, 0x6B8F, 0x6B8F, 0x6B6F, 0x6B6F, 0x6B8F, 0x6B8F, 0x6B8F, 0x6B6F, 0x6B8F,
	0x8411, 0x8C73, 0x8C52, 0x8C52, 0x8C52, 0x73B0, 0x6B6F, 0x6B8F, 0x6B6F, 0x6B6F, 0x6B6F, 0x6B8F,
	0x6B6F, 0x6B6F, 0x6B6F, 0x6B6F, 0x6B90, 0x6B6F, 0x6B6F, 0x6B6F, 0x6B6F, 0x6B6F, 0x6B4F, 0x6B4F,
	0x6B4E, 0x632E, 0x738F, 0x7BF0, 0x73AF, 0x73B0, 0x73AF, 0x7BD0, 0x738F, 0x634E, 0x5AED, 0x5AED,
	0x52AC, 0x52CC, 0x5ACC, 0x5ACC, 0x6B4E, 0x7BD0, 0x7BD0, 0x7BF0, 0x7BD0, 0x7BF0, 0x7BF0, 0x7BD0,
	0x6B6F, 0x6B4F, 0x6B4F, 0x6B6F, 0x6B6F, 0x6B6F, 0x6B6F, 0x6B90, 0x6B90, 0x6B6F, 0x6B4F, 0x632E,
	0x6B4F, 0x6B6F, 0x18E4, 0x0000, 0x0000, 0x0000, 0x0000, 0x0861, 0x5ACB, 0xA534, 0xBDF7, 0xB596,
	0xAD75, 0xAD55, 0xA514, 0x9CD3, 0x9493, 0x8431, 0x7C11, 0x8411, 0x7C11, 0x7BF1, 0x7BF1, 0x7BF1,
	0x7BD0, 0x6B8F, 0x6B4E, 0x632E, 0x632E, 0x632E, 0x634E, 0x634E, 0x632E, 0x632E, 0x634E, 0x6B6F,
	0x7C11, 0x8431, 0x8431, 0x8431, 0x8432, 0x8432, 0x8452, 0x8452, 0x8432, 0x8C52, 0x8C52, 0x7C11,
	0x6B6F, 0x6B6F, 0x6B6F, 0x6B6F, 0x6B6F, 0x6B6F, 0x6B6F, 0x6B6F, 0x6B6F, 0x6B6F, 0x6B6F, 0x6B8F,
	0x6B6F, 0x6B6F, 0x6B8F, 0x6B6F, 0x6B8F, 0x6B6F, 0x73B0, 0x8452, 0x8C72, 0x8C72, 0x8452, 0x8C72,
	0x7BF1, 0x6B6F, 0x6B6F, 0x6B8F, 0x6B6F, 0x6B6F, 0x6B6F, 0x6B6F, 0x6B6F, 0x6B6F, 0x6B6F, 0x6B6F,
	0x6B6F, 0x6B8F, 0x6B6F, 0x6B6F, 0x6B6F, 0x6B90, 0x6B6F, 0x6B6F, 0x630D, 0x5AED, 0x634E, 0x6B6E,
	0x6B4E, 0x630D, 0x630D, 0x6B4E, 0x6B4E, 0x5AED, 0x5ACC, 0x52AC, 0x52AC, 0x52AB, 0x4A6B, 0x4A8B,
	0x5AED, 0x632D, 0x630D, 0x632D, 0x632D, 0x632D, 0x632D, 0x630D, 0x630D, 0x528B, 0x632E, 0x6B90,
	0x6B6F, 0x6B8F, 0x7390, 0x6B90, 0x6B6F, 0x632E, 0x632E, 0x6B4F, 0x6B4F, 0x6B90, 0x634E, 0x0020,
	0x0000, 0x0000, 0x0000, 0x0000, 0x0000, 0x0861, 0x5ACB, 0xA514, 0xA534, 0xB5B7, 0xB596, 0x9D14,
	0x94B3, 0x8452, 0x7BF1, 0x7BF0, 0x7BF0, 0x7BF0, 0x7BF0, 0x7BF0, 0x73B0, 0x6B6F, 0x634E, 0x632E,
	0x632E, 0x632E, 0x632E, 0x632E, 0x632E, 0x632E, 0x632E, 0x738F, 0x8411, 0x8431, 0x8431, 0x8432,
	0x8452, 0x8452, 0x8C52, 0x8C52, 0x8452, 0x8452, 0x8432, 0x7390, 0x6B6F, 0x6B6F, 0x6B6F, 0x6B6F,
	0x6B6F, 0x6B6F, 0x6B6F, 0x6B6F, 0x6B8F, 0x6B8F, 0x6B8F, 0x6B6F, 0x6B6F, 0x6B8F, 0x6B8F, 0x6B6F,
	0x6B6F, 0x73D0, 0x8C52, 0x8C72, 0x8C52, 0x8C52, 0x8C72, 0x8411, 0x6B8F, 0x6B6F, 0x6B6F, 0x6B6F,
	0x6B6F, 0x6B6F, 0x6B6F, 0x6B6F, 0x6B6F, 0x6B6F, 0x6B6F, 0x6B6F, 0x6B6F, 0x6B6F, 0x6B6F, 0x6B6F,
	0x6B8F, 0x6B6F, 0x6B6F, 0x6B6F, 0x5AED, 0x4A6B, 0x52AB, 0x5AEC, 0x52AB, 0x528B, 0x528B, 0x52AB,
	0x5ACC, 0x52AB, 0x4A6A, 0x4A6A, 0x528B, 0x4A8B, 0x39E9, 0x39E8, 0x4229, 0x4A6A, 0x4A6A, 0x4A6A,
	0x528B, 0x528B, 0x4A6A, 0x528B, 0x4A6A, 0x4A4A, 0x5AED, 0x634F, 0x6B4F, 0x6B4F, 0x6B4F, 0x634E,
	0x5AED, 0x630E, 0x6B4F, 0x6B6F, 0x6B6F, 0x6B6F, 0x7390, 0x528B, 0x0000, 0x0000, 0x0000, 0x0000,
	0x0000, 0x0000, 0x0000, 0x0841, 0x0861, 0x528A, 0x528A, 0x6B6E, 0x8C92, 0x7BF0, 0x8C52, 0x8C72,
	0x8C52, 0x8C52, 0x8C52, 0x8C52, 0x8412, 0x7BD0, 0x7390, 0x6B6F, 0x6B6F, 0x6B6F, 0x6B90, 0x6B90,
	0x6B6F, 0x6B6F, 0x738F, 0x7BD0, 0x8C52, 0x8452, 0x8431, 0x8432, 0x8432, 0x8C52, 0x8C52, 0x8452,
	0x8C52, 0x8C52, 0x8C52, 0x73B0, 0x6B6F, 0x6B6F, 0x6B6F, 0x6B90, 0x6B6F, 0x6B6F, 0x6B8F, 0x6B8F,
	0x6B6F, 0x6B8F, 0x6B6F, 0x6B8F, 0x6B8F, 0x6B8F, 0x6B8F, 0x6B6F, 0x6B6F, 0x8411, 0x8C72, 0x8C52,
	0x8C52, 0x8C72, 0x8411, 0x6B8F, 0x6B6F, 0x6B8F, 0x6B6F, 0x6B6F, 0x6B6F, 0x6B6F, 0x6B8F, 0x6B8F,
	0x6B6F, 0x6B8F, 0x6B6F, 0x6B6F, 0x6B6F, 0x6B6F, 0x6B6F, 0x6B6F, 0x6B6F, 0x6B6F, 0x6B4F, 0x6B4F,
	0x630E, 0x5B0D, 0x634E, 0x630D, 0x5AEC, 0x5AEC, 0x5AEC, 0x5ACC, 0x5ACC, 0x5ACC, 0x52AB, 0x4A4A,
	0x4A8B, 0x52AB, 0x3A09, 0x39E8, 0x39E9, 0x4209, 0x4209, 0x4A6A, 0x528B, 0x52CC, 0x4A6B, 0x422A,
	0x424A, 0x4A8B, 0x52CC, 0x5AED, 0x5B0E, 0x5B0E, 0x5B0E, 0x5B0E, 0x630E, 0x6B4F, 0x6B6F, 0x6B6F,
	0x6B6F, 0x6B6F, 0x6B6F, 0x73B0, 0x0000, 0x0000, 0x0000, 0x0000, 0x0000, 0x0000, 0x0000, 0x0000,
	0x0000, 0x0000, 0x0000, 0x0000, 0x0841, 0x0841, 0x39E8, 0x4208, 0x3A08, 0x39E8, 0x39E8, 0x39E8,
	0x39E8, 0x31C7, 0x31A7, 0x3187, 0x3187, 0x3187, 0x31A7, 0x31A7, 0x3187, 0x31A7, 0x31A7, 0x738F,
	0x8411, 0x8411, 0x9493, 0x94B4, 0x94B3, 0x8C52, 0x8C52, 0x8431, 0x8432, 0x8C52, 0x8C72, 0x7BF1,
	0x6B6F, 0x6B6F, 0x6B90, 0x6B6F, 0x6B6F, 0x6B8F, 0x6B6F, 0x6B6F, 0x6B6F, 0x6B8F, 0x6B6F, 0x6B6F,
	0x6B8F, 0x6B8F, 0x738F, 0x6B6F, 0x73B0, 0x8C52, 0x8C72, 0x8C52, 0x8C72, 0x8431, 0x6B8F, 0x6B6F,
	0x6B6F, 0x6B6F, 0x6B6F, 0x6B6F, 0x6B6F, 0x6B6F, 0x6B6F, 0x6B6F, 0x6B6F, 0x6B6F, 0x6B6F, 0x6B6F,
	0x6B6F, 0x6B6F, 0x6B6F, 0x6B8F, 0x6B6F, 0x6B6F, 0x6B4F, 0x6B4F, 0x632E, 0x6B6F, 0x738F, 0x6B4E,
	0x6B4E, 0x632D, 0x630D, 0x5B0C, 0x630C, 0x52AB, 0x52CC, 0x5AEC, 0x52AB, 0x5AEC, 0x4A6A, 0x424A,
	0x4A6A, 0x4A4A, 0x4A4A, 0x5B0C, 0x632D, 0x632D, 0x630D, 0x52AC, 0x5AED, 0x630D, 0x632E, 0x6B6F,
	0x6B6F, 0x6B6F, 0x6B8F, 0x6B6F, 0x6B8F, 0x6B6F, 0x6B6F, 0x6B6F, 0x6B6F, 0x6B6F, 0x6B6F, 0x6B6F,
	0x0000, 0x0000, 0x0000, 0x0000, 0x0000, 0x0000, 0x0000, 0x0000, 0x0000, 0x0000, 0x0000, 0x0000,
	0x0000, 0x0000, 0x0000, 0x0000, 0x0000, 0x0000, 0x0000, 0x0000, 0x0000, 0x0000, 0x0000, 0x0000,
	0x0000, 0x0000, 0x0000, 0x0000, 0x0000, 0x0000, 0x0000, 0x0841, 0x0841, 0x0861, 0x4229, 0x4A49,
	0x4A49, 0x8411, 0x8431, 0x94B3, 0x9493, 0x8C52, 0x8C52, 0x7BF1, 0x6B6F, 0x6B6F, 0x7390, 0x6B8F,
	0x6B8F, 0x6B6F, 0x6B6F, 0x6B6F, 0x6B8F, 0x6B6F, 0x6B8F, 0x6B8F, 0x6B6F, 0x6B8F, 0x6B6F, 0x6B6F,
	0x7BF1, 0x8C72, 0x8C52, 0x8C52, 0x8C52, 0x73B0, 0x6B6F, 0x6B8F, 0x6B6F, 0x6B6F, 0x6B6F, 0x6B6F,
	0x6B6F, 0x6B6F, 0x6B6F, 0x6B6F, 0x6B6F, 0x6B6F, 0x6B6F, 0x6B6F, 0x6B6F, 0x6B6F, 0x6B6F, 0x6B6F,
	0x6B6F, 0x6B6F, 0x6B6F, 0x6B4E, 0x632E, 0x632E, 0x73AF, 0x738F, 0x6B6E, 0x632D, 0x632D, 0x632D,
	0x632D, 0x5AEC, 0x5AEC, 0x632D, 0x5AEC, 0x528B, 0x4A4A, 0x4A6B, 0x4A6A, 0x4A6B, 0x4A6B, 0x52AC,
	0x632D, 0x6B4E, 0x6B6F, 0x630D, 0x5AED, 0x630E, 0x632E, 0x6B4F, 0x6B6F, 0x6B6F, 0x6B6F, 0x6B6F,
	0x6B6F, 0x6B6F, 0x6B6F, 0x6B6F, 0x6B6F, 0x6B6F, 0x6B8F, 0x6B8F, 0x0000, 0x0000, 0x0000, 0x0000,
	0x0000, 0x0000, 0x0000, 0x0000, 0x0000, 0x0000, 0x0000, 0x0000, 0x0000, 0x0000, 0x0000, 0x0000,
	0x0000, 0x0000, 0x0000, 0x0000, 0x0000, 0x0000, 0x0000, 0x0000, 0x0000, 0x0000, 0x0000, 0x0000,
	0x0000, 0x0000, 0x0000, 0x0000, 0x0000, 0x0000, 0x0000, 0x0000, 0x0000, 0x0000, 0x0000, 0x2987,
	0x4AAC, 0x7C12, 0x8452, 0x7BF1, 0x6B8F, 0x6B6F, 0x7390, 0x7390, 0x6B8F, 0x6B8F, 0x6B6F, 0x6B6F,
	0x6B8F, 0x6B6F, 0x6B8F, 0x6B6F, 0x6B6F, 0x6B6F, 0x6B6F, 0x73B0, 0x8C52, 0x8C72, 0x8C52, 0x8C52,
	0x8452, 0x6B6F, 0x6B6F, 0x6B6F, 0x6B6F, 0x6B6F, 0x6B8F, 0x6B6F, 0x6B6F, 0x6B6F, 0x6B6F, 0x6B6F,
	0x6B6F, 0x6B6F, 0x6B6F, 0x6B6F, 0x6B6F, 0x6B6F, 0x6B6F, 0x6B6F, 0x6B6F, 0x6B6F, 0x6B4F, 0x6B4F,
	0x632E, 0x632E, 0x73AF, 0x73AF, 0x738F, 0x6B6E, 0x6B4E, 0x6B4E, 0x6B4E, 0x5B0D, 0x632D, 0x632D,
	0x634D, 0x52AC, 0x422A, 0x4A6B, 0x4A8B, 0x4A6B, 0x528B, 0x528B, 0x630D, 0x6B8F, 0x738F, 0x738F,
	0x632E, 0x632E, 0x6B4F, 0x6B4F, 0x6B6F, 0x6B6F, 0x6B6F, 0x7390, 0x6B6F, 0x6B6F, 0x6B6F, 0x6B6F,
	0x6B8F, 0x6B8F, 0x7390, 0x73B0, 0x0000, 0x0000, 0x0000, 0x0000, 0x0000, 0x0000, 0x0000, 0x0000,
	0x0000, 0x0000, 0x0000, 0x0000, 0x0000, 0x0000, 0x0000, 0x0000, 0x0000, 0x3962, 0x7B05, 0x72C4,
	0x72C5, 0x72C5, 0x72C5, 0x72C5, 0x72C5, 0x72C5, 0x72C5, 0x72C5, 0x72C5, 0x72C5, 0x72C5, 0x72C5,
	0x72C5, 0x72C5, 0x72E5, 0x72E5, 0x72E5, 0x72C4, 0x72C4, 0x6A83, 0x72C4, 0x940A, 0x8C72, 0x7BD1,
	0x7390, 0x6B6F, 0x7390, 0x7390, 0x738F, 0x6B8F, 0x6B6F, 0x6B8F, 0x6B8F, 0x6B6F, 0x6B8F, 0x6B8F,
	0x6B6F, 0x6B6F, 0x7BD1, 0x8C52, 0x8C72, 0x8C52, 0x8C52, 0x8C52, 0x8C52, 0x73B0, 0x6B6F, 0x6B8F,
	0x6B6F, 0x6B6F, 0x6B8F, 0x6B6F, 0x6B6F, 0x6B6F, 0x6B6F, 0x6B6F, 0x6B6F, 0x6B6F, 0x6B6F, 0x6B6F,
	0x6B6F, 0x6B6F, 0x6B8F, 0x6B6F, 0x6B4F, 0x6B4F, 0x6B6F, 0x6B6F, 0x634E, 0x632E, 0x632E, 0x6B6F,
	0x738F, 0x73AF, 0x6B6E, 0x6B6E, 0x6B4E, 0x630D, 0x6B6E, 0x634E, 0x5AEC, 0x52CC, 0x528B, 0x4A4A,
	0x528B, 0x52AC, 0x52AC, 0x52AC, 0x630D, 0x738F, 0x73B0, 0x73AF, 0x630E, 0x630E, 0x6B4E, 0x6B4F,
	0x6B4F, 0x6B6F, 0x6B6F, 0x6B8F, 0x6B6F, 0x6B8F, 0x6B8F, 0x6B6F, 0x6B90, 0x7390, 0x73B0, 0x73B0,
	0x0000, 0x0000, 0x0000, 0x0000, 0x0000, 0x0000, 0x0000, 0x0000, 0x0000, 0x0000, 0x0000, 0x0000,
	0x0000, 0x0000, 0x0000, 0x0000, 0x0000, 0x7B05, 0xFE8B, 0xF5EA, 0xFE0A, 0xFE0A, 0xFE0A, 0xFE0A,
	0xFE0A, 0xFE0A, 0xFE0A, 0xFE0A, 0xFE0A, 0xFE0A, 0xFE0A, 0xFE0A, 0xFE0A, 0xFE0A, 0xFE0A, 0xFE0A,
	0xFE0A, 0xFE0A, 0xFE0A, 0xFE2B, 0xFE2A, 0xEDCA, 0x8C51, 0x7BF1, 0x7390, 0x6B8F, 0x7390, 0x6B6F,
	0x6B6F, 0x6B6F, 0x6B6F, 0x6B8F, 0x6B8F, 0x6B6F, 0x6B8F, 0x6B8F, 0x6B6F, 0x7BD0, 0x8C52, 0x8C52,
	0x8C52, 0x8C52, 0x8C52, 0x8C52, 0x8C52, 0x8432, 0x6B6F, 0x6B6F, 0x6B8F, 0x6B6F, 0x6B8F, 0x6B6F,
	0x6B8F, 0x6B6F, 0x6B6F, 0x6B6F, 0x6B6F, 0x6B6F, 0x6B6F, 0x6B6F, 0x6B6F, 0x6B6F, 0x6B6F, 0x6B6F,
	0x6B6F, 0x6B4F, 0x6B6F, 0x6B4F, 0x632E, 0x632E, 0x632E, 0x630D, 0x632E, 0x738F, 0x738F, 0x738F,
	0x632E, 0x632D, 0x6B6E, 0x5AED, 0x52AC, 0x52AC, 0x52AC, 0x52AC, 0x4A4B, 0x52AC, 0x5ACC, 0x5ACC,
	0x6B6F, 0x73AF, 0x7BD0, 0x7BD0, 0x73D0, 0x6B4F, 0x634E, 0x6B4F, 0x6B6F, 0x6B6F, 0x6B6F, 0x6B6F,
	0x6B6F, 0x6B6F, 0x6B8F, 0x6B8F, 0x6B8F, 0x73B0, 0x73B0, 0x73B0, 0x0000, 0x0000, 0x0000, 0x0000,
	0x0000, 0x0000, 0x0000, 0x0000, 0x0000, 0x0000, 0x0000, 0x0000, 0x0000, 0x0000, 0x0000, 0x0000,
	0x0000, 0x72C4, 0xF60A, 0xDD69, 0xE589, 0xE589, 0xE589, 0xE589, 0xE589, 0xE589, 0xE589, 0xE589,
	0xE589, 0xE589, 0xE589, 0xE589, 0xE589, 0xE589, 0xE589, 0xE589, 0xE589, 0xE589, 0xE589, 0xE589,
	0xE589, 0xDD8A, 0x7BF0, 0x73B0, 0x7BD0, 0x8411, 0x8411, 0x7BF1, 0x7BF1, 0x7BD1, 0x738F, 0x6B6F,
	0x6B8F, 0x6B6F, 0x6B8F, 0x6B6F, 0x7390, 0x8411, 0x8C52, 0x8C52, 0x8C52, 0x8C52, 0x8C72, 0x8C52,
	0x8C52, 0x8C52, 0x7BD0, 0x6B6F, 0x6B6F, 0x6B6F, 0x6B8F, 0x6B6F, 0x6B6F, 0x6B90, 0x6B6F, 0x6B6F,
	0x6B6F, 0x6B6F, 0x6B6F, 0x6B6F, 0x6B90, 0x6B6F, 0x6B6F, 0x6B6F, 0x6B6F, 0x6B6F, 0x6B6F, 0x6B4F,
	0x634E, 0x632E, 0x632E, 0x632E, 0x630D, 0x630D, 0x6B8F, 0x73B0, 0x632E, 0x6B6F, 0x6B6E, 0x5ACC,
	0x52CC, 0x5ACC, 0x52AC, 0x5ACC, 0x52AC, 0x528C, 0x5ACC, 0x5AED, 0x73B0, 0x7BD0, 0x7BD0, 0x7BF1,
	0x8411, 0x6B8F, 0x6B4E, 0x6B6F, 0x6B6F, 0x6B6F, 0x6B6F, 0x6B6F, 0x6B6F, 0x6B6F, 0x6B90, 0x6B6F,
	0x6B8F, 0x7390, 0x7390, 0x73B0, 0x0000, 0x0000, 0x0000, 0x0000, 0x0000, 0x0000, 0x0000, 0x0000,
	0x0000, 0x0000, 0x0000, 0x0000, 0x0000, 0x0000, 0x0000, 0x0000, 0x0000, 0x72C5, 0xFE0A, 0xE589,
	0xE58A, 0xE58A, 0xE58A, 0xE58A, 0xE58A, 0xE58A, 0xE58A, 0xE58A, 0xE58A, 0xE58A, 0xE58A, 0xE58A,
	0xE58A, 0xE58A, 0xE58A, 0xE58A, 0xE58A, 0xE58A, 0xE58A, 0xE58A, 0xE5A9, 0xDD8A, 0x7BAF, 0x6B90,
	0x7BF1, 0x8452, 0x8C72, 0x8C73, 0x8C72, 0x8C72, 0x8452, 0x7BD1, 0x6B6F, 0x6B6F, 0x6B8F, 0x6B8F,
	0x73B0, 0x8432, 0x8C52, 0x8C52, 0x8C52, 0x8C52, 0x8C52, 0x8C52, 0x8C52, 0x8C52, 0x8C52, 0x73B0,
	0x6B6F, 0x6B90, 0x6B8F, 0x6B90, 0x6B6F, 0x6B6F, 0x6B6F, 0x6B6F, 0x6B6F, 0x6B6F, 0x6B6F, 0x6B6F,
	0x6B6F, 0x6B6F, 0x6B6F, 0x6B6F, 0x6B6F, 0x6B6F, 0x6B6F, 0x6B4F, 0x6B6F, 0x6B4E, 0x634E, 0x632E,
	0x630D, 0x630D, 0x630E, 0x6B6E, 0x6B4E, 0x73AF, 0x738F, 0x5AED, 0x5ACC, 0x5ACD, 0x5ACD, 0x5ACC,
	0x5AED, 0x5AED, 0x5AED, 0x6B4E, 0x73D0, 0x7BD0, 0x7BF0, 0x73D0, 0x6B4E, 0x632E, 0x6B4F, 0x6B4F,
	0x6B4F, 0x6B6F, 0x6B6F, 0x6B6F, 0x6B6F, 0x6B6F, 0x6B8F, 0x6B90, 0x6B90, 0x6B6F, 0x73B0, 0x8411,
	0x0000, 0x0000, 0x0000, 0x0000, 0x0000, 0x0000, 0x0000, 0x0000, 0x0000, 0x0000, 0x0000, 0x0000,
	0x0000, 0x0000, 0x0000, 0x0000, 0x0000, 0x7244, 0xF509, 0xDC88, 0xE4A9, 0xE4A9, 0xE4A9, 0xE4A9,
	0xE4A9, 0xE4A9, 0xE4A9, 0xE4A9, 0xE4A9, 0xE4A9, 0xE4A9, 0xE4A9, 0xE4A9, 0xE4A9, 0xE4A9, 0xE4A9,
	0xE4A9, 0xE4A9, 0xE4A9, 0xE4A9, 0xE4A8, 0xDC89, 0x738F, 0x6B8F, 0x7BF0, 0x8452, 0x8C72, 0x8C52,
	0x8C52, 0x8C52, 0x8C72, 0x8C72, 0x8411, 0x73B0, 0x6B6F, 0x6B6F, 0x73D0, 0x8452, 0x8C52, 0x8C52,
	0x8C52, 0x8C52, 0x8C52, 0x8C72, 0x8C52, 0x8C72, 0x8C72, 0x8431, 0x6B8F, 0x6B6F, 0x6B6F, 0x6B6F,
	0x6B6F, 0x6B6F, 0x6B6F, 0x6B6F, 0x6B6F, 0x6B6F, 0x6B90, 0x6B6F, 0x6B6F, 0x6B6F, 0x6B6F, 0x6B6F,
	0x6B6F, 0x6B4F, 0x6B6F, 0x6B6F, 0x6B4F, 0x6B4E, 0x6B4F, 0x632E, 0x632E, 0x630E, 0x630D, 0x5ACD,
	0x6B8F, 0x7BD0, 0x73AF, 0x5B0D, 0x5AED, 0x5AED, 0x5AED, 0x5AED, 0x5B0D, 0x5AED, 0x634E, 0x73B0,
	0x73D0, 0x7BF0, 0x7BF1, 0x6B4E, 0x632E, 0x6B4F, 0x6B4F, 0x6B6F, 0x6B6F, 0x6B6F, 0x6B6F, 0x6B6F,
	0x6B6F, 0x6B6F, 0x6B6F, 0x6B8F, 0x7390, 0x7390, 0x8411, 0x8432, 0x0000, 0x0000, 0x0000, 0x0000,
	0x0000, 0x0000, 0x0000, 0x0000, 0x0000, 0x0000, 0x0000, 0x0000, 0x0000, 0x0000, 0x0000, 0x0000,
	0x0000, 0x69E4, 0xEC08, 0xD3A7, 0xDBA8, 0xDBA8, 0xDBA8, 0xDBA8, 0xDBA8, 0xDBA8, 0xDBA8, 0xDBA8,
	0xDBA8, 0xDBA8, 0xDBA8, 0xDBA8, 0xDBA8, 0xDBA8, 0xDBA8, 0xDBA8, 0xDBA8, 0xDBA8, 0xDBA8, 0xDBA8,
	0xDBA7, 0xD3A8, 0x738F, 0x6B6F, 0x7BD0, 0x8C52, 0x8C72, 0x8C72, 0x8C52, 0x8C52, 0x8C52, 0x8C52,
	0x8C72, 0x8C52, 0x8411, 0x73B0, 0x7BD0, 0x8452, 0x8C52, 0x8C52, 0x8C52, 0x8C52, 0x8C52, 0x8C52,
	0x8C52, 0x8C52, 0x8C52, 0x8C72, 0x7BF1, 0x6B6F, 0x6B6F, 0x6B6F, 0x6B6F, 0x6B6F, 0x6B6F, 0x6B6F,
	0x6B6F, 0x6B6F, 0x6B6F, 0x6B8F, 0x6B8F, 0x6B6F, 0x6B6F, 0x6B6F, 0x6B6F, 0x6B6F, 0x6B6F, 0x6B4F,
	0x6B4F, 0x6B4F, 0x6B4E, 0x634E, 0x632E, 0x632E, 0x632E, 0x52AC, 0x632E, 0x7BD0, 0x73B0, 0x632E,
	0x5AED, 0x5B0D, 0x5AED, 0x5B0D, 0x5B0D, 0x5AED, 0x6B6F, 0x7BF0, 0x7BD0, 0x7BF1, 0x7BF1, 0x634E,
	0x6B4E, 0x6B4E, 0x6B4F, 0x6B4F, 0x6B6F, 0x6B6F, 0x6B6F, 0x6B6F, 0x6B6F, 0x6B6F, 0x6B8F, 0x7390,
	0x6B8F, 0x6B8F, 0x8412, 0x8432, 0x0000, 0x0000, 0x0000, 0x0000, 0x0000, 0x0000, 0x0000, 0x0000,
	0x0000, 0x0000, 0x0000, 0x0000, 0x0000, 0x0000, 0x0000, 0x0000, 0x0000, 0x69C4, 0xEBE8, 0xD387,
	0xDBA8, 0xDBA8, 0xDBA8, 0xDBA8, 0xDBA8, 0xDBA8, 0xDBA8, 0xDBA8, 0xDBA8, 0xDBA8, 0xDBA8, 0xDBA8,
	0xDBA8, 0xDBA8, 0xDBA8, 0xDBA8, 0xDBA7, 0xDBA7, 0xDBA8, 0xE3C8, 0xF3E8, 0xD3A8, 0x736F, 0x6B6F,
	0x7BD0, 0x8C73, 0x8C72, 0x8C72, 0x8C72, 0x8C52, 0x8C52, 0x8C72, 0x8C52, 0x8C52, 0x8C72, 0x8C52,
	0x8432, 0x8452, 0x8C52, 0x8C52, 0x8C52, 0x8C52, 0x8C52, 0x8C52, 0x8C52, 0x8C52, 0x8C52, 0x8C52,
	0x8C52, 0x7BF1, 0x6B6F, 0x6B6F, 0x6B6F, 0x6B6F, 0x6B6F, 0x6B6F, 0x6B6F, 0x6B6F, 0x6B6F, 0x6B6F,
	0x6B6F, 0x6B6F, 0x6B6F, 0x6B6F, 0x6B6F, 0x6B6F, 0x6B4F, 0x6B6F, 0x6B4F, 0x6B4F, 0x6B4F, 0x6B4E,
	0x632E, 0x632E, 0x630E, 0x52AC, 0x632E, 0x73B0, 0x7BF0, 0x738F, 0x630E, 0x630D, 0x630D, 0x630E,
	0x630D, 0x5AED, 0x6B6F, 0x7C11, 0x7BF1, 0x8411, 0x7C11, 0x738F, 0x634E, 0x6B4F, 0x6B4F, 0x6B6F,
	0x6B6F, 0x6B6F, 0x6B6F, 0x6B8F, 0x738F, 0x6B6F, 0x6B8F, 0x6B8F, 0x6B6F, 0x73B0, 0x7BF1, 0x8411,
	0x0000, 0x0000, 0x0000, 0x0000, 0x0000, 0x0000, 0x0000, 0x0000, 0x0000, 0x0000, 0x0000, 0x0000,
	0x0000, 0x0000, 0x0000, 0x0020, 0x0000, 0x71E4, 0xF429, 0xDBA8, 0xDBC8, 0xDBC8, 0xDBC8, 0xDBC8,
	0xDBC8, 0xDBC8, 0xDBC8, 0xDBC8, 0xDBC8, 0xDBC8, 0xDBC8, 0xDBC8, 0xDBC8, 0xDBC8, 0xDBC8, 0xDBA8,
	0xE3E8, 0xEBE8, 0xDBA7, 0x9AA5, 0x7A04, 0x4964, 0x632E, 0x738F, 0x7BD0, 0x8C52, 0x8C52, 0x8C52,
	0x8C52, 0x8C52, 0x8C52, 0x8432, 0x7BF1, 0x7BF1, 0x7BF0, 0x7BF0, 0x7BF0, 0x8431, 0x8C72, 0x8C52,
	0x8C52, 0x8C52, 0x8C52, 0x8C52, 0x8C52, 0x8C52, 0x8C52, 0x8C52, 0x8C52, 0x8C72, 0x8411, 0x7390,
	0x6B6F, 0x6B6F, 0x6B6F, 0x6B90, 0x6B90, 0x6B8F, 0x6B6F, 0x6B6F, 0x6B6F, 0x6B6F, 0x6B6F, 0x6B6F,
	0x6B6F, 0x6B6F, 0x6B6F, 0x6B6F, 0x6B6F, 0x6B4F, 0x6B4F, 0x6B4F, 0x634E, 0x6B4F, 0x5AED, 0x5AED,
	0x632E, 0x738F, 0x7BF0, 0x7BD0, 0x632E, 0x630E, 0x632E, 0x630E, 0x632E, 0x630E, 0x6B4E, 0x7C11,
	0x8411, 0x7C11, 0x8411, 0x73D0, 0x6B4F, 0x6B6F, 0x6B4F, 0x6B6F, 0x6B6F, 0x6B4F, 0x6B6F, 0x6B6F,
	0x6B6F, 0x6B8F, 0x6B8F, 0x6B8F, 0x6B6F, 0x7BD1, 0x8432, 0x8431, 0x0000, 0x0000, 0x0000, 0x0000,
	0x0000, 0x0000, 0x0000, 0x0000, 0x0000, 0x0000, 0x0000, 0x0000, 0x0000, 0x0000, 0x0000, 0x0000,
	0x0000, 0x5962, 0xDB87, 0xCB67, 0xCB87, 0xCB87, 0xCB87, 0xCB87, 0xCB87, 0xCB87, 0xD387, 0xD387,
	0xD387, 0xD387, 0xD387, 0xD387, 0xD387, 0xD387, 0xCB87, 0xDBA8, 0xA2C6, 0x69C4, 0x1861, 0x0000,
	0x1926, 0x634F, 0x632E, 0x6B6F, 0x7BD0, 0x8411, 0x8411, 0x8411, 0x7C11, 0x8411, 0x7BF1, 0x7BD0,
	0x73D0, 0x73B0, 0x73AF, 0x73D0, 0x7BD0, 0x7BD0, 0x8432, 0x8C72, 0x8C52, 0x8C52, 0x8C52, 0x8C52,
	0x8C52, 0x8C52, 0x8C72, 0x8C52, 0x8C52, 0x8C52, 0x8C72, 0x8C52, 0x7BD0, 0x6B6F, 0x6B6F, 0x6B8F,
	0x6B6F, 0x6B6F, 0x6B6F, 0x6B6F, 0x6B6F, 0x6B6F, 0x6B6F, 0x6B6F, 0x6B6F, 0x6B6F, 0x6B6F, 0x6B6F,
	0x6B4F, 0x6B6F, 0x6B6F, 0x6B4F, 0x6B4E, 0x6B4E, 0x52CD, 0x632E, 0x630E, 0x738F, 0x7C11, 0x7BF1,
	0x738F, 0x630E, 0x632E, 0x632E, 0x632E, 0x632E, 0x632E, 0x7BF1, 0x8411, 0x8411, 0x8431, 0x7BD0,
	0x6B4F, 0x6B6F, 0x6B6F, 0x6B6F, 0x6B6F, 0x6B6F, 0x6B6F, 0x6B6F, 0x6B8F, 0x7390, 0x6B8F, 0x6B6F,
	0x73D0, 0x8432, 0x8432, 0x8432, 0x0000, 0x0000, 0x0000, 0x0000, 0x0000, 0x0000, 0x0000, 0x0000,
	0x0000, 0x0000, 0x0000, 0x0000, 0x0000, 0x0000, 0x2104, 0x4249, 0x3A08, 0x4A49, 0x2945, 0x0000,
	0x0840, 0x0840, 0x0840, 0x0840, 0x0840, 0x0840, 0x0800, 0x0000, 0x0000, 0x0000, 0x0000, 0x0000,
	0x0000, 0x0000, 0x0000, 0x0000, 0x0000, 0x0000, 0x0000, 0x0000, 0x528B, 0x6B6F, 0x632E, 0x6B4E,
	0x7BF0, 0x8431, 0x8411, 0x8411, 0x7C11, 0x7C11, 0x7BF1, 0x7BD0, 0x73D0, 0x73B0, 0x7BD0, 0x7BD0,
	0x7BD0, 0x7BD0, 0x7BD0, 0x8432, 0x8C52, 0x8C52, 0x8C52, 0x8C52, 0x8C52, 0x8C52, 0x8C72, 0x8C72,
	0x8C52, 0x8C72, 0x8C52, 0x8C52, 0x8C72, 0x7BF1, 0x6B6F, 0x6B8F, 0x6B6F, 0x6B6F, 0x6B6F, 0x6B6F,
	0x6B6F, 0x6B6F, 0x6B6F, 0x6B6F, 0x6B6F, 0x6B6F, 0x6B6F, 0x6B6F, 0x6B6F, 0x6B4F, 0x6B6F, 0x6B4F,
	0x6B4E, 0x632E, 0x5ACD, 0x634E, 0x6B4E, 0x73D0, 0x8411, 0x8411, 0x7BD0, 0x632E, 0x632E, 0x632E,
	0x632E, 0x632E, 0x632E, 0x73B0, 0x8431, 0x8411, 0x8411, 0x8411, 0x73D0, 0x6B4F, 0x6B6F, 0x6B6F,
	0x6B6F, 0x6B6F, 0x6B6F, 0x6B6F, 0x6B6F, 0x7390, 0x6B8F, 0x73B0, 0x8C52, 0x8C52, 0x8C52, 0x8432,
	0x0000, 0x0000, 0x0000, 0x0000, 0x0000, 0x0000, 0x0000, 0x0000, 0x0000, 0x0000, 0x0000, 0x0000,
	0x0000, 0x0000, 0x4249, 0x9CD4, 0x8C72, 0x8C73, 0x7C11, 0x2104, 0x0000, 0x0000, 0x0000, 0x0000,
	0x0000, 0x0000, 0x10A2, 0x31A7, 0x2987, 0x2987, 0x2987, 0x2987, 0x2987, 0x2987, 0x2987, 0x2987,
	0x31A7, 0x31A7, 0x3187, 0x4A4A, 0x6B6F, 0x632E, 0x632E, 0x6B6F, 0x7BF1, 0x8411, 0x8411, 0x7C11,
	0x7BF1, 0x7C11, 0x7BF1, 0x7BD0, 0x73B0, 0x7BD0, 0x7BD0, 0x7BD0, 0x7BD0, 0x7BD0, 0x7BD0, 0x73D0,
	0x8C72, 0x9493, 0x8C52, 0x8C52, 0x8C52, 0x8C72, 0x8C72, 0x8C52, 0x8C72, 0x8C52, 0x8C72, 0x8C52,
	0x8C73, 0x7BF1, 0x6B6F, 0x6B90, 0x6B8F, 0x6B6F, 0x6B6F, 0x6B6F, 0x6B6F, 0x6B6F, 0x6B6F, 0x6B6F,
	0x6B6F, 0x6B6F, 0x6B6F, 0x6B6F, 0x6B4F, 0x6B6F, 0x6B6F, 0x6B4F, 0x6B6F, 0x630E, 0x5AED, 0x7390,
	0x8411, 0x8411, 0x8411, 0x8411, 0x8411, 0x738F, 0x634E, 0x632E, 0x632E, 0x632E, 0x632E, 0x738F,
	0x8431, 0x8411, 0x8411, 0x8431, 0x8411, 0x7BD0, 0x6B6F, 0x6B6F, 0x6B6F, 0x6B6F, 0x6B6F, 0x6B6F,
	0x6B6F, 0x6B6F, 0x7390, 0x8432, 0x8C72, 0x8452, 0x8C52, 0x8C52, 0x0000, 0x0000, 0x0000, 0x0000,
	0x0000, 0x0000, 0x0000, 0x0000, 0x0000, 0x0000, 0x0000, 0x0000, 0x0000, 0x0000, 0x39E8, 0x8432,
	0x7BD0, 0x7BD0, 0x8411, 0x7BF0, 0x4208, 0x39E8, 0x39E8, 0x39E8, 0x39C8, 0x3187, 0x528B, 0x7390,
	0x6B6F, 0x6B6F, 0x6B4E, 0x6B6F, 0x6B6F, 0x6B6F, 0x6B6F, 0x6B4F, 0x6B6F, 0x6B6F, 0x6B6F, 0x634E,
	0x630E, 0x632E, 0x630E, 0x738F, 0x8411, 0x7BF0, 0x8411, 0x8411, 0x7BF0, 0x7BF0, 0x7C11, 0x7BF0,
	0x7BD0, 0x7BD0, 0x7BD0, 0x7BD0, 0x7BD0, 0x7BD0, 0x73D0, 0x8411, 0x52CB, 0x632D, 0x94B4, 0x8C52,
	0x8C72, 0x8C72, 0x8C52, 0x8C52, 0x8C73, 0x8C72, 0x8C72, 0x8C52, 0x8C72, 0x8411, 0x6B6F, 0x6B8F,
	0x6B90, 0x6B6F, 0x6B6F, 0x6B8F, 0x6B6F, 0x6B6F, 0x6B90, 0x6B6F, 0x6B6F, 0x6B6F, 0x6B6F, 0x6B6F,
	0x6B6F, 0x6B6F, 0x6B6F, 0x6B4F, 0x6B6F, 0x5AED, 0x634E, 0x8411, 0x8431, 0x8411, 0x8431, 0x8411,
	0x8411, 0x8411, 0x7BF1, 0x73B0, 0x73B0, 0x738F, 0x6B8F, 0x73B0, 0x8411, 0x8411, 0x8411, 0x8431,
	0x8431, 0x8C52, 0x7BF1, 0x6B6F, 0x6B6F, 0x6B6F, 0x6B6F, 0x6B6F, 0x6B6F, 0x6B6F, 0x7BF1, 0x8C73,
	0x8C72, 0x8C72, 0x8C72, 0x8C72, 0x0000, 0x0000, 0x0000, 0x0000, 0x0000, 0x0000, 0x0000, 0x0000,
	0x0000, 0x0000, 0x0000, 0x0000, 0x0000, 0x0000, 0x39E8, 0x8431, 0x7BD0, 0x7BF0, 0x7BD0, 0x7BD0,
	0x8431, 0x8431, 0x8411, 0x7C11, 0x73B0, 0x6B4F, 0x632E, 0x5AED, 0x5AED, 0x630D, 0x5AED, 0x5AED,
	0x5AED, 0x5AED, 0x5AED, 0x5ACC, 0x5AED, 0x5AED, 0x5AED, 0x5AED, 0x630E, 0x630D, 0x632E, 0x738F,
	0x7BF0, 0x7BF0, 0x7C11, 0x7BF0, 0x7BD0, 0x7BD0, 0x7BF0, 0x7BF0, 0x7BD0, 0x73D0, 0x73D0, 0x73D0,
	0x73D0, 0x73AF, 0x8411, 0x5ACC, 0x0000, 0x0000, 0x632E, 0x94B3, 0x8C52, 0x8C52, 0x8C52, 0x8C72,
	0x8C72, 0x8C52, 0x8C73, 0x8C52, 0x8C52, 0x8C52, 0x7BD0, 0x6B6F, 0x6B90, 0x6B8F, 0x6B6F, 0x6B8F,
	0x6B6F, 0x6B6F, 0x6B6F, 0x6B6F, 0x6B6F, 0x6B6F, 0x6B6F, 0x6B6F, 0x6B6F, 0x6B6F, 0x6B6F, 0x6B6F,
	0x634F, 0x5ACD, 0x7BD0, 0x8452, 0x8431, 0x8411, 0x8431, 0x8431, 0x8411, 0x8411, 0x8431, 0x8431,
	0x8431, 0x8411, 0x7BF1, 0x7BF0, 0x7C11, 0x8431, 0x8431, 0x8431, 0x8432, 0x8452, 0x8452, 0x8452,
	0x73D0, 0x6B6F, 0x73B0, 0x7BF1, 0x7BD1, 0x7BF1, 0x8452, 0x8C72, 0x8C72, 0x8C72, 0x8C72, 0x8C72,
	0x0000, 0x0000, 0x0000, 0x0000, 0x0000, 0x0000, 0x0000, 0x0000, 0x0000, 0x0000, 0x0000, 0x0000,
	0x0000, 0x0000, 0x4229, 0x9493, 0x8431, 0x8452, 0x8452, 0x8431, 0x8431, 0x8431, 0x8411, 0x7BF1,
	0x73B0, 0x6B4F, 0x6B4F, 0x6B4E, 0x6B4E, 0x738F, 0x6B6F, 0x6B4E, 0x6B4F, 0x6B4F, 0x6B4E, 0x634E,
	0x6B4F, 0x6B4F, 0x6B4F, 0x6B4F, 0x6B6F, 0x6B6F, 0x6B8F, 0x7BF1, 0x8452, 0x8C52, 0x8C72, 0x8C72,
	0x8432, 0x8432, 0x8C52, 0x8452, 0x8431, 0x8431, 0x8431, 0x8431, 0x8411, 0x8452, 0x5ACC, 0x0020,
	0x0021, 0x0021, 0x0020, 0x6B6E, 0x9493, 0x8452, 0x8C72, 0x8C72, 0x8C52, 0x8C73, 0x8C72, 0x8C52,
	0x8C52, 0x8C52, 0x8452, 0x73B0, 0x6B6F, 0x6B6F, 0x6B6F, 0x6B8F, 0x6B6F, 0x6B6F, 0x6B6F, 0x6B8F,
	0x6B6F, 0x6B8F, 0x73B0, 0x6B6F, 0x6B6F, 0x6B6F, 0x6B6F, 0x6B6F, 0x630E, 0x632E, 0x73B0, 0x8411,
	0x8432, 0x8431, 0x8452, 0x8432, 0x8432, 0x8432, 0x8431, 0x8431, 0x8431, 0x8431, 0x8431, 0x8411,
	0x8411, 0x8431, 0x8432, 0x8452, 0x8C52, 0x8C52, 0x8C52, 0x8C52, 0x8C52, 0x8432, 0x8C72, 0x8C73,
	0x8C72, 0x8C72, 0x8C72, 0x8C52, 0x8C72, 0x8C72, 0x8C72, 0x8C72, 0x0000, 0x0000, 0x0000, 0x0000,
	0x0000, 0x0000, 0x0000, 0x0000, 0x0000, 0x0000, 0x0000, 0x0000, 0x0000, 0x0000, 0x18E4, 0x4229,
	0x39E8, 0x39E8, 0x39E8, 0x39E8, 0x39E8, 0x39E8, 0x39E8, 0x39C8, 0x31A7, 0x3187, 0x3187, 0x3186,
	0x3186, 0x3187, 0x3187, 0x3186, 0x3186, 0x3186, 0x3186, 0x2986, 0x3186, 0x3187, 0x3187, 0x3187,
	0x3187, 0x3187, 0x31A7, 0x39C8, 0x39E8, 0x4208, 0x4208, 0x4208, 0x39E8, 0x39E8, 0x3A08, 0x39E8,
	0x39E8, 0x39E8, 0x39E8, 0x39E8, 0x39E8, 0x39C8, 0x0020, 0x0021, 0x0841, 0x0841, 0x0000, 0x2125,
	0x8C93, 0x8C72, 0x8C52, 0x8C52, 0x8C52, 0x8C52, 0x8C52, 0x8C52, 0x8C52, 0x8C52, 0x8C52, 0x8C52,
	0x7BF1, 0x7390, 0x6B6F, 0x6B6F, 0x6B8F, 0x6B8F, 0x6B6F, 0x6B6F, 0x6B4F, 0x73B0, 0xC618, 0x73B0,
	0x6B6F, 0x6B6F, 0x6B6F, 0x6B90, 0x5AED, 0x5AED, 0x5AED, 0x5AED, 0x7BD0, 0x7BD0, 0x7BD0, 0x7BD0,
	0x7BD0, 0x7BF1, 0x8431, 0x8432, 0x8432, 0x8432, 0x8432, 0x8432, 0x8431, 0x8452, 0x8432, 0x8C52,
	0x8C52, 0x8C52, 0x8C52, 0x8C52, 0x8C52, 0x8C73, 0x8C52, 0x8C52, 0x8C52, 0x8C52, 0x8C73, 0x8C72,
	0x8C72, 0x8C72, 0x8C72, 0x8C72, 0x0000, 0x0000, 0x0000, 0x0000, 0x0000, 0x0000, 0x0000, 0x0000,
	0x0000, 0x0000, 0x0000, 0x0000, 0x0000, 0x0000, 0x0000, 0x0000, 0x0000, 0x0000, 0x0000, 0x0000,
	0x0000, 0x0000, 0x0000, 0x0000, 0x0000, 0x0000, 0x0000, 0x0000, 0x0000, 0x0000, 0x0000, 0x0000,
	0x0000, 0x0000, 0x0000, 0x0000, 0x0000, 0x0000, 0x0000, 0x0000, 0x0000, 0x0000, 0x0000, 0x0000,
	0x0000, 0x0000, 0x0000, 0x0000, 0x0000, 0x0000, 0x0000, 0x0000, 0x0000, 0x0000, 0x0000, 0x0000,
	0x0000, 0x0000, 0x0000, 0x0841, 0x0021, 0x0021, 0x0841, 0x0000, 0x2966, 0x8C73, 0x8C72, 0x8C52,
	0x8C52, 0x8C52, 0x8C52, 0x8C52, 0x8C52, 0x8C52, 0x8C72, 0x8C52, 0x8C72, 0x8432, 0x7BF1, 0x7BD0,
	0x6B6F, 0x6B90, 0x6B8F, 0x6B8F, 0x6B6F, 0x8C73, 0xD6BA, 0x94B3, 0x6B4F, 0x6B6F, 0x6B6F, 0x6B6F,
	0x6B4F, 0x634F, 0x630E, 0x634E, 0x8432, 0x8431, 0x8431, 0x8411, 0x8411, 0x8411, 0x8411, 0x8411,
	0x8411, 0x8411, 0x8411, 0x8411, 0x8411, 0x8432, 0x8C73, 0x8C52, 0x8452, 0x8C52, 0x8C52, 0x8C52,
	0x8C52, 0x8C72, 0x8C52, 0x8C52, 0x8C52, 0x8C72, 0x8C73, 0x8C72, 0x8C72, 0x8C72, 0x8C72, 0x8C72,
	0x0000, 0x0000, 0x0000, 0x0000, 0x0000, 0x0000, 0x0000, 0x0000, 0x0000, 0x0000, 0x0000, 0x0000,
	0x0000, 0x0000, 0x0000, 0x0000, 0x0000, 0x0000, 0x0000, 0x0000, 0x0000, 0x0000, 0x0000, 0x0000,
	0x0000, 0x0000, 0x0000, 0x0000, 0x0000, 0x0000, 0x0000, 0x0000, 0x0000, 0x0000, 0x0000, 0x0000,
	0x0000, 0x0000, 0x0000, 0x0000, 0x0000, 0x0000, 0x0000, 0x0000, 0x0000, 0x0000, 0x0000, 0x0000,
	0x0000, 0x0000, 0x0000, 0x0000, 0x0000, 0x0000, 0x0000, 0x0000, 0x0000, 0x0000, 0x0000, 0x0021,
	0x0021, 0x0021, 0x0021, 0x0841, 0x0000, 0x2966, 0x8C73, 0x8C72, 0x8C52, 0x8C52, 0x8C52, 0x8C52,
	0x8C52, 0x8C52, 0x8C52, 0x8C52, 0x8C52, 0x8C52, 0x8C72, 0x8C52, 0x73B0, 0x6B6F, 0x6B8F, 0x6B6F,
	0x7BD0, 0xBDF8, 0xBE18, 0xB596, 0x7BD0, 0x6B6F, 0x6B6F, 0x6B6F, 0x6B6F, 0x6B6F, 0x630E, 0x7C11,
	0x8C72, 0x8432, 0x8C52, 0x8452, 0x8C52, 0x8C52, 0x8432, 0x8432, 0x8432, 0x8431, 0x8432, 0x8C73,
	0x738F, 0x39C7, 0x6B4E, 0x7BF0, 0x8C73, 0x8C52, 0x8452, 0x8C52, 0x8C52, 0x8C72, 0x8C52, 0x8C52,
	0x8C52, 0x8C72, 0x8C73, 0x8C72, 0x8C72, 0x8C72, 0x8C52, 0x8C72, 0x0000, 0x0000, 0x0000, 0x0000,
	0x0000, 0x0000, 0x0000, 0x0000, 0x0000, 0x0000, 0x0000, 0x0000, 0x0000, 0x0000, 0x0000, 0x0000,
	0x0000, 0x0000, 0x0000, 0x0000, 0x0000, 0x0000, 0x0000, 0x0000, 0x0000, 0x0000, 0x0000, 0x0000,
	0x0000, 0x0000, 0x0000, 0x0000, 0x0000, 0x0000, 0x0000, 0x0000, 0x0000, 0x0000, 0x0000, 0x0000,
	0x0000, 0x0000, 0x0000, 0x0000, 0x0000, 0x0000, 0x0000, 0x0000, 0x0000, 0x0000, 0x0000, 0x0000,
	0x0000, 0x0000, 0x0000, 0x0000, 0x0000, 0x0000, 0x0000, 0x0021, 0x0021, 0x0021, 0x0021, 0x0021,
	0x0841, 0x0000, 0x2966, 0x8C73, 0x8C72, 0x8C52, 0x8C52, 0x8C52, 0x8C52, 0x8C52, 0x8C73, 0x8C72,
	0x8C72, 0x8C72, 0x8C52, 0x8C73, 0x7BF1, 0x6B6F, 0x6B90, 0x6B6F, 0x7BD1, 0xB596, 0xBDD7, 0xB5B7,
	0x7BD1, 0x6B4F, 0x6B6F, 0x6B6F, 0x6B8F, 0x6B4F, 0x632E, 0x8452, 0x8452, 0x8432, 0x8C52, 0x8432,
	0x8452, 0x8C52, 0x8C52, 0x8C52, 0x8C52, 0x8C73, 0x8411, 0x6B6F, 0x528A, 0x3186, 0x2966, 0x39C7,
	0x630D, 0x8C72, 0x8C72, 0x8452, 0x8C52, 0x8C72, 0x8C52, 0x8C52, 0x8C52, 0x8C72, 0x8C73, 0x8C72,
	0x8C72, 0x8C72, 0x8C73, 0x8C73, 0x0000, 0x0000, 0x0000, 0x0000, 0x0000, 0x0000, 0x0000, 0x0000,
	0x0000, 0x0000, 0x0000, 0x0000, 0x0000, 0x0000, 0x0000, 0x0000, 0x0000, 0x0000, 0x0000, 0x0000,
	0x0000, 0x0000, 0x0000, 0x0000, 0x0000, 0x0000, 0x0000, 0x0000, 0x0000, 0x0000, 0x0000, 0x0000,
	0x0000, 0x0000, 0x0000, 0x0000, 0x0000, 0x0000, 0x0000, 0x0000, 0x0000, 0x0000, 0x0000, 0x0000,
	0x0000, 0x0000, 0x0000, 0x0000, 0x0000, 0x0000, 0x0000, 0x0000, 0x0000, 0x0000, 0x0000, 0x0000,
	0x0000, 0x0000, 0x0000, 0x0021, 0x0021, 0x0021, 0x0021, 0x0021, 0x0021, 0x0841, 0x0000, 0x2966,
	0x8C73, 0x8C52, 0x8C52, 0x8C52, 0x8C72, 0x8C73, 0x8C72, 0x8C52, 0x8C52, 0x8C52, 0x8C52, 0x8C73,
	0x7BF1, 0x6B6F, 0x6B6F, 0x6B8F, 0x6B4F, 0x8C73, 0xD6BA, 0x9493, 0x6B6F, 0x6B8F, 0x6B8F, 0x6B6F,
	0x6B6F, 0x632E, 0x6B8F, 0x8C72, 0x8432, 0x8452, 0x8C52, 0x8C52, 0x8C52, 0x8C52, 0x8C52, 0x8C72,
	0x8C72, 0x6B6E, 0x4229, 0x39E8, 0x4249, 0x39C7, 0x3186, 0x3186, 0x31A7, 0x528A, 0x7BD0, 0x8C73,
	0x8C73, 0x8C72, 0x8C52, 0x8C52, 0x8C52, 0x8C72, 0x8C73, 0x8C72, 0x8C52, 0x8C73, 0x8C73, 0x2965,
	0x0000, 0x0000, 0x0000, 0x0000, 0x0000, 0x0000, 0x0000, 0x0000, 0x0000, 0x0000, 0x0000, 0x0000,
	0x0000, 0x0000, 0x0000, 0x0000, 0x0000, 0x0000, 0x0000, 0x0000, 0x0000, 0x0000, 0x0000, 0x0000,
	0x0000, 0x0000, 0x0000, 0x0000, 0x0000, 0x0000, 0x0000, 0x0000, 0x0000, 0x0000, 0x0000, 0x0000,
	0x0000, 0x0000, 0x0000, 0x0020, 0x0021, 0x0021, 0x0021, 0x0021, 0x0021, 0x0021, 0x0021, 0x0021,
	0x0021, 0x0021, 0x0021, 0x0021, 0x0021, 0x0021, 0x0021, 0x0021, 0x0021, 0x0021, 0x0021, 0x0021,
	0x0021, 0x0021, 0x0021, 0x0021, 0x0021, 0x0021, 0x0841, 0x0000, 0x2966, 0x8C73, 0x8C72, 0x8C52,
	0x8C73, 0x8C72, 0x8C52, 0x8C52, 0x8C72, 0x8C52, 0x8C72, 0x8C72, 0x8411, 0x6B8F, 0x6B8F, 0x6B8F,
	0x6B6F, 0x73D0, 0xC618, 0x73B0, 0x6B6F, 0x6B8F, 0x6B6F, 0x6B6F, 0x7390, 0x6B6F, 0x8411, 0x8C52,
	0x8C52, 0x8452, 0x8452, 0x8C52, 0x8C52, 0x8C52, 0x8C72, 0x7BF1, 0x4A49, 0x31A7, 0x39C8, 0x4229,
	0x4A49, 0x31A7, 0x2986, 0x31A7, 0x39C7, 0x39E8, 0x4229, 0x630D, 0x738F, 0x8432, 0x8C73, 0x8C72,
	0x8C52, 0x8C72, 0x8C73, 0x8C72, 0x8C73, 0x8C93, 0x2125, 0x0000, 0x0000, 0x0000, 0x0000, 0x0000,
	0x0000, 0x0000, 0x0000, 0x0000, 0x0000, 0x0000, 0x0000, 0x0000, 0x0000, 0x0000, 0x0000, 0x0000,
	0x0000, 0x0000, 0x0000, 0x0000, 0x0000, 0x0000, 0x0000, 0x0000, 0x0000, 0x0000, 0x0000, 0x0000,
	0x0000, 0x0000, 0x0000, 0x0000, 0x0000, 0x0000, 0x0000, 0x0000, 0x0000, 0x0000, 0x0021, 0x0841,
	0x0021, 0x0021, 0x0021, 0x0021, 0x0021, 0x0021, 0x0021, 0x0021, 0x0021, 0x0021, 0x0021, 0x0021,
	0x0021, 0x0021, 0x0021, 0x0021, 0x0021, 0x0021, 0x0021, 0x0021, 0x0021, 0x0021, 0x0021, 0x0021,
	0x0021, 0x0021, 0x0021, 0x0841, 0x0000, 0x2966, 0x9493, 0x8C52, 0x8C72, 0x8C52, 0x8C52, 0x8C72,
	0x8C52, 0x8C72, 0x8C52, 0x8C72, 0x8C72, 0x7BF1, 0x6B6F, 0x6B8F, 0x6B6F, 0x7390, 0x73D0, 0x7390,
	0x6B6F, 0x6B8F, 0x7390, 0x8432, 0x8C52, 0x7BF1, 0x8452, 0x8C72, 0x8C52, 0x8C52, 0x8C52, 0x8C52,
	0x8C52, 0x8452, 0x8C72, 0x4A6A, 0x2966, 0x39C7, 0x39E8, 0x4209, 0x4A49, 0x31A7, 0x2966, 0x31A7,
	0x39C7, 0x4209, 0x4229, 0x4229, 0x4229, 0x528B, 0x6B6E, 0x8432, 0x8C73, 0x8C72, 0x8C52, 0x8C73,
	0x8C93, 0x2945, 0x0000, 0x0000, 0x0000, 0x0000, 0x0000, 0x0000, 0x0000, 0x0000, 0x0000, 0x0000,
	0x0000, 0x0000, 0x0000, 0x0000, 0x0000, 0x0000, 0x0000, 0x0000, 0x0000, 0x0000, 0x0000, 0x0000,
	0x0000, 0x0000, 0x0000, 0x0000, 0x0000, 0x0000, 0x0000, 0x0000, 0x0000, 0x0000, 0x0000, 0x0000,
	0x0000, 0x0000, 0x0000, 0x0000, 0x0000, 0x0021, 0x0841, 0x0021, 0x0021, 0x0021, 0x0021, 0x0021,
	0x0021, 0x0021, 0x0021, 0x0021, 0x0021, 0x0021, 0x0021, 0x0021, 0x0021, 0x0021, 0x0021, 0x0021,
	0x0021, 0x0021, 0x0021, 0x0021, 0x0021, 0x0021, 0x0021, 0x0021, 0x0021, 0x0021, 0x0021, 0x0021,
	0x0841, 0x0000, 0x630D, 0x94B4, 0x8432, 0x8C52, 0x8C52, 0x8C52, 0x8C52, 0x8C52, 0x8C52, 0x8C72,
	0x8C72, 0x8C52, 0x73B0, 0x6B6F, 0x6B6F, 0x6B6F, 0x6B6F, 0x6B6F, 0x7390, 0x8411, 0x8C52, 0x8C52,
	0x8432, 0x8411, 0x8C72, 0x8C52, 0x8C52, 0x8C52, 0x8C52, 0x8C52, 0x8452, 0x8C93, 0x632D, 0x2965,
	0x31A7, 0x39C7, 0x39E8, 0x4229, 0x4A49, 0x31A7, 0x2966, 0x31A7, 0x39C7, 0x4209, 0x4229, 0x4A4A,
	0x4A6A, 0x4A49, 0x4249, 0x52AB, 0x6B6E, 0x8432, 0x94B4, 0x9493, 0x2945, 0x0000, 0x0000, 0x0000,
	0x0000, 0x0000, 0x0000, 0x0000, 0x0000, 0x0000, 0x0000, 0x0000, 0x0000, 0x0000, 0x0000, 0x0000,
	0x0000, 0x0000, 0x0000, 0x0000, 0x0000, 0x0000, 0x0000, 0x0000, 0x0000, 0x0000, 0x0000, 0x0000,
	0x0000, 0x0000, 0x0000, 0x0000, 0x0000, 0x0000, 0x0000, 0x0000, 0x0000, 0x0000, 0x0000, 0x0000,
	0x0021, 0x0841, 0x0021, 0x0021, 0x0021, 0x0021, 0x0021, 0x0021, 0x0021, 0x0021, 0x0021, 0x0021,
	0x0021, 0x0021, 0x0021, 0x0021, 0x0021, 0x0021, 0x0021, 0x0021, 0x0021, 0x0021, 0x0021, 0x0021,
	0x0021, 0x0021, 0x0021, 0x0021, 0x0021, 0x0021, 0x0021, 0x0021, 0x0021, 0x0021, 0x0021, 0x632D,
	0x94B4, 0x8432, 0x8C52, 0x8C52, 0x8C52, 0x8C52, 0x8C72, 0x8C52, 0x8C52, 0x8C52, 0x8432, 0x73B0,
	0x7390, 0x7390, 0x7390, 0x73D0, 0x8452, 0x8C52, 0x8C52, 0x8C72, 0x7C11, 0x8432, 0x8C72, 0x8C52,
	0x8C52, 0x8C72, 0x8C52, 0x8411, 0x8432, 0x7BD0, 0x2986, 0x2945, 0x31A7, 0x39E8, 0x39E8, 0x4229,
	0x4A4A, 0x3186, 0x2945, 0x31A7, 0x39E8, 0x4209, 0x4229, 0x4A49, 0x4A4A, 0x4A4A, 0x4A6A, 0x4A6A,
	0x4A49, 0x52AB, 0x5AEC, 0x2104, 0x0000, 0x0000, 0x0000, 0x0000, 0x0000, 0x0000, 0x0000, 0x0000,
	0x0000, 0x0000, 0x0000, 0x0000, 0x0000, 0x0000, 0x0000, 0x0000, 0x0000, 0x0000, 0x0000, 0x0000,
	0x0000, 0x0000, 0x0000, 0x0000, 0x0000, 0x0000, 0x0000, 0x0000, 0x0000, 0x0000, 0x0000, 0x0000,
	0x0000, 0x0000, 0x0000, 0x0000, 0x0000, 0x0000, 0x0000, 0x0021, 0x0841, 0x0021, 0x0021, 0x0021,
	0x0021, 0x0021, 0x0021, 0x0021, 0x0021, 0x0021, 0x0021, 0x0021, 0x0021, 0x0021, 0x0021, 0x0021,
	0x0021, 0x0021, 0x0021, 0x0021, 0x0021, 0x0021, 0x0021, 0x0021, 0x0021, 0x0021, 0x0021, 0x0021,
	0x0021, 0x0021, 0x0021, 0x0021, 0x0021, 0x0841, 0x0021, 0x0020, 0x632D, 0x94B4, 0x8432, 0x8C52,
	0x8C52, 0x8C52, 0x8C52, 0x8C52, 0x8C52, 0x8C52, 0x8C73, 0x8C72, 0x8452, 0x8C52, 0x8452, 0x8C52,
	0x8C73, 0x8C52, 0x8C52, 0x8C73, 0x7BF1, 0x7BD1, 0x7BF1, 0x7BF1, 0x8411, 0x7BF1, 0x73D0, 0x73B0,
	0x7BF1, 0x4209, 0x18E4, 0x2945, 0x31A7, 0x39E8, 0x3A08, 0x4229, 0x4A4A, 0x3186, 0x2104, 0x31A7,
	0x39E8, 0x4229, 0x4229, 0x4A49, 0x4A4A, 0x4A6A, 0x4A6A, 0x4A6A, 0x4A6A, 0x4A6A, 0x4209, 0x0862,
	0x0000, 0x0000, 0x0000, 0x0000, 0x0000, 0x0000, 0x0000, 0x0000, 0x0000, 0x0000, 0x0000, 0x0000,
	0x0000, 0x0000, 0x0000, 0x0000, 0x0000, 0x1082, 0x1904, 0x18E4, 0x18E4, 0x18E4, 0x18E4, 0x18E4,
	0x18E4, 0x2104, 0x2125, 0x0000, 0x0000, 0x0000, 0x0000, 0x0000, 0x0000, 0x0000, 0x0000, 0x0000,
	0x0000, 0x0000, 0x0020, 0x0841, 0x0021, 0x0021, 0x0021, 0x0021, 0x0021, 0x0021, 0x0021, 0x0021,
	0x0021, 0x0021, 0x0021, 0x0021, 0x0021, 0x0021, 0x0021, 0x0021, 0x0021, 0x0021, 0x0021, 0x0021,
	0x0021, 0x0021, 0x0021, 0x0021, 0x0021, 0x0021, 0x0021, 0x0021, 0x0021, 0x0021, 0x0021, 0x0021,
	0x0021, 0x0021, 0x0841, 0x0021, 0x0020, 0x632D, 0x94B3, 0x8452, 0x8C52, 0x8C52, 0x8C52, 0x8C72,
	0x8C52, 0x8C72, 0x8C73, 0x8C73, 0x8C72, 0x8C52, 0x8C52, 0x8C52, 0x8C52, 0x8C52, 0x8C52, 0x8C72,
	0x8C72, 0x8432, 0x8C52, 0x8411, 0x73D0, 0x6B8F, 0x6B6F, 0x73B0, 0x6B4E, 0x2945, 0x2104, 0x2124,
	0x2966, 0x39C8, 0x4208, 0x4229, 0x4A4A, 0x39E8, 0x2104, 0x2966, 0x39E8, 0x4209, 0x4A49, 0x4A49,
	0x4A6A, 0x4A6A, 0x4A6A, 0x4A6A, 0x4A6A, 0x4A6A, 0x4A8A, 0x528B, 0x18C3, 0x0000, 0x0000, 0x0000,
	0x0000, 0x0000, 0x0000, 0x0000, 0x0000, 0x0000, 0x0000, 0x0000, 0x0000, 0x0000, 0x0000, 0x0000,
	0x1082, 0x39E8, 0x3A09, 0x39E8, 0x39E8, 0x39E8, 0x39E8, 0x3A09, 0x4229, 0x4A4A, 0x52AB, 0x31A7,
	0x0000, 0x0000, 0x0000, 0x0000, 0x0000, 0x0000, 0x0000, 0x0000, 0x0000, 0x0000, 0x0841, 0x0021,
	0x0021, 0x0021, 0x0021, 0x0021, 0x0021, 0x0021, 0x0021, 0x0021, 0x0021, 0x0021, 0x0021, 0x0021,
	0x0021, 0x0021, 0x0021, 0x0841, 0x0841, 0x0841, 0x0021, 0x0021, 0x0021, 0x0021, 0x0021, 0x0021,
	0x0021, 0x0021, 0x0021, 0x0021, 0x0021, 0x0021, 0x0021, 0x0021, 0x0021, 0x0021, 0x0021, 0x0841,
	0x0021, 0x0020, 0x632D, 0x94B4, 0x8452, 0x8C52, 0x8C72, 0x8C72, 0x8C52, 0x8C52, 0x8C52, 0x8C52,
	0x8C52, 0x8C52, 0x8C52, 0x8C52, 0x8C52, 0x8C52, 0x8C72, 0x8C72, 0x8C52, 0x8C52, 0x8432, 0x73B0,
	0x6B6F, 0x6B8F, 0x6B8F, 0x73B0, 0x4229, 0x18E4, 0x2124, 0x2104, 0x2966, 0x39E8, 0x4229, 0x4A49,
	0x4A6A, 0x39E8, 0x18E4, 0x2966, 0x39C7, 0x4209, 0x4A4A, 0x4A4A, 0x4A6A, 0x4A6A, 0x4A6A, 0x4A6A,
	0x4A6A, 0x4A6A, 0x4A6A, 0x4A8A, 0x18C3, 0x0000, 0x0000, 0x0000, 0x0000, 0x0000, 0x0000, 0x0000,
	0x0000, 0x0000, 0x0000, 0x0000, 0x0000, 0x0000, 0x0000, 0x1082, 0x39E8, 0x39E8, 0x39C8, 0x31C8,
	0x31C8, 0x31A7, 0x31A7, 0x39C8, 0x39E8, 0x4229, 0x4249, 0x528B, 0x31A7, 0x0000, 0x0000, 0x0000,
	0x0000, 0x0000, 0x0000, 0x0000, 0x0020, 0x0021, 0x0021, 0x0021, 0x0021, 0x0021, 0x0021, 0x0021,
	0x0021, 0x0021, 0x0021, 0x0021, 0x0021, 0x0021, 0x0021, 0x0021, 0x0021, 0x0841, 0x0021, 0x0000,
	0x0000, 0x0021, 0x0841, 0x0841, 0x0021, 0x0021, 0x0021, 0x0021, 0x0021, 0x0021, 0x0021, 0x0021,
	0x0021, 0x0021, 0x0021, 0x0021, 0x0021, 0x0021, 0x0021, 0x0021, 0x0841, 0x0021, 0x0021, 0x632D,
	0x8C73, 0x8C52, 0x8C52, 0x8C52, 0x8C52, 0x8452, 0x8C52, 0x8C52, 0x8452, 0x8C52, 0x8452, 0x8432,
	0x8432, 0x8452, 0x8411, 0x7BD0, 0x738F, 0x6B8F, 0x6B90, 0x6B6F, 0x6B6F, 0x6B8F, 0x7390, 0x634E,
	0x2945, 0x2125, 0x2125, 0x2145, 0x31A7, 0x39E8, 0x4229, 0x4A49, 0x4A4A, 0x2945, 0x18E4, 0x3187,
	0x39E8, 0x4229, 0x4249, 0x4A6A, 0x4A6A, 0x4A6A, 0x4A6A, 0x4A6A, 0x4A6A, 0x4A6A, 0x4A6A, 0x10A2,
	0x0000, 0x0000, 0x0000, 0x0000, 0x0000, 0x0000, 0x0000, 0x0000, 0x0000, 0x0000, 0x0000, 0x0000,
	0x0000, 0x0000, 0x1082, 0x39E8, 0x39E8, 0x39C8, 0x39C8, 0x39C8, 0x39C8, 0x31C8, 0x31C8, 0x39C8,
	0x39E8, 0x4229, 0x4A4A, 0x4A4A, 0x528B, 0x31A7, 0x0000, 0x0000, 0x0000, 0x0000, 0x0000, 0x0021,
	0x0841, 0x0021, 0x0021, 0x0021, 0x0021, 0x0021, 0x0021, 0x0021, 0x0021, 0x0021, 0x0021, 0x0021,
	0x0021, 0x0021, 0x0021, 0x0841, 0x0021, 0x0000, 0x0021, 0x2105, 0x3187, 0x1082, 0x0000, 0x0021,
	0x0841, 0x0021, 0x0021, 0x0021, 0x0021, 0x0021, 0x0021, 0x0021, 0x0021, 0x0021, 0x0021, 0x0021,
	0x0021, 0x0021, 0x0021, 0x0021, 0x0021, 0x0841, 0x0021, 0x0841, 0x8452, 0x8C73, 0x8C52, 0x8C52,
	0x8452, 0x8C52, 0x8452, 0x8432, 0x8431, 0x8411, 0x8411, 0x8411, 0x8411, 0x7BD0, 0x6B4F, 0x632E,
	0x6B4F, 0x6B4F, 0x6B6F, 0x6B6F, 0x6B6F, 0x6B6F, 0x7390, 0x5ACC, 0x2125, 0x2145, 0x2945, 0x2966,
	0x31A7, 0x39E8, 0x4208, 0x4A49, 0x4229, 0x2945, 0x2945, 0x3186, 0x39C8, 0x4208, 0x4229, 0x4A4A,
	0x4A6A, 0x4A6A, 0x4A6A, 0x4A6A, 0x4A6A, 0x4A6A, 0x10A2, 0x0000, 0x0000, 0x0000, 0x0000, 0x0000,
	0x0000, 0x0000, 0x0000, 0x0000, 0x0000, 0x0000, 0x0000, 0x0000, 0x0000, 0x1082, 0x39E8, 0x39E8,
	0x39C8, 0x39E8, 0x39C8, 0x39C8, 0x39C8, 0x31C8, 0x31C8, 0x39C8, 0x39E8, 0x4229, 0x4A4A, 0x4A4A,
	0x4A4A, 0x528B, 0x31A7, 0x0000, 0x0000, 0x0000, 0x0021, 0x0841, 0x0021, 0x0021, 0x0021, 0x0021,
	0x0021, 0x0021, 0x0021, 0x0021, 0x0021, 0x0021, 0x0021, 0x0021, 0x0021, 0x0841, 0x0021, 0x0000,
	0x0021, 0x2104, 0x4209, 0x52CC, 0x5B0D, 0x5AEC, 0x39E8, 0x0882, 0x0000, 0x0841, 0x0021, 0x0021,
	0x0021, 0x0021, 0x0021, 0x0021, 0x0021, 0x0021, 0x0021, 0x0021, 0x0021, 0x0021, 0x0021, 0x0021,
	0x0021, 0x0021, 0x0841, 0x0020, 0x2966, 0x8C73, 0x8C52, 0x8432, 0x8432, 0x8431, 0x8411, 0x7C11,
	0x7BF0, 0x7BF0, 0x7BD0, 0x7BD0, 0x738F, 0x632E, 0x630D, 0x632E, 0x632E, 0x632E, 0x632E, 0x6B4F,
	0x6B4F, 0x6B4F, 0x7390, 0x5B0D, 0x2145, 0x2945, 0x2966, 0x3186, 0x3187, 0x39C7, 0x4208, 0x4229,
	0x4208, 0x2966, 0x2966, 0x2966, 0x39C7, 0x39E8, 0x4229, 0x4A4A, 0x4A6A, 0x4A6A, 0x4A6A, 0x4A6A,
	0x4A6A, 0x10A2, 0x0000, 0x0000, 0x0000, 0x0000, 0x0000, 0x0000, 0x0000, 0x0000, 0x0000, 0x0000,
	0x0000, 0x0000, 0x0000, 0x0000, 0x1082, 0x39E8, 0x39E8, 0x39C8, 0x39E8, 0x39E8, 0x39C8, 0x39C8,
	0x39C8, 0x31C8, 0x31C8, 0x39C8, 0x39E8, 0x4229, 0x4A4A, 0x4A4A, 0x4A6A, 0x4A4A, 0x528B, 0x31A7,
	0x0000, 0x0000, 0x0021, 0x0841, 0x0021, 0x0021, 0x0021, 0x0021, 0x0021, 0x0021, 0x0021, 0x0021,
	0x0021, 0x0021, 0x0021, 0x0021, 0x0841, 0x0021, 0x0021, 0x2105, 0x424A, 0x5AED, 0x52AC, 0x52AC,
	0x52CC, 0x630D, 0x738F, 0x5AEC, 0x10A3, 0x0000, 0x0841, 0x0841, 0x0021, 0x0021, 0x0021, 0x0021,
	0x0021, 0x0021, 0x0021, 0x0021, 0x0021, 0x0021, 0x0021, 0x0021, 0x0021, 0x0021, 0x0021, 0x0841,
	0x0000, 0x2946, 0x8C52, 0x8C93, 0x8C52, 0x8452, 0x8431, 0x73D0, 0x73AF, 0x738F, 0x738F, 0x632E,
	0x5AED, 0x5ACD, 0x5AED, 0x5ACD, 0x5AED, 0x5AED, 0x5B0D, 0x630E, 0x632E, 0x632E, 0x6B6F, 0x630E,
	0x2966, 0x2966, 0x3186, 0x3186, 0x3186, 0x31C7, 0x39E8, 0x4209, 0x39E8, 0x2966, 0x2945, 0x2966,
	0x31A7, 0x39E8, 0x4209, 0x4A49, 0x4A6A, 0x4A4A, 0x4A6A, 0x4A6A, 0x10A2, 0x0000, 0x0000, 0x0000,
	0x0000, 0x0000, 0x0000, 0x0000, 0x0000, 0x0000, 0x0000, 0x0000, 0x0000, 0x0000, 0x0000, 0x1082,
	0x39E8, 0x39C8, 0x39C8, 0x39E8, 0x39E8, 0x39E8, 0x39C8, 0x39C8, 0x39C8, 0x31C8, 0x31A8, 0x39C8,
	0x39E8, 0x4229, 0x4A4A, 0x4A6A, 0x4A6A, 0x4A4A, 0x4A49, 0x528B, 0x31A7, 0x0000, 0x0000, 0x0021,
	0x0841, 0x0021, 0x0021, 0x0021, 0x0021, 0x0021, 0x0021, 0x0021, 0x0021, 0x0021, 0x0841, 0x0841,
	0x0000, 0x1082, 0x422A, 0x5AED, 0x5AED, 0x52CC, 0x528B, 0x52AC, 0x5ACC, 0x5B0D, 0x634E, 0x738F,
	0x630D, 0x18E4, 0x0000, 0x0000, 0x0841, 0x0841, 0x0021, 0x0021, 0x0021, 0x0021, 0x0021, 0x0021,
	0x0021, 0x0021, 0x0021, 0x0021, 0x0021, 0x0021, 0x0021, 0x0021, 0x0841, 0x0000, 0x2145, 0x4A4A,
	0x4209, 0x39E8, 0x3A08, 0x632D, 0x630D, 0x5B0D, 0x5B0D, 0x52AC, 0x528B, 0x4A8B, 0x4A8B, 0x528B,
	0x528C, 0x52AC, 0x5ACC, 0x5ACD, 0x5AED, 0x630D, 0x632E, 0x630D, 0x31C7, 0x3186, 0x31A7, 0x31A7,
	0x31A7, 0x39E8, 0x4208, 0x4249, 0x4208, 0x3186, 0x3186, 0x3186, 0x39C7, 0x3A08, 0x4249, 0x4A8A,
	0x528B, 0x52AB, 0x4A6A, 0x10A2, 0x0000, 0x0000, 0x0000, 0x0000, 0x0000, 0x0000, 0x0000, 0x0000,
	0x0000, 0x0000, 0x0000, 0x0000, 0x0000, 0x0000, 0x1082, 0x39E8, 0x39C8, 0x39C8, 0x39C8, 0x39C8,
	0x39E8, 0x39E8, 0x39C8, 0x39C8, 0x39C8, 0x31C8, 0x31A8, 0x39C8, 0x39E8, 0x4229, 0x4A6A, 0x4A6A,
	0x4A4A, 0x4A4A, 0x4A4A, 0x4A49, 0x528A, 0x31A7, 0x0000, 0x0000, 0x0021, 0x0841, 0x0021, 0x0021,
	0x0021, 0x0021, 0x0021, 0x0021, 0x0021, 0x0841, 0x0021, 0x0020, 0x18C4, 0x4A6B, 0x5AED, 0x52CC,
	0x5ACC, 0x5ACC, 0x4A8B, 0x528B, 0x5ACC, 0x5AED, 0x6B4E, 0x6B6E, 0x738F, 0x6B8F, 0x4A6A, 0x18E4,
	0x0000, 0x0021, 0x0841, 0x0021, 0x0021, 0x0021, 0x0021, 0x0021, 0x0021, 0x0021, 0x0021, 0x0021,
	0x0021, 0x0021, 0x0021, 0x0021, 0x0021, 0x0841, 0x0000, 0x0000, 0x0000, 0x0000, 0x0000, 0x39C7,
	0x39C8, 0x31A7, 0x31A7, 0x31A7, 0x3187, 0x3187, 0x31A7, 0x31A7, 0x31A7, 0x39C8, 0x39E9, 0x4209,
	0x4229, 0x4A4A, 0x4A6A, 0x4A6A, 0x18C3, 0x10C3, 0x18C3, 0x18C3, 0x18C3, 0x18C3, 0x18E4, 0x2104,
	0x18E4, 0x10A3, 0x10A3, 0x10A3, 0x18C3, 0x18E3, 0x2104, 0x2125, 0x2125, 0x2945, 0x10A2, 0x0000,
	0x0000, 0x0000, 0x0000, 0x0000, 0x0000, 0x0000, 0x0000, 0x0000, 0x0000, 0x0000, 0x0000, 0x0000,
	0x0000, 0x0862, 0x3A08, 0x39E8, 0x39C8, 0x39C8, 0x39C8, 0x39C8, 0x39E8, 0x39E8, 0x39C8, 0x39C8,
	0x39C8, 0x31C8, 0x31A7, 0x39E8, 0x39C8, 0x4229, 0x4A6A, 0x4A4A, 0x4A4A, 0x4A4A, 0x4A4A, 0x4A4A,
	0x4249, 0x4A6A, 0x3186, 0x0000, 0x0000, 0x0021, 0x0841, 0x0021, 0x0021, 0x0021, 0x0021, 0x0841,
	0x0841, 0x0000, 0x1082, 0x39E9, 0x5ACC, 0x5ACC, 0x52AC, 0x52CC, 0x5ACC, 0x5ACC, 0x4A6B, 0x52AC,
	0x5ACC, 0x5AED, 0x6B6E, 0x6B6F, 0x6B6E, 0x6B6F, 0x73AF, 0x6B8F, 0x4A6A, 0x1083, 0x0000, 0x0021,
	0x0841, 0x0021, 0x0021, 0x0021, 0x0021, 0x0021, 0x0021, 0x0021, 0x0021, 0x0021, 0x0021, 0x0021,
	0x0021, 0x0021, 0x0841, 0x0841, 0x0841, 0x0021, 0x10A3, 0x2986, 0x2966, 0x2966, 0x2966, 0x2966,
	0x2966, 0x2966, 0x2966, 0x2966, 0x2966, 0x2966, 0x3186, 0x3187, 0x31A7, 0x39C8, 0x39E8, 0x4229,
	0x0861, 0x0000, 0x0000, 0x0000, 0x0000, 0x0000, 0x0000, 0x0000, 0x0000, 0x0000, 0x0000, 0x0000,
	0x0000, 0x0000, 0x0000, 0x0000, 0x0000, 0x0000, 0x0000, 0x0000, 0x0000, 0x0000, 0x0000, 0x0000,
	0x0000, 0x0000, 0x0000, 0x0000, 0x0000, 0x0000, 0x0000, 0x0000, 0x0000, 0x3186, 0x4229, 0x39E8,
	0x39E8, 0x39C8, 0x39C8, 0x31C8, 0x39C8, 0x39C8, 0x39C8, 0x39C8, 0x39E8, 0x39C8, 0x3187, 0x39C8,
	0x4209, 0x4A6A, 0x4A6A, 0x4A4A, 0x4A4A, 0x4A4A, 0x4A4A, 0x4249, 0x4229, 0x4229, 0x4229, 0x1082,
	0x0000, 0x0000, 0x0021, 0x0841, 0x0021, 0x0841, 0x0021, 0x0000, 0x0021, 0x2946, 0x528B, 0x5AED,
	0x52AC, 0x52AC, 0x52CC, 0x52CC, 0x52AC, 0x5ACC, 0x4A8B, 0x528B, 0x5ACC, 0x632E, 0x6B6F, 0x6B6E,
	0x6B6F, 0x6B6F, 0x6B6E, 0x6B4E, 0x6B6F, 0x5AEC, 0x2946, 0x0021, 0x0021, 0x0841, 0x0021, 0x0021,
	0x0021, 0x0021, 0x0021, 0x0021, 0x0021, 0x0021, 0x0021, 0x0021, 0x0021, 0x0021, 0x0021, 0x0841,
	0x0021, 0x1082, 0x2966, 0x2966, 0x2946, 0x2946, 0x2946, 0x2946, 0x2946, 0x2946, 0x2946, 0x2946,
	0x2946, 0x2946, 0x2966, 0x2966, 0x3186, 0x3187, 0x31A7, 0x4209, 0x3187, 0x0000, 0x0000, 0x0000,
	0x0000, 0x0000, 0x0000, 0x0000, 0x0000, 0x0000, 0x0000, 0x0000, 0x0000, 0x0000, 0x0000, 0x0000,
	0x0000, 0x0000, 0x0000, 0x0000, 0x0000, 0x0000, 0x0000, 0x0000, 0x0000, 0x0000, 0x0000, 0x0000,
	0x0000, 0x0000, 0x0000, 0x0000, 0x1082, 0x4229, 0x4209, 0x4209, 0x4209, 0x4208, 0x39E8, 0x39C8,
	0x31A7, 0x31A7, 0x39C8, 0x39C8, 0x39C8, 0x39C8, 0x31A7, 0x4229, 0x4A6A, 0x4A6A, 0x4A4A, 0x4A6A,
	0x4A4A, 0x4249, 0x4229, 0x4209, 0x3A09, 0x39E9, 0x4209, 0x2986, 0x0000, 0x0000, 0x0000, 0x0021,
	0x0021, 0x0000, 0x0020, 0x2945, 0x4A6A, 0x632D, 0x5B0D, 0x5ACC, 0x52AC, 0x52AC, 0x5ACC, 0x5ACC,
	0x52CC, 0x5ACC, 0x52AC, 0x52AC, 0x6B6E, 0x6B6E, 0x6B6E, 0x6B6F, 0x6B8F, 0x6B6E, 0x632E, 0x630D,
	0x5AEC, 0x5AED, 0x5AED, 0x4A4A, 0x18C3, 0x0000, 0x0841, 0x0021, 0x0021, 0x0021, 0x0021, 0x0021,
	0x0021, 0x0021, 0x0021, 0x0021, 0x0021, 0x0021, 0x0841, 0x0021, 0x1082, 0x2966, 0x2966, 0x2946,
	0x2946, 0x2945, 0x2945, 0x2945, 0x2945, 0x2945, 0x2945, 0x2945, 0x2945, 0x2945, 0x2945, 0x2945,
	0x2946, 0x2966, 0x2986, 0x31A7, 0x39E8, 0x0862, 0x0000, 0x0000, 0x0000, 0x0000, 0x0000, 0x0000,
	0x0000, 0x0000, 0x0000, 0x0000, 0x0000, 0x0000, 0x0000, 0x0000, 0x0000, 0x0000, 0x0000, 0x0000,
	0x0000, 0x0000, 0x0000, 0x0000, 0x0000, 0x0000, 0x0000, 0x0000, 0x0000, 0x0000, 0x0000, 0x0000,
	0x31A7, 0x4A49, 0x4229, 0x4229, 0x4229, 0x4229, 0x4229, 0x4229, 0x39E8, 0x31A7, 0x39C8, 0x39C8,
	0x31C8, 0x39C8, 0x4209, 0x4229, 0x4A6A, 0x4A6A, 0x4A4A, 0x4229, 0x4209, 0x39E8, 0x39E8, 0x39E8,
	0x39E8, 0x39E8, 0x39E8, 0x3A09, 0x1082, 0x0000, 0x0000, 0x0000, 0x0841, 0x2104, 0x4A6A, 0x6B6E,
	0x738F, 0x6B4E, 0x632E, 0x632D, 0x5B0D, 0x52AC, 0x52AC, 0x52AC, 0x52AC, 0x52AC, 0x5AED, 0x632E,
	0x6B6E, 0x6B6E, 0x6B6E, 0x6B6E, 0x630D, 0x5AEC, 0x5ACC, 0x5ACC, 0x5ACC, 0x52CC, 0x52AC, 0x630D,
	0x4229, 0x0021, 0x0841, 0x0021, 0x0021, 0x0021, 0x0021, 0x0021, 0x0021, 0x0021, 0x0021, 0x0021,
	0x0021, 0x0841, 0x0021, 0x1082, 0x2966, 0x2946, 0x2945, 0x2945, 0x2945, 0x2945, 0x2945, 0x2945,
	0x2945, 0x2945, 0x2945, 0x2945, 0x2945, 0x2945, 0x2945, 0x2945, 0x2945, 0x2945, 0x2946, 0x2966,
	0x31A7, 0x2945, 0x0000, 0x0000, 0x0000, 0x0000, 0x0000, 0x0000, 0x0000, 0x0000, 0x0000, 0x0000,
	0x0000, 0x0000, 0x0000, 0x0000, 0x0000, 0x0000, 0x0000, 0x0000, 0x0000, 0x0000, 0x0000, 0x0000,
	0x0000, 0x0000, 0x0000, 0x0000, 0x0000, 0x0000, 0x0000, 0x10A2, 0x4A49, 0x4229, 0x4229, 0x4229,
	0x4229, 0x4229, 0x4229, 0x4A49, 0x4229, 0x39E8, 0x39C8, 0x39C8, 0x39E8, 0x4229, 0x4A4A, 0x4209,
	0x4A49, 0x4A4A, 0x3A09, 0x39E8, 0x39C8, 0x39E8, 0x39E8, 0x39E8, 0x39E8, 0x39E8, 0x39C8, 0x4209,
	0x2104, 0x0000, 0x0000, 0x0000, 0x4A4A, 0x738F, 0x73AF, 0x6B6E, 0x6B6E, 0x6B6E, 0x6B6E, 0x6B6E,
	0x6B6E, 0x634E, 0x5AED, 0x52CC, 0x5ACC, 0x630D, 0x6B6E, 0x6B4E, 0x632E, 0x6B6F, 0x632E, 0x5ACC,
	0x52AC, 0x52AC, 0x52CC, 0x52CC, 0x52CC, 0x5ACC, 0x5ACC, 0x52CC, 0x52AC, 0x0862, 0x0021, 0x0021,
	0x0021, 0x0021, 0x0021, 0x0021, 0x0021, 0x0021, 0x0021, 0x0021, 0x0841, 0x0021, 0x1082, 0x2966,
	0x2946, 0x2945, 0x2945, 0x2945, 0x2945, 0x2945, 0x2945, 0x2945, 0x2945, 0x2945, 0x2945, 0x2945,
	0x2945, 0x2945, 0x2945, 0x2945, 0x2945, 0x2945, 0x2945, 0x2945, 0x2946, 0x31A7, 0x0861, 0x0000,
	0x0000, 0x0000, 0x0000, 0x0000, 0x0000, 0x0000, 0x0000, 0x0000, 0x0000, 0x0000, 0x0000, 0x0000,
	0x0000, 0x0000, 0x0000, 0x0000, 0x0000, 0x0000, 0x0000, 0x0000, 0x0000, 0x0000, 0x0000, 0x0000,
	0x0000, 0x0000, 0x0000, 0x2125, 0x4A49, 0x4229, 0x4229, 0x4229, 0x4229, 0x4229, 0x4229, 0x4229,
	0x4229, 0x4229, 0x4229, 0x4229, 0x4229, 0x4A49, 0x4A4A, 0x4229, 0x4229, 0x4209, 0x39C8, 0x39C8,
	0x39C8, 0x39C8, 0x39C8, 0x39C8, 0x39C8, 0x39C8, 0x39C8, 0x39E8, 0x31A7, 0x0020, 0x0000, 0x0841,
	0x6B4E, 0x6B6E, 0x6B4E, 0x6B6E, 0x6B6E, 0x6B6E, 0x6B6E, 0x6B6E, 0x6B6E, 0x6B6E, 0x6B6E, 0x6B4E,
	0x6B6E, 0x6B6E, 0x6B6E, 0x6B6E, 0x630D, 0x6B4E, 0x5ACC, 0x52AC, 0x52CC, 0x5ACC, 0x5ACC, 0x5ACC,
	0x5ACC, 0x5ACC, 0x5ACC, 0x52AC, 0x5AED, 0x2966, 0x0000, 0x0841, 0x0021, 0x0021, 0x0021, 0x0021,
	0x0021, 0x0021, 0x0021, 0x0841, 0x0021, 0x1082, 0x2966, 0x2946, 0x2945, 0x2945, 0x2945, 0x2945,
	0x2945, 0x2945, 0x2945, 0x2945, 0x2945, 0x2945, 0x2945, 0x2945, 0x2145, 0x2125, 0x2145, 0x2125,
	0x2125, 0x2125, 0x2125, 0x2125, 0x2945, 0x3186, 0x2125, 0x0000, 0x0000, 0x0000, 0x0000, 0x0000,
	0x0000, 0x0000, 0x0000, 0x0000, 0x0000, 0x0000, 0x0000, 0x0000, 0x0000, 0x0000, 0x0000, 0x0000,
	0x0000, 0x0000, 0x0000, 0x0000, 0x0000, 0x0000, 0x0000, 0x0000, 0x0000, 0x0000, 0x0020, 0x31A7,
	0x39E8, 0x3A08, 0x4208, 0x4208, 0x4208, 0x4208, 0x4208, 0x4209, 0x4229, 0x4229, 0x4229, 0x4229,
	0x4A49, 0x4A49, 0x4229, 0x4229, 0x39E8, 0x39C8, 0x39C8, 0x39C8, 0x39C8, 0x39C8, 0x39C8, 0x39C8,
	0x39C8, 0x39C8, 0x39C8, 0x39C8, 0x3A09, 0x18E4, 0x0000, 0x3186, 0x6B4E, 0x632D, 0x634E, 0x6B4E,
	0x6B4E, 0x6B4E, 0x6B4E, 0x6B4E, 0x6B6E, 0x6B6E, 0x6B6E, 0x6B4E, 0x6B6E, 0x6B6E, 0x6B4E, 0x6B6E,
	0x632E, 0x5ACC, 0x52AC, 0x52AC, 0x52AC, 0x52AC, 0x52AC, 0x52AC, 0x52AC, 0x52AC, 0x52AC, 0x52AC,
	0x52CC, 0x528B, 0x0862, 0x0021, 0x0021, 0x0021, 0x0021, 0x0021, 0x0021, 0x0021, 0x0841, 0x0021,
	0x1082, 0x2966, 0x2946, 0x2946, 0x2945, 0x2945, 0x2945, 0x2945, 0x2945, 0x2945, 0x2945, 0x2945,
	0x2945, 0x2945, 0x2945, 0x2945, 0x2125, 0x2125, 0x2125, 0x2125, 0x2125, 0x2125, 0x2125, 0x2145,
	0x2945, 0x2946, 0x3187, 0x0861, 0x0000, 0x0000, 0x0000, 0x0000, 0x0000, 0x0000, 0x0000, 0x0000,
	0x0000, 0x0000, 0x0000, 0x0000, 0x0000, 0x0000, 0x0000, 0x0000, 0x0000, 0x0000, 0x0000, 0x0000,
	0x0000, 0x0000, 0x0000, 0x0000, 0x0000, 0x0000, 0x18C3, 0x39E8, 0x39C7, 0x39E8, 0x39E8, 0x3A08,
	0x4208, 0x4208, 0x4209, 0x4229, 0x4209, 0x4209, 0x4229, 0x4229, 0x4209, 0x39E8, 0x31A7, 0x39C8,
	0x3187, 0x31A7, 0x39C8, 0x39C8, 0x31A7, 0x39C8, 0x39C8, 0x39C8, 0x39C8, 0x39C8, 0x39C8, 0x39C8,
	0x39C8, 0x31A7, 0x0841, 0x52AB, 0x630D, 0x630D, 0x632D, 0x632D, 0x6B4E, 0x6B4E, 0x6B4E, 0x6B4E,
	0x6B4E, 0x6B4E, 0x6B6E, 0x6B4E, 0x6B4E, 0x630D, 0x52CC, 0x52CC, 0x52AC, 0x4A4A, 0x52AC, 0x52AC,
	0x52AC, 0x52AC, 0x52AC, 0x52AC, 0x52AC, 0x52AC, 0x52AC, 0x52AC, 0x52AC, 0x5AED, 0x2966, 0x0000,
	0x0841, 0x0021, 0x0021, 0x0021, 0x0021, 0x0841, 0x0021, 0x1082, 0x2966, 0x2946, 0x2945, 0x2945,
	0x2945, 0x2945, 0x2945, 0x2945, 0x2945, 0x2945, 0x2945, 0x2945, 0x2945, 0x2945, 0x2945, 0x2945,
	0x2125, 0x2125, 0x2945, 0x2945, 0x2945, 0x2945, 0x2945, 0x2945, 0x2945, 0x2946, 0x3187, 0x2125,
	0x0000, 0x0000, 0x0000, 0x0000, 0x0000, 0x0000, 0x0000, 0x0000, 0x0000, 0x0000, 0x0000, 0x0000,
	0x0000, 0x0000, 0x0000, 0x0000, 0x0000, 0x0000, 0x0000, 0x0000, 0x0000, 0x0000, 0x0000, 0x0000,
	0x0000, 0x0020, 0x2966, 0x31A7, 0x31A7, 0x31A7, 0x31C7, 0x39C8, 0x39E8, 0x4208, 0x4208, 0x4208,
	0x4209, 0x4208, 0x39E8, 0x39C8, 0x31A7, 0x31A7, 0x31A7, 0x31A7, 0x3187, 0x2987, 0x31C8, 0x31C8,
	0x39C8, 0x31C8, 0x31C8, 0x31C8, 0x31C8, 0x31C8, 0x31C8, 0x31C8, 0x39C8, 0x31A7, 0x4229, 0x5ACC,
	0x5ACC, 0x5ACC, 0x5AEC, 0x5AED, 0x630D, 0x632D, 0x6B4E, 0x634E, 0x632E, 0x6B4E, 0x6B4E, 0x5B0D,
	0x52CC, 0x528B, 0x528C, 0x52AC, 0x52AC, 0x4A4A, 0x4A8B, 0x52AC, 0x52AC, 0x52AC, 0x52AC, 0x52AC,
	0x52AC, 0x52AC, 0x52AC, 0x52AC, 0x52AC, 0x52CC, 0x528B, 0x0841, 0x0021, 0x0021, 0x0021, 0x0021,
	0x0841, 0x0021, 0x1082, 0x2966, 0x2946, 0x2946, 0x2945, 0x2945, 0x2945, 0x2945, 0x2945, 0x2945,
	0x2945, 0x2945, 0x2945, 0x2945, 0x2945, 0x2945, 0x2945, 0x2945, 0x2125, 0x2125, 0x2945, 0x2945,
	0x2945, 0x2945, 0x2945, 0x2945, 0x2945, 0x2946, 0x2966, 0x2987, 0x0861, 0x0000, 0x0000, 0x0000,
	0x0000, 0x0000, 0x0000, 0x0000, 0x0000, 0x0000, 0x0000, 0x0000, 0x0000, 0x0000, 0x0000, 0x0000,
	0x0000, 0x0000, 0x0000, 0x0000, 0x0000, 0x0000, 0x0000, 0x0000, 0x0000, 0x18C3, 0x31A7, 0x3166,
	0x3187, 0x3186, 0x3187, 0x3187, 0x31A7, 0x39C7, 0x31A7, 0x3187, 0x3187, 0x3187, 0x31A7, 0x3187,
	0x31A7, 0x31A7, 0x31A7, 0x31A7, 0x31A7, 0x2966, 0x31A7, 0x31A7, 0x31A7, 0x31C8, 0x39C8, 0x39C8,
	0x39C8, 0x39C8, 0x39C8, 0x39C8, 0x39C8, 0x31A7, 0x424A, 0x52CC, 0x52AC, 0x52AC, 0x52AC, 0x52CC,
	0x5ACC, 0x5AEC, 0x5AEC, 0x52AC, 0x52AC, 0x52AC, 0x52AC, 0x528B, 0x52AC, 0x52AC, 0x52AC, 0x52AC,
	0x52AC, 0x4A6B, 0x424A, 0x52AC, 0x52AC, 0x52AC, 0x52AC, 0x52AC, 0x52AC, 0x52AC, 0x52AC, 0x52AC,
	0x52AC, 0x52AC, 0x528B, 0x0842, 0x0021, 0x0021, 0x0021, 0x0841, 0x0021, 0x1082, 0x2986, 0x2966,
	0x2946, 0x2946, 0x2945, 0x2945, 0x2945, 0x2945, 0x2945, 0x2945, 0x2945, 0x2945, 0x2945, 0x2945,
	0x2945, 0x2945, 0x2945, 0x2945, 0x2945, 0x2125, 0x2945, 0x2945, 0x2945, 0x2945, 0x2945, 0x2945,
	0x2945, 0x2945, 0x2946, 0x2986, 0x2125, 0x0000, 0x0000, 0x0000, 0x0000, 0x0000, 0x0000, 0x0000,
	0x0000, 0x0000, 0x0000, 0x0000, 0x0000, 0x0000, 0x0000, 0x0000, 0x0000, 0x0000, 0x0000, 0x0000,
	0x0000, 0x0000, 0x0000, 0x0000, 0x0020, 0x2946, 0x2986, 0x2966, 0x2966, 0x2966, 0x2966, 0x2966,
	0x2966, 0x3187, 0x3187, 0x3187, 0x3187, 0x3187, 0x31A7, 0x31A7, 0x3187, 0x31A7, 0x31A7, 0x31A7,
	0x31A7, 0x2987, 0x2987, 0x31A7, 0x31A7, 0x31A7, 0x31A7, 0x31A7, 0x31A7, 0x31A7, 0x31A7, 0x31A7,
	0x31C8, 0x31A7, 0x424A, 0x52AC, 0x52AC, 0x52AC, 0x52AC, 0x52AC, 0x52AC, 0x52AC, 0x528B, 0x528B,
	0x528B, 0x528B, 0x528B, 0x52AC, 0x528B, 0x528B, 0x52AC, 0x52AC, 0x528B, 0x528B, 0x424A, 0x528B,
	0x52AC, 0x52AC, 0x52AC, 0x52AC, 0x52AC, 0x52AC, 0x52AC, 0x52AC, 0x52AC, 0x52AC, 0x4A8B, 0x0841,
	0x0021, 0x0021, 0x0841, 0x0021, 0x1082, 0x2986, 0x2966, 0x2946, 0x2946, 0x2945, 0x2945, 0x2945,
	0x2945, 0x2945, 0x2945, 0x2945, 0x2945, 0x2945, 0x2945, 0x2945, 0x2945, 0x2945, 0x2945, 0x2945,
	0x2945, 0x2125, 0x2125, 0x2945, 0x2945, 0x2945, 0x2945, 0x2945, 0x2945, 0x2945, 0x2945, 0x2946,
	0x3186, 0x0861, 0x0000, 0x0000, 0x0000, 0x0000, 0x0000, 0x0000, 0x0000, 0x0000, 0x0000, 0x0000,
	0x0000, 0x0000, 0x0000, 0x0000, 0x0000, 0x0000, 0x0000, 0x0000, 0x0000, 0x0000, 0x0000, 0x0000,
	0x18C3, 0x3187, 0x2966, 0x2966, 0x2966, 0x2966, 0x2966, 0x2966, 0x2966, 0x3187, 0x2966, 0x31A7,
	0x4208, 0x3187, 0x4A6A, 0x4208, 0x31A7, 0x4A49, 0x2986, 0x31A7, 0x3187, 0x3187, 0x2946, 0x3187,
	0x31A7, 0x31A7, 0x31A7, 0x31A7, 0x31A7, 0x31A7, 0x31A7, 0x31A7, 0x31A7, 0x3187, 0x4A4A, 0x52AC,
	0x52AC, 0x52AC, 0x52AC, 0x52AC, 0x52AC, 0x52AC, 0x528B, 0x528B, 0x52AC, 0x528B, 0x528B, 0x528B,
	0x528B, 0x528B, 0x528B, 0x528B, 0x528B, 0x52AB, 0x4A4A, 0x4A6B, 0x52AC, 0x52AC, 0x52AC, 0x52AC,
	0x52AC, 0x52AC, 0x52AC, 0x52AC, 0x52AC, 0x52AC, 0x4A6B, 0x0841, 0x0021, 0x0841, 0x0021, 0x1082,
	0x2986, 0x2966, 0x2946, 0x2946, 0x2945, 0x2945, 0x2945, 0x2945, 0x2945, 0x2945, 0x2945, 0x2945,
	0x2945, 0x2945, 0x2945, 0x2945, 0x2945, 0x2945, 0x2945, 0x2945, 0x2945, 0x2125, 0x2125, 0x2945,
	0x2945, 0x2945, 0x2945, 0x2945, 0x2945, 0x2945, 0x2945, 0x2945, 0x2966, 0x2125, 0x0000, 0x0000,
	0x0000, 0x0000, 0x0000, 0x0000, 0x0000, 0x0000, 0x0000, 0x0000, 0x0000, 0x0000, 0x0000, 0x0000,
	0x0000, 0x0000, 0x0000, 0x0000, 0x0000, 0x0000, 0x0000, 0x0000, 0x2966, 0x2966, 0x2966, 0x2966,
	0x2966, 0x2966, 0x2966, 0x2966, 0x2966, 0x2966, 0x2966, 0x31A7, 0x4A49, 0x4A49, 0x4A8A, 0x4A6A,
	0x4A6A, 0x4A49, 0x2966, 0x3187, 0x3187, 0x31A7, 0x2946, 0x2966, 0x31A7, 0x3187, 0x3187, 0x3187,
	0x3187, 0x3187, 0x3187, 0x3187, 0x3187, 0x3187, 0x422A, 0x52AC, 0x528B, 0x528B, 0x528B, 0x528B,
	0x528B, 0x528B, 0x528B, 0x528B, 0x528B, 0x528B, 0x528B, 0x4A8B, 0x528B, 0x528B, 0x528B, 0x528B,
	0x528B, 0x528B, 0x4A8B, 0x422A, 0x52AC, 0x528B, 0x52AC, 0x52AC, 0x52AC, 0x52AC, 0x52AC, 0x52AC,
	0x52AC, 0x52AC, 0x4A6B, 0x0841, 0x0021, 0x0021, 0x1082, 0x2986, 0x2966, 0x2946, 0x2946, 0x2945,
	0x2945, 0x2945, 0x2945, 0x2945, 0x2945, 0x2945, 0x2945, 0x2945, 0x2945, 0x2945, 0x2945, 0x2945,
	0x2945, 0x2945, 0x2945, 0x2945, 0x2945, 0x2945, 0x2125, 0x2145, 0x2945, 0x2945, 0x2945, 0x2945,
	0x2945, 0x2945, 0x2945, 0x2945, 0x2946, 0x3187, 0x0861, 0x0000, 0x0000, 0x0000, 0x0000, 0x0000,
	0x0000, 0x0000, 0x0000, 0x0000, 0x0000, 0x0000, 0x0000, 0x0000, 0x0000, 0x0000, 0x0000, 0x0000,
	0x0000, 0x0000, 0x0000, 0x0000, 0x2966, 0x2966, 0x2966, 0x2966, 0x2966, 0x2966, 0x2966, 0x2966,
	0x2946, 0x2946, 0x2946, 0x31A7, 0x4229, 0x31A7, 0x4A6A, 0x4229, 0x39E8, 0x4229, 0x2966, 0x3187,
	0x3187, 0x3187, 0x2966, 0x2946, 0x2986, 0x3187, 0x2986, 0x3187, 0x3187, 0x3187, 0x3187, 0x3187,
	0x3187, 0x3187, 0x424A, 0x52AC, 0x528B, 0x528B, 0x528B, 0x528B, 0x528B, 0x528B, 0x4A8B, 0x528B,
	0x4A8B, 0x4A6B, 0x4A8B, 0x528B, 0x4A8B, 0x528B, 0x4A8B, 0x528B, 0x4A8B, 0x4A8B, 0x528B, 0x422A,
	0x4A6B, 0x528B, 0x528B, 0x528B, 0x528B, 0x528B, 0x528B, 0x52AC, 0x52AC, 0x52AC, 0x4A6B, 0x0862,
	0x0000, 0x1083, 0x3186, 0x2966, 0x2946, 0x2946, 0x2945, 0x2945, 0x2945, 0x2945, 0x2945, 0x2945,
	0x2945, 0x2945, 0x2945, 0x2945, 0x2945, 0x2945, 0x2945, 0x2945, 0x2945, 0x2945, 0x2945, 0x2945,
	0x2945, 0x2945, 0x2125, 0x2125, 0x2945, 0x2945, 0x2945, 0x2945, 0x2945, 0x2945, 0x2945, 0x2145,
	0x2145, 0x2966, 0x2105, 0x0000, 0x0000, 0x0000, 0x0000, 0x0000, 0x0000, 0x0000, 0x0000, 0x0000,
	0x0000, 0x0000, 0x0000, 0x0000, 0x0000, 0x0000, 0x0000, 0x0000, 0x0000, 0x0000, 0x0000, 0x0000,
	0x2946, 0x2966, 0x2966, 0x2966, 0x2966, 0x2966, 0x2966, 0x2946, 0x2945, 0x2946, 0x2145, 0x2966,
	0x31A7, 0x2966, 0x39E8, 0x31A7, 0x2966, 0x39C7, 0x2966, 0x3186, 0x2966, 0x2966, 0x2966, 0x2125,
	0x3186, 0x31A7, 0x31A7, 0x31C7, 0x3187, 0x3187, 0x3187, 0x31A7, 0x31A7, 0x3187, 0x4229, 0x528B,
	0x528B, 0x528B, 0x528B, 0x528B, 0x528B, 0x528B, 0x528B, 0x528B, 0x4A6B, 0x4A8B, 0x4A6B, 0x4A8B,
	0x4A8B, 0x4A6B, 0x4A6B, 0x4A6B, 0x4A6B, 0x4A8B, 0x528B, 0x4A4A, 0x422A, 0x5AED, 0x5AEC, 0x5AEC,
	0x5ACC, 0x52AC, 0x52AC, 0x5AEC, 0x5ACC, 0x52CC, 0x4A6A, 0x0021, 0x1082, 0x3186, 0x2966, 0x2946,
	0x2946, 0x2946, 0x2945, 0x2945, 0x2945, 0x2945, 0x2945, 0x2945, 0x2945, 0x2945, 0x2945, 0x2945,
	0x2945, 0x2945, 0x2945, 0x2945, 0x2945, 0x2945, 0x2945, 0x2945, 0x2925, 0x2145, 0x2125, 0x2105,
	0x2145, 0x2125, 0x2125, 0x2125, 0x2125, 0x2125, 0x2125, 0x2125, 0x2125, 0x2945, 0x2966, 0x0861,
	0x0000, 0x0000, 0x0000, 0x0000, 0x0000, 0x0000, 0x1904, 0x2946, 0x2125, 0x2125, 0x2125, 0x2125,
	0x2125, 0x2125, 0x2125, 0x2125, 0x2945, 0x0861, 0x0000, 0x0000, 0x2125, 0x2125, 0x2125, 0x2125,
	0x2125, 0x2125, 0x2145, 0x2946, 0x2945, 0x2946, 0x2125, 0x2125, 0x2125, 0x2946, 0x2946, 0x2946,
	0x2966, 0x2946, 0x2966, 0x2966, 0x2966, 0x3187, 0x3186, 0x2966, 0x31A7, 0x39E8, 0x39C8, 0x39C8,
	0x31A7, 0x31A7, 0x31A7, 0x31A7, 0x31A7, 0x3186, 0x4209, 0x4A8B, 0x4A6B, 0x4A6B, 0x4A6B, 0x4A6B,
	0x4A8B, 0x4A6B, 0x4A6B, 0x4A6B, 0x4A6B, 0x4A6B, 0x4A6B, 0x4A6B, 0x4A8B, 0x528B, 0x528B, 0x528B,
	0x4A6B, 0x52AB, 0x5ACC, 0x52CC, 0x52AC, 0x632D, 0x6B4E, 0x6B6E, 0x6B4E, 0x630D, 0x630D, 0x5B0D,
	0x5ACC, 0x528B, 0x4229, 0x18E4, 0x2966, 0x2966, 0x2946, 0x2946, 0x2945, 0x2945, 0x2945, 0x2945,
	0x2945, 0x2945, 0x2945, 0x2945, 0x2945, 0x2945, 0x2945, 0x2945, 0x2945, 0x2945, 0x2945, 0x2945,
	0x2945, 0x2945, 0x2945, 0x2945, 0x2125, 0x2125, 0x2125, 0x2125, 0x2125, 0x2125, 0x2125, 0x2125,
	0x2125, 0x2125, 0x2125, 0x2125, 0x2125, 0x2145, 0x2966, 0x2104, 0x0000, 0x0000, 0x0000, 0x0000,
	0x0000, 0x18E4, 0x2966, 0x2945, 0x2945, 0x2945, 0x2945, 0x2945, 0x2945, 0x2945, 0x2945, 0x2945,
	0x2945, 0x2946, 0x0861, 0x0000, 0x2125, 0x2125, 0x2125, 0x2125, 0x2125, 0x2125, 0x2125, 0x2945,
	0x2966, 0x2945, 0x2945, 0x2125, 0x2145, 0x2966, 0x2966, 0x3186, 0x3187, 0x3186, 0x31A7, 0x31A7,
	0x31A7, 0x31A7, 0x39C7, 0x31A7, 0x2966, 0x3186, 0x3186, 0x3186, 0x3187, 0x3187, 0x3187, 0x3186,
	0x3186, 0x2966, 0x39E9, 0x4A6B, 0x4A6B, 0x4A6B, 0x4A6B, 0x4A6B, 0x528B, 0x5ACC, 0x5ACC, 0x4A6B,
	0x4A6B, 0x528B, 0x52AB, 0x52CC, 0x5ACC, 0x5AEC, 0x5AEC, 0x5B0D, 0x5B0D, 0x630D, 0x632D, 0x632D,
	0x5AEC, 0x52AC, 0x5AEC, 0x5AEC, 0x5AEC, 0x5B0D, 0x5AEC, 0x52AC, 0x528B, 0x4A4A, 0x39E8, 0x31A7,
	0x2966, 0x2946, 0x2946, 0x2945, 0x2945, 0x2945, 0x2945, 0x2945, 0x2945, 0x2945, 0x2945, 0x2945,
	0x2945, 0x2945, 0x2945, 0x2945, 0x2945, 0x2945, 0x2945, 0x2945, 0x2945, 0x2945, 0x2945, 0x2945,
	0x2125, 0x2125, 0x2945, 0x2945, 0x2945, 0x2945, 0x2945, 0x2945, 0x2945, 0x2945, 0x2945, 0x2945,
	0x2945, 0x2945, 0x2946, 0x2966, 0x0861, 0x0000, 0x0000, 0x0000, 0x18E4, 0x2966, 0x2145, 0x2945,
	0x2945, 0x2945, 0x2945, 0x2945, 0x2945, 0x2945, 0x2945, 0x2945, 0x2945, 0x2945, 0x2946, 0x0862,
	0x2125, 0x2125, 0x2125, 0x2125, 0x2125, 0x2125, 0x2125, 0x2945, 0x3187, 0x3186, 0x2966, 0x2966,
	0x2986, 0x2966, 0x3186, 0x3186, 0x31A7, 0x3186, 0x31A7, 0x31A7, 0x3186, 0x3186, 0x3187, 0x2966,
	0x3186, 0x31A7, 0x3186, 0x3187, 0x3187, 0x3186, 0x3186, 0x3187, 0x3187, 0x2986, 0x4209, 0x4A6B,
	0x4A6A, 0x4A6B, 0x4A4A, 0x4A6A, 0x5AEC, 0x630D, 0x630D, 0x5B0D, 0x5AEC, 0x5AEC, 0x630D, 0x630D,
	0x5AEC, 0x5AEC, 0x5AEC, 0x5AEC, 0x5AEC, 0x630D, 0x630D, 0x5AEC, 0x5ACC, 0x5B0D, 0x5B0D, 0x630D,
	0x630D, 0x630D, 0x5AEC, 0x5ACC, 0x4A6B, 0x4229, 0x31A7, 0x2966, 0x2966, 0x2946, 0x2945, 0x2945,
	0x2945, 0x2945, 0x2945, 0x2945, 0x2945, 0x2945, 0x2945, 0x2945, 0x2945, 0x2945, 0x2945, 0x2945,
	0x2945, 0x2945, 0x2945, 0x2945, 0x2945, 0x2945, 0x2945, 0x2945, 0x2125, 0x2125, 0x2945, 0x2945,
	0x2945, 0x2945, 0x2145, 0x2945, 0x2945, 0x2945, 0x2945, 0x2945, 0x2945, 0x2945, 0x2945, 0x2966,
	0x2104, 0x0000, 0x0000, 0x18E4, 0x2966, 0x2145, 0x2945, 0x2945, 0x2945, 0x2945, 0x2945, 0x2945,
	0x2945, 0x2945, 0x2945, 0x2945, 0x2945, 0x2945, 0x2946, 0x2966, 0x2125, 0x2125, 0x2125, 0x2125,
	0x2125, 0x2125, 0x2105, 0x2125, 0x2966, 0x3186, 0x2966, 0x2966, 0x2966, 0x3186, 0x3186, 0x2966,
	0x2966, 0x2966, 0x3186, 0x3186, 0x3186, 0x3186, 0x3186, 0x2966, 0x3186, 0x3186, 0x2966, 0x3186,
	0x3186, 0x3187, 0x3186, 0x31A7, 0x2966, 0x2945, 0x3A08, 0x4A6B, 0x4A4A, 0x4A4A, 0x4A4A, 0x4A4A,
	0x5AEC, 0x5ACC, 0x5AEC, 0x5AEC, 0x5ACC, 0x5ACC, 0x5ACC, 0x5ACC, 0x5ACC, 0x5ACC, 0x5ACC, 0x5ACC,
	0x5ACC, 0x5AEC, 0x5B0D, 0x5ACC, 0x52AB, 0x630D, 0x5AEC, 0x630D, 0x630D, 0x630D, 0x5AEC, 0x52AB,
	0x4249, 0x39E8, 0x3187, 0x2966, 0x2946, 0x2945, 0x2945, 0x2945, 0x2945, 0x2945, 0x2945, 0x2945,
	0x2945, 0x2945, 0x2945, 0x2945, 0x2945, 0x2945, 0x2945, 0x2945, 0x2945, 0x2945, 0x2945, 0x2945,
	0x2945, 0x2945, 0x2945, 0x2945, 0x2945, 0x2125, 0x2125, 0x2945, 0x2945, 0x2945, 0x2945, 0x2945,
	0x2945, 0x2945, 0x2945, 0x2945, 0x2945, 0x2945, 0x2945, 0x2945, 0x2945, 0x10A3, 0x18E4, 0x2966,
	0x2145, 0x2945, 0x2945, 0x2945, 0x2945, 0x2945, 0x2945, 0x2945, 0x2945, 0x2945, 0x2945, 0x2945,
	0x2945, 0x2945, 0x2945, 0x2946, 0x2125, 0x2125, 0x2125, 0x2125, 0x2125, 0x2125, 0x2125, 0x2125,
	0x2945, 0x2966, 0x2966, 0x2966, 0x3186, 0x2966, 0x2966, 0x3186, 0x2966, 0x2966, 0x3186, 0x3186,
	0x2966, 0x2966, 0x3186, 0x2946, 0x2966, 0x2986, 0x2986, 0x2966, 0x2966, 0x3186, 0x2986, 0x2945,
	0x2945, 0x2125, 0x3186, 0x4A4A, 0x4A4A, 0x4A4A, 0x4A4A, 0x4A6A, 0x5ACC, 0x5ACC, 0x5AEC, 0x5ACC,
	0x5ACC, 0x5ACB, 0x5ACB, 0x5ACB, 0x5ACC, 0x5ACC, 0x5ACC, 0x52AB, 0x52AB, 0x52AB, 0x52AB, 0x52AB,
	0x52AB, 0x5ACC, 0x5ACC, 0x5AEC, 0x5ACC, 0x5ACC, 0x528B, 0x4229, 0x39E8, 0x39C7, 0x2966, 0x2946,
	0x2945, 0x2945, 0x2945, 0x2945, 0x2945, 0x2945, 0x2945, 0x2945, 0x2945, 0x2945, 0x2945, 0x2945,
	0x2945, 0x2145, 0x2945, 0x2945, 0x2945, 0x2945, 0x2945, 0x2945, 0x2945, 0x2945, 0x2945, 0x2945,
	0x2945, 0x2125, 0x2125, 0x2945, 0x2945, 0x2945, 0x2945, 0x2945, 0x2945, 0x2945, 0x2945, 0x2945,
	0x2945, 0x2945, 0x2945, 0x2945, 0x2945, 0x2966, 0x2946, 0x2145, 0x2945, 0x2945, 0x2945, 0x2945,
	0x2945, 0x2945, 0x2945, 0x2945, 0x2945, 0x2945, 0x2945, 0x2945, 0x2945, 0x2945, 0x2945, 0x2946,
	0x2125, 0x2125, 0x2125, 0x2125, 0x2125, 0x2125, 0x2125, 0x2145, 0x2945, 0x2966, 0x2966, 0x2966,
	0x3186, 0x3186, 0x2966, 0x2986, 0x2966, 0x2966, 0x3186, 0x3186, 0x2966, 0x2966, 0x3186, 0x2966,
	0x2966, 0x2986, 0x3186, 0x2966, 0x2966, 0x3186, 0x2966, 0x2124, 0x2145, 0x2125, 0x2966, 0x4A4A,
	0x4A4A, 0x4A4A, 0x4A4A, 0x4A6B, 0x52CC, 0x5ACC, 0x5AEC, 0x5ACC, 0x5ACC, 0x5ACC, 0x5ACC, 0x5ACB,
	0x5ACC, 0x5ACC, 0x5ACC, 0x52AB, 0x52AB, 0x52AB, 0x52AB, 0x52AB, 0x52AB, 0x5ACC, 0x5AEC, 0x5ACC,
	0x52AB, 0x528B, 0x4A4A, 0x4209, 0x39C8, 0x2966, 0x2946, 0x2945, 0x2945, 0x2945, 0x2145, 0x2145,
	0x2945, 0x2945, 0x2945, 0x2945, 0x2945, 0x2145, 0x2945, 0x2945, 0x2145, 0x2145, 0x2945, 0x2945,
	0x2945, 0x2945, 0x2945, 0x2945, 0x2945, 0x2945, 0x2945, 0x2945, 0x2945, 0x2145, 0x2125, 0x2945,
	0x2945, 0x2945, 0x2945, 0x2945, 0x2945, 0x2945, 0x2945, 0x2945, 0x2945, 0x2945, 0x2945, 0x2945,
	0x2945, 0x2145, 0x2945, 0x2945, 0x2945, 0x2945, 0x2945, 0x2945, 0x2945, 0x2945, 0x2945, 0x2945,
	0x2945, 0x2945, 0x2945, 0x2945, 0x2945, 0x2945, 0x2945, 0x2946, 0x2125, 0x2125, 0x2125, 0x2125,
	0x2125, 0x2125, 0x2125, 0x2125, 0x2945, 0x2966, 0x2966, 0x2966, 0x3186, 0x2966, 0x2966, 0x2966,
	0x2966, 0x2966, 0x2986, 0x3186, 0x2966, 0x2966, 0x2966, 0x2966, 0x2966, 0x2966, 0x2966, 0x2966,
	0x2966, 0x3186, 0x2945, 0x2124, 0x2125, 0x2125, 0x2966, 0x4229, 0x4A4A, 0x4A4A, 0x4A4A, 0x4A6A,
	0x52AB, 0x5ACC, 0x5ACC, 0x5ACC, 0x5ACC, 0x52AB, 0x52AB, 0x52AB, 0x52AB, 0x5ACC, 0x5ACB, 0x52AB,
	0x52AB, 0x52AB, 0x52AB, 0x52AB, 0x52AB, 0x5ACB, 0x5ACC, 0x52CB, 0x4A8A, 0x4A4A, 0x4209, 0x39C8,
	0x3186, 0x2966, 0x2946, 0x2945, 0x2945, 0x2145, 0x2145, 0x2145, 0x2945, 0x2945, 0x2945, 0x2945,
	0x2945, 0x2945, 0x2145, 0x2945, 0x2945, 0x2945, 0x2945, 0x2945, 0x2945, 0x2945, 0x2945, 0x2945,
	0x2945, 0x2945, 0x2945, 0x2945, 0x2945, 0x2945, 0x2125, 0x2145, 0x2945, 0x2945, 0x2945, 0x2945,
	0x2945, 0x2945, 0x2945, 0x2945, 0x2945, 0x2945, 0x2945, 0x2945, 0x2945, 0x2945, 0x2945, 0x2945,
	0x2945, 0x2945, 0x2945, 0x2945, 0x2945, 0x2945, 0x2945, 0x2945, 0x2945, 0x2945, 0x2945, 0x2945,
	0x2945, 0x2945, 0x2945, 0x2945, 0x0841, 0x2125, 0x2945, 0x2945, 0x2945, 0x2145, 0x2945, 0x2946,
	0x2966, 0x3186, 0x3186, 0x3186, 0x31A7, 0x31A7, 0x3186, 0x31A6, 0x3186, 0x3186, 0x31A7, 0x31A7,
	0x3186, 0x3187, 0x31A7, 0x3186, 0x3187, 0x31A7, 0x31A7, 0x3187, 0x3187, 0x31A7, 0x2966, 0x2145,
	0x2145, 0x2125, 0x2966, 0x4A6A, 0x528B, 0x528B, 0x528B, 0x52AC, 0x5AED, 0x630D, 0x632D, 0x630D,
	0x630D, 0x630D, 0x5AED, 0x5AEC, 0x630D, 0x630D, 0x630D, 0x5AEC, 0x5AEC, 0x5AEC, 0x5AEC, 0x5AEC,
	0x5AEC, 0x630D, 0x5AEC, 0x5ACC, 0x4A6A, 0x3A08, 0x31A7, 0x2986, 0x2966, 0x2946, 0x2945, 0x2145,
	0x2145, 0x2145, 0x2145, 0x2145, 0x2945, 0x2945, 0x2145, 0x2145, 0x2145, 0x2945, 0x2945, 0x2945,
	0x2945, 0x2945, 0x2945, 0x2945, 0x2945, 0x2945, 0x2945, 0x2945, 0x2945, 0x2945, 0x2945, 0x2145,
	0x2945, 0x2945, 0x2125, 0x2125, 0x2945, 0x2945, 0x2945, 0x2945, 0x2145, 0x2945, 0x2945, 0x2945,
	0x2945, 0x2945, 0x2945, 0x2945, 0x2945, 0x2945, 0x2945, 0x2945, 0x2945, 0x2945, 0x2945, 0x2945,
	0x2945, 0x2945, 0x2945, 0x2945, 0x2945, 0x2945, 0x2945, 0x2945, 0x2945, 0x2945, 0x2945, 0x2945,
	0x0000, 0x0841, 0x10A2, 0x1082, 0x1082, 0x1082, 0x1082, 0x10A2, 0x10A2, 0x10A3, 0x10A3, 0x10A3,
	0x18C3, 0x18C3, 0x10A3, 0x10C3, 0x10A3, 0x10A3, 0x18C3, 0x18C3, 0x10A3, 0x10A3, 0x18C3, 0x10A3,
	0x10A3, 0x10C3, 0x18C3, 0x10A3, 0x10A3, 0x18C3, 0x10A2, 0x1082, 0x1082, 0x1082, 0x10A2, 0x2105,
	0x2125, 0x2125, 0x2125, 0x2145, 0x2966, 0x2966, 0x2966, 0x2966, 0x2966, 0x2966, 0x2966, 0x2965,
	0x2966, 0x2966, 0x2966, 0x2945, 0x2945, 0x2945, 0x2945, 0x2945, 0x2945, 0x2965, 0x2945, 0x2125,
	0x2104, 0x3186, 0x2966, 0x2966, 0x2946, 0x2945, 0x2145, 0x2145, 0x2145, 0x2145, 0x2145, 0x2945,
	0x2945, 0x2145, 0x2145, 0x2945, 0x2145, 0x2945, 0x2145, 0x2945, 0x2945, 0x2945, 0x2945, 0x2945,
	0x2945, 0x2945, 0x2145, 0x2945, 0x2145, 0x2145, 0x2945, 0x2945, 0x2945, 0x2945, 0x2125, 0x2125,
	0x2945, 0x2945, 0x2945, 0x2945, 0x2945, 0x2945, 0x2945, 0x2945, 0x2945, 0x2945, 0x2945, 0x2945,
	0x2945, 0x2945, 0x2945, 0x2945, 0x2945, 0x2945, 0x2945, 0x2945, 0x2945, 0x2945, 0x2945, 0x2945,
	0x2945, 0x2945, 0x2945, 0x2945, 0x2945, 0x2945, 0x2945, 0x2945, 0x0000, 0x0000, 0x0000, 0x0000,
	0x0000, 0x0000, 0x0000, 0x0000, 0x0000, 0x0000, 0x0000, 0x0000, 0x0000, 0x0000, 0x0000, 0x0000,
	0x0000, 0x0000, 0x0000, 0x0000, 0x0000, 0x0000, 0x0000, 0x0000, 0x0000, 0x0000, 0x0000, 0x0000,
	0x0000, 0x0000, 0x0000, 0x0000, 0x0000, 0x0000, 0x0000, 0x0000, 0x0000, 0x0000, 0x0000, 0x0000,
	0x0000, 0x0000, 0x0000, 0x0000, 0x0000, 0x0000, 0x0000, 0x0000, 0x0000, 0x0000, 0x0000, 0x0000,
	0x0000, 0x0000, 0x0000, 0x0000, 0x0000, 0x0000, 0x0000, 0x0000, 0x18E4, 0x2986, 0x2946, 0x2945,
	0x2945, 0x2945, 0x2145, 0x2945, 0x2945, 0x2145, 0x2125, 0x2945, 0x2145, 0x2945, 0x2145, 0x2945,
	0x2945, 0x2945, 0x2145, 0x2945, 0x2945, 0x2945, 0x2145, 0x2145, 0x2945, 0x2145, 0x2945, 0x2945,
	0x2145, 0x2145, 0x2945, 0x2945, 0x2145, 0x2145, 0x2945, 0x2125, 0x2125, 0x2945, 0x2945, 0x2945,
	0x2945, 0x2945, 0x2945, 0x2945, 0x2945, 0x2945, 0x2945, 0x2945, 0x2945, 0x2945, 0x2945, 0x2945,
	0x2945, 0x2945, 0x2945, 0x2945, 0x2945, 0x2945, 0x2945, 0x2945, 0x2945, 0x2945, 0x2945, 0x2945,
	0x2945, 0x2945, 0x2945, 0x2945, 0x0000, 0x0000, 0x0000, 0x0000, 0x0000, 0x0000, 0x0000, 0x0000,
	0x0000, 0x0000, 0x0000, 0x0000, 0x0000, 0x0000, 0x0000, 0x0000, 0x0000, 0x0000, 0x0000, 0x0000,
	0x0000, 0x0000, 0x0000, 0x0000, 0x0000, 0x0000, 0x0000, 0x0000, 0x0000, 0x0000, 0x0000, 0x0000,
	0x0000, 0x0000, 0x0000, 0x0000, 0x0000, 0x0000, 0x0000, 0x0000, 0x0000, 0x0000, 0x0000, 0x0000,
	0x0000, 0x0000, 0x0000, 0x0000, 0x0000, 0x0000, 0x0000, 0x0000, 0x0000, 0x0000, 0x0000, 0x0000,
	0x0000, 0x0000, 0x0000, 0x2125, 0x3187, 0x2946, 0x2945, 0x2145, 0x2145, 0x2145, 0x2125, 0x2145,
	0x2945, 0x2145, 0x2145, 0x2145, 0x2145, 0x2945, 0x2125, 0x2145, 0x2145, 0x2945, 0x2145, 0x2945,
	0x2145, 0x2145, 0x2145, 0x2145, 0x2945, 0x2945, 0x2945, 0x2945, 0x2945, 0x2945, 0x2945, 0x2145,
	0x2145, 0x2125, 0x2945, 0x2125, 0x2125, 0x2945, 0x2945, 0x2945, 0x2945, 0x2945, 0x2145, 0x2945,
	0x2945, 0x2945, 0x2145, 0x2945, 0x2945, 0x2945, 0x2945, 0x2945, 0x2945, 0x2945, 0x2945, 0x2945,
	0x2945, 0x2945, 0x2945, 0x2945, 0x2945, 0x2945, 0x2945, 0x2945, 0x2945, 0x2945, 0x2945, 0x2945,
	0x0000, 0x0000, 0x0000, 0x0000, 0x0000, 0x0000, 0x0000, 0x0000, 0x0000, 0x0000, 0x0000, 0x0000,
	0x0000, 0x0000, 0x0000, 0x0000, 0x0000, 0x0000, 0x0000, 0x0000, 0x0000, 0x0000, 0x0000, 0x0000,
	0x0000, 0x0000, 0x0000, 0x0000, 0x0000, 0x0000, 0x0000, 0x0000, 0x0000, 0x0000, 0x0000, 0x0000,
	0x0000, 0x0000, 0x0000, 0x0000, 0x0000, 0x0000, 0x0000, 0x0000, 0x0000, 0x0000, 0x0000, 0x0000,
	0x0000, 0x0000, 0x0000, 0x0000, 0x0000, 0x0000, 0x0000, 0x0000, 0x0000, 0x0000, 0x2105, 0x3187,
	0x2945, 0x2945, 0x2145, 0x2125, 0x2125, 0x2125, 0x2125, 0x2145, 0x2145, 0x2125, 0x2145, 0x2145,
	0x2125, 0x2145, 0x2145, 0x2945, 0x2945, 0x2145, 0x2145, 0x2145, 0x2145, 0x2145, 0x2145, 0x2145,
	0x2945, 0x2125, 0x2945, 0x2145, 0x2145, 0x2145, 0x2945, 0x2145, 0x2945, 0x2945, 0x2945, 0x2125,
	0x2125, 0x2945, 0x2125, 0x2145, 0x2945, 0x2945, 0x2945, 0x2145, 0x2145, 0x2145, 0x2945, 0x2945,
	0x2945, 0x2945, 0x2945, 0x2945, 0x2945, 0x2945, 0x2945, 0x2945, 0x2945, 0x2945, 0x2945, 0x2945,
	0x2945, 0x2945, 0x2945, 0x2945, 0x2945, 0x2945, 0x2945, 0x2945, 0x0000, 0x0000, 0x0000, 0x0000,
	0x0000, 0x0000, 0x0000, 0x0000, 0x0000, 0x0000, 0x0000, 0x0000, 0x0000, 0x0000, 0x0000, 0x0000,
	0x0000, 0x0000, 0x0000, 0x0000, 0x0000, 0x0000, 0x0000, 0x0000, 0x0000, 0x0000, 0x0000, 0x0000,
	0x0000, 0x0000, 0x0000, 0x0000, 0x0000, 0x0000, 0x0000, 0x0000, 0x0000, 0x0000, 0x0000, 0x0000,
	0x0000, 0x0000, 0x0000, 0x0000, 0x0000, 0x0000, 0x0000, 0x0000, 0x0000, 0x0000, 0x0000, 0x0000,
	0x0000, 0x0000, 0x0000, 0x0000, 0x0000, 0x2105, 0x3187, 0x2945, 0x2945, 0x2145, 0x2125, 0x2145,
	0x2125, 0x2125, 0x2125, 0x2145, 0x2125, 0x2125, 0x2145, 0x2125, 0x2125, 0x2145, 0x2125, 0x2125,
	0x2945, 0x2145, 0x2145, 0x2945, 0x2145, 0x2145, 0x2125, 0x2125, 0x2125, 0x2125, 0x2145, 0x2125,
	0x2145, 0x2125, 0x2145, 0x2145, 0x2945, 0x2945, 0x2945, 0x2945, 0x2125, 0x2125, 0x2945, 0x2125,
	0x2945, 0x2945, 0x2945, 0x2945, 0x2125, 0x2125, 0x2945, 0x2945, 0x2945, 0x2945, 0x2945, 0x2945,
	0x2945, 0x2945, 0x2945, 0x2945, 0x2945, 0x2945, 0x2945, 0x2945, 0x2945, 0x2945, 0x2945, 0x2945,
	0x2945, 0x2945, 0x2945, 0x2945, 0x0000, 0x0000, 0x0000, 0x0000, 0x0000, 0x0000, 0x0000, 0x0000,
	0x0000, 0x0000, 0x0000, 0x0000, 0x0000, 0x0000, 0x0000, 0x0000, 0x0000, 0x0000, 0x0000, 0x0000,
	0x0000, 0x0000, 0x0000, 0x0000, 0x0000, 0x0000, 0x0000, 0x0000, 0x0000, 0x0000, 0x0000, 0x0000,
	0x0000, 0x0000, 0x0000, 0x0000, 0x0000, 0x0000, 0x0000, 0x0000, 0x0000, 0x0000, 0x0000, 0x0000,
	0x0000, 0x0000, 0x0000, 0x0000, 0x0000, 0x0000, 0x0000, 0x0000, 0x0000, 0x0000, 0x0000, 0x0000,
	0x2105, 0x3187, 0x2946, 0x2945, 0x2125, 0x2125, 0x2125, 0x2125, 0x2125, 0x2125, 0x2125, 0x2145,
	0x2145, 0x2145, 0x2145, 0x2125, 0x2125, 0x2125, 0x2125, 0x2125, 0x2125, 0x2145, 0x2125, 0x2125,
	0x2945, 0x2145, 0x2145, 0x2945, 0x2945, 0x2145, 0x2145, 0x2125, 0x2125, 0x2145, 0x2145, 0x2145,
	0x2125, 0x2945, 0x2945, 0x2945, 0x2125, 0x2125, 0x2945, 0x2945, 0x2945, 0x2145, 0x2945, 0x2125,
	0x2125, 0x2145, 0x2945, 0x2945, 0x2945, 0x2945, 0x2945, 0x2945, 0x2945, 0x2945, 0x2945, 0x2945,
	0x2945, 0x2945, 0x2945, 0x2945, 0x2945, 0x2945, 0x2945, 0x2945, 0x2945, 0x2945, 0x2945, 0x2945,
	0x0000, 0x0000, 0x0000, 0x0000, 0x0000, 0x0000, 0x0000, 0x0000, 0x0000, 0x0000, 0x0000, 0x0000,
	0x0000, 0x0000, 0x0000, 0x0000, 0x0000, 0x0000, 0x0000, 0x0000, 0x0000, 0x0000, 0x0000, 0x0000,
	0x0000, 0x0000, 0x0000, 0x0000, 0x0000, 0x0000, 0x0000, 0x0000, 0x0000, 0x0000, 0x0000, 0x0000,
	0x0000, 0x0000, 0x0000, 0x0000, 0x0000, 0x0000, 0x0000, 0x0000, 0x0000, 0x0000, 0x0000, 0x0000,
	0x0000, 0x0000, 0x0000, 0x0000, 0x0000, 0x0000, 0x0000, 0x2104, 0x3187, 0x2946, 0x2945, 0x2145,
	0x2125, 0x2125, 0x2125, 0x2125, 0x2125, 0x2125, 0x2125, 0x2125, 0x2125, 0x2125, 0x2125, 0x2145,
	0x2125, 0x2125, 0x2125, 0x2125, 0x2125, 0x2125, 0x2125, 0x2145, 0x2145, 0x2125, 0x2125, 0x2145,
	0x2145, 0x2125, 0x2125, 0x2125, 0x2945, 0x2125, 0x2145, 0x2125, 0x2145, 0x2125, 0x2145, 0x2145,
	0x2125, 0x2125, 0x2145, 0x2945, 0x2145, 0x2945, 0x2125, 0x2125, 0x2125, 0x2945, 0x2145, 0x2945,
	0x2945, 0x2945, 0x2945, 0x2945, 0x2945, 0x2945, 0x2945, 0x2945, 0x2945, 0x2945, 0x2945, 0x2945,
	0x2945, 0x2945, 0x2945, 0x2945, 0x2945, 0x2945, 0x2945, 0x2946, 0x0000, 0x0000, 0x0000, 0x0000,
	0x0000, 0x0000, 0x0000, 0x0000, 0x0000, 0x0000, 0x0000, 0x0000, 0x0000, 0x0000, 0x0000, 0x0000,
	0x0000, 0x0000, 0x0000, 0x0000, 0x0000, 0x0000, 0x0000, 0x0000, 0x0000, 0x0000, 0x0000, 0x0000,
	0x0000, 0x0000, 0x0000, 0x0000, 0x0000, 0x0000, 0x0000, 0x0000, 0x0000, 0x0000, 0x0000, 0x0000,
	0x0000, 0x0000, 0x0000, 0x0000, 0x0000, 0x0000, 0x0000, 0x0000, 0x0000, 0x0000, 0x0000, 0x0000,
	0x0000, 0x0000, 0x2104, 0x3187, 0x2946, 0x2945, 0x2125, 0x2125, 0x2125, 0x2125, 0x2125, 0x2125,
	0x2125, 0x2125, 0x2125, 0x2125, 0x2125, 0x2125, 0x2125, 0x2125, 0x2125, 0x2125, 0x2125, 0x2125,
	0x2125, 0x2125, 0x2125, 0x2125, 0x2125, 0x2125, 0x2125, 0x2125, 0x2125, 0x2125, 0x2125, 0x2125,
	0x2125, 0x2125, 0x2125, 0x2145, 0x2145, 0x2125, 0x2125, 0x2125, 0x2125, 0x2105, 0x2125, 0x2125,
	0x2145, 0x2125, 0x2125, 0x2125, 0x2945, 0x2945, 0x2145, 0x2145, 0x2945, 0x2145, 0x2145, 0x2145,
	0x2945, 0x2945, 0x2945, 0x2945, 0x2945, 0x2945, 0x2945, 0x2945, 0x2945, 0x2945, 0x2945, 0x2945,
	0x2945, 0x2945, 0x2946, 0x2966, 0x0000, 0x0000, 0x0000, 0x0000, 0x0000, 0x0000, 0x0000, 0x0000,
	0x0000, 0x0000, 0x0000, 0x0000, 0x0000, 0x0000, 0x0000, 0x0000, 0x0000, 0x0000, 0x0000, 0x0000,
	0x0000, 0x0000, 0x0000, 0x0000, 0x0000, 0x0000, 0x0000, 0x0000, 0x0000, 0x0000, 0x0000, 0x0000,
	0x0000, 0x0000, 0x0000, 0x0000, 0x0000, 0x0000, 0x0000, 0x0000, 0x0000, 0x0000, 0x0000, 0x0000,
	0x0000, 0x0000, 0x0000, 0x0000, 0x0000, 0x0000, 0x0000, 0x0000, 0x0000, 0x0000, 0x0862, 0x2966,
	0x2966, 0x2145, 0x2125, 0x2125, 0x2125, 0x2125, 0x2125, 0x2125, 0x2125, 0x2125, 0x2125, 0x2125,
	0x2125, 0x2125, 0x2125, 0x2125, 0x2125, 0x2125, 0x2125, 0x2125, 0x2125, 0x2125, 0x2125, 0x2125,
	0x2125, 0x2125, 0x2125, 0x2125, 0x2125, 0x2125, 0x2125, 0x2125, 0x2125, 0x2125, 0x2125, 0x2125,
	0x2125, 0x2125, 0x2125, 0x2145, 0x2145, 0x2125, 0x2125, 0x2945, 0x2125, 0x2125, 0x2145, 0x2945,
	0x2145, 0x2125, 0x2925, 0x2945, 0x2145, 0x2145, 0x2945, 0x2145, 0x2945, 0x2945, 0x2945, 0x2945,
	0x2945, 0x2945, 0x2945, 0x2945, 0x2945, 0x2945, 0x2945, 0x2945, 0x2945, 0x2945, 0x2966, 0x0862,
	0x0000, 0x0000, 0x0000, 0x0000, 0x0000, 0x0000, 0x0000, 0x0000, 0x0000, 0x0000, 0x0000, 0x0000,
	0x0000, 0x0000, 0x0000, 0x0000, 0x0000, 0x0000, 0x0000, 0x0000, 0x0000, 0x0000, 0x0000, 0x0000,
	0x0000, 0x0000, 0x0000, 0x0000, 0x0000, 0x0000, 0x0000, 0x0000, 0x0000, 0x0000, 0x0000, 0x0000,
	0x0000, 0x0000, 0x0000, 0x0000, 0x0000, 0x0000, 0x0000, 0x0000, 0x0000, 0x0000, 0x0000, 0x0000,
	0x0000, 0x0000, 0x0000, 0x0000, 0x0000, 0x0000, 0x0000, 0x0862, 0x2966, 0x2945, 0x2125, 0x2125,
	0x2125, 0x2125, 0x2125, 0x2125, 0x2125, 0x2125, 0x2125, 0x2125, 0x2125, 0x2125, 0x2125, 0x2125,
	0x2125, 0x2125, 0x2125, 0x2125, 0x2125, 0x2125, 0x2125, 0x2125, 0x2125, 0x2125, 0x2125, 0x2125,
	0x2125, 0x2125, 0x2125, 0x2125, 0x2945, 0x2125, 0x2125, 0x2125, 0x2125, 0x2125, 0x2145, 0x2125,
	0x2945, 0x2125, 0x2105, 0x2125, 0x2125, 0x2125, 0x2945, 0x2145, 0x2145, 0x2145, 0x2125, 0x2145,
	0x2145, 0x2945, 0x2945, 0x2945, 0x2945, 0x2945, 0x2945, 0x2945, 0x2945, 0x2945, 0x2945, 0x2945,
	0x2945, 0x2945, 0x2945, 0x2945, 0x2946, 0x2966, 0x0861, 0x0000, 0x0000, 0x0000, 0x0000, 0x0000,
	0x0000, 0x0000, 0x0000, 0x0000, 0x0000, 0x0000, 0x0000, 0x0000, 0x0000, 0x0000, 0x0000, 0x0000,
	0x0000, 0x0000, 0x0000, 0x0000, 0x0000, 0x0000, 0x0000, 0x0000, 0x0000, 0x0000, 0x0000, 0x0000,
	0x0000, 0x0000, 0x0000, 0x0000, 0x0000, 0x0000, 0x0000, 0x0000, 0x0000, 0x0000, 0x0000, 0x0000,
	0x0000, 0x0000, 0x0000, 0x0000, 0x0000, 0x0000, 0x0000, 0x0000, 0x0000, 0x0000, 0x0000, 0x0000,
	0x0000, 0x0000, 0x0000, 0x0000, 0x0841, 0x2125, 0x2145, 0x2145, 0x2125, 0x2125, 0x2125, 0x2125,
	0x2125, 0x2125, 0x2125, 0x2125, 0x2125, 0x2125, 0x2125, 0x2125, 0x2125, 0x2125, 0x2125, 0x2125,
	0x2125, 0x2125, 0x2125, 0x2125, 0x2125, 0x2125, 0x2125, 0x2125, 0x2145, 0x2125, 0x2125, 0x2945,
	0x2945, 0x2125, 0x2125, 0x2125, 0x2125, 0x2125, 0x2125, 0x2125, 0x2125, 0x2125, 0x2105, 0x2105,
	0x2105, 0x2125, 0x2125, 0x2125, 0x2125, 0x2125, 0x2125, 0x2125, 0x2125, 0x2125, 0x2125, 0x2125,
	0x2125, 0x2125, 0x2125, 0x2125, 0x2125, 0x2125, 0x2125, 0x2125, 0x2945, 0x2945, 0x2945, 0x2945,
	0x2946, 0x0861, 0x0000, 0x0000, 0x0000, 0x0000, 0x0000, 0x0000, 0x0000, 0x0000, 0x0000, 0x0000,
	0x0000, 0x0000, 0x0000, 0x0000, 0x0000, 0x0000, 0x0000, 0x0000, 0x0000, 0x0000, 0x0000, 0x0000,
	0x0000, 0x0000, 0x0000, 0x0000, 0x0000, 0x0000, 0x0000, 0x0000, 0x0000, 0x0000, 0x0000, 0x0000,
	0x0000, 0x0000, 0x0000, 0x0000, 0x0000, 0x0000, 0x0000, 0x0000, 0x0000, 0x0000, 0x18C3, 0x18C3,
	0x18C3, 0x18C3, 0x18C3, 0x10C3, 0x10C3, 0x10A3, 0x10A3, 0x10A3, 0x10A3, 0x10A3, 0x10A3, 0x10A3,
	0x10A3, 0x2104, 0x2966, 0x2946, 0x2946, 0x2946, 0x2946, 0x2946, 0x2946, 0x2946, 0x2946, 0x2945,
	0x2946, 0x2946, 0x2946, 0x2945, 0x2946, 0x2945, 0x2945, 0x2945, 0x2945, 0x2945, 0x2945, 0x2945,
	0x2945, 0x2945, 0x2945, 0x2946, 0x2945, 0x2945, 0x2945, 0x2945, 0x2945, 0x2145, 0x2125, 0x2125,
	0x2125, 0x2125, 0x2125, 0x2125, 0x2125, 0x2125, 0x2125, 0x2125, 0x2105, 0x2105, 0x2125, 0x2105,
	0x2105, 0x2105, 0x2105, 0x2125, 0x2105, 0x2125, 0x2125, 0x2125, 0x2125, 0x2125, 0x2125, 0x2125,
	0x2125, 0x2125, 0x2125, 0x2125, 0x2105, 0x2125, 0x2945, 0x2946, 0x0861, 0x0000, 0x0000, 0x0000,
	0x0000, 0x0000, 0x0000, 0x0000, 0x0000, 0x0000, 0x0000, 0x0000, 0x0000, 0x0000, 0x0000, 0x0000,
	0x0000, 0x0000, 0x0000, 0x0000, 0x0000, 0x0000, 0x0000, 0x0000, 0x0000, 0x0000, 0x0000, 0x0000,
	0x0000, 0x0000, 0x0000, 0x0000, 0x0000, 0x0000, 0x0000, 0x0000, 0x0000, 0x0000, 0x0000, 0x0000,
	0x0000, 0x0000, 0x0000, 0x0000, 0x0000, 0x2125, 0x39C7, 0x31A7, 0x31A7, 0x3187, 0x3187, 0x2986,
	0x2966, 0x2966, 0x2966, 0x2966, 0x2966, 0x2966, 0x2966, 0x2966, 0x2966, 0x2946, 0x2946, 0x2946,
	0x2946, 0x2946, 0x2946, 0x2946, 0x2946, 0x2966, 0x2966, 0x2946, 0x2966, 0x2966, 0x2966, 0x2966,
	0x2966, 0x2966, 0x2966, 0x2966, 0x2966, 0x2966, 0x2966, 0x2966, 0x2966, 0x2966, 0x2966, 0x2966,
	0x2966, 0x2946, 0x2946, 0x2966, 0x2946, 0x2946, 0x2946, 0x2945, 0x2945, 0x2945, 0x2945, 0x2145,
	0x2945, 0x2945, 0x2125, 0x2125, 0x2125, 0x2125, 0x2125, 0x2145, 0x2145, 0x2125, 0x2125, 0x2125,
	0x2125, 0x2125, 0x2125, 0x2125, 0x2125, 0x2125, 0x2145, 0x2945, 0x2945, 0x2945, 0x2945, 0x2945,
	0x2125, 0x2125, 0x2945, 0x0861, 0x0000, 0x0000, 0x0000, 0x0000, 0x0000, 0x0000, 0x0000, 0x0000,
	0x0000, 0x0000, 0x0000, 0x0000, 0x0000, 0x0000, 0x0000, 0x0000, 0x0000, 0x0000, 0x0000, 0x0000,
	0x0000, 0x0000, 0x0000, 0x0000, 0x0000, 0x0000, 0x0000, 0x0000, 0x0000, 0x0000, 0x0000, 0x0000,
	0x0000, 0x0000, 0x0000, 0x0000, 0x0000, 0x0000, 0x0000, 0x0000, 0x0000, 0x0000, 0x0000, 0x0000,
	0x2105, 0x3187, 0x2946, 0x2946, 0x2946, 0x2945, 0x2945, 0x2945, 0x2145, 0x2945, 0x2945, 0x2945,
	0x2145, 0x2145, 0x2145, 0x2145, 0x2145, 0x2945, 0x2945, 0x2945, 0x2945, 0x2945, 0x2945, 0x2945,
	0x2945, 0x2946, 0x2946, 0x2945, 0x2946, 0x2946, 0x2946, 0x2946, 0x2946, 0x2946, 0x2946, 0x2946,
	0x2946, 0x2946, 0x2946, 0x2946, 0x2946, 0x2946, 0x2946, 0x2946, 0x2946, 0x2946, 0x2946, 0x2946,
	0x2946, 0x2946, 0x2966, 0x2946, 0x2946, 0x2946, 0x2946, 0x2946, 0x2946, 0x2946, 0x2946, 0x2946,
	0x2946, 0x2946, 0x2945, 0x2945, 0x2125, 0x2125, 0x2125, 0x2145, 0x2125, 0x2125, 0x2125, 0x2125,
	0x2125, 0x2125, 0x2125, 0x2125, 0x2145, 0x2145, 0x2945, 0x2145, 0x2946, 0x2946, 0x0861, 0x0000,
	0x0000, 0x0000, 0x0000, 0x0000, 0x0000, 0x0000, 0x0000, 0x0000, 0x0000, 0x0000, 0x0000, 0x0000,
	0x0000, 0x0000, 0x0000, 0x0000, 0x0000, 0x0000, 0x0000, 0x0000, 0x0000, 0x0000, 0x0000, 0x0000,
	0x0000, 0x0000, 0x0000, 0x0000, 0x0000, 0x0000, 0x0000, 0x0000, 0x0000, 0x0000, 0x0000, 0x0000,
	0x0000, 0x0000, 0x0000, 0x0000, 0x0000, 0x0000, 0x0000, 0x2104, 0x3187, 0x2946, 0x2946, 0x2946,
	0x2945, 0x2945, 0x2945, 0x2945, 0x2945, 0x2945, 0x2945, 0x2945, 0x2945, 0x2945, 0x2945, 0x2945,
	0x2945, 0x2945, 0x2945, 0x2945, 0x2945, 0x2945, 0x2945, 0x2945, 0x2945, 0x2945, 0x2945, 0x2945,
	0x2945, 0x2945, 0x2945, 0x2945, 0x2945, 0x2945, 0x2945, 0x2945, 0x2945, 0x2945, 0x2945, 0x2945,
	0x2945, 0x2945, 0x2945, 0x2945, 0x2945, 0x2945, 0x2945, 0x2945, 0x2945, 0x2945, 0x2946, 0x2945,
	0x2945, 0x2946, 0x2946, 0x2945, 0x2946, 0x2946, 0x2946, 0x2946, 0x2945, 0x2945, 0x2946, 0x2945,
	0x18E4, 0x10A3, 0x18E4, 0x18E4, 0x2104, 0x2105, 0x2105, 0x2125, 0x2125, 0x2125, 0x2125, 0x2125,
	0x2125, 0x2945, 0x2945, 0x2966, 0x2966, 0x0861, 0x0000, 0x0000, 0x0000, 0x0000, 0x0000, 0x0000,
	0x0000, 0x0000, 0x0000, 0x0000, 0x0000, 0x0000, 0x0000, 0x0000, 0x0000, 0x0000, 0x0000, 0x0000,
	0x0000, 0x0000, 0x0000, 0x0000, 0x0000, 0x0000, 0x0000, 0x0000, 0x0000, 0x0000, 0x0000, 0x0000,
	0x0000, 0x0000, 0x0000, 0x0000, 0x0000, 0x0000, 0x0000, 0x0000, 0x0000, 0x0000, 0x0000, 0x0000,
	0x0000, 0x0000, 0x2104, 0x3187, 0x2946, 0x2946, 0x2945, 0x2945, 0x2945, 0x2945, 0x2945, 0x2945,
	0x2945, 0x2945, 0x2945, 0x2945, 0x2945, 0x2945, 0x2945, 0x2945, 0x2945, 0x2945, 0x2945, 0x2945,
	0x2945, 0x2945, 0x2945, 0x2945, 0x2945, 0x2945, 0x2945, 0x2945, 0x2945, 0x2945, 0x2945, 0x2945,
	0x2945, 0x2945, 0x2945, 0x2945, 0x2945, 0x2945, 0x2945, 0x2945, 0x2945, 0x2945, 0x2945, 0x2945,
	0x2945, 0x2945, 0x2945, 0x2945, 0x2945, 0x2945, 0x2945, 0x2945, 0x2945, 0x2945, 0x2945, 0x2945,
	0x2945, 0x2945, 0x2945, 0x2945, 0x2945, 0x2945, 0x2945, 0x2945, 0x2104, 0x1083, 0x10A3, 0x10A3,
	0x10A3, 0x18E4, 0x1904, 0x2104, 0x2125, 0x2125, 0x2125, 0x2125, 0x2945, 0x2945, 0x2966, 0x2946,
	0x0861, 0x0000, 0x0000, 0x0000, 0x0000, 0x0000, 0x0000, 0x0000, 0x0000, 0x0000, 0x0000, 0x0000,
	0x0000, 0x0000, 0x0000, 0x0000, 0x0000, 0x0000, 0x0000, 0x0000, 0x0000, 0x0000, 0x0000, 0x0000,
	0x0000, 0x0000, 0x0000, 0x0000, 0x0000, 0x0000, 0x0000, 0x0000, 0x0000, 0x0000, 0x0000, 0x0000,
	0x0000, 0x0000, 0x0000, 0x0000, 0x0000, 0x0000, 0x0000, 0x0000, 0x0000, 0x2104, 0x2986, 0x2946,
	0x2946, 0x2945, 0x2945, 0x2945, 0x2945, 0x2945, 0x2945, 0x2945, 0x2945, 0x2945, 0x2945, 0x2945,
	0x2945, 0x2945, 0x2945, 0x2945, 0x2945, 0x2945, 0x2945, 0x2945, 0x2945, 0x2945, 0x2945, 0x2945,
	0x2945, 0x2945, 0x2945, 0x2945, 0x2945, 0x2945, 0x2945, 0x2945, 0x2945, 0x2945, 0x2945, 0x2945,
	0x2945, 0x2945, 0x2945, 0x2945, 0x2945, 0x2945, 0x2945, 0x2945, 0x2945, 0x2945, 0x2945, 0x2945,
	0x2945, 0x2945, 0x2945, 0x2945, 0x2945, 0x2945, 0x2945, 0x2945, 0x2945, 0x2945, 0x2945, 0x2945,
	0x2945, 0x2945, 0x2945, 0x2945, 0x2945, 0x18E4, 0x1083, 0x10A3, 0x10A3, 0x2145, 0x2945, 0x2945,
	0x2945, 0x2145, 0x2945, 0x2945, 0x2945, 0x2946, 0x2966, 0x2104, 0x0000, 0x0000, 0x0000, 0x0000,
	0x0000, 0x0000, 0x0000, 0x0000, 0x0000, 0x0000, 0x0000, 0x0000, 0x0000, 0x0000, 0x0000, 0x0000,
	0x0000, 0x0000, 0x0000, 0x0000, 0x0000, 0x0000, 0x0000, 0x0000, 0x0000, 0x0000, 0x0000, 0x0000,
	0x0000, 0x0000, 0x0000, 0x0000, 0x0000, 0x0000, 0x0000, 0x0000, 0x0000, 0x0000, 0x0000, 0x0000,
	0x0000, 0x0000, 0x0000, 0x0000, 0x2104, 0x3187, 0x2946, 0x2945, 0x2945, 0x2945, 0x2945, 0x2945,
	0x2945, 0x2945, 0x2945, 0x2945, 0x2945, 0x2945, 0x2945, 0x2945, 0x2945, 0x2945, 0x2945, 0x2945,
	0x2945, 0x2945, 0x2945, 0x2945, 0x2945, 0x2945, 0x2945, 0x2945, 0x2945, 0x2945, 0x2945, 0x2945,
	0x2945, 0x2945, 0x2945, 0x2945, 0x2945, 0x2945, 0x2945, 0x2945, 0x2945, 0x2945, 0x2945, 0x2945,
	0x2945, 0x2945, 0x2945, 0x2945, 0x2945, 0x2945, 0x2945, 0x2945, 0x2945, 0x2945, 0x2945, 0x2945,
	0x2945, 0x2945, 0x2945, 0x2945, 0x2945, 0x2945, 0x2945, 0x2945, 0x2945, 0x2945, 0x2945, 0x2945,
	0x2125, 0x18C3, 0x10A3, 0x10A3, 0x10A3, 0x2125, 0x2945, 0x2945, 0x2945, 0x2945, 0x2945, 0x2945,
	0x2945, 0x2945, 0x2946, 0x2966, 0x2104, 0x0000, 0x0000, 0x0000, 0x0000, 0x0000, 0x0000, 0x0000,
	0x0000, 0x0000, 0x0000, 0x0000, 0x0000, 0x0000, 0x0000, 0x0000, 0x0000, 0x0000, 0x0000, 0x0000,
	0x0000, 0x0000, 0x0000, 0x0000, 0x0000, 0x0000, 0x0000, 0x0000, 0x0000, 0x0000, 0x0000, 0x0000,
	0x0000, 0x0000, 0x0000, 0x0000, 0x0000, 0x0000, 0x0000, 0x0000, 0x0000, 0x0000, 0x0000, 0x2125,
	0x3187, 0x2946, 0x2946, 0x2945, 0x2945, 0x2945, 0x2945, 0x2945, 0x2945, 0x2945, 0x2945, 0x2945,
	0x2945, 0x2945, 0x2945, 0x2945, 0x2945, 0x2945, 0x2945, 0x2945, 0x2945, 0x2945, 0x2945, 0x2945,
	0x2945, 0x2945, 0x2945, 0x2945, 0x2945, 0x2945, 0x2945, 0x2945, 0x2945, 0x2945, 0x2945, 0x2945,
	0x2945, 0x2945, 0x2945, 0x2945, 0x2945, 0x2945, 0x2945, 0x2945, 0x2945, 0x2945, 0x2945, 0x2945,
	0x2945, 0x2945, 0x2945, 0x2945, 0x2945, 0x2945, 0x2945, 0x2945, 0x2945, 0x2945, 0x2945, 0x2945,
	0x2945, 0x2945, 0x2945, 0x2945, 0x2945, 0x2945, 0x2945, 0x2945, 0x2104, 0x1083, 0x10A3, 0x10A3,
	0x10A3, 0x2125, 0x2945, 0x2945, 0x2945, 0x2945, 0x2945, 0x2945, 0x2945, 0x2945, 0x2945, 0x2946,
	0x3186, 0x2104, 0x0000, 0x0000, 0x0000, 0x0000, 0x0000, 0x0000, 0x0000, 0x0000, 0x0000, 0x0000,
	0x0000, 0x0000, 0x0000, 0x0000, 0x0000, 0x0000, 0x0000, 0x0000, 0x0000, 0x0000, 0x0000, 0x0000,
	0x0000, 0x0000, 0x0000, 0x0000, 0x0000, 0x0000, 0x0000, 0x0000, 0x0000, 0x0000, 0x0000, 0x0000,
	0x0000, 0x0000, 0x0000, 0x0000, 0x0000, 0x0000, 0x2125, 0x31A7, 0x2966, 0x2946, 0x2945, 0x2945,
	0x2945, 0x2945, 0x2945, 0x2945, 0x2945, 0x2945, 0x2945, 0x2945, 0x2945, 0x2945, 0x2945, 0x2945,
	0x2945, 0x2945, 0x2945, 0x2945, 0x2945, 0x2945, 0x2945, 0x2945, 0x2945, 0x2945, 0x2945, 0x2945,
	0x2945, 0x2945, 0x2945, 0x2945, 0x2945, 0x2945, 0x2945, 0x2945, 0x2945, 0x2945, 0x2945, 0x2945,
	0x2945, 0x2945, 0x2945, 0x2945, 0x2945, 0x2945, 0x2945, 0x2945, 0x2945, 0x2945, 0x2945, 0x2945,
	0x2945, 0x2945, 0x2945, 0x2945, 0x2945, 0x2945, 0x2945, 0x2945, 0x2945, 0x2945, 0x2945, 0x2945,
	0x2945, 0x2945, 0x2945, 0x2945, 0x2946, 0x18E4, 0x1083, 0x10A3, 0x10A3, 0x2125, 0x2945, 0x2945,
	0x2945, 0x2945, 0x2945, 0x2945, 0x2945, 0x2945, 0x2945, 0x2946, 0x2946, 0x3186, 0x2104, 0x0020,
	0x0000, 0x0000, 0x0000, 0x0000, 0x0000, 0x0000, 0x0000, 0x0000, 0x0000, 0x0000, 0x0000, 0x0000,
	0x0000, 0x0000, 0x0000, 0x0000, 0x0000, 0x0000, 0x0000, 0x0000, 0x0000, 0x0000, 0x0000, 0x0000,
	0x0000, 0x0000, 0x0000, 0x0000, 0x0000, 0x0000, 0x0000, 0x0000, 0x0000, 0x0000, 0x0000, 0x0000,
	0x0000, 0x2946, 0x39C8, 0x2966, 0x2966, 0x2946, 0x2945, 0x2945, 0x2945, 0x2945, 0x2945, 0x2945,
	0x2945, 0x2945, 0x2945, 0x2945, 0x2945, 0x2945, 0x2945, 0x2945, 0x2945, 0x2945, 0x2945, 0x2945,
	0x2945, 0x2945, 0x2945, 0x2945, 0x2945, 0x2945, 0x2945, 0x2945, 0x2945, 0x2945, 0x2945, 0x2945,
	0x2945, 0x2945, 0x2945, 0x2945, 0x2945, 0x2945, 0x2945, 0x2945, 0x2945, 0x2945, 0x2945, 0x2945,
	0x2945, 0x2945, 0x2945, 0x2945, 0x2945, 0x2945, 0x2945, 0x2945, 0x2945, 0x2945, 0x2945, 0x2945,
	0x2945, 0x2945, 0x2945, 0x2945, 0x2945, 0x2945, 0x2945, 0x2945, 0x2945, 0x2945, 0x2945, 0x2945,
	0x2125, 0x10A3, 0x1083, 0x10A3, 0x10A3, 0x2125, 0x2125, 0x2125, 0x2945, 0x2945, 0x2145, 0x2945,
	0x2945, 0x2945, 0x2945, 0x2946, 0x2946, 0x2966, 0x3187, 0x0861, 0x0000, 0x0000, 0x0000, 0x0000,
	0x0000, 0x0000, 0x0000, 0x0000, 0x0000, 0x0000, 0x0000, 0x0000, 0x0000, 0x0000, 0x0000, 0x0000,
	0x0000, 0x0000, 0x0000, 0x0000, 0x0000, 0x0000, 0x0000, 0x0000, 0x0000, 0x0000, 0x0000, 0x0000,
	0x0000, 0x0000, 0x0000, 0x0000, 0x0000, 0x0000, 0x0000, 0x0000, 0x0000, 0x2946, 0x39C8, 0x2966,
	0x2966, 0x2945, 0x2945, 0x2945, 0x2945, 0x2945, 0x2945, 0x2945, 0x2945, 0x2945, 0x2945, 0x2945,
	0x2945, 0x2945, 0x2945, 0x2945, 0x2945, 0x2945, 0x2945, 0x2945, 0x2945, 0x2945, 0x2945, 0x2945,
	0x2945, 0x2945, 0x2945, 0x2945, 0x2945, 0x2945, 0x2945, 0x2945, 0x2945, 0x2945, 0x2945, 0x2945,
	0x2945, 0x2945, 0x2945, 0x2945, 0x2945, 0x2945, 0x2945, 0x2945, 0x2945, 0x2945, 0x2945, 0x2945,
	0x2945, 0x2945, 0x2945, 0x2945, 0x2945, 0x2945, 0x2945, 0x2945, 0x2945, 0x2945, 0x2945, 0x2945,
	0x2945, 0x2945, 0x2945, 0x2945, 0x2945, 0x2945, 0x2945, 0x2945, 0x2104, 0x18E4, 0x18E4, 0x18E4,
	0x18E4, 0x18E4, 0x1904, 0x1904, 0x2125, 0x2945, 0x2145, 0x2945, 0x2945, 0x2945, 0x2945, 0x2945,
	0x2966, 0x2966, 0x0861, 0x0000, 0x0000, 0x0000, 0x0000, 0x0000, 0x0000, 0x0000, 0x0000, 0x0000,
	0x0000, 0x0000, 0x0000, 0x0000, 0x0000, 0x0000, 0x0000, 0x0000, 0x0000, 0x0000, 0x0000, 0x0000,
	0x0000, 0x0000, 0x0000, 0x0000, 0x0000, 0x0000, 0x0000, 0x0000, 0x0000, 0x0000, 0x0000, 0x0000,
	0x0000, 0x0000, 0x0000, 0x0000, 0x0000, 0x0000, 0x2125, 0x31A7, 0x2946, 0x2946, 0x2945, 0x2945,
	0x2945, 0x2945, 0x2945, 0x2945, 0x2945, 0x2945, 0x2945, 0x2945, 0x2945, 0x2945, 0x2945, 0x2945,
	0x2945, 0x2945, 0x2945, 0x2945, 0x2945, 0x2945, 0x2945, 0x2945, 0x2945, 0x2945, 0x2945, 0x2945,
	0x2945, 0x2945, 0x2945, 0x2945, 0x2945, 0x2945, 0x2945, 0x2945, 0x2945, 0x2945, 0x2945, 0x2945,
	0x2945, 0x2945, 0x2945, 0x2945, 0x2945, 0x2945, 0x2945, 0x2945, 0x2945, 0x2945, 0x2945, 0x2945,
	0x2945, 0x2945, 0x2945, 0x2945, 0x2945, 0x2945, 0x2945, 0x2945, 0x2945, 0x2945, 0x2945, 0x2945,
	0x2945, 0x2945, 0x2945, 0x2945, 0x2945, 0x2945, 0x2945, 0x2945, 0x2945, 0x2945, 0x2945, 0x2945,
	0x2945, 0x2945, 0x2945, 0x2945, 0x2945, 0x2945, 0x2945, 0x2946, 0x2966, 0x0861, 0x0000, 0x0000,
	0x0000, 0x0000, 0x0000, 0x0000, 0x0000, 0x0000, 0x0000, 0x0000, 0x0000, 0x0000, 0x0000, 0x0000,
	0x0000, 0x0000, 0x0000, 0x0000, 0x0000, 0x0000, 0x0000, 0x0000, 0x0000, 0x0000, 0x0000, 0x0000,
	0x0000, 0x0000, 0x0000, 0x0000, 0x0000, 0x0000, 0x0000, 0x0000, 0x0000, 0x0000, 0x0000, 0x0000,
	0x0000, 0x0000, 0x0000, 0x2104, 0x2986, 0x2945, 0x2945, 0x2945, 0x2945, 0x2945, 0x2945, 0x2945,
	0x2945, 0x2945, 0x2945, 0x2945, 0x2945, 0x2945, 0x2945, 0x2945, 0x2945, 0x2945, 0x2945, 0x2945,
	0x2945, 0x2945, 0x2945, 0x2945, 0x2945, 0x2945, 0x2945, 0x2945, 0x2945, 0x2945, 0x2945, 0x2945,
	0x2945, 0x2945, 0x2945, 0x2945, 0x2945, 0x2945, 0x2945, 0x2945, 0x2945, 0x2945, 0x2945, 0x2945,
	0x2945, 0x2945, 0x2945, 0x2945, 0x2945, 0x2945, 0x2945, 0x2945, 0x2945, 0x2945, 0x2945, 0x2945,
	0x2945, 0x2945, 0x2945, 0x2945, 0x2945, 0x2945, 0x2945, 0x2945, 0x2945, 0x2945, 0x2945, 0x2945,
	0x2945, 0x2945, 0x2945, 0x2945, 0x2945, 0x2945, 0x2945, 0x2945, 0x2945, 0x2945, 0x2945, 0x2945,
	0x2945, 0x2145, 0x2946, 0x2966, 0x0861, 0x0000, 0x0000, 0x0000, 0x0000, 0x0000, 0x0000, 0x0000,
	0x0000, 0x0000, 0x0000, 0x0000, 0x0000, 0x0000, 0x0000, 0x0000, 0x0000, 0x0000, 0x0000, 0x0000,
	0x0000, 0x0000, 0x0000, 0x0000, 0x0000, 0x0000, 0x0000, 0x0000, 0x0000, 0x0000, 0x0000, 0x0000,
	0x0000, 0x0000, 0x0000, 0x0000, 0x0000, 0x0000, 0x0000, 0x0000, 0x0000, 0x0000, 0x0000, 0x0000,
	0x2104, 0x2986, 0x2945, 0x2945, 0x2945, 0x2945, 0x2945, 0x2945, 0x2945, 0x2945, 0x2945, 0x2945,
	0x2945, 0x2945, 0x2945, 0x2945, 0x2945, 0x2945, 0x2945, 0x2945, 0x2945, 0x2945, 0x2945, 0x2945,
	0x2945, 0x2945, 0x2945, 0x2945, 0x2945, 0x2945, 0x2945, 0x2945, 0x2945, 0x2945, 0x2945, 0x2945,
	0x2945, 0x2945, 0x2945, 0x2945, 0x2945, 0x2945, 0x2945, 0x2945, 0x2945, 0x2945, 0x2945, 0x2945,
	0x2945, 0x2945, 0x2945, 0x2945, 0x2945, 0x2945, 0x2945, 0x2945, 0x2945, 0x2945, 0x2945, 0x2945,
	0x2945, 0x2945, 0x2945, 0x2945, 0x2945, 0x2945, 0x2945, 0x2945, 0x2945, 0x2945, 0x2945, 0x2945,
	0x2945, 0x2945, 0x2945, 0x2945, 0x2945, 0x2945, 0x2945, 0x2945, 0x2945, 0x2946, 0x2966, 0x0861,
	0x0000, 0x0000, 0x0000, 0x0000, 0x0000, 0x0000, 0x0000, 0x0000, 0x0000, 0x0000, 0x0000, 0x0000,
	0x0000, 0x0000, 0x0000, 0x0000, 0x0000, 0x0000, 0x0000, 0x0000, 0x0000, 0x0000, 0x0000, 0x0000,
	0x0000, 0x0000, 0x0000, 0x0000, 0x0000, 0x0000, 0x0000, 0x0000, 0x0000, 0x0000, 0x0000, 0x0000,
	0x0000, 0x0000, 0x0000, 0x0000, 0x0000, 0x0000, 0x0000, 0x0000, 0x0000, 0x2104, 0x2966, 0x2945,
	0x2945, 0x2945, 0x2945, 0x2945, 0x2945, 0x2945, 0x2945, 0x2945, 0x2945, 0x2945, 0x2945, 0x2945,
	0x2945, 0x2945, 0x2945, 0x2945, 0x2945, 0x2945, 0x2945, 0x2945, 0x2945, 0x2945, 0x2945, 0x2945,
	0x2945, 0x2945, 0x2945, 0x2945, 0x2945, 0x2945, 0x2945, 0x2945, 0x2945, 0x2945, 0x2945, 0x2945,
	0x2945, 0x2945, 0x2945, 0x2945, 0x2945, 0x2945, 0x2945, 0x2945, 0x2945, 0x2945, 0x2945, 0x2945,
	0x2945, 0x2945, 0x2945, 0x2945, 0x2945, 0x2945, 0x2945, 0x2945, 0x2945, 0x2945, 0x2945, 0x2945,
	0x2945, 0x2945, 0x2945, 0x2945, 0x2945, 0x2945, 0x2945, 0x2945, 0x2945, 0x2945, 0x2945, 0x2945,
	0x2945, 0x2945, 0x2945, 0x2945, 0x2946, 0x2966, 0x0861, 0x0000, 0x0000, 0x0000, 0x0000, 0x0000,
	0x0000, 0x0000, 0x0000, 0x0000, 0x0000, 0x0000, 0x0000, 0x0000, 0x0000, 0x0000, 0x0000, 0x0000,
	0x0000, 0x0000, 0x0000, 0x0000, 0x0000, 0x0000, 0x0000, 0x0000, 0x0000, 0x0000, 0x0000, 0x0000,
	0x0000, 0x0000, 0x0000, 0x0000, 0x0000, 0x0000, 0x0000, 0x0000, 0x0000, 0x0000, 0x0000, 0x0000,
	0x0000, 0x0000, 0x0000, 0x0000, 0x0000, 0x0000, 0x2104, 0x3187, 0x2946, 0x2945, 0x2946, 0x2946,
	0x2945, 0x2945, 0x2945, 0x2945, 0x2946, 0x2946, 0x2946, 0x2946, 0x2946, 0x2946, 0x2946, 0x2946,
	0x2946, 0x2945, 0x2945, 0x2145, 0x2145, 0x2145, 0x2145, 0x2145, 0x2145, 0x2145, 0x2145, 0x2145,
	0x2145, 0x2145, 0x2145, 0x2145, 0x2145, 0x2145, 0x2145, 0x2145, 0x2145, 0x2145, 0x2145, 0x2145,
	0x2145, 0x2145, 0x2145, 0x2145, 0x2125, 0x2125, 0x2125, 0x2125, 0x2125, 0x2125, 0x2125, 0x2145,
	0x2125, 0x2125, 0x2145, 0x2145, 0x2145, 0x2145, 0x2125, 0x2125, 0x2145, 0x2125, 0x2125, 0x2125,
	0x2145, 0x2145, 0x2145, 0x2125, 0x2125, 0x2145, 0x2145, 0x2145, 0x2145, 0x2145, 0x2145, 0x2946,
	0x2966, 0x0861, 0x0000, 0x0000, 0x0000, 0x0000, 0x0000, 0x0000, 0x0000, 0x0000, 0x0000, 0x0000,
	0x0000, 0x0000, 0x0000, 0x0000, 0x0000, 0x0000, 0x0000, 0x0000, 0x0000, 0x0000, 0x0000, 0x0000,
	0x0000, 0x0000, 0x0000, 0x0000, 0x0000, 0x0000, 0x0000, 0x0000, 0x0000, 0x0000, 0x0000, 0x0000,
	0x0000, 0x0000, 0x0000, 0x0000, 0x0000, 0x0000, 0x0000, 0x0000, 0x0000, 0x0000, 0x0000, 0x0000,
	0x0000, 0x0000, 0x0000, 0x2104, 0x31A7, 0x3187, 0x3187, 0x3187, 0x2986, 0x2966, 0x2966, 0x2986,
	0x3187, 0x3186, 0x3186, 0x3187, 0x3186, 0x2986, 0x2986, 0x3187, 0x3187, 0x2986, 0x2966, 0x2966,
	0x2966, 0x2966, 0x2966, 0x2966, 0x2966, 0x2966, 0x2966, 0x2966, 0x2966, 0x2966, 0x2966, 0x2966,
	0x2966, 0x2966, 0x2966, 0x2966, 0x2966, 0x2966, 0x2966, 0x2966, 0x2966, 0x2966, 0x2966, 0x2966,
	0x2966, 0x2966, 0x2966, 0x2966, 0x2966, 0x2966, 0x2966, 0x2966, 0x2966, 0x2966, 0x2966, 0x2966,
	0x2966, 0x2966, 0x2966, 0x2966, 0x2966, 0x2966, 0x2966, 0x2966, 0x2966, 0x2966, 0x2966, 0x2966,
	0x2966, 0x2966, 0x2966, 0x2966, 0x2966, 0x2966, 0x2966, 0x2966, 0x0861, 0x0000, 0x0000, 0x0000,
	0x0000, 0x0000, 0x0000, 0x0000, 0x0000, 0x0000, 0x0000, 0x0000, 0x0000, 0x0000, 0x0000, 0x0000,
	0x0000, 0x0000, 0x0000, 0x0000, 0x0000, 0x0000, 0x0000, 0x0000, 0x0000, 0x0000, 0x0000, 0x0000,
	0x0000, 0x0000, 0x0000, 0x0000, 0x0000, 0x0000, 0x0000, 0x0000, 0x0000, 0x0000, 0x0000, 0x0000,
	0x0000, 0x0000, 0x0000, 0x0000, 0x0000, 0x0000, 0x0000, 0x0000, 0x0000, 0x0000, 0x0000, 0x0000,
	0x18C3, 0x18C3, 0x10C3, 0x10C3, 0x10A3, 0x10A3, 0x10A3, 0x10A3, 0x10A3, 0x10A3, 0x10A3, 0x10A3,
	0x10A3, 0x10A3, 0x10A3, 0x10A3, 0x10A3, 0x10A3, 0x10A3, 0x10A3, 0x10A3, 0x10A3, 0x10A3, 0x10A3,
	0x10A3, 0x10A3, 0x10A3, 0x10A3, 0x10A3, 0x10A3, 0x10A3, 0x10A3, 0x10A3, 0x10A3, 0x10A3, 0x10A3,
	0x10A3, 0x10A3, 0x10A3, 0x10A3, 0x10A3, 0x10A3, 0x10A3, 0x10A3, 0x10A3, 0x10A3, 0x10A3, 0x10A3,
	0x10A3, 0x10A3, 0x10A3, 0x10A3, 0x10A3, 0x10A3, 0x10A3, 0x10A3, 0x10A3, 0x10A3, 0x10A3, 0x10A3,
	0x10A3, 0x10A3, 0x10A3, 0x10A2, 0x10A3, 0x10A3, 0x10A3, 0x10A3, 0x10A3, 0x10A3, 0x10A3, 0x10A3,
	0x10A3, 0x10A3, 0x18C3, 0x0861, 0x0000, 0x0000, 0x0000, 0x0000, 0x0000, 0x0000, 0x0000, 0x0000,
	0x0000, 0x0000, 0x0000, 0x0000, 0x0000, 0x0000, 0x0000, 0x0000, 0x0000, 0x0000, 0x0000, 0x0000,
	0x0000, 0x0000, 0x0000, 0x0000, 0x0000, 0x0000, 0x0000, 0x0000, 0x0000, 0x0000, 0x0000, 0x0000,
	0x0000, 0x0000, 0x0000, 0x0000, 0x0000, 0x0000, 0x0000, 0x0000, 0x0000, 0x0000, 0x0000, 0x0000,
	0x0000, 0x0000, 0x0000, 0x0000, 0x0000, 0x0000, 0x0000, 0x0000, 0x0000, 0x0000, 0x0000, 0x0000,
	0x0000, 0x0000, 0x0000, 0x0000, 0x0000, 0x0000, 0x0000, 0x0000, 0x0000, 0x0000, 0x0000, 0x0000,
	0x0000, 0x0000, 0x0000, 0x0000, 0x0000, 0x0000, 0x0000, 0x0000, 0x0000, 0x0000, 0x0000, 0x0000,
	0x0000, 0x0000, 0x0000, 0x0000, 0x0000, 0x0000, 0x0000, 0x0000, 0x0000, 0x0000, 0x0000, 0x0000,
	0x0000, 0x0000, 0x0000, 0x0000, 0x0000, 0x0000, 0x0000, 0x0000, 0x0000, 0x0000, 0x0000, 0x0000,
	0x0000, 0x0000, 0x0000, 0x0000, 0x0000, 0x0000, 0x0000, 0x0000, 0x0000, 0x0000, 0x0000, 0x0000,
	0x0000, 0x0000, 0x0000, 0x0000, 0x0000, 0x0000, 0x0000, 0x0000, 0x0000, 0x0000, 0x0000, 0x0000,
	0x0000, 0x0000, 0x0000, 0x0000, 0x0000, 0x0000, 0x0000, 0x0000, 0x0000, 0x0000, 0x0000, 0x0000,
	0x0000, 0x0000, 0x0000, 0x0000, 0x0000, 0x0000, 0x0000, 0x0000, 0x0000, 0x0000, 0x0000, 0x0000,
	0x0000, 0x0000, 0x0000, 0x0000, 0x0000, 0x0000, 0x0000, 0x0000, 0x0000, 0x0000, 0x0000, 0x0000,
	0x0000, 0x0000, 0x0000, 0x0000, 0x0000, 0x0000, 0x0000, 0x0000, 0x0000, 0x0000, 0x0000, 0x0000,
	0x0000, 0x0000, 0x0000, 0x0000, 0x0000, 0x0000, 0x0000, 0x0000, 0x0000, 0x0000, 0x0000, 0x0000,
	0x0000, 0x0000, 0x0000, 0x0000, 0x0000, 0x0000, 0x0000, 0x0000, 0x0000, 0x0000, 0x0000, 0x0000,
	0x0000, 0x0000, 0x0000, 0x0000, 0x0000, 0x0000, 0x0000, 0x0000, 0x0000, 0x0000, 0x0000, 0x0000,
	0x0000, 0x0000, 0x0000, 0x0000, 0x0000, 0x0000, 0x0000, 0x0000, 0x0000, 0x0000, 0x0000, 0x0000,
	0x0000, 0x0000, 0x0000, 0x0000, 0x0000, 0x0000, 0x0000, 0x0000, 0x0000, 0x0000, 0x0000, 0x0000,
	0x0000, 0x0000, 0x0000, 0x0000, 0x0000, 0x0000, 0x0000, 0x0000, 0x0000, 0x0000, 0x0000, 0x0000,
	0x0000, 0x0000, 0x0000, 0x0000, 0x0000, 0x0000, 0x0000, 0x0000, 0x0000, 0x0000, 0x0000, 0x0000,
	0x0000, 0x0000, 0x0000, 0x0000, 0x0000, 0x0000, 0x0000, 0x0000, 0x0000, 0x0000, 0x0000, 0x0000,
	0x0000, 0x0000, 0x0000, 0x0000, 0x0000, 0x0000, 0x0000, 0x0000, 0x0000, 0x0000, 0x0000, 0x0000,
	0x0000, 0x0000, 0x0000, 0x0000, 0x0000, 0x0000, 0x0000, 0x0000, 0x0000, 0x0000, 0x0000, 0x0000,
	0x0000, 0x0000, 0x0000, 0x0000, 0x0000, 0x0000, 0x0000, 0x0000, 0x0000, 0x0000, 0x0000, 0x0000,
	0x0000, 0x0000, 0x0000, 0x0000, 0x0000, 0x0000, 0x0000, 0x0000, 0x0000, 0x0000, 0x0000, 0x0000,
	0x0000, 0x0000, 0x0000, 0x0000, 0x0000, 0x0000, 0x0000, 0x0000, 0x0000, 0x0000, 0x0000, 0x0000,
	0x0000, 0x0000, 0x0000, 0x0000, 0x0000, 0x0000, 0x0000, 0x0000, 0x0000, 0x0000, 0x0000, 0x0000,
	0x0000, 0x0000, 0x0000, 0x0000, 0x0000, 0x0000, 0x0000, 0x0000, 0x0000, 0x0000, 0x0000, 0x0000,
	0x0000, 0x0000, 0x0000, 0x0000, 0x0000, 0x0000, 0x0000, 0x0000, 0x0000, 0x0000, 0x0000, 0x0000,
	0x0000, 0x0000, 0x0000, 0x0000, 0x0000, 0x0000, 0x0000, 0x0000, 0x0000, 0x0000, 0x0000, 0x0000,
	0x0000, 0x0000, 0x0000, 0x0000, 0x0000, 0x0000, 0x0000, 0x0000, 0x0000, 0x0000, 0x0000, 0x0000,
	0x0000, 0x0000, 0x0000, 0x0000,
};
