/* From ~/picojet/app/assets (picojet tools/convert_assets.py): from
   opengameart.org, CC0. Copied as is, with <stdint.h> for C. */
// Generated from column.png by tools/convert_assets.py
// RGB565, row-major. const so it stays in flash and is sampled in place.
#pragma once
#include <stdint.h>

#define TEX_COLUMN_W 128
#define TEX_COLUMN_H 128

static const uint16_t tex_column_data[16384] = {
	0x72E8, 0x5A67, 0x7B8C, 0x6AC8, 0x62A8, 0x6B0B, 0x5287, 0x8404, 0x8CA8, 0xBE12, 0x73E7, 0x6366,
	0x5305, 0x63A7, 0x9D30, 0xBDF5, 0x5348, 0x848E, 0xCE58, 0xB5B4, 0x5B4A, 0x632A, 0x7BCE, 0x62EB,
	0x8C4E, 0x9CAE, 0xB511, 0x8BEC, 0x942D, 0x944D, 0xACF1, 0xB532, 0xB551, 0xE659, 0xBD76, 0xACD3,
	0xCDB6, 0xEEDA, 0xEEDA, 0xEEBA, 0xBD76, 0xC596, 0xCE18, 0x9452, 0x7B8E, 0x738E, 0x8431, 0x9492,
	0xD5F7, 0xE6BA, 0xE6BA, 0xDE79, 0xCDF8, 0xD659, 0xCE18, 0xCDD7, 0xC5B5, 0xBD75, 0x8BCE, 0x8C0E,
	0x840F, 0x83EE, 0x7BEE, 0xB5B5, 0xB593, 0x3242, 0x29A1, 0x10C0, 0x9490, 0xCCF4, 0xA3B0, 0x9BB1,
	0x7AEE, 0x728C, 0x622A, 0x728C, 0x7AEE, 0x8B2F, 0x832E, 0x62AB, 0x4186, 0x2904, 0x4185, 0x51C6,
	0x6246, 0x6AA8, 0x5226, 0x6AC9, 0x6289, 0xB4F3, 0xC553, 0xCD73, 0xDE58, 0xDE79, 0xF75C, 0xFF3C,
	0xF6FA, 0xEEDA, 0xD617, 0xEEB9, 0xACF4, 0xBDB7, 0xF73D, 0xE69A, 0x8BEF, 0x6AEB, 0x730C, 0x9431,
	0x9C92, 0xA4D3, 0xA4D3, 0x9451, 0x8BCF, 0xA492, 0xCDB7, 0x8B31, 0x9BD1, 0xAC52, 0xA432, 0xD5B6,
	0xE618, 0xE679, 0xDE79, 0xE69A, 0xE69A, 0xE699, 0xC595, 0xB513, 0xB4AF, 0x8BAE, 0x7B4C, 0x7B2B,
	0x730B, 0x424A, 0x31A7, 0x2164, 0x29A5, 0x4269, 0x3207, 0x31E7, 0x3A49, 0x4289, 0x4AAB, 0x94F3,
	0x5B2E, 0x73D0, 0x9D14, 0xA554, 0x29E9, 0x3A4A, 0x9491, 0x2A09, 0x52E8, 0x8C4C, 0x6B49, 0x7BCA,
	0x8C6C, 0xAD31, 0xC5B5, 0xD618, 0xE699, 0xFF3B, 0xD617, 0x8C0F, 0xCDD5, 0xE678, 0xEEDA, 0xEEBA,
	0xEEDA, 0xDE37, 0xE6B9, 0xDE79, 0xA4B2, 0xA471, 0xBD33, 0xBD54, 0xD5F7, 0xEEBA, 0xE6BA, 0xE6DB,
	0xEEB9, 0xBE19, 0xADD9, 0x85BB, 0x6D7B, 0x653B, 0x6519, 0x7539, 0x6D3A, 0x753A, 0x6CF8, 0xADD7,
	0xADF9, 0x3C57, 0x3C17, 0x2C37, 0x7D59, 0x6C98, 0x343A, 0x62B0, 0x6106, 0x5946, 0x6165, 0x69A5,
	0x79E5, 0xA309, 0x92E7, 0x7AE5, 0x8B65, 0x9BE6, 0xAC46, 0xBCA7, 0xC4E6, 0xD548, 0xE5A8, 0xD547,
	0x83AD, 0xCD53, 0xBD12, 0xB512, 0xD594, 0x8BCE, 0xD5F7, 0xC5B6, 0x9472, 0x83CE, 0x7BAF, 0xB536,
	0xC5D8, 0xF75D, 0xF73D, 0xBD56, 0x8BF0, 0x83CF, 0x9431, 0x8BF0, 0x83AE, 0x83AF, 0xA492, 0xA4D3,
	0x9431, 0xACB3, 0xBD15, 0x9BD2, 0x828E, 0x8A8F, 0x9330, 0xD5D6, 0xE638, 0xE659, 0xD638, 0xDE79,
	0xDE79, 0xACD2, 0x5A89, 0xBCCF, 0xA44F, 0x8C0C, 0x840B, 0x8C2C, 0x8C0C, 0x4AA8, 0x530A, 0x532A,
	0x5B6B, 0x5308, 0x7C0B, 0x9D51, 0xA590, 0x7C2B, 0x5326, 0xA590, 0xBE32, 0x8CEB, 0xAD71, 0xD696,
	0xBE32, 0xE716, 0xDED5, 0xCE74, 0xBDF0, 0xCE51, 0xC631, 0xDEF3, 0xCE71, 0xEEB6, 0xE676, 0xDE56,
	0xE657, 0xC5B4, 0xAD34, 0xAD74, 0xAD54, 0xAD54, 0xCC2F, 0xE4F2, 0xE554, 0xDBEE, 0xDCD2, 0xEEBA,
	0xEEBA, 0xE658, 0xDE18, 0xD555, 0xEE99, 0xE6BA, 0xE6DA, 0xE658, 0xBE1A, 0x8DDC, 0xBE5A, 0x865F,
	0x7E5F, 0x7E3F, 0x7DFE, 0x75FE, 0x7E3F, 0x7E3F, 0x6DDE, 0x85DC, 0x761F, 0x663F, 0x661F, 0x3D9F,
	0x557E, 0x4D5E, 0x0D1F, 0x9572, 0xFE6B, 0xF68D, 0xFECC, 0xFF10, 0xFF95, 0xFFB6, 0xF6D0, 0xFEAB,
	0xFEEC, 0xFECB, 0xFECA, 0xFEAA, 0xFE88, 0xF629, 0xF608, 0xE566, 0x7A68, 0x6966, 0x69E8, 0xCDF6,
	0xA40F, 0xA32C, 0xCC91, 0xCDB6, 0x7BEF, 0x840D, 0xAD12, 0xD65A, 0xEEFB, 0xF71C, 0xBDB6, 0x8C0E,
	0x8C0F, 0x6B4D, 0x83D0, 0x838F, 0x9411, 0x83AF, 0x730D, 0x7B8F, 0xA4B4, 0x9C72, 0x83D0, 0x8BF0,
	0x8B90, 0x6AAC, 0xA472, 0xCDB5, 0xDDD6, 0xD5B6, 0xD5F7, 0xDE79, 0xDE79, 0x83AE, 0x62A9, 0x8BAC,
	0xB510, 0x94CC, 0x9D2B, 0xAE0B, 0xB62C, 0xB66B, 0xBE6D, 0xBE8C, 0xC6AC, 0xB64B, 0xAE0A, 0xB629,
	0xAE08, 0xAE08, 0xAE27, 0x9DA5, 0x9583, 0x9DA4, 0xF7B3, 0xF794, 0xFFD4, 0xFFD4, 0xFFF5, 0xFFF5,
	0xFFF7, 0xFFF6, 0xFFD5, 0xFFD5, 0xFFF5, 0xF7B4, 0xFFF5, 0xFFD5, 0xFFF5, 0xCE34, 0x94D3, 0x9D13,
	0x9D13, 0xBC0F, 0xD30A, 0xDC4F, 0xDC4F, 0xD2EA, 0xE4B1, 0xEF1B, 0xF71B, 0xEEDA, 0xEEDB, 0xE6BA,
	0xE679, 0xE69A, 0xDE38, 0xD574, 0xA599, 0x55BF, 0x75FE, 0x8E3E, 0x861E, 0x7DFD, 0x9DDA, 0x95FB,
	0x965E, 0x967F, 0x861E, 0x863F, 0x861E, 0x8E1D, 0x6DFF, 0x3D3F, 0x4D3E, 0x4D3D, 0x0CBF, 0xA5B3,
	0xFEAC, 0xFE8C, 0xEE4F, 0xFFDF, 0xFFFF, 0xFFFF, 0xE73D, 0xB50D, 0xF64A, 0xF64B, 0xEE0B, 0xF629,
	0xF609, 0xF607, 0xF607, 0xEDA6, 0x72A7, 0x51A4, 0x9C0E, 0xC5B5, 0x838C, 0x8BAC, 0x72E8, 0x7B49,
	0x5A86, 0x7309, 0x9C70, 0xDE59, 0xDE58, 0xACF2, 0x6AE8, 0x7B8B, 0x83CD, 0x62C8, 0x6B2E, 0x6B2F,
	0x5AAD, 0x62EE, 0x62EE, 0x62CE, 0x8C32, 0x9CB2, 0x52AB, 0x52AB, 0x9C91, 0x4228, 0xB534, 0xDE38,
	0xE679, 0xEE9A, 0xA4D2, 0xAD34, 0xACF3, 0x7B8D, 0x7BAE, 0x7B8D, 0x9CEF, 0x738D, 0x6B2E, 0x840F,
	0xA58E, 0xAE0B, 0xADEB, 0xAE0B, 0xB62C, 0xADEA, 0xA5C9, 0xADE9, 0xA5E7, 0x9DC6, 0x9DA6, 0x9DA5,
	0x9584, 0x9DA5, 0xCE91, 0xB5B0, 0xBDD0, 0xB58F, 0xEF74, 0xC611, 0xBDF1, 0xBDD1, 0xCE51, 0xB5B0,
	0xB5B0, 0xCE72, 0xC611, 0xA52F, 0xF794, 0xCE74, 0x94D3, 0x9D34, 0xC42F, 0xE36C, 0xDB2B, 0xE490,
	0xE3EE, 0xE40E, 0xEEDA, 0xEEDA, 0xF6B9, 0xF698, 0xEEDA, 0xEEFB, 0xE679, 0xE6DA, 0xD4B1, 0xD308,
	0x84D7, 0x5DDF, 0x659D, 0x75FE, 0x75FE, 0x6DBC, 0x8DBA, 0x6D9C, 0x661F, 0x761D, 0x65BD, 0x55BF,
	0x4DBF, 0x5D9E, 0x559E, 0x35BF, 0x353F, 0x3D1E, 0x0CBF, 0x9D93, 0xFEAC, 0xEE2B, 0xBDB4, 0xFFDF,
	0xF75C, 0xEF1B, 0xF79D, 0xAD55, 0xD56B, 0xFE6B, 0xE5EC, 0xEE0A, 0xF608, 0xEDE9, 0xEDC8, 0xF5E7,
	0x7307, 0x62A8, 0xE679, 0xD5F6, 0x8BA8, 0x944C, 0x7B68, 0x7B67, 0x5A65, 0x7306, 0x942D, 0xE6BB,
	0xC5B5, 0x8C2D, 0x942C, 0x8C0C, 0x940C, 0x6288, 0x62ED, 0x7B90, 0x8C12, 0x9453, 0x734F, 0x6B2F,
	0xA4D5, 0x9CD4, 0x5AEC, 0x62EC, 0xC575, 0xC5B6, 0xCDD6, 0xD638, 0xCDF7, 0xD617, 0xA4D2, 0x8CB2,
	0x526C, 0x41E7, 0x83CE, 0x9472, 0x842A, 0x94EC, 0x846D, 0x94B0, 0xA56F, 0xB62C, 0xB610, 0xB62C,
	0xAE2A, 0xA5EA, 0xAE0A, 0xAE09, 0xBE2F, 0xBE2E, 0xADCA, 0x9D86, 0x8D63, 0x9563, 0xB5AE, 0xCE72,
	0xDED2, 0xC631, 0xEF74, 0xC611, 0xAD70, 0xBDD1, 0xCE51, 0xC631, 0xCE72, 0xD692, 0xBDF0, 0xAD4F,
	0xEF53, 0xD674, 0x8CD3, 0xAC91, 0xDB6C, 0xDB6C, 0xC38D, 0xCCF2, 0xCBEE, 0xDCD1, 0xF6FA, 0xF6B9,
	0xF6DA, 0xF6DA, 0xEEFB, 0xEEFB, 0xEEFB, 0xE6BA, 0xDE38, 0xCBED, 0xBD14, 0x7DFD, 0x7DDD, 0xCE5B,
	0xB5FB, 0xB5DD, 0xAD3A, 0x85DC, 0xBD1C, 0xCD9C, 0xBD1B, 0xAD5C, 0xA5BD, 0xA55B, 0xA5BB, 0xC45A,
	0x855E, 0x2D1E, 0x14BF, 0x9573, 0xFECB, 0xD5AB, 0xAD55, 0xFFFF, 0xE6FB, 0xD678, 0xE6DA, 0xAD35,
	0x9C08, 0xF629, 0xE5C8, 0xDD68, 0xEDC6, 0xEDE7, 0xEDC6, 0xF5C5, 0x940B, 0xAD14, 0xEEBA, 0xBD74,
	0x5A66, 0x83CC, 0x6B08, 0x62A7, 0x5225, 0x5A66, 0xCDD6, 0xDE5A, 0x8BEE, 0x9C91, 0x9C90, 0x9C90,
	0x7B6A, 0x6286, 0x62AC, 0x62CE, 0x6B2F, 0x734F, 0x6B2F, 0x7BB1, 0xB556, 0xC5F8, 0x734D, 0x9C51,
	0xF6FC, 0xE69A, 0xD638, 0xCDB6, 0x7289, 0x6A8A, 0xACD3, 0x8C72, 0x49EB, 0x4A49, 0x41E6, 0x62EA,
	0x6B66, 0xC6AF, 0xC693, 0xC634, 0xB5EF, 0xAE0B, 0xBE30, 0xB5ED, 0xC653, 0xBE13, 0xC631, 0xD676,
	0xD676, 0xCE73, 0xC652, 0xCE36, 0xB5CF, 0xA58C, 0xA4EF, 0xBDD0, 0xBDD0, 0xB5B0, 0xD692, 0xC611,
	0xBDD0, 0xBDF1, 0xB5B0, 0xD692, 0xF7B5, 0xF794, 0xF7B4, 0xF7B4, 0xFFD5, 0xCE54, 0x8CB3, 0xC3EE,
	0xE34B, 0xD36C, 0x9C91, 0x9D34, 0x94F3, 0xDE37, 0xF71B, 0xF6FA, 0xF6FB, 0xEEDB, 0xEEFB, 0xEEFB,
	0xEEDB, 0xEEDB, 0xDDB6, 0xC470, 0xD5F7, 0xAE1B, 0xC65A, 0xDE18, 0xD5D9, 0xDC99, 0xC3F7, 0xBD39,
	0xDB38, 0xE45A, 0xCA56, 0xDB97, 0xDB38, 0xDC57, 0xDC96, 0xDB76, 0xDB38, 0x455E, 0x049F, 0x9D72,
	0xFECB, 0xD58C, 0x9CB2, 0xF79E, 0xD658, 0xCE37, 0xD657, 0x6B2C, 0x7B6A, 0xE5EA, 0xCD06, 0xCD06,
	0xE586, 0xE586, 0xDD46, 0xE543, 0xBD51, 0xD639, 0xB554, 0x736A, 0x62A6, 0x7BAC, 0x62C9, 0x5226,
	0x5A46, 0x49E4, 0x836A, 0xACB0, 0x9C70, 0x7B6B, 0x6287, 0x6B09, 0x5246, 0x5204, 0x4A09, 0x5AAD,
	0x62CD, 0x5A8D, 0x62CE, 0x5ACE, 0x9C94, 0xEEFC, 0xD5F8, 0xDE18, 0xF73D, 0xEEDB, 0xF71C, 0xE658,
	0xCD12, 0xEE59, 0xE699, 0x7390, 0x4A0B, 0x5ACB, 0x6B4C, 0x41C6, 0xA50F, 0x950A, 0x8C8D, 0xB5B3,
	0xADB0, 0xAE0B, 0xAE09, 0xADEE, 0xF75C, 0xEEB9, 0xCE38, 0xE6DC, 0xCE74, 0x9D87, 0xBE2E, 0xC614,
	0xD659, 0xD658, 0xBDB1, 0xC5F2, 0xD692, 0xB5B0, 0xE713, 0xC631, 0xBDF1, 0xAD6F, 0xBDF0, 0xCE51,
	0xFFF5, 0xFFF5, 0xFFF5, 0xFFF5, 0xFFF5, 0xCE74, 0x9472, 0xD36C, 0xBC0F, 0x94B2, 0x94D2, 0x8CB2,
	0x9CF3, 0xE678, 0xF75C, 0xFF3C, 0xF6FB, 0xEEBA, 0xEEDB, 0xEEFB, 0xEEDA, 0xEEFB, 0xD575, 0xCC30,
	0xCDF8, 0xD67A, 0xD639, 0xCC38, 0xE63B, 0xD499, 0xC3F8, 0xD51A, 0xDB59, 0xD5DC, 0xC3F8, 0xC4D9,
	0xD298, 0xDCD8, 0xDD97, 0xE459, 0xCAD9, 0x3D7E, 0x0C9F, 0x9D72, 0xFEAB, 0xDDCD, 0x632C, 0x5AEB,
	0x5ACB, 0x62EB, 0x5AAA, 0x41E6, 0x62EC, 0xCD6C, 0xC4A4, 0xD525, 0xE586, 0xD505, 0xCCA4, 0xD4E3,
	0xA44B, 0xA4D2, 0xA534, 0x9CF3, 0x8C4F, 0xA4D0, 0x83AB, 0x8BEC, 0x62A8, 0x49E4, 0x49C4, 0x5225,
	0xA514, 0x738C, 0x5A67, 0x6B09, 0x5A67, 0x5225, 0x4A2A, 0x41EB, 0x522B, 0x6B0E, 0x72ED, 0x6ACC,
	0xA4D3, 0xB574, 0xD618, 0xDE9A, 0xDE37, 0xEEDB, 0xEEFC, 0xDE17, 0xBC8F, 0xC5B5, 0x9CB2, 0x524C,
	0x62EE, 0xBDD8, 0xCE19, 0xC5D8, 0xBDB5, 0xB593, 0xA570, 0xADCE, 0xADAE, 0xADEB, 0xA5E9, 0xC633,
	0xF71B, 0xE677, 0xADAF, 0xCE78, 0xEEFD, 0xADEC, 0xB62D, 0xA589, 0xCE36, 0x9546, 0xDEF0, 0xCE15,
	0xAD70, 0xC630, 0xB58F, 0xA52F, 0xB590, 0xB5B0, 0xC611, 0xEF54, 0xFFF5, 0xFFF5, 0xFFF5, 0xFFF5,
	0xFFF5, 0xCE94, 0xABEF, 0xBC0F, 0x8D14, 0x94F3, 0x94D3, 0x9CF2, 0xC5B5, 0xD5D5, 0xDE58, 0xE6DA,
	0xFF5D, 0xF77E, 0xF73C, 0xEEFB, 0xEF1C, 0xEEDB, 0xE6BA, 0xE6DB, 0xEEDB, 0xF71B, 0xCE1B, 0xD3B8,
	0xE53B, 0xD318, 0xCB37, 0xDCDA, 0xD398, 0xCC7A, 0xCBF9, 0xBCB9, 0xC397, 0xDD57, 0xE678, 0xE618,
	0xD5D9, 0x4D5D, 0x0C9F, 0x9D72, 0xFECA, 0xD5AB, 0x630C, 0x632C, 0x4A49, 0x4A48, 0x6B4C, 0x5289,
	0x39E7, 0xC54C, 0xD56B, 0xCD49, 0xCCE5, 0xBC63, 0xC4A4, 0xCCC4, 0xB4CE, 0x9CF3, 0xB596, 0x9CF3,
	0x9491, 0x9491, 0xAD34, 0xBDB4, 0x7307, 0x5204, 0x5A87, 0xBDF8, 0xBDF8, 0x7BAD, 0x5A66, 0x62A7,
	0x5A67, 0x5204, 0x39A8, 0x5A8D, 0x6B0E, 0x62CE, 0x82EB, 0x7ACB, 0xACF1, 0x6329, 0x7246, 0x5A89,
	0xC533, 0xE658, 0xE679, 0xD638, 0xA38A, 0x83AD, 0x3186, 0x41EA, 0x5A6C, 0xD679, 0xE6BB, 0xD618,
	0xCE17, 0xC616, 0xDE99, 0xDEB9, 0xDEB8, 0xD677, 0xBE2F, 0xADCD, 0xE699, 0xDE37, 0xC616, 0xDEDA,
	0xEF1D, 0xB60E, 0xB60E, 0xB5D1, 0xADAB, 0x8D22, 0xDF13, 0xC615, 0xC5D4, 0xAD4F, 0xAD6F, 0xBDF0,
	0xD6B2, 0xCE51, 0xCE34, 0xFFF6, 0xFFF5, 0xFFF5, 0xFFF5, 0xFFF5, 0xFFF5, 0xD674, 0xABEF, 0x94D2,
	0x94F3, 0x94D3, 0x94B2, 0xE657, 0xE699, 0xD5D5, 0xCD94, 0xC595, 0xCD95, 0xE554, 0xE5D6, 0xE5B6,
	0xE638, 0xDDD6, 0xDE18, 0xE6BA, 0xEEBA, 0xAE5C, 0x95FD, 0xDDBA, 0xD4D9, 0xCCFA, 0xBD19, 0xBC79,
	0xD398, 0xA5DD, 0xB49A, 0x955A, 0xC559, 0xDC97, 0xDE17, 0xDE18, 0xD617, 0x4D1C, 0x0CBF, 0x9D72,
	0xFE6B, 0xF66B, 0xA4F0, 0x632D, 0x8C2F, 0x83CE, 0x9CD2, 0x5269, 0x9CD3, 0xFFDE, 0xE71B, 0xD658,
	0xC5B3, 0xBCC9, 0xC482, 0xC482, 0xA44A, 0xA514, 0xAD75, 0x8C2F, 0x83ED, 0x9CB2, 0xB575, 0x9CB1,
	0x8C0D, 0x8BEB, 0xAD33, 0xBDD7, 0x734B, 0x49C4, 0x62A8, 0x5A87, 0x62C8, 0x5225, 0x7B6D, 0x9412,
	0x62CD, 0x5A8D, 0x7B70, 0x7B70, 0xA4F2, 0x6329, 0x39A7, 0x8C10, 0xE6BA, 0xE69A, 0xDE59, 0xEEBA,
	0xE6BA, 0xEF1B, 0x4A49, 0x4A0B, 0x39AA, 0x9473, 0xF73C, 0xDE79, 0xAD32, 0xDEB9, 0xDE57, 0xD634,
	0xDE99, 0xEEBB, 0xCE35, 0xD698, 0xDEDB, 0xDE9A, 0xE6BB, 0xDE9A, 0xEEFC, 0xD697, 0xC614, 0xAD8A,
	0x8521, 0xADAA, 0xF6D7, 0xDEF4, 0xEF37, 0xDE98, 0xDEF4, 0xEF56, 0xEF74, 0xFFD5, 0xEF55, 0xFFF5,
	0xFFF5, 0xFFF5, 0xFFF5, 0xFFF5, 0xFFF5, 0xD694, 0x8CB3, 0x94F3, 0x94D3, 0x8CB2, 0xC5F6, 0xFF1B,
	0xEEB9, 0xD5D5, 0xD5D5, 0xBD32, 0xD5D5, 0xDDB5, 0xDE17, 0xE679, 0xDE38, 0xDE38, 0xB575, 0xDEBB,
	0xEEDA, 0x95FB, 0x7E1F, 0xB61D, 0xAE3C, 0xB63C, 0x8E3D, 0xA5FD, 0x961C, 0x963E, 0x9E1D, 0x861E,
	0xC65B, 0xE678, 0xDE79, 0xD638, 0xC5F8, 0x4D1C, 0x14BF, 0x9D71, 0xFE6A, 0xFEAB, 0xACED, 0x4A6A,
	0x5AA9, 0x62CA, 0x5268, 0x6B2B, 0xAD34, 0xFFFF, 0xF7BE, 0xE6FB, 0xD679, 0xD699, 0xDDCD, 0xD4C0,
	0xAC8A, 0xA4F4, 0x9CD3, 0x9450, 0xA4F2, 0xBD96, 0x9CF2, 0x840E, 0x7BCD, 0xA4F3, 0xBDD6, 0x9C90,
	0x6A85, 0x5A24, 0x5246, 0x5A87, 0x5225, 0x8BEE, 0xCDD7, 0x9C94, 0x9454, 0xB578, 0x9474, 0x62EF,
	0x7BCE, 0x5AE8, 0x3187, 0x9451, 0xDE79, 0xE699, 0xD617, 0x8C0E, 0xDE79, 0xEEFB, 0x6B2B, 0x4A2B,
	0x41CB, 0x7BB0, 0xD679, 0x940F, 0x62E5, 0xC650, 0xB5EC, 0xB610, 0xB5F0, 0xBDD1, 0xE6DB, 0xEEDB,
	0xD658, 0xD659, 0xDE9A, 0xDE9A, 0xDE99, 0xEEFC, 0xE6DB, 0x8D24, 0x8520, 0x84E1, 0xBD0F, 0xEED6,
	0xEF58, 0xEEFA, 0xEEFB, 0xD657, 0xD656, 0xA52E, 0xBDB0, 0xE6F5, 0xFFF5, 0xFFF5, 0xFFF5, 0xFFF5,
	0xFFF5, 0xD6B4, 0x8C72, 0x94B2, 0x94F3, 0x8CB2, 0xB595, 0xF6FA, 0xF6DA, 0xDE17, 0xCDB5, 0xBD12,
	0xC574, 0xEEFC, 0xDE9A, 0xE69A, 0xEEDB, 0xCDD6, 0xA4B0, 0xE699, 0xD69B, 0xCE59, 0xCE19, 0xDB98,
	0xE3FA, 0xDD19, 0xD55B, 0xDB38, 0xA5FC, 0xDC79, 0xDBF8, 0xDBDA, 0xE65A, 0xE659, 0xE69A, 0xE679,
	0xE638, 0x553C, 0x14BF, 0x9D71, 0xFE69, 0xFE8A, 0xBD0C, 0x31C7, 0x6B2B, 0x734B, 0x41A5, 0x41A5,
	0x8C2F, 0xFFDE, 0xFFFF, 0xFFFF, 0xF79D, 0xEF7D, 0xDEDA, 0xD4E3, 0xBCC9, 0xB5D8, 0xAD55, 0xB575,
	0xCE39, 0x9CD2, 0x83ED, 0x8C2F, 0x9C91, 0xBD95, 0xA4F2, 0x8C0E, 0x8C2D, 0x942B, 0x7B68, 0x6AE8,
	0xA491, 0xF71E, 0xDE7B, 0xCE3B, 0xD67B, 0xAD55, 0xA4D3, 0x9452, 0x8C8F, 0x9CEF, 0x840F, 0xBD95,
	0xD617, 0xDE79, 0xEF1B, 0xBD95, 0xDE59, 0xD658, 0xCE37, 0x9472, 0x4A2C, 0x630E, 0x83EF, 0x3985,
	0x7369, 0xA5E6, 0xB62D, 0xD69B, 0xC637, 0xD6B9, 0xE6BA, 0xEEFB, 0xE6DB, 0xE6BB, 0xE69A, 0xEF3C,
	0xEF1B, 0xDEBA, 0xDEDB, 0xBE14, 0xAD8D, 0xBE12, 0xB4F1, 0xCDD5, 0xEF18, 0xEF1C, 0xBD96, 0xAD14,
	0xD639, 0x63AF, 0x636E, 0xAD12, 0xFFD4, 0xFFF5, 0xFFF5, 0xFFF5, 0xFFF5, 0xD6B4, 0x8C92, 0xAD53,
	0xACF1, 0x9C91, 0x94B2, 0xE699, 0xF6FA, 0xDE37, 0xCDD6, 0xDE59, 0xE6BB, 0xE6BB, 0xD659, 0xDE59,
	0xD638, 0xC510, 0x9C0C, 0x7329, 0x8579, 0x65FF, 0x9D9B, 0xDBB9, 0xDB9A, 0xD3F9, 0xCB37, 0xD419,
	0xBD7C, 0xCB99, 0xC2D7, 0xD2D9, 0xDDF9, 0xE679, 0xEEBA, 0xDE5A, 0xD5F8, 0x5D1A, 0x14BF, 0xA571,
	0xFE69, 0xFE8B, 0xC591, 0x62EC, 0x8C0F, 0xBDB5, 0x62C9, 0x3123, 0x8C2F, 0xFFFF, 0xD679, 0xCE58,
	0xF79E, 0xEF5C, 0xD6BB, 0xAC67, 0xCD28, 0xCE9C, 0xCE5A, 0xD638, 0xC5D7, 0x8C2E, 0x8C0D, 0x8C4F,
	0xB575, 0xC639, 0xA513, 0x83ED, 0x9490, 0x94B1, 0x9CAF, 0xB552, 0xC593, 0xC573, 0xA4D4, 0x9474,
	0xA4F4, 0xA4F3, 0xB595, 0xCE17, 0xD635, 0xA531, 0x9491, 0xDEB8, 0xE699, 0xCDF6, 0xE6BA, 0xEEFB,
	0xEEDA, 0xBDB5, 0xA514, 0x9CB3, 0x528D, 0x630D, 0x8410, 0x8C51, 0xAD51, 0x9DA7, 0xBE50, 0xCE7A,
	0xC618, 0xEF1C, 0xE6BA, 0xE6BB, 0xE6BA, 0xEEFB, 0xEEDB, 0xE6BA, 0xEEFB, 0xC5D7, 0x8C2F, 0xE6DB,
	0xD658, 0xE6BB, 0xF71C, 0xF71C, 0xDE59, 0xEEDB, 0xA4F3, 0x9491, 0xADD6, 0x9DD6, 0xA618, 0xA595,
	0xE715, 0xFFD6, 0xFFF4, 0xFFF5, 0xFFF5, 0xDEB4, 0x8C71, 0xB531, 0xCDB3, 0xBD52, 0xB553, 0xEEB9,
	0xF6DA, 0xE679, 0xCDB6, 0xD618, 0xE6BB, 0xE6BA, 0xDE5A, 0xDE59, 0xACB2, 0x942F, 0xA490, 0xA3CA,
	0x8D79, 0x561F, 0x957C, 0xDB57, 0xDBF9, 0xD2F7, 0xDBD9, 0xDA57, 0xC51B, 0xD3D9, 0xDB18, 0xDB19,
	0xDD79, 0xE6BA, 0xE6BB, 0xE67A, 0xCDF8, 0x54B8, 0x247C, 0x9D71, 0xFE47, 0xFEF2, 0x632E, 0x62EB,
	0x4A28, 0x736D, 0x62CA, 0x2902, 0x62EA, 0xB575, 0x7BAD, 0x736C, 0xEF3B, 0xEF3C, 0xD69A, 0x6264,
	0xC4E6, 0xC63A, 0xD658, 0xDE37, 0xCDD5, 0xA4F1, 0x944E, 0xAD53, 0xC619, 0xBDD7, 0x946F, 0x944E,
	0x9CB0, 0x9CD0, 0xAD33, 0xAD13, 0x944D, 0x942A, 0x62A8, 0x20E6, 0x8C50, 0xBDD5, 0xAD14, 0xC575,
	0xCDB4, 0xA4F1, 0x8C50, 0xB594, 0xCE17, 0xEED9, 0xE6BA, 0xEEDB, 0xCE17, 0xB595, 0xB575, 0x9472,
	0x41CB, 0x4A4A, 0x6B4C, 0xBD96, 0x6B48, 0x9DC6, 0xADCC, 0xCE39, 0xC618, 0xDE79, 0xDEBB, 0xD679,
	0xC673, 0xD696, 0xEEDC, 0xF71D, 0xEEFC, 0xE6DC, 0xEF1D, 0xE69A, 0xDE98, 0xCE16, 0xBD75, 0x9C2F,
	0x6A66, 0x8309, 0x7B4B, 0x4A69, 0x4207, 0x4208, 0x31A6, 0x8C30, 0xE69A, 0xEED9, 0xFFD5, 0xFFF5,
	0xFFF5, 0xE6F4, 0x94B2, 0x9CD1, 0xC5B3, 0xB511, 0xE678, 0xF6DA, 0xE678, 0xE6BA, 0xDE79, 0xCDD6,
	0xD638, 0xDE9A, 0xDE9A, 0xDE79, 0xCDF7, 0xDE79, 0xD617, 0xB44C, 0x8536, 0x661F, 0x8DDB, 0xAD9B,
	0x9E1D, 0xB5DC, 0x9E5E, 0xA59B, 0x85FD, 0x9DDB, 0xA59B, 0x95FE, 0xBDFA, 0xDE79, 0xEEBB, 0xE69A,
	0x859B, 0x3CBB, 0x2C5A, 0x9D0F, 0xFE68, 0xE6F8, 0x4228, 0x4207, 0xA514, 0xDEDB, 0xAD75, 0x630B,
	0x2903, 0x1081, 0x738D, 0x83EE, 0xCE58, 0xF75C, 0x83EF, 0x4161, 0xBCA6, 0xBD95, 0xC595, 0xCDF6,
	0xC5D6, 0xC5B5, 0xA512, 0xCE59, 0xCE9A, 0xAD73, 0x9CAF, 0x9CAF, 0xA4F0, 0xAD54, 0xB553, 0x944D,
	0x944D, 0xA4D0, 0x8BC9, 0x2903, 0x840D, 0xC5F5, 0xCDB6, 0xD5B6, 0xD5F6, 0xCE17, 0x9CD2, 0x9CD2,
	0xD617, 0xE6B9, 0xD617, 0xDE79, 0xAD33, 0xA513, 0xAD55, 0x8C52, 0x41AB, 0x39C9, 0x39E6, 0x5ACA,
	0xBD53, 0xBE10, 0xA5C9, 0xC655, 0xEF1C, 0xDE59, 0xE6BB, 0xDE99, 0xFFFF, 0xFF9E, 0xEEFB, 0xFF7E,
	0xEF1D, 0xE71C, 0xDEBB, 0xDE9A, 0xD678, 0xCE36, 0xCDD6, 0xDE79, 0x7AE9, 0x7287, 0x732B, 0x528A,
	0x4A48, 0x31A6, 0x2965, 0x83EF, 0xE6DA, 0xDE59, 0xF777, 0xFFF4, 0xFFF5, 0xEF35, 0xBD52, 0xAD31,
	0xACCF, 0xDE16, 0xEE99, 0xF6FA, 0xE698, 0xCD95, 0xCDD5, 0xC5D6, 0xB513, 0xD5F7, 0xE6DB, 0xDE79,
	0xDE79, 0xDE79, 0xD67A, 0x9BEC, 0x7494, 0x663F, 0x75DD, 0x75DC, 0x5DDF, 0x6DFE, 0x6DDE, 0x75DD,
	0x7DBB, 0x75BC, 0x657B, 0x5D7C, 0xADD9, 0xC63A, 0xAE1B, 0xDE59, 0x755A, 0x44FC, 0x2C7A, 0x94AC,
	0xEE0C, 0xEF1C, 0x9450, 0x4A48, 0xAD75, 0xFFFF, 0xFFFF, 0xDE9A, 0xC596, 0x83AD, 0x2903, 0x3144,
	0x2923, 0x7B8D, 0x41E7, 0x3961, 0xAC24, 0xA4B1, 0xA490, 0x9C6F, 0xA4D2, 0xAD13, 0xD659, 0xDEDD,
	0xB5D7, 0x8CB1, 0x9490, 0xAD53, 0xCE38, 0xCE37, 0xA4D0, 0x9CAF, 0x9C8E, 0x9C8E, 0x7307, 0x5226,
	0x83AC, 0x8C0D, 0xB532, 0xCDB5, 0xE699, 0xCE16, 0x8C50, 0x9491, 0x9470, 0xBD74, 0xAD33, 0xCE16,
	0xA512, 0xBDD6, 0xCE37, 0xA4F4, 0x314A, 0x83B0, 0xBC92, 0xABCF, 0xCC90, 0xC5D1, 0xADED, 0xADCD,
	0xEEDC, 0xE69A, 0xE6BA, 0xEEDB, 0xBEB8, 0xAE55, 0xEEDA, 0xDE78, 0xEEDC, 0xEF5D, 0xE71B, 0xDE99,
	0xE6DB, 0xEEFC, 0xF71C, 0xEEFB, 0xE699, 0xA42F, 0x62CA, 0x8C0F, 0x4A48, 0x4228, 0x3186, 0x528A,
	0xA4F4, 0xCE18, 0xE6D7, 0xFFD5, 0xFFF5, 0xEF14, 0xB4AE, 0xBCCD, 0xCD71, 0xCDD6, 0xDE37, 0xF6DA,
	0xEEFB, 0xC575, 0xB4D1, 0xC595, 0xCD95, 0xBD12, 0xEEDA, 0xE69A, 0xDE7A, 0xD617, 0xCE18, 0xB48F,
	0x74B5, 0x663F, 0x85FD, 0xAE7D, 0x965E, 0x8E5E, 0x963D, 0x8DDB, 0xA63B, 0x9DDA, 0x9DDA, 0x8DB9,
	0xC618, 0xCE7B, 0x763F, 0xA5DA, 0x9D98, 0x5D19, 0x3C59, 0x9CF0, 0xC550, 0xC595, 0xCDD5, 0xBD74,
	0x6B2B, 0x9CD2, 0xE6DA, 0xEEDB, 0xB554, 0x39C6, 0x20C1, 0x18A1, 0x736C, 0x840F, 0x0841, 0x62A8,
	0xBCCB, 0x8BCC, 0xAD12, 0xACF1, 0xBD74, 0xC5B5, 0xBDB5, 0xA531, 0x844C, 0xA574, 0xB5D6, 0xD69A,
	0xD67A, 0xD616, 0xB533, 0x9490, 0x8C4E, 0x8C0D, 0x7B49, 0x5A47, 0x83AC, 0xACD1, 0xBD33, 0xC574,
	0xD5F7, 0xC5F5, 0x8C70, 0x840F, 0x9CB2, 0x62C9, 0x62EA, 0x8C4F, 0x62EA, 0x7B8F, 0x736F, 0x62CE,
	0x396A, 0x6B0D, 0xBC91, 0xD4B3, 0x836B, 0xCE15, 0xB5D1, 0xB5B0, 0xE6FC, 0xEEDB, 0xEEDB, 0xE6BB,
	0xA5D3, 0xBE16, 0xE69A, 0xCE37, 0xE6BB, 0xEF3E, 0xEF3D, 0xEEFB, 0xEEFB, 0xE6B8, 0xE6B9, 0xEEDA,
	0xEEFB, 0x82E9, 0x3985, 0x738E, 0x52AA, 0x39C6, 0x18E3, 0x31A6, 0x8C10, 0xC5D7, 0xCE37, 0xF757,
	0xFFF6, 0xF733, 0xC48C, 0x9BEC, 0xEEB9, 0xE69A, 0xDE59, 0xEEFB, 0xF6FB, 0xE657, 0xDE38, 0xCDB5,
	0xEE98, 0xD5D5, 0xE658, 0xE658, 0xE679, 0xDE37, 0xCDB4, 0xCD32, 0x8557, 0x6E1F, 0x85DC, 0x8DFC,
	0x8DFC, 0x8DFC, 0x85FC, 0x7DFD, 0x7E1E, 0x85DB, 0x85BB, 0x85BA, 0x9DB9, 0xC5F9, 0x75FE, 0x65BD,
	0x6D5A, 0x54D9, 0x3C9A, 0x948E, 0x9C2C, 0xD658, 0x83AD, 0x5A68, 0x946F, 0x41C5, 0x7B6C, 0xAD13,
	0x39A6, 0x20E3, 0x18C2, 0x41E7, 0xE6FA, 0xCE37, 0x738D, 0xB4EF, 0xB488, 0x83AB, 0xA4F1, 0xC595,
	0xBD94, 0xA4D1, 0x7BC9, 0x7366, 0x946D, 0xCE59, 0xD69A, 0xC617, 0xCDD6, 0xBD74, 0xB533, 0x7BCF,
	0x52CC, 0x5ACA, 0x7308, 0x5226, 0x5226, 0x838C, 0xA490, 0x8BAF, 0x942E, 0x9C6F, 0x62EB, 0xB554,
	0xAD13, 0x3165, 0x3144, 0x528A, 0x2104, 0x3128, 0x3989, 0x39AA, 0x41EC, 0x41C9, 0x4A04, 0x5267,
	0x5AA6, 0xB5CD, 0xB5B0, 0xC5F7, 0xD63A, 0xEEFB, 0xF73C, 0xF6FC, 0xBE36, 0xA614, 0xD659, 0xDE99,
	0xE6FC, 0xF75E, 0xF73D, 0xEEFB, 0xF71D, 0xB5EC, 0x5A62, 0x8B2A, 0xC553, 0x7288, 0x39C6, 0x39E8,
	0x842C, 0x948C, 0x2104, 0x39E7, 0xAD14, 0xCE16, 0xA4F2, 0xAD31, 0xD633, 0xEED4, 0xA34A, 0xAC2D,
	0xE657, 0xE679, 0xE6BA, 0xF71C, 0xEE99, 0xC50D, 0xC531, 0xB46E, 0xEEB7, 0xE678, 0xD5D5, 0xE5F2,
	0xF719, 0xEEB9, 0xD5D3, 0xD591, 0x9DDA, 0x75FF, 0x7DDC, 0x85BB, 0x9DDA, 0x7DBC, 0x6DFE, 0x6DDE,
	0x65FF, 0x6DBD, 0x659C, 0x659D, 0x859A, 0xBDF9, 0xB5FA, 0xB61B, 0xB5FB, 0x9D99, 0x44DC, 0x9CEF,
	0x8369, 0xE6FB, 0xD6B9, 0x4A48, 0x5A88, 0x8BED, 0x5ACA, 0x8C30, 0x8BCE, 0x730A, 0x6AEA, 0xA4B1,
	0xCDF6, 0xCDF6, 0xCDD7, 0xCD93, 0xBC87, 0x8C0B, 0x8C2C, 0x944C, 0x944D, 0x83C7, 0x7BA6, 0x9C8D,
	0xBD74, 0xBD95, 0xB595, 0xAD13, 0xBD95, 0xB554, 0xBD75, 0xCD96, 0x5B0E, 0x630C, 0x8BEC, 0x5227,
	0x4A06, 0x7B8D, 0x93A8, 0x832A, 0x83CD, 0xACF1, 0xD638, 0xE699, 0x942F, 0x41C5, 0x39A5, 0x62CB,
	0x2903, 0x41C9, 0x49EB, 0x3167, 0x2947, 0x39A8, 0x734B, 0x62A9, 0x736A, 0xA5AB, 0xADCD, 0xAD90,
	0xD65A, 0xEEFC, 0xF73C, 0xEEFC, 0xCE79, 0xC678, 0xCE79, 0xE6BB, 0xF73E, 0xF75E, 0xF73D, 0xF73C,
	0xF73D, 0xE6D8, 0x6264, 0x48E0, 0x7AC8, 0xBD74, 0x4228, 0x5ACB, 0xA4EE, 0xAD4D, 0x3186, 0x5AAA,
	0x83AE, 0xC5D1, 0x738C, 0x4A4A, 0x6246, 0xA44E, 0xC550, 0xCD92, 0xD5D5, 0xD617, 0xEEBA, 0xF71C,
	0xEE9A, 0xE677, 0xEE96, 0xE633, 0xE676, 0xF6FB, 0xE657, 0xEE95, 0xE635, 0xEE77, 0xD5F4, 0xD5B1,
	0x9DD9, 0x8DFC, 0x8DDA, 0x9DFA, 0xA5FA, 0x85BB, 0x7DDC, 0x7DBB, 0x6DFE, 0x6DDD, 0x8DBB, 0x75BC,
	0x859A, 0xB5D9, 0xCE3A, 0xD65B, 0xD63A, 0x6D5B, 0x34DD, 0xAD4E, 0x72E5, 0xA4F3, 0xDEDA, 0x73CF,
	0x41E6, 0x62A8, 0x41C5, 0x942F, 0xA490, 0x5227, 0x5226, 0x7B8C, 0xC595, 0xC5D5, 0xCD96, 0xC554,
	0xAC25, 0x83AC, 0xAD13, 0x946F, 0x840C, 0x83E9, 0xA4EF, 0xD659, 0xC5B5, 0xBD95, 0xBDD6, 0xB534,
	0xAD13, 0x8C10, 0x9430, 0xD618, 0x9C91, 0x6B4C, 0xACB1, 0x5A48, 0x5226, 0x5AAC, 0x524A, 0x8B88,
	0x8BAA, 0x734B, 0x9C50, 0xA491, 0x83CE, 0x41A5, 0x4A07, 0x5A8B, 0x28E3, 0x41A9, 0x3146, 0x2964,
	0xA4D2, 0x4228, 0x5AAA, 0x8C51, 0x62C7, 0xBDD1, 0xC5D3, 0xA58C, 0xEEFC, 0xF75D, 0xEF1C, 0xEEFB,
	0xE69A, 0xD69A, 0xDEDB, 0xE6BB, 0xF73D, 0xFF7F, 0xF73D, 0xF73B, 0xF71C, 0xFF5C, 0xC574, 0x5141,
	0x59C3, 0xBD33, 0x7BEF, 0x4A6A, 0x632A, 0x6309, 0x630C, 0xC5B6, 0xDE79, 0xEEDB, 0xDE79, 0x9492,
	0x5207, 0x7A86, 0xBD31, 0xB4F1, 0xDE36, 0xEEB9, 0xE69A, 0xF6FB, 0xEEBA, 0xEEB9, 0xDE15, 0xCCCC,
	0xDD4F, 0xF6DA, 0xEE98, 0xE653, 0xDDD1, 0xDDB2, 0xE636, 0xD5D4, 0x9577, 0x7DBC, 0x95DA, 0xBE39,
	0xA5FA, 0x95DB, 0x95FB, 0x9DFA, 0x8E1C, 0xCE9B, 0xD659, 0x95BA, 0x8DBA, 0xC5F9, 0xCE3A, 0xD69C,
	0x9DDB, 0x551A, 0x44BA, 0xAD4E, 0xB445, 0x5AEC, 0xB595, 0xBE18, 0xCE59, 0x734B, 0x5227, 0x730A,
	0x9C4F, 0x6AC9, 0x5A68, 0x8BEE, 0xCDD6, 0xCDF6, 0xC5B5, 0xC573, 0xB446, 0x6B29, 0x9CB1, 0xAD13,
	0x942C, 0xA48D, 0xCDF7, 0xDE58, 0xC5B5, 0xBD74, 0xC5F6, 0xBD95, 0x9CB2, 0x6B0C, 0x83AD, 0x9C90,
	0xC575, 0xC575, 0xBD12, 0x49E8, 0x3165, 0x5AAC, 0x5AAD, 0x7B4D, 0xA44C, 0x7B4A, 0x734C, 0x6AEA,
	0x62A9, 0x3143, 0x5289, 0x4A2C, 0x2945, 0x41EA, 0x20E5, 0x4207, 0xEEFB, 0x6B4D, 0x2965, 0x4207,
	0x8C0E, 0xA56C, 0xC614, 0xC615, 0xDE79, 0xEF1C, 0xF73D, 0xEEFB, 0xE6FB, 0xFFFF, 0xDEF9, 0xE6B9,
	0xFF5D, 0xFF5E, 0xF75D, 0xF73C, 0xEED9, 0xEEF9, 0xF71B, 0x6A46, 0x5162, 0xACD1, 0xD679, 0x8C30,
	0x5AAB, 0x31A7, 0x734D, 0xFF5C, 0xF71C, 0xEEFB, 0xF73C, 0x9472, 0x49E6, 0x7A86, 0xB4CF, 0x93AA,
	0xA3AA, 0xB42D, 0xDDF6, 0xEEBB, 0xDE37, 0xE635, 0xD5D4, 0xCCCC, 0xD54D, 0xEEB8, 0xEE77, 0xDDD1,
	0xDDD1, 0xD591, 0xD591, 0xE656, 0xC639, 0x9DFA, 0xA5F9, 0x95FB, 0x8DDB, 0x8DBB, 0x8DBA, 0x8DBA,
	0x7DDC, 0xEF1C, 0xD659, 0x74F6, 0x7518, 0xADD9, 0xD65B, 0xDEBC, 0x7D7A, 0x5CB8, 0x5476, 0x9CAD,
	0xEDC7, 0x5A65, 0x52AB, 0xD6BB, 0xBE1A, 0x83EE, 0x630B, 0x49E6, 0x6B2B, 0x9471, 0x838D, 0x838D,
	0xC5B6, 0xC5D5, 0xB553, 0xBD53, 0xB469, 0x7B88, 0x7BED, 0xACF1, 0x9C4D, 0xA4AE, 0xC572, 0xC593,
	0xB52F, 0xA4CF, 0xBD54, 0xACF2, 0x8C2F, 0x738D, 0x6B2A, 0x942E, 0xACD2, 0xB514, 0xB4F1, 0xA430,
	0x5ACB, 0x7BD0, 0x9C92, 0x8BF0, 0x83CD, 0x93CA, 0x7B49, 0x62AA, 0x6288, 0x41C6, 0x52AC, 0x41EC,
	0x2966, 0x3989, 0x1063, 0x39E6, 0xEF1B, 0xDE7A, 0xA514, 0x8C51, 0xDE99, 0xAD8E, 0xA56E, 0xD639,
	0xD639, 0xEEDB, 0xF73C, 0xEF1C, 0xDE99, 0xCE55, 0xBE14, 0xE6BA, 0xF73C, 0xF73C, 0xF73D, 0xFF3D,
	0xB5CE, 0x8CE6, 0xACCC, 0x61E4, 0x48E0, 0x6A67, 0x8C51, 0x736D, 0x7BAE, 0x9471, 0xA4B2, 0xF73C,
	0xF71C, 0xEEFB, 0xF71D, 0x9493, 0x3922, 0x7265, 0xB46C, 0xC4EF, 0xCDB3, 0xCD51, 0xE655, 0xEEFA,
	0xE69B, 0xDD70, 0xD572, 0xDDF4, 0xE653, 0xF6B8, 0xE655, 0xDDF2, 0xDDD2, 0xDDD2, 0xE655, 0xF6F9,
	0xEEDA, 0xF75C, 0xFF9D, 0xE71C, 0x9E3C, 0xA65C, 0xA61B, 0xA61B, 0x961C, 0xBE7B, 0xC639, 0x9598,
	0x7559, 0x757A, 0xBE1A, 0xAD98, 0x74D6, 0x7CF6, 0x8D17, 0xAD32, 0xD5CF, 0xAC8A, 0x6B2D, 0xD638,
	0xC5D7, 0xA4B2, 0x9450, 0x5248, 0x83AE, 0xA4B1, 0x5A48, 0x62A9, 0xB554, 0xD658, 0xC5B5, 0xC572,
	0xCD70, 0xBD72, 0xB553, 0xBD50, 0xD615, 0xC5B3, 0xC571, 0xACF0, 0x9C6F, 0x9C90, 0xAD14, 0x7BEE,
	0x7BEF, 0x83EE, 0x6B2A, 0x9C70, 0xBD54, 0xACF3, 0x942C, 0xB512, 0xA4F4, 0x7370, 0x9452, 0xACD2,
	0x7B6C, 0x62CA, 0x9C0C, 0x9C6F, 0x5A68, 0x41C6, 0x62ED, 0x734F, 0x72EB, 0x6B0D, 0x7BB0, 0x62EC,
	0xDE58, 0xEEDB, 0xF73C, 0xEEDA, 0xCE18, 0xB5B2, 0xB5B2, 0xCE38, 0xDE9A, 0xEEFB, 0xF75D, 0xF75D,
	0xE6FB, 0xDEBA, 0xE6FC, 0xE6DB, 0xDEBA, 0xEEFB, 0xF73C, 0xF71D, 0xB5CD, 0x7CE1, 0x8BE4, 0x7A45,
	0x59A3, 0x51A3, 0x2965, 0x3186, 0x8410, 0xD659, 0xDE79, 0xF71C, 0xF71C, 0xEEDC, 0xF6FC, 0xD619,
	0x4963, 0x7AA7, 0xBC0E, 0xDD72, 0xFF17, 0xF6B6, 0xF6B6, 0xEE74, 0xE5F1, 0xDDD3, 0xE678, 0xEEB8,
	0xF6F6, 0xEE96, 0xF6D6, 0xE654, 0xE614, 0xEE74, 0xEED9, 0xE657, 0xAE19, 0xA65C, 0xE73D, 0xF73C,
	0x9E1C, 0x965D, 0x95FB, 0x95FC, 0x8DFC, 0x7DDC, 0x95FA, 0x95FA, 0x95DB, 0x7DBC, 0x9DFB, 0x9577,
	0x8CF4, 0x8CD4, 0x94F5, 0xB511, 0xCD72, 0xCD91, 0xB4EF, 0xC595, 0xD5F7, 0xBD54, 0xC574, 0xBD54,
	0xCDD6, 0xC595, 0x9C70, 0x83AD, 0xACF2, 0xDEB9, 0xCE37, 0xC593, 0xCD92, 0xB511, 0xAD11, 0xC594,
	0xCDD4, 0xD617, 0xD617, 0xACF2, 0x9C70, 0xB553, 0xAD54, 0x73CF, 0x7C30, 0x944F, 0x942F, 0x9C70,
	0xA491, 0x9C70, 0x7B89, 0x83AD, 0x62CA, 0x3A0C, 0x528D, 0x83AE, 0x6B2B, 0x62CA, 0x83EF, 0xB4F1,
	0x62A8, 0x526A, 0x8BF0, 0xCDB5, 0x6B0B, 0x5AAC, 0xC5D6, 0xC5D2, 0xC5D7, 0xF73C, 0xEEFB, 0xE679,
	0xDE79, 0xD657, 0xC5F6, 0xD65A, 0xEEDC, 0xE6DB, 0xDEBB, 0xEF1C, 0xE6DB, 0xDE9A, 0xEEFB, 0xE6FB,
	0xE6DB, 0xDE59, 0xF71C, 0xF6FC, 0xBE0F, 0x8522, 0x9447, 0x9B67, 0x61C3, 0x51C5, 0x3A08, 0x3186,
	0x6B4D, 0xDE99, 0xE69A, 0xFF5D, 0xEE9A, 0xEE9B, 0xE639, 0xCD96, 0x72C9, 0x7AC8, 0xF6F8, 0xEEB5,
	0xE5AF, 0xE5AF, 0xE5AF, 0xE58E, 0xE5AF, 0xDE13, 0xDE57, 0xE655, 0xEED6, 0xEE75, 0xEEB6, 0xEE76,
	0xE634, 0xE636, 0xEEFB, 0xE678, 0xC5B6, 0x9E3C, 0x963D, 0xB65B, 0x8E3D, 0x8E3E, 0x95FB, 0x8DDB,
	0x8DDB, 0x85DB, 0x9DDA, 0x8DDB, 0x95FB, 0xA5FB, 0xB61A, 0xB5D8, 0x94F5, 0x84B3, 0x8493, 0x9C6D,
	0xC4EB, 0xC4EB, 0xBCCA, 0xC594, 0xD617, 0xACD1, 0x8BEE, 0x9C50, 0xD5F7, 0xD5F7, 0xA4B1, 0xBD74,
	0xD637, 0xDEB9, 0xD678, 0xD5F5, 0xD5F5, 0xB532, 0xB511, 0xCDD5, 0xCDD6, 0xC5B5, 0xD5F5, 0xB511,
	0xB532, 0xAD33, 0xAD75, 0xA4F3, 0x7C30, 0x9470, 0xC574, 0xACF3, 0x942D, 0x83A9, 0xBD52, 0xE6DB,
	0xBD96, 0x9CD4, 0x83D1, 0x62CC, 0x6B0B, 0x6B2B, 0x736D, 0x6B4E, 0xA48F, 0x7B6C, 0x9452, 0xDE58,
	0x6B4E, 0x8C32, 0xBDAE, 0x8C69, 0xCDF8, 0xF73C, 0xF71C, 0xEEDA, 0xF73C, 0xEEDA, 0xBDD3, 0xB594,
	0xEEFC, 0xEEDB, 0xC5F7, 0xDE9B, 0xEEDC, 0xDE9A, 0xEF3C, 0xEEFC, 0xE6BB, 0xCE34, 0xE6D9, 0xDE99,
	0x9D47, 0x8523, 0x8C05, 0xA3A7, 0x7244, 0x5163, 0x2965, 0x2124, 0x2103, 0xB534, 0xC596, 0xDE58,
	0xEE7A, 0xE69B, 0xE65A, 0xDE19, 0xA4B2, 0x7AA7, 0xEE95, 0xEE53, 0xE5D0, 0xEE73, 0xEE74, 0xEE53,
	0xE612, 0xEE74, 0xE6BA, 0xEE75, 0xEEB5, 0xEE75, 0xEE75, 0xEE95, 0xEE74, 0xE635, 0xE655, 0xDDD2,
	0xC5B5, 0x969F, 0x8E7F, 0x8E5E, 0x8E3D, 0x961C, 0x8DFC, 0x95DB, 0x9DDA, 0x95B9, 0x95FC, 0x863E,
	0xAE3B, 0xCE18, 0xCE19, 0xC619, 0xBDD8, 0x9D36, 0x7CB4, 0xA4AE, 0xCD0B, 0xBCC9, 0xBCC9, 0xBD0E,
	0xB533, 0xA490, 0x6AE9, 0x4A06, 0x7B4C, 0xA470, 0xB532, 0xD657, 0xD657, 0xCE37, 0xCDF6, 0xC551,
	0xCD70, 0xBD32, 0xC574, 0xC593, 0xCDD5, 0xC5B5, 0xBD71, 0xACAB, 0xB4F0, 0xC593, 0xBD95, 0xCDD6,
	0xB554, 0xCDF7, 0xD65A, 0xCDF8, 0xBD53, 0x942D, 0xC593, 0xE69A, 0xD618, 0xB535, 0xA4B3, 0x9C92,
	0x9C91, 0x6B0B, 0x62EB, 0x5ACB, 0x8C71, 0x838C, 0xA4B1, 0xF75D, 0x8C2F, 0xC5F7, 0xA554, 0x8C72,
	0xCDF7, 0xF73D, 0xE6DC, 0xF71C, 0xF71B, 0xF71B, 0xDE99, 0xCE36, 0xEF1C, 0xF71C, 0xE6BB, 0xEF1C,
	0xE6DB, 0xDE9A, 0xDE7A, 0xBDF3, 0xE6BA, 0xD697, 0xE6D9, 0xDE98, 0x8D24, 0x8502, 0x8BE5, 0xA3A7,
	0x8AE5, 0x59A3, 0x630C, 0x5AEB, 0x634D, 0x8451, 0xD679, 0xCDF7, 0xDE7A, 0xDEBB, 0xC5D7, 0xAD35,
	0x7AEA, 0x7266, 0xE58F, 0xE5AF, 0xEE12, 0xE612, 0xEE53, 0xC50E, 0xDDB0, 0xEEB5, 0xE698, 0xE674,
	0xEEB5, 0xE654, 0xE654, 0xE653, 0xE653, 0xE632, 0xDDF1, 0xDDB0, 0xADF8, 0x8EBF, 0x967E, 0x8E9F,
	0x8E3E, 0x8E5E, 0x961C, 0x9DFA, 0x95DA, 0x8DDB, 0x963D, 0x9EBF, 0xCE7B, 0xDE59, 0xD65A, 0xC63A,
	0xB61A, 0x9DD9, 0x8559, 0xBD52, 0xCD2D, 0xBCA7, 0xBCC9, 0xC50D, 0xA44E, 0xA490, 0x8BCD, 0x6AEA,
	0x49E6, 0x5A68, 0xB533, 0xCDD6, 0xCDD5, 0xCDF6, 0xCDD6, 0xC50E, 0xBCAB, 0xB4EF, 0xBD73, 0xB591,
	0xA4F0, 0xBDB6, 0xAD10, 0x9C67, 0xB50E, 0xCDD4, 0xCDF5, 0xC594, 0xC5B4, 0xCDD3, 0xCDF6, 0xCDD6,
	0xBD74, 0xA48F, 0x9C6E, 0xB555, 0xCDD7, 0xBD76, 0xBD76, 0xD638, 0xC595, 0x7B6C, 0x62EB, 0x7BAE,
	0xCDF6, 0x8BF2, 0x8BF0, 0xFF5A, 0x8C4E, 0xB555, 0xE6BB, 0xDE79, 0xA4B2, 0xFF5D, 0xEEDB, 0xEEDB,
	0xDE58, 0xDE58, 0xE699, 0xDE98, 0xB60B, 0xADC8, 0xCE70, 0xE6D8, 0xEEFB, 0xF71C, 0xEEFC, 0xC634,
	0xF71C, 0xD655, 0xCE35, 0xC5F4, 0x8D04, 0x8502, 0x8BE4, 0x9B87, 0x9B86, 0x61E3, 0x8410, 0x8C30,
	0x7B4B, 0x72EA, 0xA44F, 0xE6BB, 0xDE7B, 0xDE9B, 0x8BEF, 0xBD76, 0xBD34, 0x6A45, 0xDD90, 0xF6B4,
	0xB530, 0xA3CB, 0xCC4B, 0xB3E8, 0xDD8E, 0xEEB6, 0xE697, 0xE655, 0xE655, 0xEE74, 0xEE53, 0xE611,
	0xE611, 0xE654, 0xDE34, 0xDDF2, 0xAE19, 0x8E9F, 0x963C, 0x963D, 0x963D, 0x8E7F, 0x963D, 0x9DFB,
	0x9DDA, 0x95BA, 0x963C, 0x8E7F, 0xC65A, 0xEEBA, 0xE69A, 0xA5D9, 0xA61B, 0xC5F8, 0xBE19, 0xCDF6,
	0xCD70, 0xC4EB, 0xC52C, 0xCD4F, 0xBCCD, 0xACD2, 0xA491, 0x6AC9, 0x3984, 0x6AEA, 0xC595, 0xCDF6,
	0xC595, 0xCDB6, 0xCDB4, 0xBCA9, 0xC4A5, 0x9C4A, 0x9D10, 0xBDB1, 0xA4F0, 0x83EE, 0xA532, 0x7BCA,
	0xACCE, 0xCDB4, 0xC5B4, 0xBD73, 0xA48F, 0x940B, 0xBD31, 0xC594, 0xC595, 0xBD74, 0xACD0, 0x9C50,
	0xB513, 0xBD54, 0xB535, 0xCDB6, 0xB533, 0x8BEE, 0x736D, 0xB534, 0xDE59, 0xBD94, 0xBDB5, 0xD638,
	0x6AEC, 0xC5D7, 0xFF3D, 0xDE79, 0xA4B2, 0xEEFB, 0xDE79, 0xEEDA, 0xE6BA, 0xD678, 0xE699, 0xE6B9,
	0xADEA, 0x8D40, 0x8D62, 0x9542, 0xADF5, 0xB5D9, 0xDEB9, 0xE6F8, 0xEF1C, 0xDE99, 0xDE79, 0xDE79,
	0x8D04, 0x7CE1, 0x83E4, 0x9B66, 0x9BC6, 0x7A84, 0x3144, 0x4963, 0x5120, 0x5121, 0x59A2, 0xDE38,
	0xD618, 0xDE79, 0xB4B1, 0xC575, 0xDE7A, 0x82E8, 0xDE12, 0xF674, 0xA3CB, 0xA367, 0xA3A9, 0xC407,
	0xE5D0, 0xEE94, 0xDE33, 0xDE37, 0xEEB5, 0xEEB5, 0xEEB4, 0xE652, 0xE5F0, 0xE653, 0xDE54, 0xDDF2,
	0xB638, 0xA67C, 0x965D, 0x9DFB, 0x967D, 0x8E9E, 0x965C, 0x967E, 0x963D, 0x8DFC, 0x8E3D, 0x8E5E,
	0xAE3B, 0xDE7A, 0xDE9A, 0xD659, 0xD639, 0xD659, 0xD659, 0xDE59, 0xDE59, 0xD617, 0xD638, 0xD617,
	0xC54F, 0xC573, 0xBD55, 0x83AD, 0x4184, 0x5A48, 0xD618, 0xD5F7, 0xBD94, 0xCDF7, 0xC591, 0xB400,
	0xBCC9, 0xA4F1, 0x94AC, 0x9CEB, 0xBDD0, 0x83EB, 0xA4D1, 0xBD32, 0x9C2D, 0xB511, 0xACD0, 0xA490,
	0x940D, 0x8BAB, 0xBD31, 0xCD95, 0xC594, 0xA48F, 0x9C4E, 0x83CD, 0xA4B1, 0xB4F2, 0xACD3, 0xC597,
	0xA4D3, 0xB555, 0xCDF7, 0xD638, 0xCE18, 0xC595, 0x7BD1, 0x6311, 0x6B0D, 0xA4D2, 0xEEDB, 0xEEFC,
	0xCDF8, 0xDE59, 0xC5B7, 0xD618, 0xEEDC, 0xC613, 0xDE76, 0xF73E, 0xE6BA, 0xADC9, 0x9562, 0x9542,
	0x8D30, 0x53F5, 0x9D6F, 0x8520, 0x9D87, 0x9D69, 0xC632, 0xBE0E, 0x7CC0, 0x7CE1, 0x83E4, 0x9B66,
	0x9BA6, 0x9366, 0x5982, 0x5162, 0x5962, 0x5983, 0x5962, 0xD5F6, 0xBD34, 0xAC91, 0xCDB6, 0xDE79,
	0xDE79, 0x7AA7, 0xE612, 0xEE54, 0xAC0C, 0xBB66, 0xBB65, 0xD510, 0xE6B9, 0xDE35, 0xD616, 0xDE7A,
	0xE615, 0xE54F, 0xDD91, 0xE54F, 0xDD6F, 0xDD0E, 0xD5B1, 0xD52D, 0xA619, 0x96BD, 0x969B, 0x967B,
	0xADBA, 0xC4DA, 0xAD7B, 0x8E9C, 0x8E5D, 0x855B, 0x855B, 0x85FC, 0x9E3B, 0xCE19, 0xDE9A, 0xD659,
	0xD639, 0xD659, 0xDE7A, 0xDE7B, 0xDE9B, 0xDE9A, 0xE69B, 0xDE7A, 0xCDD4, 0xCDB4, 0xD658, 0xACF3,
	0x940F, 0x734D, 0xC5B6, 0xD617, 0xC5B4, 0xCE17, 0xCDF2, 0xBCC8, 0xB531, 0xA4D1, 0x5B07, 0x63A7,
	0x8428, 0xB531, 0xBD33, 0xACD1, 0xACF0, 0xC594, 0xA48F, 0xBD12, 0x9C0C, 0xA46E, 0xD5F6, 0xACF1,
	0xACD0, 0x8BAB, 0x940E, 0xAD13, 0x7B8D, 0xA471, 0xBD54, 0xD639, 0xCE17, 0xDE38, 0xE699, 0xE699,
	0xEEDA, 0xE69A, 0x6B71, 0x6B51, 0x73B2, 0xAD15, 0xE6DB, 0xEEDB, 0xEEDC, 0x8C31, 0xAD14, 0xEEDB,
	0xEEFC, 0xDE99, 0xE6DA, 0xF71D, 0xDE79, 0xDE99, 0xBE0D, 0x8540, 0xA5AD, 0xA592, 0xA5CB, 0x8561,
	0x8D42, 0x7D00, 0xADCB, 0x8D23, 0x74A0, 0x74C0, 0x83E3, 0x9B66, 0x9B86, 0x9BA6, 0x7223, 0x5142,
	0x5162, 0x5983, 0x5141, 0xB4D1, 0xF75D, 0xC5B7, 0xB534, 0xEEFB, 0xAC90, 0x5962, 0xE612, 0xE674,
	0xBB09, 0xD9E4, 0xA963, 0xB36C, 0xE69B, 0xD65A, 0xDE9A, 0xE6BB, 0xD618, 0xC2C9, 0x9880, 0xDAC8,
	0xDD94, 0xCA67, 0xCC29, 0xCC08, 0x9DB5, 0x871B, 0x7ED8, 0x7EF8, 0xCC7A, 0xEC5B, 0xECBC, 0xB57B,
	0x75FA, 0x8D3B, 0x9DBB, 0x753B, 0x9E5A, 0xDE7A, 0xE69A, 0xDE79, 0xE69A, 0xDE59, 0xD659, 0xDE9A,
	0xDE5A, 0xD639, 0xDE7A, 0xDE7A, 0xDE59, 0xD618, 0xDE57, 0xE6DB, 0xCDD7, 0xC5B6, 0xCE17, 0xDEB9,
	0xDE99, 0xCE17, 0xCE17, 0xD657, 0xBD74, 0xBD74, 0x7BEE, 0x3224, 0x6B88, 0xB532, 0xB511, 0xACB0,
	0xCDF6, 0xC594, 0xC573, 0xDE37, 0xA4B0, 0xA4AF, 0xCDD5, 0xA4AF, 0x940E, 0xA44F, 0xACD1, 0xB575,
	0x5247, 0x8BAE, 0xA4B2, 0xD637, 0xCE17, 0xD617, 0xE6BA, 0xDE59, 0xA4D5, 0xC5D8, 0x6B30, 0x6B30,
	0xE6BB, 0xC5F9, 0xE6DB, 0xE6BA, 0xE6BB, 0xE6BB, 0xDE79, 0xEF1C, 0xE6BB, 0xE6DB, 0xF71C, 0xF71C,
	0xE69A, 0xEEDA, 0xFF5D, 0xC56D, 0xC468, 0xB426, 0xBBE3, 0xC3A2, 0xBBC2, 0xBB41, 0xCCED, 0xCCAB,
	0xB300, 0xB322, 0x9B24, 0x9386, 0x9B86, 0x9BA6, 0x8AE5, 0x5141, 0x5162, 0x5982, 0x5121, 0x8B6A,
	0xFF5D, 0xCDD7, 0xDE9A, 0xC574, 0x5121, 0x61E4, 0xDE33, 0xEDB1, 0xD1C4, 0xD9C4, 0xD183, 0x99E5,
	0xDE59, 0xE6DB, 0xE6BB, 0xE69B, 0xE6BB, 0xD638, 0xA227, 0xDA05, 0xA206, 0xC1E6, 0xCAE6, 0xCC28,
	0x9DB2, 0x6F36, 0x76D3, 0x7652, 0xD419, 0xE4DC, 0xE55C, 0xE41A, 0x8C39, 0x853A, 0x9D9B, 0x649A,
	0xADF7, 0xE6BA, 0xD679, 0xD678, 0xD658, 0xD657, 0xE69B, 0xE6BB, 0xDE9B, 0xEF3D, 0xE6FB, 0xDE7A,
	0xDE7A, 0xDE58, 0xDE7A, 0xE6BB, 0xE6BB, 0xCDD7, 0xC596, 0xC5B6, 0xCE58, 0xCDF7, 0xC596, 0x5AAA,
	0xAD12, 0xC5D6, 0x948E, 0x73CA, 0xBD73, 0xACF1, 0xBD53, 0xC5B4, 0xC574, 0x942D, 0x940D, 0xBD53,
	0xA48E, 0x93EA, 0xA46F, 0x9C4F, 0xA44F, 0xBD33, 0xC5B5, 0xAD13, 0x730B, 0x732C, 0xA4B2, 0xB554,
	0xC5B7, 0xF71C, 0xEF1C, 0xE6DB, 0x7390, 0x526B, 0x6B4E, 0x6B2E, 0xACF5, 0xB576, 0xE67A, 0xDE79,
	0xEEDA, 0xEF1C, 0xE6BB, 0xEEDB, 0xDE7A, 0xE6BB, 0xF73D, 0xF71C, 0xF71C, 0xF73C, 0xF6B8, 0xF6DB,
	0xD46C, 0xCB66, 0xDC08, 0xDBC7, 0xDC2A, 0xD511, 0xD510, 0xD46C, 0xC281, 0xC2C2, 0xA2E4, 0x9386,
	0x9B86, 0x9B86, 0x9B86, 0x7245, 0x5962, 0x5162, 0x5162, 0x61E4, 0xE679, 0xBD76, 0xDE79, 0x8B6B,
	0x40A0, 0x9BCD, 0xE6B8, 0xE4CE, 0xD163, 0xDB07, 0xD183, 0xAA46, 0xDE38, 0xE679, 0xE6BB, 0xE6BB,
	0xE69B, 0xD618, 0xC4D2, 0xB963, 0x90E1, 0xC1A4, 0xC1A3, 0xCBA7, 0x8DAF, 0x5710, 0x5EAD, 0x75CF,
	0xCBF8, 0xD4B9, 0xDCDA, 0xDC1A, 0xAB96, 0x6CB6, 0x7CFB, 0x7CF6, 0xC670, 0xCE75, 0xC6B3, 0xC675,
	0xB633, 0xC655, 0xE6BB, 0xE69B, 0xDE7A, 0xDEDB, 0xEF1C, 0xDE7A, 0xCDF8, 0xD618, 0xB555, 0xCDD7,
	0xB535, 0xCDF9, 0xD619, 0xACD3, 0x5269, 0xC596, 0xBD55, 0x4228, 0xC5F6, 0xC5B5, 0x842E, 0xAD12,
	0xE67A, 0xD616, 0xE69A, 0xDE58, 0xBD73, 0x8BCA, 0x8BCB, 0xB4F0, 0x93EC, 0x9C2E, 0xB512, 0xB4F2,
	0x9C2E, 0xA46F, 0xB513, 0x72EA, 0x5A88, 0x62AA, 0x9451, 0xACF3, 0xB556, 0xDEBB, 0xEEFB, 0xF71C,
	0x7BAF, 0x5ACB, 0xCDF8, 0x7BB0, 0x1083, 0x526B, 0x93F0, 0xE659, 0xBD75, 0xEEFB, 0xE6DB, 0xEEDB,
	0xE6DC, 0xD617, 0xEEBA, 0xF73D, 0xF71B, 0xF75D, 0xE550, 0xE4EC, 0xE592, 0xCC2A, 0xD3E6, 0xD50F,
	0xDD0F, 0xD593, 0xE6FC, 0xE637, 0xBAE2, 0xBAC2, 0xA2E4, 0x9386, 0x9B86, 0x9B66, 0x9B86, 0xA40C,
	0x59A3, 0x5162, 0x5982, 0x5121, 0xBD32, 0xDE79, 0xD659, 0x8B4B, 0x48E0, 0xA42E, 0xC5B3, 0xED90,
	0xC943, 0xD1C4, 0xD1C4, 0x9963, 0xD38C, 0xAAA9, 0xBCF3, 0xDE9B, 0xE6DC, 0xCD34, 0xBC70, 0xB2EA,
	0x9984, 0xD225, 0xC267, 0xC2C5, 0x75CA, 0x4EEA, 0x46A9, 0x6DCD, 0xAC34, 0xACD4, 0xB4B5, 0xBC16,
	0x842F, 0x6452, 0x5C98, 0x85CC, 0xC671, 0xBE73, 0xB692, 0xB634, 0xAE14, 0xB635, 0x8DF3, 0xBED8,
	0xD63A, 0xDE9B, 0x9492, 0x8411, 0xBD97, 0xB555, 0x6B2C, 0xAD14, 0xC5B7, 0xDE9B, 0xE6DC, 0xAD14,
	0x8C51, 0xC5D7, 0xBD75, 0x3186, 0xB595, 0xC5F6, 0xB574, 0xD638, 0xDE78, 0xD617, 0xD637, 0xE699,
	0xD5F6, 0xB4EF, 0xA44D, 0xA470, 0xACF2, 0xC595, 0xBD53, 0x9C4E, 0xACB0, 0x9C4E, 0x7309, 0x6288,
	0x732B, 0x8BEF, 0xB535, 0xC5F9, 0xD67B, 0xE6DC, 0xEEFC, 0xEEFC, 0xDE9B, 0xA4D4, 0x6B4E, 0x3168,
	0x4A09, 0x39A7, 0x5229, 0xEE9A, 0x8C31, 0xDE9B, 0xEEFB, 0xF6FB, 0xF75D, 0xDEBB, 0xE6BB, 0xF71C,
	0xF71C, 0xF75D, 0xDCAD, 0xC302, 0xBB45, 0xD510, 0xE5B4, 0xE637, 0xEEDA, 0xEE99, 0xE5F5, 0xDD0F,
	0xC303, 0xBAA1, 0xA2E4, 0x9386, 0x9BA7, 0x9B86, 0x9BA7, 0x9346, 0x59A3, 0x5162, 0x59A3, 0x5982,
	0xC532, 0xF6FB, 0xE699, 0xDE59, 0xA44F, 0xC595, 0xDE37, 0xEE74, 0xD36A, 0xD123, 0xBA68, 0xB2EA,
	0xD30A, 0x91C6, 0xBB8E, 0xCD76, 0xB4B2, 0xCD13, 0x9AEA, 0xB922, 0x9164, 0xB962, 0xCB2A, 0xB9A4,
	0x6587, 0x56AA, 0x4649, 0x4E49, 0x6D8C, 0x8530, 0x8CF1, 0x7C8F, 0x5569, 0x5CAE, 0x4D0F, 0x6E28,
	0xBE13, 0xB635, 0x862F, 0x9612, 0x95F2, 0xB636, 0x7E10, 0x96D2, 0xEEBD, 0xB5B7, 0x5B0C, 0x2145,
	0x9492, 0x9472, 0x5ACB, 0x7BAF, 0xC5D8, 0xBD76, 0xC5B7, 0x736D, 0xC5F8, 0xEEDC, 0xD659, 0x2945,
	0xAD55, 0xE71C, 0xDE7A, 0xD637, 0xDE58, 0xC594, 0xBD32, 0xDE57, 0xD617, 0xB512, 0xA46F, 0xB513,
	0xC575, 0xB4F2, 0xB4F1, 0xACD1, 0xC594, 0x93ED, 0x7B6B, 0x83AD, 0xA514, 0xCE19, 0xC5F9, 0xD65A,
	0xEEFC, 0xF71C, 0xF71C, 0xEEFC, 0xEEDC, 0xEF1D, 0xD639, 0x9C73, 0x39A7, 0x2103, 0x18E3, 0x9430,
	0x5AC9, 0x52AA, 0xC5D7, 0xFF5D, 0xE679, 0xEE15, 0xE5F5, 0xEEFC, 0xF71C, 0xF75D, 0xCC4B, 0xB2A1,
	0xA262, 0xB366, 0xE6DB, 0xEEFD, 0xEEDA, 0xF75D, 0xE637, 0xB2A1, 0xB2A2, 0xB281, 0xB367, 0xAC6C,
	0xAC29, 0xBCEE, 0xA42A, 0xBD0E, 0x8B6A, 0x7287, 0x8B6B, 0xB4D1, 0xF73C, 0xEEFB, 0xF71C, 0xF71C,
	0xEF1D, 0xEEDB, 0xEEFB, 0xEE76, 0xE676, 0xDCAD, 0xD428, 0xE5B3, 0xD617, 0xC42B, 0xC42B, 0xBC2C,
	0xA9E6, 0xB922, 0x9184, 0xA8A1, 0xAA03, 0xC407, 0xCC8D, 0xCB67, 0x6586, 0x36A7, 0x3666, 0x36C6,
	0x4E29, 0x6D8E, 0x750E, 0x4DA8, 0x3DE7, 0x4D2A, 0x354B, 0x5626, 0xADD2, 0x9E34, 0x6E2E, 0x8DF2,
	0x9DF4, 0xAE16, 0x4DAA, 0x9F13, 0xB557, 0x5B0C, 0xB596, 0x9CB3, 0x83CF, 0x7BAF, 0xB555, 0x83EF,
	0x8C30, 0x6B4D, 0x7B8E, 0xCDF8, 0xDE7B, 0xDE9B, 0xDE9B, 0xA4F4, 0xC5F8, 0xEF1D, 0xDE7A, 0xD617,
	0xE69A, 0xD638, 0xC5B4, 0xBD53, 0x93EE, 0x7309, 0xA46F, 0xACB0, 0x7B4A, 0x93ED, 0xCDD6, 0xC5B5,
	0xACB0, 0x9C71, 0xA4D2, 0xAD35, 0xC5F9, 0xCE5A, 0xDEBB, 0xEEFC, 0xF71C, 0xF71C, 0xF71C, 0xF73D,
	0xF71C, 0xF71C, 0xEEFC, 0x7B8E, 0x1081, 0x3185, 0x41A5, 0x7B2A, 0x39E3, 0x4AC7, 0x52AA, 0x72CA,
	0x9B8E, 0xCB87, 0xCC8C, 0xDE38, 0xEE78, 0xF77E, 0xD48C, 0xC2C1, 0xBB03, 0xAA61, 0xD48C, 0xF71C,
	0xF73C, 0xF71C, 0xDD93, 0xB281, 0xB2A2, 0xB281, 0xB346, 0xBD0E, 0xAC49, 0xB4AC, 0xBD0F, 0xC551,
	0x9C0B, 0x72A8, 0x72A7, 0xBCF1, 0xF71C, 0xEEDC, 0xEF1C, 0xEEFC, 0xEEFC, 0xF71C, 0xF71B, 0xEE57,
	0xE679, 0xD4CE, 0xDC25, 0xDDF3, 0xD592, 0xD467, 0xC468, 0xBB25, 0xB902, 0xC102, 0x80C1, 0xA964,
	0xCB46, 0xCC67, 0xCD0E, 0xCC28, 0x6585, 0x2E66, 0x4E09, 0x36A6, 0x4608, 0x4DE9, 0x65AC, 0x3606,
	0x1DE3, 0x3D67, 0x2DA7, 0x660B, 0x9DF3, 0x7E30, 0x3E29, 0x4E0A, 0x75F0, 0x85F2, 0x1563, 0x96B2,
	0xD65A, 0xD659, 0xEEDC, 0xD65A, 0xDE7B, 0xEF1D, 0xE6DC, 0xDE9A, 0xDF1C, 0xE6FC, 0xDE9B, 0xE6BC,
	0xEEFC, 0xEEDC, 0xEEDC, 0xF77F, 0xF73E, 0xEEFD, 0xEEDC, 0xE6BB, 0xEEDB, 0xE6BB, 0xD638, 0xB513,
	0x9C6F, 0xA48F, 0xC594, 0xB512, 0x834A, 0x9C0E, 0xACD2, 0x9C2E, 0x7B2A, 0x942F, 0xB576, 0xD65A,
	0xE6BB, 0xF73C, 0xF73D, 0xF71C, 0xF71C, 0xF73D, 0xEEDA, 0xCDF5, 0xE699, 0xEEFC, 0xDE77, 0x2123,
	0x2944, 0x5AA8, 0x938B, 0x8369, 0x62E6, 0x6AE7, 0x4A06, 0x7B6D, 0x8B6D, 0xD367, 0xCB43, 0xD553,
	0xD617, 0xEEFB, 0xD42A, 0xC2E1, 0xBAE3, 0xB2C3, 0xC2E2, 0xCBA7, 0xEDF4, 0xFFBF, 0xE592, 0xBA80,
	0xBAE3, 0xBAC2, 0x9AC4, 0x7B27, 0x8307, 0x8307, 0xBD11, 0xCDB5, 0xACAF, 0x8B8C, 0x6226, 0x7AE9,
	0xE69A, 0xEEDB, 0xEEFB, 0xEEDB, 0xE6BA, 0xCDF6, 0xE677, 0xDDD5, 0xD593, 0xD530, 0xD593, 0xDE15,
	0xCD0E, 0xCC06, 0xBBE7, 0xB305, 0xC143, 0x9102, 0x8143, 0xBA27, 0xC3A7, 0xC46A, 0xCD50, 0xCC29,
	0x6545, 0x3E88, 0x4E49, 0x3E47, 0x4608, 0x2E25, 0x3647, 0x2E25, 0x0E01, 0x1583, 0x2604, 0x55CA,
	0x8E32, 0x566B, 0x3608, 0x55CC, 0x55CC, 0x4DCA, 0x3E07, 0xB677, 0xEEDD, 0xE69B, 0xE6FB, 0xE6DB,
	0xAD76, 0x9D55, 0xCE7A, 0x9CB3, 0xA514, 0xD67A, 0xDEBB, 0xEF1D, 0xEEFC, 0xE6DC, 0xE6BC, 0xE6BB,
	0xEF1D, 0xEF1D, 0xE6BB, 0xEEDB, 0xE6BA, 0xEEDB, 0xEEFB, 0xDE59, 0xCDB5, 0xC594, 0xDE36, 0xCDD6,
	0x9C2E, 0x93ED, 0x9C2E, 0x9C2E, 0x8BAC, 0xBD75, 0xD65A, 0xEEFC, 0xEEFC, 0xE6BB, 0xE6BB, 0xEEFC,
	0xEF1C, 0xEF1D, 0xF73D, 0xDE78, 0xE69A, 0xDE38, 0xD5CC, 0x942B, 0x9C8D, 0x9C6D, 0xA46C, 0xA48B,
	0x62A5, 0x72E7, 0x62CA, 0xACF4, 0x7BEF, 0xC325, 0xDC4A, 0xD5D6, 0xCD95, 0xF73C, 0xD48C, 0xC2C1,
	0xBAC3, 0xAAA2, 0xC323, 0xBAA1, 0xBAC2, 0xD50F, 0xCC2A, 0xAA60, 0xAA81, 0xB281, 0x8201, 0x28C1,
	0x2020, 0x72EA, 0xE6BB, 0xD659, 0x8BEE, 0x940E, 0xD618, 0x836C, 0x8BAD, 0xDE78, 0xF71C, 0xEEFB,
	0xEEFB, 0xA490, 0xD5F6, 0xEEFC, 0xDE58, 0xDD6F, 0xDD4E, 0xE635, 0xD5B3, 0xC4EF, 0xB3E9, 0xBBA6,
	0xD46A, 0x9A26, 0xB902, 0xBAE9, 0xC428, 0xC428, 0xBC8B, 0xCC6C, 0x6D06, 0x3667, 0x3E67, 0x3DE8,
	0x55CA, 0x55EA, 0x3626, 0x1E43, 0x1DA3, 0x1D63, 0x2604, 0x25E4, 0x9E13, 0xB655, 0xA5F3, 0xADD4,
	0x9DB2, 0xBE77, 0xDEFB, 0xF77E, 0xE6FC, 0xE6DC, 0xF79E, 0xE71D, 0xB599, 0xAD98, 0xCE3A, 0xB577,
	0xBDD8, 0xE6FD, 0xF79E, 0xF79E, 0xEEFC, 0xE6BB, 0xE6BB, 0xE6DC, 0xEF1D, 0xE6BB, 0xD67A, 0xDE9A,
	0xDE9A, 0xEEDB, 0xE6BA, 0xDE77, 0xCDF5, 0xBD52, 0xCDB4, 0xDE37, 0xBD53, 0xBD53, 0xBD54, 0xD638,
	0xCDF6, 0xDE79, 0xC596, 0xCDF7, 0xDE9B, 0xDE7A, 0xDE9B, 0xDEBB, 0xEEFC, 0xEF1C, 0xF73C, 0xF71C,
	0xE6BA, 0xE638, 0xCD30, 0xC58D, 0xCDD1, 0x940B, 0x6AA4, 0x940C, 0x62A6, 0x836A, 0x5AAA, 0x8C31,
	0xC618, 0xCC6C, 0xDDF5, 0xDE58, 0xE699, 0xEEFB, 0xC3E9, 0xB281, 0xB2A2, 0x9A62, 0xBAE3, 0xBAC2,
	0xB304, 0xB2E3, 0xB325, 0xB304, 0xAB05, 0xB305, 0xABC9, 0xA4AF, 0xA44E, 0xBD74, 0xEEFB, 0xCDD6,
	0x8C0D, 0x942D, 0xB533, 0x9C4F, 0x72E8, 0x8BCC, 0xEF1C, 0xEEFC, 0xFF5E, 0xCE17, 0xCDB3, 0xDDB3,
	0xDDF4, 0xDCEB, 0xD446, 0xE635, 0xDE57, 0xC4CD, 0xBCEF, 0xBC2A, 0xCD0C, 0xCB08, 0xB902, 0xC3E9,
	0xC468, 0xC427, 0xBC28, 0xC429, 0x6CE8, 0x3D88, 0x4D89, 0x5DAB, 0x6DAE, 0x6D8D, 0x55EA, 0x3DA7,
	0x3D47, 0x3506, 0x4DA9, 0x4588, 0x95D1, 0xDE59, 0xDE79, 0xCE37, 0xC637, 0xD699, 0xCE99, 0xF77D,
	0xFFDF, 0xFFBE, 0xF75B, 0xF718, 0xEEB4, 0xEE94, 0xDE33, 0xD5F2, 0xCDB1, 0xD635, 0xE6B8, 0xEEFA,
	0xEEFC, 0xE6DC, 0xEEFC, 0xE6BB, 0xE6DB, 0xDE9A, 0xD659, 0xD659, 0xD679, 0xCE18, 0xB532, 0x9408,
	0x7305, 0x9409, 0xCDD6, 0xE6BB, 0xE67A, 0xD638, 0xC594, 0xDE58, 0xD638, 0xDE79, 0xC575, 0xC5B6,
	0xDE9B, 0xDE9B, 0xEEDB, 0xF73C, 0xF73C, 0xF71C, 0xF73C, 0xEEFB, 0xE699, 0xF6FC, 0xD593, 0x9C2A,
	0x8BEB, 0x7B49, 0x8305, 0xA40D, 0xBD33, 0xB574, 0xA4F3, 0xB576, 0xC5B7, 0xE616, 0xE679, 0xEEFB,
	0xEEDA, 0xDE37, 0xC40B, 0xBB05, 0xAAC3, 0xA2E5, 0xBB25, 0xBB25, 0xB346, 0xB2A2, 0xAAC3, 0xAA81,
	0xC4AE, 0xDDF6, 0xC512, 0xD638, 0xC575, 0x9C4F, 0xCDD6, 0xD638, 0x9C4F, 0x5205, 0x6285, 0x5204,
	0x5204, 0x6266, 0xD618, 0xDE9B, 0xA490, 0x734A, 0xBC29, 0xDCA8, 0xDCA9, 0xDCEA, 0xDD2C, 0xD4CA,
	0xD489, 0xCC27, 0xB409, 0xB409, 0xCCAA, 0xCD0F, 0xC44A, 0xC469, 0xBC07, 0xBC28, 0xBC07, 0xC3E8,
	0x5466, 0x1D04, 0x4D09, 0x554A, 0x4528, 0x3CE7, 0x2CE5, 0x34C6, 0x2424, 0x2444, 0x34C6, 0x34A6,
	0xA5F3, 0xE69A, 0xE69A, 0xDE79, 0xCE38, 0xD659, 0xDE7A, 0xEF1B, 0xE6D8, 0xE6D9, 0xB4EC, 0x7AE2,
	0x6240, 0x7AE0, 0x9381, 0x5201, 0x41A1, 0x5203, 0x8347, 0x9BE9, 0x8389, 0x9C0A, 0xACCF, 0xF71A,
	0xE6DB, 0xCDF7, 0xD639, 0xCDF6, 0xBDB4, 0xBDB6, 0xC5D6, 0xA4AE, 0x8388, 0xC5F5, 0xC5B6, 0xDE7A,
	0xE6DB, 0xEEBA, 0xDE58, 0xEEDB, 0xC5B6, 0xDE58, 0xDE9A, 0xD67A, 0xDE9A, 0xEEDB, 0xF73C, 0xF71C,
	0xF71C, 0xF71C, 0xF71C, 0xE6BA, 0xD638, 0xD617, 0xCDD5, 0xCDF7, 0xAD32, 0x8C0C, 0x8B68, 0x6A64,
	0x8BCB, 0xB575, 0x9CB2, 0x9CB3, 0xBD96, 0xD5D6, 0xDE37, 0xEEBA, 0xE6BA, 0xD593, 0xC3C9, 0xC324,
	0xB2C3, 0xAAC3, 0xC366, 0xCD74, 0xC3C9, 0xBA81, 0xBAC2, 0xB281, 0xC40A, 0xC511, 0xCD53, 0xD617,
	0xC595, 0x72E8, 0xBD54, 0xF77E, 0x8BEE, 0x49C4, 0x7328, 0x49A3, 0x6AC6, 0xA48F, 0xEEDB, 0xB535,
	0x3901, 0x5A45, 0xC4AC, 0xE54D, 0xDD2D, 0xDD2D, 0xDD90, 0xDD70, 0xD4EC, 0xCCAC, 0xBC8D, 0xB46B,
	0xD52E, 0xCCED, 0xCCED, 0xCCED, 0xC4CD, 0xC4CD, 0xBC8C, 0xC4AD, 0x53E7, 0x1BE4, 0x4468, 0x5CAB,
	0x4468, 0x3C27, 0x4C69, 0x4C29, 0x3386, 0x2B85, 0x3C07, 0x2BC5, 0x74CE, 0xDE38, 0xDE59, 0xDE79,
	0xD658, 0xE69A, 0xDE7A, 0xCE36, 0xC5D6, 0x5ACB, 0x10A2, 0x0000, 0x0021, 0x0041, 0x0041, 0x0021,
	0x0841, 0x0841, 0x0020, 0x0020, 0x0020, 0x0840, 0x1080, 0x5ACA, 0xB596, 0xE71C, 0xBD96, 0x5A45,
	0x8C0D, 0xB534, 0xAD13, 0x944F, 0x6AE7, 0x5A66, 0xA4B1, 0xE699, 0xEEDB, 0xEEDB, 0xEEBA, 0xEEFB,
	0xB513, 0xBD75, 0xE6DC, 0xE6DB, 0xEEFC, 0xE6DC, 0xEEFC, 0xF73C, 0xEEFC, 0xF71C, 0xFF5D, 0xE69A,
	0xC5B6, 0xBD74, 0xBD75, 0xCDF8, 0xACF2, 0xA4D2, 0xA491, 0xB4F2, 0x9C4F, 0xC5B6, 0xEF1C, 0xA4F4,
	0xCE19, 0xC48F, 0xD594, 0xEEDB, 0xE570, 0xD429, 0xD44A, 0xCAC0, 0xBAC1, 0xAA80, 0xCB43, 0xDD71,
	0xC42B, 0xB2C2, 0xB304, 0xAA20, 0xCC8C, 0xD5D5, 0xD593, 0xD5F6, 0xEEB9, 0x83AB, 0xACF1, 0x83CC,
	0x49A3, 0x51E4, 0x6265, 0x6AA7, 0xB4F3, 0xDE5A, 0xD617, 0x7307, 0x5A44, 0x49E3, 0xBD0F, 0xE654,
	0xDE36, 0xDE55, 0xD5F2, 0xE6B8, 0xDE99, 0xC5B1, 0xB52F, 0xC5B3, 0xD635, 0xCDD2, 0xCDD1, 0xCDF2,
	0xC5D1, 0xC5B0, 0xC5B0, 0xC590, 0x6C28, 0x2303, 0x12C3, 0x3B67, 0x4389, 0x3B49, 0x3B48, 0x1AA4,
	0x0201, 0x01C0, 0x1AA3, 0x2B06, 0x744D, 0xC5F7, 0xDEBB, 0x9D13, 0x5BAB, 0x6C0D, 0x4B69, 0x4268,
	0x2925, 0x0000, 0x0841, 0x0861, 0x0861, 0x0861, 0x0841, 0x0841, 0x0861, 0x0861, 0x0861, 0x0861,
	0x0861, 0x0862, 0x0841, 0x0000, 0x0020, 0x7BEF, 0x62CA, 0x838C, 0xA4D2, 0xB575, 0xCE18, 0xBD75,
	0xBD76, 0xBD54, 0xE678, 0xDE58, 0xE69A, 0xE679, 0xEEDB, 0xEEDB, 0xA4B1, 0x9450, 0xF73D, 0xF71C,
	0xF71C, 0xEEDC, 0xE6DB, 0xEEFC, 0xF71D, 0xF73D, 0xEEFC, 0xC595, 0xDE7A, 0xDEBB, 0xC5B6, 0xB555,
	0xAD13, 0x8C0F, 0xACD1, 0xD638, 0xB533, 0x9C4F, 0xBD95, 0xCE3A, 0xCE39, 0xC512, 0xDE17, 0xF73C,
	0xB3ED, 0x9B2A, 0xB471, 0x8A68, 0x8289, 0x7A8A, 0x8289, 0x8289, 0x7AED, 0x724A, 0x82EC, 0x726A,
	0x8BB1, 0xD659, 0xC5B8, 0xF71C, 0xF6FB, 0xE69B, 0xD5F5, 0xD609, 0xDE4E, 0xDE4E, 0xE690, 0xE6D9,
	0xF73C, 0xEEFC, 0xE691, 0xCDAB, 0xC449, 0xC448, 0xA5A7, 0xC630, 0xE678, 0xE6B6, 0xCEF1, 0xDEB5,
	0xE699, 0xD6B6, 0xE778, 0xEEFA, 0xD658, 0xDF38, 0xE758, 0xDF37, 0xD735, 0xD753, 0xD713, 0xCEF1,
	0xB6E9, 0x8C63, 0x79E4, 0x7A89, 0x8267, 0x9386, 0x8244, 0x79C3, 0x71A2, 0x7182, 0x6964, 0x82A8,
	0xA42D, 0x9B2B, 0xB3AB, 0x7A03, 0x6961, 0x69E3, 0x69C3, 0x30E1, 0x0000, 0x0841, 0x0840, 0x0841,
	0x0820, 0x0861, 0x0020, 0x0841, 0x0020, 0x0861, 0x0020, 0x0841, 0x0020, 0x0000, 0x0861, 0x0841,
	0x0840, 0x0000, 0x41E7, 0xDE7B, 0xC5B8, 0xCDD9, 0xDE3B, 0xDE3C, 0xEE9C, 0xEED9, 0xBD54, 0xB535,
	0xE699, 0xCDD5, 0xD618, 0xD5F6, 0xCDF8, 0xC5B6, 0xE6DB, 0xEEDB, 0xF71C, 0xE6DB, 0xE6DC, 0xE6DC,
	0xE6DC, 0xEEFC, 0xD65A, 0xC553, 0xCDD6, 0xCE18, 0xE6DB, 0xAD54, 0xB576, 0xA4F2, 0xBDB6, 0x9C6F,
	0x8BED, 0x6AA8, 0xA4D3, 0xBD96, 0xDE9A, 0xE6FC, 0xEF1C, 0xFF3B, 0xAD38, 0x6335, 0x9477, 0x4A95,
	0x5AF5, 0x5B16, 0x52D5, 0x4254, 0x6355, 0x4A74, 0x5B15, 0x9497, 0x83F6, 0xD659, 0xD619, 0xEEDB,
	0xEEFB, 0xEEBB, 0xD555, 0xF6D6, 0xF735, 0xEED3, 0xF6F6, 0xE69B, 0xE6BA, 0xEF1C, 0xF73C, 0xEEFC,
	0xD515, 0xB2E9, 0xA5C8, 0xC6B1, 0xDED6, 0xEEDA, 0xBDF2, 0xCDF4, 0xD617, 0xD658, 0xD659, 0xBD76,
	0xBD96, 0xBDB6, 0xBD95, 0xAD33, 0x9450, 0xAD31, 0xE796, 0xD713, 0xB6EA, 0x9464, 0xBA43, 0xB38B,
	0xAA88, 0xBB27, 0xB244, 0xB286, 0xB2A8, 0xCAA3, 0xAA26, 0xB2E8, 0xCC6A, 0xB2A7, 0xA9E1, 0xCBC7,
	0xB2A9, 0xBB08, 0xCBCA, 0x4943, 0x0000, 0x4A69, 0x39C6, 0x2965, 0x4A69, 0x18E3, 0x630C, 0x0841,
	0x738E, 0x1081, 0x5ACB, 0x2103, 0x4228, 0x8410, 0x1061, 0x52AA, 0x39C6, 0x0000, 0x4A49, 0xD65B,
	0xCE1A, 0xDE3B, 0xDE3C, 0xE67C, 0xCDB8, 0xA4F3, 0x9472, 0x9493, 0xB555, 0x6B8F, 0x7BD0, 0x9472,
	0xDE7A, 0xEEFC, 0xE6DB, 0xE6DB, 0xEEDB, 0xE6BA, 0xDE9B, 0xE6BB, 0xE6DC, 0xEEFC, 0xEEBA, 0xEE78,
	0xCDF7, 0xB555, 0xB556, 0xACD1, 0x7B8B, 0xC596, 0xD618, 0xA4D1, 0xACD1, 0xAC71, 0xDEDC, 0xBD96,
	0xBD96, 0xB557, 0xBD57, 0xC5B8, 0xAD17, 0x9496, 0xA517, 0x5293, 0x5AB4, 0x6314, 0x5AD3, 0x4A73,
	0x5AD4, 0x4A33, 0x6B54, 0xE679, 0xB516, 0xB536, 0xE6BA, 0xE69A, 0xF71C, 0xEEFB, 0xE656, 0xEEDC,
	0xD5B6, 0xDE38, 0xDE56, 0xE6D6, 0xE6B8, 0xE6B9, 0xEEDA, 0xE6BA, 0xE63A, 0xCD50, 0xBE2D, 0xCE72,
	0xDEF4, 0xE69A, 0xC5B4, 0xD637, 0xCE18, 0xD618, 0xCE17, 0xBDB7, 0xBDB7, 0xB575, 0xBDB5, 0xBDB5,
	0xAD31, 0xB5B2, 0xE7B7, 0xD712, 0xB6C9, 0x94A5, 0x9923, 0xA267, 0xA32B, 0xA226, 0x99C5, 0xA206,
	0x9985, 0xA9E3, 0xA1E4, 0xA2C8, 0xB42F, 0xC46F, 0xAA67, 0xAAA9, 0xBCD4, 0xC576, 0xCD13, 0x4965,
	0x0000, 0x4228, 0x31A6, 0x2944, 0x4A48, 0x18C3, 0x5ACB, 0x0861, 0x5ACB, 0x1082, 0x5289, 0x18E3,
	0x39E7, 0x738E, 0x0861, 0x4228, 0x2965, 0x0000, 0x4AAC, 0xDEFE, 0xDE9C, 0xDE7C, 0xDE7C, 0xE6BC,
	0x8C72, 0x8411, 0xA4D3, 0xC5D8, 0x9CB3, 0x52CD, 0x73B0, 0x8C31, 0xB576, 0xE6BB, 0xDE9A, 0xE69A,
	0xEEDB, 0xE6DB, 0xE6BB, 0xE6DB, 0xE6BB, 0xEEFC, 0xE6BB, 0xDE7B, 0xCE18, 0xAD75, 0xA536, 0xCD94,
	0x8BA9, 0xA492, 0xB4F2, 0xD617, 0xDE59, 0xD659, 0xE6FB, 0xB555, 0x8410, 0xCDF8, 0xACF6, 0x6B34,
	0x5AD4, 0x8C76, 0xBE1A, 0x5315, 0x7C78, 0x6315, 0x52B4, 0x4A53, 0x4233, 0x39F3, 0x4212, 0xB558,
	0xD619, 0xD619, 0xE6BC, 0xF71C, 0xF75D, 0xEEFC, 0xF730, 0xF6CD, 0xDDB0, 0x9BAE, 0xA40E, 0xCD2C,
	0xCDF0, 0xDE78, 0xE699, 0xD575, 0xB368, 0xE5ED, 0xADED, 0xB66B, 0xC691, 0xD657, 0xDE58, 0xD637,
	0xDE58, 0xDE59, 0xDE99, 0xDE9A, 0xCE59, 0xC617, 0xC5F6, 0xBDB4, 0xBDF3, 0xBDF3, 0xB5B1, 0xCEF1,
	0xB6C9, 0x9CE6, 0xB223, 0xBB46, 0xAB4A, 0xAAE8, 0xBA63, 0xB2C7, 0xAA25, 0xBA63, 0xB305, 0xB368,
	0xABCD, 0xCD33, 0xC4D2, 0xB40F, 0xCD96, 0xC533, 0xCCF2, 0x49C7, 0x0020, 0x0020, 0x0020, 0x0841,
	0x0820, 0x0841, 0x0000, 0x0841, 0x0000, 0x0841, 0x0020, 0x0841, 0x0020, 0x0000, 0x0861, 0x0020,
	0x0841, 0x0000, 0x42AC, 0xE73F, 0xDEBC, 0xE63C, 0xE61C, 0xE67B, 0xA4F4, 0xD639, 0xBD97, 0xC5B7,
	0xB535, 0x8C10, 0x9C92, 0x9472, 0x8411, 0x9CD3, 0xCDF8, 0xC5B7, 0xF71C, 0xE6BB, 0xE6BB, 0xEEDB,
	0xEEFB, 0xEEFB, 0xE69A, 0xE67A, 0xE6BB, 0xBDD6, 0xA516, 0xBCEF, 0x8325, 0xCE39, 0xD5F8, 0xE679,
	0xE6BA, 0xCDD7, 0x9451, 0x9450, 0x8C51, 0xCE18, 0xD639, 0x9C96, 0x5273, 0x7BF6, 0x9CF7, 0x7458,
	0x955A, 0x5294, 0x4A73, 0x4233, 0x4A53, 0x4212, 0x3A33, 0x7C57, 0xACF7, 0xFF5D, 0xF71C, 0xEEDB,
	0xF73C, 0xEF1C, 0xEED1, 0xE6AE, 0xEED0, 0xAD0F, 0x734F, 0x8B2E, 0xA38E, 0xE6BB, 0xA4D3, 0x81E7,
	0x7B07, 0xBC0C, 0xB5CD, 0xAE88, 0xC6EF, 0xCDF5, 0xCDF7, 0xDE57, 0xE69A, 0xE6BB, 0xDE9A, 0xC5B6,
	0xD638, 0xCDB6, 0xAD13, 0xACF2, 0xA490, 0xB552, 0xAD30, 0xCED1, 0xBF0B, 0x9CE8, 0xA9E3, 0xB327,
	0xAA65, 0xB243, 0xBA84, 0xB3AB, 0xB285, 0xBA42, 0xBC09, 0xAB89, 0xB38B, 0xC554, 0xD619, 0xD5D6,
	0xD5F7, 0xC4D3, 0xCD54, 0x5A69, 0x0000, 0x1081, 0x0861, 0x0861, 0x0861, 0x0861, 0x0861, 0x0861,
	0x0861, 0x0861, 0x0861, 0x0861, 0x0861, 0x0861, 0x0861, 0x0861, 0x0861, 0x0000, 0x4A6A, 0xEF1E,
	0xE6BC, 0xE65C, 0xE67D, 0xDE59, 0xB534, 0xA4F4, 0x9CD4, 0x9452, 0xBD33, 0xD5D6, 0xDE37, 0xB555,
	0xD638, 0xE6BA, 0xEEFB, 0x6B4E, 0xACF1, 0xD67A, 0xD639, 0xEEBA, 0xF6FB, 0xF6FB, 0xEEBA, 0xEEBA,
	0xF6DA, 0xCE17, 0xCE19, 0xD616, 0xC593, 0xD679, 0xD618, 0xE6DB, 0xD5D4, 0x9B2C, 0x39E7, 0x8C10,
	0xD618, 0xD639, 0xDE79, 0xDE59, 0x9CB7, 0x7BF6, 0xA4F8, 0x7498, 0x6BB6, 0x4A73, 0x7CB8, 0x5B35,
	0x41F2, 0x39D2, 0x7478, 0x7C77, 0x41F1, 0xA4F7, 0xEEFB, 0xEEDA, 0xF6FB, 0xF73D, 0xE6B2, 0xDE50,
	0xD651, 0xEEEF, 0xC5F1, 0x6B6E, 0x7B8F, 0xDE9A, 0xBC50, 0x49A7, 0x61A7, 0xCCB2, 0xB6AB, 0x9E08,
	0x64C8, 0xB5F4, 0xE679, 0xE6BA, 0xEEFB, 0xEEDB, 0xE6DA, 0xE679, 0xDE58, 0xDEB8, 0xCE96, 0xCE96,
	0xD6F4, 0xD714, 0xBEAE, 0xB68A, 0xB6EA, 0xA52A, 0x9965, 0x99E7, 0xA207, 0xA122, 0x99C5, 0xA227,
	0xA9E4, 0xA164, 0xCCCB, 0xAB8A, 0xAB8E, 0xDE9B, 0xE69B, 0xCDD7, 0xCD97, 0xD5D8, 0xDE39, 0x5A6A,
	0x0000, 0x0861, 0x0861, 0x0841, 0x0861, 0x0861, 0x0861, 0x0841, 0x0820, 0x0820, 0x0841, 0x0861,
	0x0841, 0x0861, 0x0861, 0x0841, 0x0861, 0x0000, 0x426A, 0xE6FD, 0xE6BC, 0xE6DC, 0xE69B, 0xCDB6,
	0xDE7A, 0xCDF9, 0x8C11, 0x8C11, 0xB555, 0xBD76, 0x9CB3, 0xB534, 0xE6B9, 0xDE58, 0xB534, 0x39E9,
	0x62E7, 0x5ACB, 0xCDD7, 0xF71C, 0xF6FB, 0xEEDB, 0xE69A, 0xEEFC, 0xEEDB, 0xC5B5, 0xBD74, 0xBD32,
	0xE69A, 0xC595, 0xBCF1, 0xC552, 0xB4AF, 0x92EA, 0x6B4E, 0xB535, 0xA514, 0xB536, 0xDE59, 0xD65B,
	0xC63C, 0x8C36, 0xB599, 0x6C58, 0x5B35, 0x52B4, 0xA65C, 0x6396, 0x2951, 0x5335, 0x963C, 0x7457,
	0xACF7, 0xB579, 0xC5F9, 0xCE3A, 0xF71C, 0xEEDB, 0xE693, 0xEECD, 0xEECF, 0xFF2C, 0xE6B0, 0xACD4,
	0xA4D4, 0xEEFB, 0x8BCF, 0x3166, 0xA247, 0xD513, 0xC693, 0xA64A, 0x3BE3, 0x958C, 0xCE54, 0xDE99,
	0xEEFC, 0xF71C, 0xF71B, 0xEEB9, 0xEEBB, 0xD6F6, 0xCF11, 0xC6D0, 0xC6AF, 0xBE8E, 0xA645, 0xA644,
	0xB6EB, 0xA509, 0x98E3, 0x99C7, 0xAA45, 0xBA62, 0xB285, 0xB244, 0xB223, 0xA1A5, 0xDE70, 0xB38A,
	0xCC4E, 0xEF1D, 0xE6BB, 0xD5D7, 0xDE39, 0xD5F8, 0xEEBB, 0x62AA, 0x0000, 0x1061, 0x0861, 0x0841,
	0x0861, 0x0861, 0x0841, 0x10A2, 0x3B89, 0x32A6, 0x0821, 0x0861, 0x0861, 0x0841, 0x0861, 0x0861,
	0x0861, 0x0020, 0x39E8, 0xE6BC, 0xE6BC, 0xE6BC, 0xE679, 0xE69A, 0xEEFD, 0xE6DC, 0x9C93, 0xCDF8,
	0xAD36, 0xAD35, 0xB556, 0xD5F7, 0xCDD6, 0xE678, 0x8C10, 0x422B, 0x9C8F, 0xC5B6, 0xFF3C, 0xEEDA,
	0xF71B, 0xEE9A, 0xDE5B, 0xEEDC, 0xEEBA, 0xDE79, 0xDE58, 0xC595, 0xDE79, 0xB4D0, 0xB42C, 0xA40B,
	0xAC8E, 0xAC91, 0x8C51, 0xDE59, 0x94D3, 0x7393, 0xAD18, 0xE6FE, 0xDEDD, 0x9CB7, 0x8456, 0x6C38,
	0x5B56, 0x4A53, 0x6C17, 0x4273, 0x3172, 0x7CF9, 0x9E7D, 0x5B75, 0xD63A, 0xEF1D, 0xD67C, 0xC5FA,
	0xE6DB, 0xE69A, 0xE698, 0xF6EE, 0xEED1, 0xE6B8, 0xD618, 0xD63A, 0xE6BB, 0xF71C, 0x5AAC, 0x2126,
	0x6165, 0xDD53, 0xE6DB, 0xB614, 0x9E0A, 0xAE89, 0xC6CF, 0xCE35, 0xDE98, 0xEF1B, 0xF75D, 0xE6FA,
	0xCEB6, 0xD6F5, 0xD753, 0xD732, 0xCF11, 0xBEAE, 0xAE48, 0xB6AA, 0xBEEC, 0x9D06, 0x9903, 0x9903,
	0xA162, 0xB1E3, 0xA1A4, 0xA9C3, 0x9923, 0xB287, 0xEF93, 0xD50D, 0xBBEE, 0xE6BB, 0xDDF7, 0xCD95,
	0xDE59, 0xDE9A, 0xEEFB, 0x5A69, 0x0000, 0x1081, 0x0861, 0x0861, 0x0861, 0x0861, 0x0820, 0x3328,
	0x54CC, 0x54CC, 0x21C4, 0x0000, 0x0861, 0x0861, 0x0841, 0x0841, 0x0861, 0x0000, 0x39E8, 0xDEBC,
	0xE6BC, 0xDE9B, 0xE699, 0xE69A, 0xE6BC, 0xE6DC, 0xE6DC, 0xC5F9, 0x52CD, 0xA515, 0xF71C, 0xE699,
	0xE678, 0xE678, 0x83F0, 0x6B4D, 0xE6B9, 0xF73C, 0xEEDB, 0xF6FA, 0xFF3B, 0xE659, 0xE69B, 0xF75D,
	0xF71B, 0xEEBA, 0xDE37, 0xD5B4, 0xCDD6, 0xBCF0, 0xBCD0, 0xC595, 0xC574, 0xCDF7, 0x9C92, 0xC5F8,
	0x4AAA, 0x9497, 0xE6FE, 0xDEDE, 0xF77E, 0xACF7, 0x4A73, 0x6C17, 0x63D7, 0x4253, 0x41F2, 0x3191,
	0x3A13, 0xD6FD, 0xD77E, 0x42D4, 0xC598, 0xE6FC, 0xDE9B, 0xE6BC, 0xDEBA, 0xE6DB, 0xE6DB, 0xE6B9,
	0xEEFB, 0xEEFC, 0xEEFC, 0xE6BC, 0xEEFC, 0xEEFB, 0x4A4A, 0x2126, 0x49C8, 0xD595, 0xE6B9, 0xD658,
	0xBE70, 0xB650, 0xBE92, 0xC635, 0xC615, 0xD698, 0xCE37, 0xE6BA, 0xE73A, 0xE758, 0xDF37, 0xE796,
	0xDF54, 0xD712, 0xC6B0, 0xCED1, 0xB6AA, 0x94E4, 0x98E3, 0x9944, 0x9903, 0x98E3, 0x9903, 0x9944,
	0x90C2, 0xD550, 0xF7B1, 0xEEF3, 0xB3EF, 0xCDD6, 0xCD33, 0xCD54, 0xE6DC, 0xBC91, 0xBC0E, 0x51E7,
	0x0020, 0x1061, 0x0861, 0x0841, 0x0861, 0x0820, 0x1103, 0x3B28, 0x1943, 0x2225, 0x3B48, 0x0861,
	0x0841, 0x0861, 0x0841, 0x0841, 0x0861, 0x0000, 0x39E8, 0xDE7B, 0xE6BC, 0xB577, 0xCDF7, 0xEEDB,
	0xE6BC, 0xDE9B, 0xC5F9, 0x6B6F, 0x422A, 0x9493, 0xEEDB, 0xDE79, 0xDE58, 0xD617, 0xBD74, 0xD637,
	0xFF5D, 0xF71C, 0xF6FB, 0xDE19, 0xC5BA, 0xDE3B, 0xC5B9, 0xD63B, 0xF73C, 0xEF1C, 0xBD75, 0xBCF0,
	0x9C2E, 0xA40B, 0xBC8F, 0xCE18, 0xBD95, 0xB4D3, 0x83CF, 0x6B0C, 0x29E8, 0xB599, 0xEF3F, 0xDEFE,
	0xFF7E, 0x8436, 0x3A33, 0x6BD7, 0x63D7, 0x63B7, 0x4253, 0x2971, 0x5335, 0xDF7E, 0xAE3C, 0x29B2,
	0xACF7, 0xEF1C, 0xD67B, 0xDE9C, 0xE6DB, 0xE6BA, 0xDEBA, 0xDE78, 0xE6DB, 0xF71C, 0xEEFB, 0xEEFC,
	0xEEFC, 0xF73C, 0x736E, 0x3187, 0x9C71, 0xDDF7, 0xEEDA, 0xDE99, 0xBE90, 0xAE12, 0xA594, 0xCE75,
	0xC5F5, 0xDE9A, 0xCE76, 0xCE57, 0xE6BA, 0x6B4D, 0x2946, 0xAD53, 0x842F, 0x3167, 0x4208, 0x62EC,
	0xA649, 0x9504, 0x9903, 0x9903, 0x9903, 0x9923, 0x9903, 0x9923, 0x98C2, 0xE633, 0xF771, 0xE714,
	0xC533, 0xCD34, 0xCCF3, 0xBC50, 0xBC0F, 0xB42F, 0xAB2B, 0x5A49, 0x0000, 0x0861, 0x0841, 0x0861,
	0x0881, 0x0800, 0x32A6, 0x3328, 0x0000, 0x10C2, 0x4C6B, 0x1964, 0x0820, 0x0861, 0x0861, 0x0861,
	0x0861, 0x0000, 0x4229, 0xDEBC, 0xE6BC, 0x9CD4, 0xA4F4, 0xEEDC, 0xE6DC, 0xDE9B, 0x94B4, 0x5B0E,
	0x6B6F, 0x94B4, 0xF71C, 0xDE59, 0x632E, 0x528C, 0x6B6F, 0x9CB3, 0xC5B5, 0xE6BA, 0xFF7D, 0xDE18,
	0xACD9, 0xB53C, 0xCDDA, 0xB55A, 0xD637, 0xD617, 0xBD75, 0xCDB5, 0xBD53, 0xAC6D, 0xC4D0, 0xD639,
	0xBD94, 0xAC30, 0x6B4D, 0x3186, 0x29A7, 0x94B7, 0xEF1E, 0xE6FD, 0xEEFD, 0x94F8, 0x7C56, 0x52F5,
	0x7478, 0x7D19, 0x7498, 0x2971, 0x29D2, 0x8D9A, 0x7478, 0x000F, 0x39D2, 0xE6DC, 0xD69C, 0xDE9B,
	0xEEDC, 0xDEBA, 0xDE99, 0xCDD7, 0xD639, 0xCDF8, 0xEEFB, 0xEF1C, 0xEE9A, 0xCE18, 0x4A29, 0x2126,
	0xACB2, 0xC491, 0xE658, 0xDED9, 0xBE8E, 0x9DCF, 0x850F, 0xCE75, 0xDEB8, 0xCE78, 0xCE97, 0xDEB9,
	0xBD96, 0x630C, 0x7BAE, 0x4A49, 0xA533, 0x840E, 0x4A29, 0x5268, 0xAEC6, 0x9D64, 0x9903, 0x9923,
	0x9903, 0x9903, 0x9964, 0x9985, 0x98C2, 0xE612, 0xF771, 0xF775, 0xB3CC, 0xA288, 0xB3AD, 0x9A47,
	0x9206, 0xABEE, 0xC4F3, 0x5A69, 0x0000, 0x0861, 0x0841, 0x0861, 0x0861, 0x0841, 0x3B68, 0x3B28,
	0x08A1, 0x1943, 0x4C4A, 0x2A86, 0x0000, 0x0841, 0x0841, 0x0840, 0x0861, 0x0000, 0x52AB, 0xEF1D,
	0xCE19, 0x8C72, 0xB596, 0xDE7A, 0xCE3A, 0xAD76, 0x8411, 0x7BF1, 0x94D4, 0xA515, 0xEEDC, 0xF71C,
	0x7BD0, 0x6B4E, 0x7BF1, 0x4A4B, 0x5286, 0x4A69, 0x83D0, 0xD637, 0xCDFB, 0xB51B, 0xCDDA, 0xB53B,
	0xC5D5, 0xBD74, 0xCE38, 0xCDD6, 0xB4D1, 0xAC8F, 0xB46E, 0xC594, 0xD637, 0xA36D, 0x41E7, 0x3186,
	0x426A, 0x8C56, 0xF77E, 0xF75E, 0xDE9C, 0xAD57, 0xAD78, 0x3192, 0x5315, 0x63F7, 0x3A33, 0x3A33,
	0x6417, 0x2A13, 0x29F3, 0x1090, 0x086F, 0xB578, 0xDEBC, 0xD67B, 0xE6DB, 0xE69A, 0xDEBB, 0xD65A,
	0xDE7B, 0xC5B7, 0xCDD7, 0xE659, 0xD554, 0x736E, 0x1084, 0x10A4, 0x8C31, 0xD596, 0xCDF3, 0xDE98,
	0xC631, 0xCE92, 0x74EC, 0x5CA7, 0x8D2F, 0x8CCF, 0xCE76, 0xDEFA, 0xDEDA, 0xEF9C, 0xDEFB, 0x41E8,
	0xE778, 0xEFD7, 0x9472, 0x9D4E, 0xB6C9, 0xB5AE, 0x9A28, 0x99A5, 0x9923, 0x9903, 0x9985, 0x9944,
	0x98E2, 0xE612, 0xF771, 0xF7B5, 0xAAE7, 0x8080, 0x88E0, 0xA36C, 0xAB8C, 0x8901, 0x9962, 0x40E2,
	0x0041, 0x0861, 0x0841, 0x0841, 0x0841, 0x10A2, 0x3BA9, 0x3B28, 0x21A4, 0x2A86, 0x43E9, 0x2225,
	0x0000, 0x0841, 0x0841, 0x0841, 0x0841, 0x0000, 0x4209, 0xDEBC, 0xAD35, 0x636F, 0xAD56, 0xD618,
	0x7BF1, 0x6390, 0x6BB0, 0x52ED, 0x532E, 0x7412, 0xE6DB, 0xF71C, 0xAD14, 0x3A4B, 0x426C, 0x31C9,
	0x5A86, 0x31A6, 0x2106, 0x5A28, 0xACF9, 0xBD5A, 0xD5F8, 0xB53A, 0xC5B6, 0xC5D7, 0xCDD7, 0xCDB5,
	0xA46F, 0xA46F, 0xBCD1, 0xC595, 0xBD52, 0xC533, 0x62EB, 0x6B2D, 0x52EC, 0x4252, 0x6B35, 0xBDDB,
	0xDEBC, 0x8C55, 0x6B74, 0x31D2, 0x31D2, 0x3192, 0x2951, 0x4273, 0x961B, 0x29B2, 0x086F, 0x18D0,
	0x000F, 0x6314, 0xEEFC, 0xDE7B, 0xE6DC, 0xDE5A, 0xC5D8, 0xCE3A, 0xD65A, 0xD65A, 0xDE9A, 0xDDF7,
	0xE617, 0x6B4E, 0x1083, 0x18A4, 0x5AAB, 0x8C10, 0xCE16, 0xDE98, 0xCE73, 0xCE93, 0xBE14, 0x43C6,
	0x3306, 0x7CEE, 0xEF5A, 0xF79C, 0xDEF8, 0xFFFD, 0x8410, 0x5AAA, 0xF79B, 0xAD73, 0x62EB, 0xD6B6,
	0xC6B1, 0xB590, 0x9A48, 0x9964, 0x9944, 0x9985, 0x9964, 0xA1E4, 0x98C2, 0xE612, 0xEF51, 0xF795,
	0xAAE7, 0x8900, 0x9181, 0x8962, 0x9AA8, 0xA2E9, 0x9A26, 0x4123, 0x0040, 0x0861, 0x0861, 0x0861,
	0x0821, 0x10A2, 0x43C9, 0x2205, 0x10E2, 0x1923, 0x2A66, 0x2AA6, 0x0000, 0x0861, 0x0841, 0x0861,
	0x0861, 0x0000, 0x4A6A, 0xDE9B, 0x7BD0, 0x52EE, 0x8452, 0xDE99, 0x7C12, 0x5B70, 0x52ED, 0x4AAC,
	0x3A4B, 0x6370, 0xDE9B, 0xF71C, 0xB555, 0x31EA, 0x320A, 0x2988, 0x5A85, 0x39E7, 0x39C9, 0x626A,
	0xA499, 0xACFA, 0xDE3A, 0xB53A, 0xB574, 0xA4F2, 0xB4F3, 0xBC0C, 0xA42E, 0xA490, 0xCD94, 0xB4F1,
	0xACF0, 0xC573, 0x736D, 0x8C31, 0x8C30, 0x4232, 0x4213, 0x7BB4, 0xA4D7, 0x9496, 0x7B95, 0x5B76,
	0x853A, 0x31D3, 0x3172, 0x1931, 0x3A94, 0x1911, 0x10B0, 0x10B0, 0x002F, 0x3191, 0xB558, 0xBD99,
	0xDE7A, 0xA4D4, 0xB576, 0xDE9B, 0xD65A, 0xD659, 0xEEB9, 0xE5F6, 0x9C71, 0x2106, 0x3166, 0x526A,
	0x0843, 0x41E9, 0xBDB5, 0xDEF4, 0xBE91, 0x8DEB, 0xDF35, 0x642A, 0x7CEF, 0xD738, 0xDF58, 0xF7DC,
	0xEF7A, 0xD678, 0x2105, 0xBDD7, 0xFFDB, 0xA533, 0x5AAA, 0xD6B6, 0xC6EE, 0xA5C7, 0x99A6, 0x9903,
	0x9944, 0x9985, 0x9944, 0xBBC6, 0x98C2, 0xE612, 0xF771, 0xF7D5, 0xA2A7, 0xA1E0, 0xBB44, 0x9060,
	0xA267, 0xABEE, 0xB38C, 0x4123, 0x0041, 0x0861, 0x0861, 0x0861, 0x0841, 0x0881, 0x1984, 0x1102,
	0x0000, 0x0841, 0x1963, 0x1963, 0x0841, 0x0861, 0x0861, 0x0861, 0x0861, 0x0000, 0x39E8, 0x8C73,
	0x632E, 0x8411, 0x632E, 0xDE7A, 0xC5D7, 0x9CD4, 0x4A4B, 0x4A6B, 0x7390, 0x4A6C, 0xD65A, 0xFF5C,
	0xD638, 0x52AC, 0x5AED, 0x422A, 0x5A85, 0x4A49, 0x39A9, 0x626A, 0xA4B9, 0xA4DA, 0xAD19, 0xA4F9,
	0xAD12, 0xA42E, 0xC5B6, 0xC42B, 0xA3A9, 0xA4AF, 0xBCF0, 0xACAF, 0xBD31, 0xBD32, 0x83F0, 0x62EB,
	0xCDB4, 0x7B72, 0x4A73, 0x5AD3, 0xACD5, 0xD65A, 0xAD18, 0x63D6, 0x857A, 0x31D2, 0x2951, 0x5273,
	0x39B2, 0x10B0, 0x10B0, 0x0870, 0x084F, 0x002E, 0x7BB4, 0xBD78, 0xE69A, 0xCE17, 0xDE7A, 0xEEFD,
	0xEEFB, 0xF71B, 0xEE58, 0xBAEA, 0x4166, 0x10C4, 0x2925, 0xC5B5, 0x3167, 0x2945, 0xCDF6, 0xCEB1,
	0x960A, 0x3C45, 0xCF14, 0xB634, 0x3B65, 0x850E, 0xF7BB, 0xF7DC, 0xF7DC, 0x5ACB, 0x7BAF, 0xFFFF,
	0xF7FC, 0x8430, 0x7BCE, 0xE6F8, 0xAE88, 0x9563, 0x9123, 0x9903, 0x9903, 0x9923, 0xA207, 0xE62A,
	0x9901, 0xE5F2, 0xF791, 0xF7B5, 0xAAC9, 0xBBA4, 0xCD4C, 0x9123, 0xAAE9, 0x9A68, 0xA1E4, 0x4985,
	0x0020, 0x1061, 0x0861, 0x0861, 0x0840, 0x10A2, 0x10A2, 0x1123, 0x3307, 0x32A6, 0x10A2, 0x10C2,
	0x0861, 0x0841, 0x0861, 0x0841, 0x0861, 0x0000, 0x4208, 0x6B6F, 0x7BF1, 0xAD55, 0x6B6F, 0x9CD4,
	0x9CD4, 0xDE9B, 0x9CD4, 0x9CD5, 0xB597, 0x31EA, 0xC5D8, 0xFF5D, 0xE69B, 0x5ACC, 0x2147, 0x2987,
	0x62E8, 0x4A6A, 0x39A9, 0x628A, 0xA4D9, 0xACFC, 0xB519, 0xA518, 0xACF3, 0xBCF2, 0xC5B6, 0xC4AE,
	0xAC2C, 0x944E, 0xB4F0, 0xB511, 0xC5B5, 0xDDD5, 0xEEB9, 0xDE16, 0xB512, 0x7B92, 0x5293, 0x5AD3,
	0xBD76, 0xBDB9, 0xAD17, 0x31D2, 0x3253, 0x3213, 0x2151, 0x52B3, 0x4A73, 0x002F, 0x18F0, 0x2971,
	0x004F, 0x83F4, 0xDE79, 0xDE59, 0xDE58, 0xD5F7, 0xD679, 0xDE75, 0xEEDB, 0xEE99, 0xEE99, 0xA288,
	0x28E5, 0x18E5, 0x2105, 0xDE58, 0xACF3, 0x2926, 0x94CE, 0xD6F1, 0x7568, 0x2383, 0xB652, 0xD6B9,
	0xAE34, 0x756B, 0xF7BC, 0xFFFD, 0xDF19, 0x3166, 0x9492, 0xAD34, 0xEF5C, 0x632C, 0x8C4F, 0xDEF5,
	0xAE89, 0xA5C8, 0x9944, 0x98E2, 0x99A5, 0x9185, 0xC44E, 0xF7AD, 0xB282, 0xDDB2, 0xE752, 0xD6B5,
	0xAB6B, 0xD546, 0xE6D1, 0xA2EA, 0xAAC9, 0xBC91, 0x9962, 0x3860, 0x0041, 0x0861, 0x0861, 0x0861,
	0x0841, 0x10E2, 0x32C7, 0x1984, 0x3B28, 0x32E7, 0x21E5, 0x2AA6, 0x0820, 0x0861, 0x0861, 0x0841,
	0x0861, 0x0000, 0x4229, 0x634F, 0x8411, 0xC618, 0x7390, 0x634E, 0x6B6F, 0xD65A, 0xDE9B, 0xE6DC,
	0x6B4F, 0x2988, 0xAD56, 0xFF3C, 0xF71C, 0x7BD0, 0x1906, 0x2967, 0x6309, 0x4AAB, 0x31AA, 0x5A48,
	0x9C56, 0xACFC, 0xACF7, 0x9C72, 0xA42D, 0xDE79, 0xCDF7, 0xC531, 0x9BA9, 0x842D, 0xB4EE, 0xACD0,
	0xBD73, 0xDDD4, 0xE5F4, 0xEE56, 0xB511, 0x4252, 0x4232, 0x7353, 0xA4B4, 0xCDD7, 0xB577, 0x3213,
	0x74B9, 0x63F7, 0x42F5, 0x5BF7, 0x74F9, 0x5396, 0x5AF3, 0x62F3, 0x5AB2, 0xBDB7, 0xBDB8, 0xE69A,
	0xEEDA, 0xE6DB, 0xDE75, 0xC5B3, 0xE69A, 0xEEDA, 0xDE78, 0x7208, 0x18C4, 0x10A4, 0x18C4, 0xCDF7,
	0x8C10, 0x526B, 0x84CA, 0xDF33, 0xB650, 0x6CA9, 0xA5D2, 0xF79B, 0xF7DD, 0xEFBB, 0xEFBB, 0xFFFD,
	0xD698, 0x41C8, 0x2946, 0x20C3, 0xA551, 0x9493, 0xB5F3, 0xD714, 0xCEF1, 0xBE30, 0x99E7, 0x9944,
	0x9985, 0x9985, 0xCD52, 0xFFCC, 0xC361, 0xC552, 0xDEF2, 0xDEF5, 0xAB29, 0xDDA4, 0xEF72, 0xAAE8,
	0xB3AD, 0xAAE9, 0x9941, 0x3880, 0x0061, 0x0861, 0x0861, 0x0841, 0x0820, 0x0881, 0x3B89, 0x2205,
	0x0881, 0x10C2, 0x3B48, 0x32C7, 0x0000, 0x0861, 0x0841, 0x0841, 0x0841, 0x0000, 0x31A7, 0x5AED,
	0x6B6F, 0xC5F8, 0x634E, 0x5AED, 0x8411, 0xCE39, 0xD67A, 0xDE9B, 0xD63A, 0x4A8C, 0x9CD4, 0xFF5D,
	0xFF5C, 0xAD14, 0x1907, 0x2967, 0x5AE9, 0x4AAB, 0x3A0B, 0x5A48, 0x9414, 0xACFB, 0x9C90, 0xACB0,
	0xB490, 0xDEBB, 0xD617, 0xC4AE, 0x9BC9, 0x840D, 0xBD72, 0xDE97, 0xD636, 0xEE16, 0xEE35, 0xEE55,
	0xB575, 0x9497, 0x9C96, 0xA494, 0x9C95, 0xCDB7, 0xE6DA, 0x7CF9, 0x857A, 0x5BF7, 0x7D59, 0x74D8,
	0x857A, 0xC67A, 0xE678, 0xB557, 0x9CB6, 0xBD98, 0xAD37, 0xDE99, 0xE69A, 0xDE79, 0xE6B9, 0xD659,
	0xEEDB, 0xEEFB, 0xD5D6, 0x5166, 0x10A4, 0x1084, 0x0863, 0x9430, 0x6B2D, 0x18E4, 0x7428, 0xAE6C,
	0xDF14, 0x8D2E, 0xA632, 0xE77A, 0xEF7B, 0xE75B, 0xFFFC, 0xF7FC, 0xE739, 0xAD72, 0xD698, 0xE71B,
	0xDEF9, 0xC5F8, 0xAD53, 0xBDB6, 0xC6D1, 0xADC9, 0x91A4, 0x9A28, 0xA2AA, 0x9A69, 0xCD73, 0xFFCB,
	0xBB60, 0xC552, 0xDEF2, 0xE735, 0xB309, 0xD545, 0xEF11, 0xB3CC, 0xAB09, 0x90E0, 0xA121, 0x3880,
	0x0041, 0x0841, 0x0841, 0x0841, 0x0841, 0x0861, 0x10E2, 0x3308, 0x4C4A, 0x3B48, 0x19A4, 0x0881,
	0x0840, 0x0841, 0x0841, 0x0841, 0x0841, 0x0000, 0x31C8, 0x634F, 0x5ACD, 0x632E, 0x8431, 0xA535,
	0xB576, 0xC5B7, 0xC5F8, 0xC5F9, 0xF6FC, 0xA4D4, 0x8412, 0xF71C, 0xD618, 0xEEDA, 0x4A6B, 0x2126,
	0x52EA, 0x4AAC, 0x31CA, 0x51C6, 0x8B4F, 0xAD3B, 0x940C, 0xA44F, 0xC574, 0xD5D6, 0xCDD7, 0xB44B,
	0xA3E9, 0x842D, 0xBD31, 0xBD52, 0xC5B3, 0xEE36, 0xDE16, 0xC5B5, 0xFF5D, 0xFF9C, 0xFF5C, 0xDE59,
	0xE6BA, 0xEEFB, 0xDE59, 0x5BD6, 0x21B2, 0x1992, 0x3AB4, 0x00F0, 0x4272, 0xCDF8, 0xE69B, 0xBDB9,
	0xB598, 0xAD17, 0x8C75, 0xE6DB, 0xDE78, 0xBD4F, 0xDE79, 0xDE7A, 0xEEDB, 0xE6BB, 0xE618, 0x59E8,
	0x10A3, 0x18E4, 0x0002, 0x4A29, 0xCE17, 0x62CD, 0x5B82, 0x85C7, 0x748A, 0xADF1, 0x858D, 0xC6B6,
	0xFFFF, 0xDF5A, 0xEFBB, 0xFFFC, 0xCE75, 0xADD1, 0xB5D2, 0xDEF8, 0xC655, 0xC617, 0x73AA, 0xB5D4,
	0xBE51, 0x9548, 0x8941, 0xA32C, 0xA36D, 0xA32C, 0xBD95, 0xE72C, 0xBB41, 0xCD52, 0xDED2, 0xEF95,
	0xB308, 0xDD41, 0xE713, 0xB3ED, 0x98C0, 0x99C4, 0xA182, 0x3860, 0x0041, 0x0841, 0x0841, 0x0841,
	0x0841, 0x0861, 0x0820, 0x19A4, 0x3327, 0x2A86, 0x0881, 0x0000, 0x0841, 0x0840, 0x0020, 0x0020,
	0x0020, 0x0000, 0x31A7, 0x634E, 0x52CD, 0x5AED, 0x9493, 0xAD36, 0xC5D7, 0xBD55, 0xC5D7, 0xC5B8,
	0xD638, 0xC5B6, 0xBD97, 0xD659, 0x9493, 0xCE18, 0x7BD0, 0x18E5, 0x5AEA, 0x4AAC, 0x296A, 0x4186,
	0x8B70, 0x9CF9, 0x83EC, 0x83CD, 0x9349, 0xABEB, 0xACB1, 0xBC8D, 0xA40A, 0x740E, 0xB531, 0xB4F0,
	0xC593, 0xEEB8, 0xFF3B, 0xFF5D, 0xC5D7, 0xB557, 0xDE7A, 0xE69A, 0xDE7A, 0xC5F8, 0xD659, 0x7D39,
	0x6CD9, 0x7539, 0x53D6, 0x5375, 0xAD98, 0xD67A, 0xE6DB, 0xBD98, 0x8C55, 0x9CD7, 0x4271, 0xC5D8,
	0xE698, 0xD617, 0xDE7A, 0xE6BB, 0xEEDB, 0xE6BB, 0xEEBC, 0x4A2A, 0x2943, 0x83A4, 0x5242, 0x5246,
	0xE699, 0x9432, 0x5BA4, 0x8D6A, 0x4B87, 0xB650, 0xC6B6, 0xCEF4, 0x8DAE, 0xD6F9, 0xE77A, 0xF7BB,
	0xBE34, 0xD6B7, 0xDEF8, 0xAD91, 0xC636, 0xD6B8, 0xAD91, 0xB631, 0xBE6E, 0x9DA9, 0x8962, 0x9944,
	0x9A28, 0x91E7, 0xC573, 0xE70D, 0xBB02, 0xD572, 0xDEF1, 0xF795, 0xB307, 0xDD00, 0xF7B3, 0xB36A,
	0x90C0, 0x9962, 0xA141, 0x3880, 0x0041, 0x0861, 0x0861, 0x0861, 0x0861, 0x0861, 0x0841, 0x10C2,
	0x21C4, 0x1963, 0x0861, 0x0861, 0x0841, 0x0841, 0x0841, 0x0861, 0x0841, 0x0020, 0x31A7, 0x5B0D,
	0x5AED, 0x9CD4, 0xAD35, 0xAD55, 0xDE9A, 0xD617, 0xC5B7, 0xCDF8, 0xB576, 0x9473, 0xCE19, 0x7BD0,
	0x73AF, 0x83F1, 0x5ACC, 0x2146, 0x4A6A, 0x426C, 0x218A, 0x4166, 0x8B2D, 0x7474, 0x5B8B, 0x6BCD,
	0x9329, 0xB513, 0x9C4F, 0xBCEE, 0xB4CF, 0x840D, 0xACF0, 0xC574, 0xAD12, 0xDDD6, 0xD5F7, 0xD638,
	0x4AAB, 0x6373, 0x7BF5, 0xB578, 0xEEFB, 0xE6DB, 0xDE7A, 0x6437, 0x5C17, 0x5417, 0x84B7, 0xBDF8,
	0x8CD7, 0xA537, 0xEEDA, 0xC5D9, 0xAD37, 0x8C76, 0x4251, 0xCE19, 0xDE37, 0xACF3, 0xDE99, 0xE679,
	0xE6DB, 0xDE9B, 0xEEDC, 0x4A29, 0x2925, 0x2924, 0x4A22, 0x8383, 0xDE77, 0x83F1, 0x7C29, 0x750A,
	0x3B47, 0xBE53, 0xBE74, 0xAE8F, 0x3443, 0x7D2E, 0xDED9, 0xE759, 0xCEB6, 0xCEB6, 0xE77A, 0xB5D2,
	0xC656, 0xBE35, 0xAD92, 0xB5D2, 0xCF13, 0xBE2F, 0x8A05, 0xA1C6, 0x99A4, 0xA34B, 0xBD53, 0xDECC,
	0xB323, 0xD592, 0xE711, 0xEF75, 0xB328, 0xD4E3, 0xF772, 0xAA86, 0x90C0, 0x9921, 0xA100, 0x3080,
	0x0041, 0x0841, 0x0841, 0x0841, 0x0841, 0x0841, 0x0841, 0x0841, 0x0861, 0x0841, 0x0841, 0x0861,
	0x0841, 0x0841, 0x0841, 0x0841, 0x0841, 0x0000, 0x31A7, 0x5B0D, 0x4A8C, 0x634E, 0x7BF0, 0x6B6F,
	0x9CB3, 0xD5F7, 0xACD4, 0xDE7A, 0xCE19, 0xB576, 0xDEBB, 0x83F1, 0x73AF, 0xA4D3, 0xA4D3, 0x62EC,
	0x4228, 0x52AB, 0x31CA, 0x49C8, 0x8B0B, 0x7C91, 0x6BCB, 0x7B8A, 0x9B47, 0xB4F1, 0x9C90, 0xCD71,
	0xC531, 0x8C2D, 0xBD51, 0xC5B5, 0xAD13, 0xD618, 0xCDD7, 0x9C71, 0x9C51, 0x9495, 0x6BD5, 0xBDB9,
	0xEF1C, 0xE6BB, 0xD65A, 0x4AF5, 0x3254, 0x3213, 0xBD98, 0xD67B, 0x5B55, 0x8436, 0xBD98, 0xCE19,
	0xD639, 0x9496, 0xBD97, 0xDE9A, 0xDE57, 0x8BCD, 0xD5F8, 0xD595, 0xEEDB, 0xD65A, 0xE6DB, 0x62ED,
	0x7B86, 0x7367, 0x39C7, 0x7326, 0xD635, 0xC5D7, 0xBE0F, 0x9DED, 0x43A8, 0xDF76, 0xD737, 0xFFDF,
	0xAE34, 0xA5B4, 0xBE37, 0xDED9, 0xD6F7, 0xDF39, 0xDF18, 0xCE96, 0xCE97, 0xC655, 0xBE34, 0xB5D2,
	0xC6F1, 0xB62E, 0xA2E8, 0xB32A, 0xC490, 0xEEDA, 0xCDD4, 0xDE2E, 0xB2A4, 0xD5B2, 0xE712, 0xEF55,
	0xB307, 0xDCC1, 0xF773, 0xB2A6, 0x90C0, 0x9921, 0x9900, 0x3060, 0x0041, 0x0841, 0x0841, 0x0841,
	0x0841, 0x0841, 0x0840, 0x0841, 0x0841, 0x0841, 0x0861, 0x0841, 0x0841, 0x0841, 0x0841, 0x0841,
	0x0861, 0x0020, 0x31C7, 0x630E, 0x52AC, 0x5B0D, 0x4A6B, 0x39E9, 0x5AED, 0xD618, 0x9452, 0xB576,
	0xDEBB, 0xDE7A, 0xDE9B, 0x8411, 0x7390, 0xA4D4, 0xA4F4, 0x9CB2, 0x5B0B, 0x8D37, 0x7CB5, 0x7CB6,
	0x84D5, 0x8D16, 0x8D37, 0x9536, 0x94F5, 0xB596, 0xAD96, 0xBDD5, 0xAD75, 0x8D15, 0xC5F5, 0xD5F0,
	0xCDCE, 0xD655, 0xE6DB, 0xD659, 0xE6DB, 0xBDB8, 0x8477, 0xC5FA, 0xEF1C, 0xE6BB, 0xD659, 0x42B4,
	0x21F3, 0x73F5, 0xC5F9, 0xB599, 0x3A93, 0x7C16, 0x7C15, 0x8436, 0x7C36, 0x4AF3, 0x8C96, 0xF73B,
	0xCDF7, 0x9BAE, 0xD5D7, 0x7BAF, 0xEEDA, 0xE6BB, 0xEEFB, 0x736D, 0x9406, 0xA4A7, 0x9C47, 0x7346,
	0x9C8F, 0xB557, 0x84AA, 0xAE49, 0x5C09, 0x8D4E, 0xB654, 0xF7DC, 0xF79D, 0xD6FA, 0xB636, 0xE73A,
	0xDF39, 0xADB1, 0xBE14, 0xEF7C, 0xBE15, 0xCE76, 0xE75A, 0xC635, 0xB670, 0xADEE, 0xAB8C, 0xA9A3,
	0xB204, 0xB246, 0xD570, 0xDEB1, 0xA2A8, 0xD5D2, 0xE712, 0xE714, 0xABAC, 0xCCA8, 0xF752, 0xB2A6,
	0x90C0, 0x9921, 0xA121, 0x3881, 0x0041, 0x0841, 0x0841, 0x0861, 0x31A6, 0x4228, 0x39E7, 0x31A6,
	0x39E7, 0x31A6, 0x4208, 0x4207, 0x39E7, 0x2124, 0x0020, 0x0861, 0x0841, 0x0000, 0x4209, 0x73D0,
	0x7BF1, 0x73D0, 0x632E, 0x5AED, 0x5AED, 0xC596, 0x9CB3, 0xB556, 0xDE9A, 0xCE18, 0xA515, 0x9CD5,
	0xCE39, 0xA4F4, 0x424B, 0xBD75, 0x73F0, 0xA5DA, 0xB63A, 0xADFA, 0xB61A, 0x74F9, 0x3B72, 0x5415,
	0x6CD8, 0x9D78, 0xBE1A, 0xC5F6, 0x9533, 0x9534, 0xC5F4, 0xE674, 0xE694, 0xDE56, 0xE69A, 0xE6FB,
	0xEF1C, 0xEEFC, 0xC5F9, 0xC61A, 0xEF1C, 0xE6DC, 0xDE9A, 0x3A94, 0x3AB4, 0xBDB8, 0xCE3A, 0x7416,
	0x3273, 0x6374, 0x6BD5, 0x3A93, 0x5B75, 0x2A32, 0x8456, 0xF73C, 0xDE79, 0xBBCE, 0x93AE, 0x4A6B,
	0xF6FB, 0xEEDB, 0xEEDB, 0x734B, 0x9C45, 0x9C85, 0x8BE5, 0x62E5, 0x6B29, 0xAD12, 0x9D2B, 0xAE4C,
	0x8D2E, 0x4BC7, 0x74EB, 0xDED9, 0xE6FB, 0xD6D9, 0xCEB9, 0xE73A, 0xE75A, 0x9D0F, 0xAD92, 0xA550,
	0x9D10, 0xA551, 0xA531, 0xBDF6, 0xCED5, 0xBE51, 0xAB8C, 0xAA46, 0xA1C3, 0xA121, 0xDD90, 0xDE0E,
	0xB3E7, 0xDEB3, 0xE6F1, 0xE734, 0xD549, 0xCBE2, 0xEF52, 0xAAA6, 0x90C0, 0x9921, 0xA121, 0x38A1,
	0x0041, 0x0861, 0x0841, 0x0861, 0x1081, 0x1082, 0x10C2, 0x10C2, 0x10C2, 0x10C2, 0x10A2, 0x10A2,
	0x1082, 0x0861, 0x0841, 0x0841, 0x0861, 0x0020, 0x39E8, 0x6B8F, 0x7BF1, 0x7BF0, 0x5AED, 0x52AC,
	0x426B, 0xB555, 0xACF4, 0xB577, 0xF73C, 0xCE18, 0x9CB3, 0xB576, 0x9CD4, 0x4A6C, 0x9472, 0xC596,
	0x8473, 0xA5D9, 0xB639, 0xC679, 0xD6BA, 0x8539, 0x4A69, 0x534F, 0xA5DA, 0xDE79, 0xE6BA, 0xDE59,
	0xA597, 0xC5F8, 0xE677, 0xDE99, 0xE6DC, 0xE69A, 0xE6BA, 0xE6BB, 0xEEFC, 0xF71C, 0xC61A, 0xBDB9,
	0xE6BB, 0xDE9B, 0xD659, 0x3AD4, 0x19F3, 0x7416, 0x7C56, 0x2233, 0x2213, 0x2A53, 0x4AD3, 0x5B53,
	0x6394, 0x7C15, 0xF71B, 0xEEDB, 0xE6BA, 0xD554, 0x6B0C, 0x62EC, 0xF73C, 0xEEDB, 0xE69C, 0xA4AC,
	0xEEE4, 0x9424, 0x62C4, 0x62A4, 0x7347, 0xB510, 0xADAE, 0xBEB1, 0xB630, 0xCF11, 0x7D48, 0xB594,
	0xEF1C, 0xD6DA, 0x6CCC, 0xA670, 0xE739, 0x9D30, 0x9D0F, 0x9CEF, 0x94F0, 0x94F0, 0x9D31, 0xA532,
	0xCEB4, 0xC6B1, 0xAC0C, 0xA2C8, 0x9246, 0x9962, 0xD570, 0xDE0C, 0xD56A, 0xDF16, 0xDEF3, 0xDF16,
	0xF5E9, 0xECE0, 0xEF33, 0xA286, 0x90C0, 0x9921, 0xA121, 0x3081, 0x0041, 0x0841, 0x0861, 0x0841,
	0x0861, 0x0881, 0x10C2, 0x10E2, 0x10E2, 0x10E2, 0x08A2, 0x0881, 0x0881, 0x0861, 0x0841, 0x0841,
	0x0841, 0x0000, 0x3A08, 0x6B6F, 0x632D, 0x73F0, 0x632E, 0x52AC, 0x4A8C, 0x9C72, 0x9CB3, 0x8C53,
	0x94B4, 0xE6DC, 0xAD35, 0xAD56, 0x7BF1, 0x4A6B, 0xB576, 0xF6FB, 0x9D15, 0x9DB9, 0xC679, 0xB65A,
	0x9CB2, 0x5B4F, 0xBCF1, 0x9CD4, 0x9DBA, 0xEEDA, 0xDE79, 0xDE79, 0xE6DB, 0xD65A, 0xDE4F, 0xEE8C,
	0xE69A, 0xE6DB, 0xE6BA, 0xDE9A, 0xEEFC, 0xEEFC, 0xEEFC, 0xE6DB, 0xD65A, 0xAD78, 0x94D6, 0x1A13,
	0x2A53, 0x3293, 0x0992, 0x11D3, 0x0152, 0x11D2, 0x3293, 0x4AF3, 0x2211, 0x6BD4, 0xD659, 0xD639,
	0xDE79, 0xEEFC, 0x526A, 0x51A6, 0xE679, 0xF73B, 0xE69B, 0xCDCB, 0xA4A3, 0xA4A3, 0x9423, 0x6AE3,
	0x83A3, 0xC574, 0xC613, 0xB68B, 0x9D8B, 0xC6B1, 0x6D26, 0xAD92, 0xEEFC, 0xD6F9, 0xA5B4, 0xD6D8,
	0xDF1A, 0xB596, 0x9CF3, 0xAD34, 0xA514, 0xAD75, 0xBDD6, 0xA533, 0xB610, 0xAE0F, 0xAC2E, 0xA3AD,
	0x9A87, 0x90A0, 0xD56F, 0xE628, 0xBCEC, 0xC617, 0xE6F3, 0xD694, 0x7AE5, 0xCC40, 0xFF91, 0xA2A6,
	0x90A0, 0x9921, 0xA121, 0x3081, 0x0041, 0x1061, 0x0861, 0x0861, 0x10A2, 0x1103, 0x1102, 0x10E2,
	0x1102, 0x1923, 0x1123, 0x10E2, 0x08A2, 0x0881, 0x0841, 0x0841, 0x0841, 0x0000, 0x4249, 0x8451,
	0x7C11, 0x8C93, 0x7C51, 0x4A8B, 0x73B0, 0xB575, 0xC5D8, 0xBDD8, 0x9CF5, 0xBDD8, 0x8C52, 0xC5F7,
	0xB576, 0xB576, 0xAD35, 0xCDB6, 0x9CF4, 0x9DB9, 0xADF9, 0xAE3B, 0xA40E, 0x72A9, 0x736E, 0x83CF,
	0x7476, 0xDE9A, 0xEEBA, 0xE69A, 0xEEDB, 0xC618, 0x9531, 0xFEC2, 0xEE8A, 0xDE96, 0xDE9B, 0xEEFC,
	0xEF1B, 0xEEFC, 0xEEFC, 0xEEFC, 0xF71C, 0xC619, 0x8C96, 0x4314, 0x5B94, 0x5B74, 0x3293, 0x2253,
	0x19F3, 0x32B3, 0x5354, 0x1A33, 0x63B5, 0x9D17, 0xD659, 0xCE19, 0xDE78, 0x9C11, 0x28E5, 0x6924,
	0xAAA9, 0xCD75, 0xF71C, 0xD5EA, 0x7343, 0xA4A3, 0x9403, 0x93E3, 0xA481, 0xE66E, 0xBE34, 0xA629,
	0x956B, 0xBE52, 0x5465, 0x9D30, 0xDEDA, 0xCED9, 0xE73B, 0xF79C, 0xDEF9, 0xCE58, 0x9CB3, 0xAD55,
	0xAD75, 0xA534, 0x9CF2, 0xBE15, 0xA5CF, 0x9DEA, 0x9B4A, 0xAC72, 0x9288, 0x9060, 0xABEB, 0x39E7,
	0x6B4D, 0xC5F6, 0xBDD0, 0xBDCF, 0x3164, 0x18C4, 0x83EB, 0x9A45, 0x8901, 0x8901, 0x98A0, 0x3081,
	0x0061, 0x0861, 0x0861, 0x10A2, 0x1103, 0x10E2, 0x1984, 0x2A45, 0x2205, 0x19A4, 0x1943, 0x1943,
	0x1102, 0x10C2, 0x0881, 0x0841, 0x0841, 0x0000, 0x4208, 0x7C10, 0x8C72, 0xBDD7, 0x9D14, 0x636F,
	0x9493, 0x9430, 0x420A, 0x5ACD, 0x8C52, 0xA4D3, 0xACF4, 0xDE79, 0xC595, 0xBD75, 0xDE58, 0xA492,
	0x93CF, 0x7D18, 0x5458, 0x43D5, 0x7C28, 0x7B25, 0x4185, 0x51A4, 0x42EF, 0xB61A, 0x9599, 0x9DB9,
	0xADD5, 0x7CF6, 0x5C76, 0xC609, 0xEE85, 0xEEA5, 0xDE72, 0xE6BA, 0xEEFB, 0xEEFC, 0xEEFC, 0xEEFC,
	0xD65A, 0xE6BA, 0x8CB7, 0x32D4, 0x2A94, 0x1A32, 0x2253, 0x4B75, 0x5375, 0x2AB3, 0x8496, 0x4B34,
	0xC5F8, 0xC5F8, 0xBD98, 0xC619, 0xE679, 0x49A7, 0x30E4, 0x91C6, 0x80E2, 0x8289, 0xEEFC, 0xF6AA,
	0xDE03, 0x9423, 0x8BC2, 0x9402, 0xACA2, 0x93E6, 0xB5D0, 0xB66D, 0xC633, 0xB631, 0x3BC4, 0xA572,
	0xF77E, 0xC698, 0xEF9B, 0xEF9B, 0xDF1A, 0xA514, 0xB5B6, 0xA513, 0xA513, 0xC637, 0xB5B5, 0xAD75,
	0xBE91, 0xA60B, 0xB4AB, 0xBCCD, 0xAAC4, 0xB220, 0x936B, 0x19CD, 0x62EB, 0xEF1B, 0xCE35, 0xAD4D,
	0x3163, 0x29A9, 0x4B10, 0x9AE6, 0xBC4F, 0xB3A9, 0xB2E2, 0x3122, 0x0041, 0x0841, 0x0881, 0x10E2,
	0x1103, 0x21E5, 0x4389, 0x3B88, 0x2AA6, 0x21E4, 0x1963, 0x1123, 0x1963, 0x1103, 0x08A1, 0x0841,
	0x0841, 0x0000, 0x3A08, 0x636E, 0x7C11, 0xC618, 0xCE38, 0xCE39, 0xCE18, 0xC574, 0x83CF, 0x62ED,
	0x5A8B, 0x83AE, 0xCDB5, 0xC5B6, 0xCDF7, 0xCDD6, 0xE679, 0xA490, 0xBD12, 0x7CF9, 0x74D7, 0x8C4F,
	0xB348, 0xDC6E, 0x8ACA, 0x830B, 0xB3CE, 0xC4F2, 0xA494, 0xCDB6, 0xDCF2, 0xC533, 0x9D55, 0xADB8,
	0xE66C, 0xFEC1, 0xF6A2, 0xDE54, 0xDE59, 0xDE7A, 0xE6BB, 0xEEDB, 0xCE1A, 0xA558, 0xAD78, 0x4B55,
	0x01D3, 0x1212, 0x1233, 0x1233, 0x09D2, 0x4334, 0xBDB8, 0xE6BA, 0xB577, 0xB597, 0xC5D8, 0xD69B,
	0xD5D6, 0x4104, 0x4966, 0x99C5, 0xB1C4, 0x8269, 0xC5F6, 0xC587, 0xB4E3, 0x8BE3, 0x83A2, 0x9C42,
	0x9C41, 0x7304, 0xDEB1, 0xB66D, 0xDED5, 0xC632, 0xA5AF, 0xC5D6, 0xADB5, 0xBE97, 0xCEB6, 0xDF1A,
	0xE73A, 0xD6B8, 0xC656, 0xCE77, 0xC656, 0xBDF5, 0xBE35, 0xB614, 0xBE73, 0xB632, 0xB5D4, 0xC637,
	0xC614, 0x9C8B, 0x8C51, 0x73B1, 0x4A6B, 0xD69A, 0xB575, 0x6370, 0x2988, 0x424C, 0x3A6E, 0x73CE,
	0xACAD, 0xC56D, 0xC610, 0x2944, 0x0020, 0x0861, 0x10C2, 0x1102, 0x21A4, 0x5C2C, 0x4BEA, 0x3307,
	0x2A86, 0x2225, 0x1983, 0x10C2, 0x10C2, 0x1943, 0x10E2, 0x0861, 0x0861, 0x0000, 0x4249, 0x6BAF,
	0x4A6B, 0x6B8F, 0x8432, 0xCE38, 0xB555, 0xCDF7, 0xDE78, 0xD638, 0xC595, 0xD5D6, 0xE699, 0xE699,
	0xCDF8, 0x8C31, 0xCDD7, 0x4A27, 0x9C6C, 0x5479, 0x8CF4, 0xF44D, 0xF3CD, 0xEC0E, 0xEB4A, 0xF3CD,
	0xF246, 0xEB29, 0xEB09, 0xDBED, 0xF287, 0xEC0D, 0xE594, 0xD69B, 0x8D36, 0xB5AE, 0xCE0A, 0xC5B3,
	0xE6BA, 0xE6BB, 0xEEFC, 0xEEFB, 0xDE59, 0x6C15, 0x8CD7, 0xA557, 0x09F3, 0x1A53, 0x1A53, 0x0A13,
	0x2AB3, 0x63D4, 0xB577, 0x6BF5, 0x7435, 0xBDD8, 0xC5F8, 0xD67B, 0xDDEF, 0x3903, 0x5125, 0xB1C4,
	0xA9A4, 0x2884, 0x8C28, 0x8BC4, 0x9404, 0xACA4, 0x7B42, 0xB527, 0xCDC6, 0xD5A1, 0xA4E9, 0xAE4D,
	0x9DEA, 0xAD91, 0xCE55, 0x746C, 0x748E, 0xCEB8, 0x852E, 0xBE36, 0xDF19, 0xCE98, 0xB5D4, 0xBDF4,
	0xBE14, 0xBE14, 0xBE14, 0xBE33, 0xAE0F, 0xB630, 0xB5B4, 0xBDD5, 0xB594, 0x8C71, 0xCE39, 0x8431,
	0x8C53, 0x94D5, 0x9CD3, 0x8C93, 0x324D, 0x426B, 0x424A, 0x52CA, 0x946E, 0xBD0E, 0xB50E, 0x2144,
	0x0020, 0x0881, 0x10E2, 0x1923, 0x4B8A, 0x648D, 0x546C, 0x43A9, 0x2AA6, 0x2225, 0x1963, 0x10E2,
	0x0881, 0x1123, 0x1123, 0x10A2, 0x0861, 0x0020, 0x4229, 0x73F0, 0x52CC, 0x4A6B, 0x31A9, 0x7BF0,
	0xBD96, 0xDE59, 0xACF4, 0x8C31, 0xDE58, 0xD638, 0xE6BA, 0xE6BA, 0xE69A, 0xEEBA, 0xBD15, 0x62AA,
	0x9C8C, 0x5C79, 0x7CD2, 0xE40C, 0xEB4B, 0xE40D, 0xDB4A, 0xDC70, 0xDC90, 0xDC2E, 0xD595, 0xD4F2,
	0xE40E, 0xE309, 0xDC6F, 0xCEBA, 0x74B5, 0x6496, 0xA599, 0xE69A, 0xEEDB, 0xE6BA, 0xEEDB, 0xEEDB,
	0xEEFB, 0xAD57, 0x8CB6, 0x8496, 0x0A33, 0x32D3, 0x8496, 0x7C56, 0x4B74, 0x32D3, 0x4B53, 0x09F1,
	0x7435, 0xBDB8, 0xDE7B, 0xDE9B, 0xF66A, 0x4122, 0x50E4, 0xB1C4, 0xA184, 0x0003, 0x9403, 0x8BE3,
	0xA483, 0x9403, 0x7301, 0xCDEC, 0xB54C, 0xA460, 0x6366, 0xA669, 0x64A7, 0x7CAC, 0xBE12, 0x7CCC,
	0x5BAB, 0xA5B4, 0x644C, 0x9D53, 0xDEF9, 0xBE18, 0xC678, 0xD6F9, 0xE759, 0xE75A, 0xD6D8, 0xCE96,
	0xAE6B, 0xA5EB, 0xB5D2, 0xC636, 0xCE57, 0xDE79, 0xE6BA, 0x9471, 0xC617, 0xBDD5, 0xBDB2, 0xC5F5,
	0x73CC, 0x4226, 0x4A47, 0x5289, 0xCE72, 0xE754, 0xD693, 0x2964, 0x0020, 0x10A2, 0x10E2, 0x29E5,
	0x64AE, 0x64AE, 0x4C2B, 0x3B68, 0x2A66, 0x2A25, 0x21A4, 0x10E2, 0x0881, 0x0881, 0x1923, 0x10E2,
	0x0861, 0x0000, 0x39E8, 0x6B8F, 0x52CC, 0x52CC, 0x3A0A, 0x632E, 0x73AF, 0x7B8F, 0x528B, 0x7BD0,
	0xD618, 0xBD55, 0xA4F4, 0xCDF7, 0xF71C, 0xEEBA, 0xC535, 0xAC4F, 0xA4AE, 0x5459, 0x7D37, 0xE40D,
	0xEBAD, 0xEC4E, 0xE309, 0xCCB1, 0xDC70, 0xDC2E, 0xDDB6, 0xE6BA, 0xE637, 0xE38C, 0xCC50, 0xDEFA,
	0xC5D5, 0xB573, 0xCE39, 0xEEDB, 0xDE9A, 0xDE79, 0xE6BA, 0xE6BA, 0xD659, 0xBDD7, 0xBDB7, 0x7C75,
	0x4B94, 0x7C55, 0xCE19, 0xEEDB, 0x6C36, 0x5394, 0x4B74, 0x2A92, 0x8495, 0xBDD8, 0xE6DB, 0xDE9B,
	0xF6D5, 0x49C5, 0x50C3, 0xB9C4, 0x8143, 0x0022, 0x6AE2, 0x7B84, 0x8BE3, 0xACC3, 0xA481, 0xB54B,
	0x738C, 0x8BA0, 0x5B05, 0xAE4A, 0x85C8, 0x53E8, 0x742C, 0x8D4E, 0x642C, 0x642D, 0x95AD, 0xB653,
	0xD6F9, 0xE75B, 0xD6D8, 0xF7BC, 0xBE36, 0x7C6F, 0xE73B, 0xE779, 0xC6D1, 0xA5EC, 0xB5D2, 0xAD92,
	0xC617, 0xC5F8, 0xBDB8, 0xD638, 0xD69B, 0xCE55, 0xC633, 0xC657, 0xBE14, 0x4A87, 0x2124, 0x39E7,
	0x94EF, 0xB5D1, 0x9D0E, 0x3165, 0x0000, 0x10E2, 0x10E2, 0x4369, 0x650E, 0x542B, 0x43C9, 0x3B28,
	0x2A86, 0x2225, 0x21A4, 0x1102, 0x0881, 0x0841, 0x1102, 0x1102, 0x0881, 0x0000, 0x31A7, 0x52CD,
	0x52AC, 0x52ED, 0x3A0A, 0x52AC, 0x528C, 0x422A, 0x630D, 0x8411, 0xBD97, 0xACD3, 0xBD34, 0xEEBA,
	0xE67A, 0xEEDA, 0xD5D7, 0xE5F6, 0xCDB1, 0x5458, 0x8D77, 0xF44D, 0xFB2A, 0xECF1, 0xED53, 0xF40D,
	0xF38C, 0xE309, 0xEAA7, 0xE594, 0xE6FA, 0xE3AB, 0xDC2E, 0xDEDA, 0xCDD5, 0xD637, 0xE6BA, 0xE6BA,
	0xEEFC, 0xE6DB, 0xE6BA, 0xCE19, 0xBDB8, 0xBDB8, 0xC5F9, 0x6C56, 0x1233, 0x7C96, 0xCE5A, 0xD67B,
	0x3313, 0x0A32, 0x01F2, 0x5BD4, 0x63F4, 0x8CD6, 0xFF3C, 0xD65A, 0xE6BB, 0xAD14, 0x5924, 0xB9C4,
	0x6103, 0x0063, 0x6B06, 0x8C09, 0x6B06, 0xBD26, 0xBD25, 0xA4EB, 0xAD0E, 0x8BC4, 0x3A44, 0xAE87,
	0xB70D, 0x7D4C, 0x640C, 0x7D2B, 0x84D0, 0xB5F5, 0xB634, 0xB5F5, 0xA5B3, 0xDEF9, 0xD6D7, 0xF7BB,
	0x8D10, 0x9D53, 0xCE78, 0xDF58, 0xD6D5, 0xB610, 0x94AB, 0x6BC6, 0xAD91, 0xAD50, 0xACEA, 0xC5F6,
	0xD658, 0xBDF2, 0xC5ED, 0xC5F3, 0xDEF2, 0xD670, 0x7346, 0x73A9, 0x9D13, 0x7C6D, 0x6385, 0x2923,
	0x0020, 0x0861, 0x0881, 0x1943, 0x1943, 0x1923, 0x1123, 0x10E2, 0x10C2, 0x10C2, 0x08A1, 0x0861,
	0x0861, 0x0840, 0x0861, 0x0861, 0x0861, 0x0020, 0x2987, 0x52CC, 0x52CC, 0x4AAC, 0x422A, 0x8432,
	0x422A, 0x52AC, 0x5ACD, 0x7BD0, 0x9CB3, 0x8C11, 0xCDD7, 0xD617, 0xCDF7, 0xE69A, 0xEEBA, 0xE658,
	0xBD92, 0x5457, 0x6CB7, 0xB4B0, 0x8309, 0x6B6A, 0xB4B1, 0xB3AC, 0x8BD0, 0x9D78, 0xD596, 0xC554,
	0x9537, 0x8494, 0xB431, 0xD699, 0xC5D5, 0xDE9B, 0xEEFC, 0xEEFB, 0xEEFC, 0xEEFB, 0xEEFC, 0xEEFB,
	0xD659, 0xDE59, 0x7C96, 0x7CB8, 0x3314, 0xBDD8, 0xC5F9, 0x84B7, 0x5BD4, 0x5BF5, 0x5BD5, 0x8CF7,
	0xB5B9, 0xCE3A, 0xE6DB, 0xCE5A, 0xDE98, 0xBDB3, 0x8AAA, 0xA922, 0x48E3, 0x0043, 0x1084, 0x39C6,
	0x4A01, 0x62A1, 0x4A02, 0x6B02, 0x83A4, 0x6AC2, 0x29E1, 0xAEA7, 0x7D2B, 0xBE55, 0xC617, 0xCE58,
	0xC618, 0x7D0E, 0x9DB2, 0x8CF2, 0x8D13, 0x9512, 0xBE37, 0xC676, 0xB615, 0xE71B, 0xA573, 0xDF56,
	0xD697, 0xBE52, 0x8C8D, 0x4202, 0x5A84, 0x948B, 0xC5CD, 0xC5F4, 0xC5F2, 0xAD6E, 0x9C8A, 0x9C68,
	0x944A, 0xACEB, 0x944A, 0x946D, 0x948F, 0x7B27, 0x6221, 0x20C1, 0x0021, 0x0861, 0x0861, 0x0820,
	0x0020, 0x0820, 0x0000, 0x0840, 0x0841, 0x0840, 0x0841, 0x0861, 0x0881, 0x0861, 0x0861, 0x0861,
	0x0841, 0x0000, 0x2946, 0x4A8C, 0x4A6B, 0x39E9, 0x8432, 0xDE9A, 0x422A, 0x422A, 0x4A4B, 0x7BB0,
	0x632E, 0x420A, 0xD638, 0xE699, 0xE6BA, 0xEEDB, 0xDE59, 0xDE79, 0xCE58, 0x6CB8, 0x6CB7, 0x4B2A,
	0x6B8B, 0x738B, 0x628A, 0x4166, 0x4A6C, 0x64F9, 0x9D77, 0x7CF7, 0x6C97, 0x7CF8, 0x74F8, 0xCE18,
	0xD616, 0xE6BA, 0xE6BB, 0xDE9B, 0xE6BB, 0xEEFC, 0xE6DC, 0xCE5B, 0xD65A, 0xC619, 0x8CB5, 0x5394,
	0x4BB4, 0xCE18, 0x7476, 0x9D17, 0xD658, 0x9D16, 0xCE39, 0xE6BA, 0xDEBB, 0xE6DC, 0xCE1A, 0xA557,
	0xE6B2, 0xBD93, 0xC575, 0xC36B, 0x2022, 0x0002, 0x0001, 0x420A, 0x52CD, 0x73AF, 0xC636, 0x7346,
	0x7302, 0x20E1, 0x3A44, 0xBECA, 0x43A5, 0x94ED, 0xCE18, 0xBDB7, 0x9CD3, 0x9D51, 0xBE54, 0xB5D5,
	0xBE17, 0x7CCF, 0xB5F5, 0xB614, 0x84D0, 0xDED9, 0x8CF1, 0xC6D2, 0xCED3, 0xC68F, 0x6389, 0x5AEC,
	0x4226, 0xBDB6, 0xDEBD, 0xCE19, 0x9D14, 0x94F0, 0x946E, 0x9C6B, 0x73CC, 0x8430, 0x944D, 0x6B8E,
	0x636C, 0x5AA8, 0x41E6, 0x18A2, 0x0841, 0x1903, 0x1943, 0x1123, 0x1102, 0x1963, 0x10C2, 0x1923,
	0x1943, 0x10E2, 0x1102, 0x1102, 0x1943, 0x1923, 0x1123, 0x1102, 0x0881, 0x0000, 0x2126, 0x424B,
	0x3A0A, 0x31A9, 0xCDF7, 0xEE7A, 0x62ED, 0x31A8, 0x5ACD, 0x7BB0, 0x8411, 0x630D, 0xDE7A, 0xEEDB,
	0xEEFB, 0xEEFB, 0xD659, 0xDE79, 0xDE7A, 0x6CD9, 0x538E, 0x4265, 0xD637, 0x8C0E, 0x730B, 0x6B2E,
	0x4A4B, 0x64D9, 0xB5B7, 0xAD98, 0xCE38, 0xBDF8, 0xC618, 0xCE38, 0xDE57, 0xCDD5, 0xCE16, 0xDE7A,
	0xB5B7, 0x8CD6, 0xF6FB, 0xCE3A, 0xCE19, 0xB5B8, 0xA536, 0x8495, 0x4373, 0x9CF5, 0x8CB4, 0xA536,
	0x7C54, 0x32F2, 0x8495, 0x9D37, 0xBDF9, 0xE6DB, 0xBDF9, 0x94F6, 0xB4AF, 0xC554, 0xDEBA, 0xC595,
	0x5229, 0x2105, 0x6B8F, 0xE73D, 0xFFFF, 0xEF9F, 0xB5FA, 0x0884, 0x2102, 0x0842, 0x3A44, 0xC72B,
	0x6CC9, 0x5BC8, 0xC655, 0x8D0E, 0x9D50, 0xC634, 0xC694, 0xDEBA, 0x9551, 0xA5D3, 0xADF3, 0xBE37,
	0x84D0, 0xB5D5, 0x9D73, 0xCEF5, 0xC6CF, 0xBECC, 0x6B46, 0x940F, 0x944F, 0xB574, 0xE6DB, 0xD658,
	0xC619, 0xAD2C, 0x8407, 0xA486, 0x7387, 0x842B, 0x8C29, 0x73CB, 0x5B2A, 0x4AC8, 0x4AA8, 0x18E3,
	0x1122, 0x1943, 0x1923, 0x1943, 0x1123, 0x1923, 0x1923, 0x1102, 0x1102, 0x1923, 0x08A1, 0x10E2,
	0x1923, 0x08A2, 0x10A2, 0x1923, 0x1963, 0x0881, 0x2125, 0x4A6B, 0x3A0A, 0x39E9, 0xBD56, 0xF6DB,
	0x8C52, 0x31C9, 0x528B, 0x738F, 0x9CD4, 0x9493, 0xDE9A, 0xE6BA, 0xDE79, 0x9C92, 0x9C93, 0xEEDB,
	0xC619, 0xB5FA, 0xA512, 0x7BED, 0xD658, 0xDE38, 0xCDF7, 0x6BB1, 0x41EA, 0xAE1A, 0xD679, 0xCEBA,
	0xC67A, 0xCEBA, 0xB63A, 0x6477, 0xA597, 0xCDF4, 0x7C52, 0xBE3A, 0x6B8C, 0x1292, 0x6477, 0x8D18,
	0xADB9, 0x9D37, 0x4374, 0x3B54, 0x3B74, 0x22B1, 0x4353, 0x3334, 0x53D4, 0x6C34, 0xB5D7, 0xB5B7,
	0xA537, 0xD67A, 0x5394, 0x22B1, 0xCDB6, 0xCD75, 0xCDF8, 0xD639, 0x9C72, 0x83D0, 0xE6FB, 0xF7BF,
	0xC61A, 0xBE3A, 0x2967, 0x0001, 0x0043, 0x0002, 0x3A44, 0xAEA8, 0x858B, 0x6CE9, 0x6469, 0x6485,
	0x5C66, 0xBE13, 0xD657, 0xCE57, 0xADD1, 0xCE76, 0xC635, 0xB614, 0xC693, 0xD678, 0xCE98, 0xAE2F,
	0xA5CC, 0xAE69, 0x4264, 0x1062, 0x2102, 0x2943, 0xBDB6, 0x8C2F, 0x5ACA, 0xA511, 0x6309, 0x6308,
	0x39E4, 0x3182, 0x41E4, 0x4226, 0x52CA, 0x4227, 0x2943, 0x10A2, 0x0861, 0x0881, 0x0861, 0x10E2,
	0x1963, 0x1923, 0x10C2, 0x1102, 0x1923, 0x1102, 0x1923, 0x1943, 0x10C2, 0x1943, 0x1923, 0x0861,
	0x0881, 0x0020, 0x2946, 0x4AAC, 0x52CC, 0x3A0A, 0xAD15, 0xF6FB, 0xB556, 0x424A, 0x4A6B, 0x7BB0,
	0xD659, 0xCDF7, 0xD638, 0xE69A, 0xE6BA, 0xB576, 0x5ACC, 0xCE18, 0xBDB7, 0xC63A, 0xDE9B, 0xE6BB,
	0xC56D, 0xCE16, 0xCDB6, 0x7412, 0x420A, 0xAE1A, 0xB63A, 0xBE5A, 0xA5D9, 0xADF9, 0x8D59, 0x5C57,
	0x74D7, 0xD615, 0x9CD1, 0xB5D7, 0x9CB1, 0x0A92, 0x0274, 0x0274, 0x0294, 0x1B14, 0x4394, 0x1AD3,
	0x7C96, 0x3312, 0x53B4, 0x84D7, 0x9D57, 0xAD78, 0xA557, 0xE6BB, 0xDE9B, 0xBDF9, 0x7C95, 0x9D16,
	0x9CB3, 0x9C93, 0xEF1D, 0x9C52, 0x6B0C, 0x9472, 0xDEFC, 0x6B4E, 0x0843, 0x10C5, 0x0043, 0x0843,
	0x0842, 0x0002, 0x3A24, 0x9604, 0x6CE8, 0x4BE6, 0x3B44, 0x7D26, 0x6C45, 0x84ED, 0xADCE, 0x7CA8,
	0x84EB, 0xB5F4, 0xA590, 0xB613, 0x9DEA, 0xBE30, 0xB610, 0x958B, 0x8508, 0x7505, 0x4A83, 0x3923,
	0x2903, 0x2861, 0x51A6, 0xB555, 0x51C6, 0x5A69, 0x5208, 0x49C7, 0x5A69, 0x7B6D, 0x41A6, 0x3924,
	0x4986, 0x3123, 0x4162, 0x1061, 0x0020, 0x0840, 0x0841, 0x0881, 0x0881, 0x10A2, 0x10A2, 0x1103,
	0x10C2, 0x1103, 0x1963, 0x10E2, 0x0861, 0x10A2, 0x10A2, 0x0841, 0x0861, 0x0820, 0x18E4, 0x39EA,
	0x73AF, 0x8411, 0xC5B6, 0xEEDB, 0xCE19, 0x4A4A, 0x2988, 0x6B4F, 0xDE9B, 0xC5F8, 0xE69A, 0xEEDB,
	0xEEDB, 0xD639, 0x632E, 0x634E, 0xC5D8, 0xC63A, 0x8D38, 0xAD56, 0xA40D, 0xD67A, 0xD618, 0xBDB7,
	0x5AAC, 0xAE1A, 0xBE7B, 0xBE5B, 0xB65B, 0xB65B, 0x959A, 0x5C78, 0x8D59, 0xD678, 0xDE98, 0xAD94,
	0x7C0B, 0x2334, 0x02D5, 0x0294, 0x1B14, 0x5BF5, 0x9D37, 0x6434, 0xBDD8, 0xCE39, 0xB597, 0xBD97,
	0xAD97, 0xAD77, 0xB5B8, 0xBDD8, 0xA557, 0x9517, 0x9D37, 0x7455, 0x0843, 0x0884, 0x93AF, 0x40A2,
	0x0000, 0x10A4, 0x4A8C, 0x0022, 0x0042, 0x0002, 0x0042, 0x0042, 0x0842, 0x0843, 0x3203, 0x7D44,
	0x5C05, 0x53E6, 0x6466, 0x5C46, 0x5C26, 0x6446, 0x6C65, 0x7469, 0x9D12, 0x9D53, 0x952F, 0xA593,
	0x74AA, 0x7D25, 0x956A, 0x952F, 0x7C8C, 0x53E6, 0x5AE6, 0x6288, 0x4924, 0x51A6, 0x50C2, 0x6A68,
	0x728A, 0x49A5, 0x6248, 0x4985, 0x7B0C, 0xACB2, 0x61E6, 0x5103, 0x5A08, 0x4185, 0x51A1, 0x20E3,
	0x1082, 0x1081, 0x0861, 0x0861, 0x0841, 0x0841, 0x0861, 0x0881, 0x0861, 0x0881, 0x08A1, 0x0020,
	0x0000, 0x0000, 0x0000, 0x0000, 0x0000, 0x0000, 0x10A3, 0x422A, 0xA515, 0xCE18, 0xD638, 0xE69A,
	0xDEBB, 0x83D0, 0x3188, 0x632E, 0xD65A, 0xCDF8, 0xE6BA, 0xE6DB, 0xE6BA, 0xEEDB, 0xA492, 0x736E,
	0xCE3A, 0xDEFD, 0xC618, 0xBDD8, 0xCDD7, 0xDE79, 0xD638, 0xAD55, 0x734C, 0x94D2, 0x94D2, 0xA513,
	0xA513, 0x9CF3, 0x8493, 0x6BF2, 0xAD12, 0xACF1, 0xD658, 0x7C2D, 0x3A24, 0x0292, 0x0B15, 0x43D5,
	0x5C56, 0x3B94, 0x9517, 0x8D17, 0xDE9B, 0xDE9A, 0xC5D7, 0x3B94, 0x0A92, 0x2313, 0x3B74, 0x3353,
	0x0292, 0x0211, 0x0232, 0x01AF, 0x0001, 0x0002, 0x1821, 0x1800, 0x0001, 0x0000, 0x0000, 0x10C4,
	0x0022, 0x0022, 0x0022, 0x0022, 0x0022, 0x0002, 0x29A4, 0x5C26, 0x6426, 0x6445, 0x7CC6, 0x6C67,
	0x6C47, 0x6C67, 0x952A, 0xC5F5, 0xBDD5, 0xCE37, 0xAD92, 0x8CEB, 0x748A, 0x7489, 0x8D2A, 0x8D2A,
	0x84C9, 0x6425, 0x6BA9, 0x6B2C, 0x2903, 0x5AAA, 0x3985, 0x28C2, 0x30C2, 0x3124, 0x41C6, 0x3144,
	0x62EB, 0x8C30, 0x49E6, 0x4186, 0x5A6A, 0x4A28, 0x62EA, 0x9CF3, 0x9492, 0x9492, 0x8C71, 0x8430,
	0x8410, 0x7BEF, 0x7BCF, 0x73AE, 0x738E, 0x6B6D, 0x6B4D, 0x632C, 0x62EB, 0x5AEB, 0x52AA, 0x528A,
	0x4A69, 0x39E7, 0x4208, 0x4A6B, 0x9493, 0x9CB3, 0xBD96, 0xB556, 0xCE18, 0xBD96, 0x5ACC, 0x738F,
	0xE6BB, 0xD659, 0xDE9A, 0xE69A, 0xE6BA, 0xE6BA, 0xE699, 0x9C50, 0xACB0, 0xCDF6, 0xCDF6, 0xE6BA,
	0xDEBA, 0xDE59, 0xDE7A, 0xBD74, 0xACCF, 0x942C, 0x9C4E, 0x9C2D, 0x8BAA, 0x940C, 0x8BAA, 0x8BA9,
	0x8369, 0x72E7, 0xACF2, 0xC5F6, 0x8BEE, 0x7CD6, 0xADD9, 0xEEFB, 0x74F7, 0x0294, 0x84F7, 0xCE3A,
	0xE6DC, 0xDE7A, 0xD659, 0xCE59, 0x5415, 0x0AD3, 0x5C76, 0x1314, 0x0252, 0x1B13, 0x8559, 0x6414,
	0x4A6B, 0x4A6B, 0x424B, 0x31E9, 0x31E9, 0x2146, 0x2146, 0x1926, 0x10C4, 0x0863, 0x0843, 0x0042,
	0x0001, 0x0001, 0x1903, 0x7486, 0x8507, 0x952B, 0xADCD, 0xA5CA, 0x9568, 0x956A, 0x9D8B, 0x7C88,
	0x952D, 0xC634, 0xBDF3, 0xB5F2, 0x952B, 0x956B, 0x954A, 0x9D6E, 0x8D0C, 0x74A5, 0x94EF, 0xB5B6,
	0xA511, 0xA533, 0xA511, 0xA511, 0x9CF1, 0x94B0, 0x948F, 0x94B0, 0xA513, 0xBDB6, 0xA4F2, 0x8C6F,
	0x8C91, 0x842F, 0x94D3, 0xB5D7, 0xA534, 0x8C71, 0x8C51, 0x9CD3, 0x9CD3, 0x9CD3, 0x9D14, 0xA514,
	0xA534, 0xA555, 0xB575, 0xB596, 0x9D55, 0xA514, 0xAC50, 0xACF2, 0xAD35, 0x9CD3, 0x52AB, 0x2988,
	0x6B6F, 0xAD35, 0xAD35, 0xAD15, 0x9C93, 0xDE79, 0xD638, 0xA4F4, 0xBD97, 0xD638, 0xDE79, 0xDE9A,
	0xDE79, 0xE6BA, 0xE6BA, 0xDE79, 0xD5F5, 0xCDB4, 0xDE59, 0xDE9A, 0xDE7A, 0xD638, 0xDE39, 0xC573,
	0xC591, 0xC56F, 0xCDF5, 0xD5F6, 0xBD31, 0xD616, 0xCDF4, 0xD635, 0xC54E, 0xAC6A, 0xB4F1, 0xE6BA,
	0xDE79, 0xD659, 0xDE9A, 0xCE5A, 0x33B5, 0x1B34, 0xBE19, 0xDE79, 0xD659, 0xDE79, 0xE699, 0xDE59,
	0x6415, 0x1B13, 0x8D17, 0x4BF5, 0x0A51, 0x4C16, 0xF73E, 0xF75F, 0xF77F, 0xF65B, 0xE3D0, 0xE2AB,
	0xE493, 0xE5F9, 0xDD57, 0xDDB8, 0xCD98, 0xCDFA, 0xCE3B, 0xC577, 0xBDD9, 0xB598, 0xAD96, 0xC614,
	0xC5F3, 0xDE78, 0xA492, 0x5A87, 0x6AE8, 0x62A9, 0x6268, 0x6288, 0x6AA9, 0x6ACA, 0x6AA9, 0xA4B1,
	0x944D, 0x8389, 0x8BA8, 0xAD52, 0x9D12, 0x9D30, 0xA532, 0xBDF6, 0xBDF5, 0xBE15, 0xBE15, 0xC636,
	0xC636, 0xB5D4, 0xB5D4, 0xB5D4, 0xBDD6, 0xD639, 0xBDD5, 0xAD92, 0xAD71, 0x8C6F, 0x8C51, 0xF79E,
	0xE73C, 0xB5B6, 0xB5B6, 0xDEFB, 0xFFDE, 0xE75C, 0xE75C, 0xE73C, 0xE73C, 0xDEDB, 0xCEDA, 0xAEFA,
	0xC71D, 0xD73D, 0xCE59, 0xE679, 0xD659, 0xDEBA, 0x52AC, 0x1907, 0x2988, 0x52AC, 0x6B6F, 0xBD96,
	0xC5F7, 0xBDB7, 0xDE59, 0xC5B7, 0xCE18, 0xD638, 0xDE79, 0xE6BA, 0xDE7A, 0xCE39, 0xCE18, 0xDE7A,
	0xDE79, 0xDE59, 0xDE79, 0xDE79, 0xD659, 0xD638, 0xD639, 0xAD11, 0xACD1, 0x9C4D, 0xACD0, 0xD617,
	0xD5F7, 0xDE59, 0xDE99, 0xDE9A, 0xB532, 0x7B27, 0xACD1, 0xE69A, 0xD639, 0xD659, 0xDE79, 0xE6FB,
	0xEF5E, 0xEF5E, 0xE6BA, 0xC63A, 0xD6BD, 0xE71D, 0xD69C, 0x94D8, 0x5B75, 0x7BF6, 0xAD77, 0x9D17,
	0x8457, 0x9D18, 0xE431, 0xE557, 0xDB2D, 0xDAEC, 0xE249, 0xD966, 0xE30D, 0xE4F5, 0xD986, 0xE432,
	0xE36E, 0xECB4, 0xECB4, 0xE1A7, 0xEC32, 0xEC31, 0xEE59, 0xEEDB, 0xE69A, 0xEEFB, 0xA4D3, 0x4948,
	0x518A, 0x8BD0, 0x8B6F, 0x61AA, 0x6A4C, 0x7B0D, 0x622B, 0x6A4C, 0x834F, 0x51A9, 0x620B, 0x9C92,
	0x94F1, 0xA553, 0xAD74, 0xA573, 0xAD72, 0xC656, 0xC636, 0xC636, 0xC656, 0xB5F5, 0xB5D5, 0xB5D5,
	0xBDD5, 0xCE38, 0xBDD4, 0xB5B3, 0xAD73, 0x94D1, 0x8410, 0xEF5D, 0xD6BB, 0xBDF8, 0xCE79, 0xC618,
	0xE73C, 0xDF1B, 0xD6DB, 0xE75C, 0xE71C, 0xBE7B, 0xAED4, 0xBEF4, 0xEF7E, 0xEF3C, 0xE6BA, 0xE69A,
	0xD618, 0xD658, 0x5ACC, 0x2127, 0x2988, 0x1906, 0x3A0A, 0x7BF0, 0x630D, 0x9CD3, 0xD638, 0xE69A,
	0xDE7A, 0xD638, 0xDE79, 0xE69A, 0xEEDB, 0xC5F8, 0xAD35, 0xDE9A, 0xE69A, 0xE69A, 0xD659, 0xDE59,
	0xDE59, 0xD617, 0xBD74, 0xB534, 0xB534, 0xB4F0, 0xC573, 0xCE17, 0xDE58, 0xDE79, 0xCDF6, 0xE6BA,
	0xD638, 0x942E, 0xBD74, 0xDE9A, 0xBD75, 0xCE19, 0xDE7A, 0xE6FC, 0xEF9F, 0xF7BF, 0xDEBA, 0xEF3D,
	0xFFFF, 0xFFDF, 0xF7BF, 0xF79F, 0xC65D, 0x9D39, 0x9CF7, 0x6BD5, 0x4A8E, 0x4A8C, 0xE32D, 0xDA4A,
	0xD986, 0xE36E, 0xE4B4, 0xE493, 0xE556, 0xE536, 0xE38F, 0xE597, 0xE472, 0xDACC, 0xD966, 0xDA6A,
	0xDC71, 0xD32C, 0xD575, 0xE6DB, 0xEEFC, 0xDE7A, 0xA4D3, 0x622B, 0x838F, 0xBD94, 0xC5F5, 0x836E,
	0x7B2E, 0xD677, 0xCE15, 0x9C51, 0x8BAF, 0xAD32, 0x51A9, 0xA4D2, 0xA552, 0x94D0, 0xAD94, 0x9D33,
	0xA573, 0xB5F5, 0xBE16, 0xCE77, 0xCE77, 0xBE16, 0xBDF5, 0xB5F5, 0xBDD6, 0xCE18, 0xB5D5, 0xB5D4,
	0xAD94, 0x94B2, 0x8410, 0xEF7D, 0xDEFB, 0xCE59, 0xBDF7, 0xCE79, 0xCE79, 0xC638, 0xDEDB, 0xDEFB,
	0xCE7A, 0xBE7A, 0xC73C, 0xC6F6, 0xC6D6, 0xD6D8, 0xBE7A, 0xD6DC, 0xD638, 0xD617, 0x8D34, 0x6BD0,
	0x73D1, 0x73F2, 0x7C12, 0x7C12, 0x6B91, 0x94B4, 0xCDF8, 0xD638, 0xDE79, 0xD638, 0xDE79, 0xE69A,
	0xE6BA, 0xE6BA, 0xD659, 0xD639, 0xDE79, 0xDE9A, 0xC5B6, 0xD638, 0xD659, 0xDE58, 0xC595, 0xB4F2,
	0xC5B6, 0xCD94, 0xD5D6, 0xE6BB, 0xDE9A, 0xDE9A, 0xCE17, 0xDE79, 0xEEFC, 0xBD75, 0xC5B6, 0xD67A,
	0xCDD7, 0xD639, 0xE6BB, 0xEF1C, 0xEF7E, 0xF7BF, 0xE69A, 0xF75D, 0xFFDF, 0xFFBD, 0xFF58, 0xDEDB,
	0xEF7E, 0xC65D, 0x6BB4, 0x10C4, 0x0000, 0x29A7, 0xE3B0, 0xD8A3, 0xE34E, 0xE229, 0xE26A, 0xE2CB,
	0xE473, 0xE4D5, 0xD882, 0xE411, 0xE556, 0xE208, 0xE30D, 0xDC0F, 0xE73C, 0xDE19, 0xE69A, 0xDE39,
	0xE6BB, 0x9C32, 0x5A0B, 0x5189, 0xA4B2, 0x72CD, 0x7AED, 0xA471, 0x7B4E, 0x83F0, 0x5A2A, 0xB533,
	0x7B4E, 0xD6B7, 0x7B6D, 0xAD12, 0xA552, 0x94D1, 0x9D12, 0xA574, 0x9D12, 0x9CF2, 0xAD75, 0x9D14,
	0xB5D5, 0xA574, 0xADB5, 0x8CD3, 0xB596, 0xBDB7, 0x7C31, 0x8C71, 0x8C92, 0x73EF, 0x73CF, 0x9CD3,
	0xB5D7, 0xB596, 0xCE79, 0xEF5D, 0xB5B6, 0xCE59, 0xDEDB, 0xEF5D, 0xC69A, 0xB6BB, 0xAEFD, 0xCF1B,
	0xD734, 0xB6D2, 0xBED9, 0xDF3B, 0xD618, 0xD617, 0x8555, 0x7C53, 0x8453, 0x8453, 0x8454, 0x8454,
	0x8434, 0x8474, 0xBDB7, 0xCDF7, 0xCE18, 0xDE79, 0xDE99, 0xE69A, 0xDE9A, 0xCDF8, 0xCE18, 0xCE18,
	0xDE7A, 0xD659, 0xB554, 0xC5B5, 0xD638, 0xDE79, 0xD638, 0xBD53, 0xD617, 0xD5F7, 0xD617, 0xCDF7,
	0xBD74, 0xC595, 0xDE58, 0xDE79, 0xDE7A, 0xD659, 0xD638, 0xD639, 0xD619, 0xD67A, 0xDE9A, 0xEF3D,
	0xF7DF, 0xEF7E, 0xDE9A, 0xF75D, 0xFFDE, 0xF77A, 0xF77A, 0xE6FC, 0xEF5D, 0xF7DF, 0xADBA, 0x29AA,
	0x0020, 0x39E8, 0xE5F9, 0xDC52, 0xE515, 0xE34E, 0xE2EC, 0xE32D, 0xE2CC, 0xE4F5, 0xE1C7, 0xE411,
	0xE26A, 0xE411, 0xE472, 0xE1E8, 0xE3AE, 0xE6BA, 0xE69A, 0xDDF7, 0xE515, 0x9452, 0x7B2D, 0x6AAC,
	0xACF3, 0x8BF0, 0x9C52, 0x9410, 0x836F, 0xBDD5, 0xB554, 0x93F0, 0x7AED, 0xAD53, 0xAD33, 0xB594,
	0x9CF0, 0x8CB0, 0x94F1, 0x9D12, 0x7C2F, 0xA532, 0xBE17, 0x9D34, 0x8CD3, 0xAD55, 0xAD55, 0x8CB3,
	0xAD55, 0xC5D7, 0xBDB7, 0xAD35, 0xBDB7, 0xA533, 0x6B6D, 0xBDF7, 0xEF7D, 0xEF5D, 0xD69A, 0xBDF7,
	0xD6BA, 0xE6FB, 0xBDD6, 0xEF5D, 0xC679, 0xBEDC, 0xCF3D, 0xD75E, 0xAEBA, 0xB650, 0xBE71, 0xCE95,
	0xCE59, 0xC679, 0x84D2, 0x73F0, 0x738F, 0x6B2C, 0x6B4D, 0x7C12, 0x73F3, 0x94B4, 0xBDB6, 0xCE18,
	0xC5F7, 0xD658, 0xDE58, 0xCE18, 0xCE19, 0xC5D7, 0xDE99, 0xDE9A, 0xDE79, 0xCE18, 0xD638, 0xD638,
	0xDE9A, 0xDE9A, 0xDE59, 0xCDD6, 0xD618, 0xD638, 0xC5B5, 0xACF1, 0xB513, 0xC5B6, 0xD659, 0xDE7A,
	0xD639, 0xC5B6, 0xBD76, 0xC5B7, 0xDE7A, 0xDEBB, 0xCE39, 0xDEBB, 0xE73D, 0xE77E, 0xE6BA, 0xEF5D,
	0xF79D, 0xF7BF, 0xE73D, 0xEF3B, 0xF75A, 0xE73C, 0x94F9, 0x3A2C, 0x0882, 0x39C8, 0xF77F, 0xEF3F,
	0xE71E, 0xEF5F, 0xEF3F, 0xEF1E, 0xEEFD, 0xEEFE, 0xEF1E, 0xEF5F, 0xEF3F, 0xEEFE, 0xEE9C, 0xEE9C,
	0xEDB6, 0xE699, 0xE6FC, 0xE618, 0xDB8F, 0xC65A, 0xBDB5, 0x5A2B, 0x72CD, 0xCE58, 0xC617, 0x72AD,
	0x9C72, 0x9451, 0xBDB5, 0x7B2E, 0x93F0, 0x9C71, 0x8C10, 0xD6B8, 0x94D0, 0x94AF, 0x8C90, 0x8450,
	0x9D11, 0xCE75, 0xB5D5, 0x94D3, 0x9D14, 0xCE37, 0xB596, 0x9D13, 0xBDB6, 0xAD14, 0xB555, 0xC618,
	0xD67A, 0xA534, 0x6B6D, 0xD69A, 0xFFDF, 0xF7BE, 0xF79D, 0xF79E, 0xCE59, 0xC5F7, 0xD69A, 0xE73D,
	0xC679, 0xBEDB, 0xC69B, 0xA6BC, 0xB679, 0xBDD3, 0xADF1, 0xC672, 0xD638, 0xCE79, 0x9533, 0x6B8F,
	0x6AEB, 0x62C9, 0x62A9, 0x6AEA, 0x83EE, 0x94B1, 0xBD73, 0xCE17, 0xCE17, 0xCE17, 0xD657, 0xBDD6,
	0x9495, 0xAD36, 0xA515, 0xA4F4, 0xBD54, 0xC5B7, 0xB554, 0xBD53, 0xAD12, 0xD636, 0xEEF9, 0xEEF9,
	0xD636, 0x9C90, 0xCE18, 0xCDF8, 0xACD1, 0xACF1, 0xBD53, 0xBD75, 0xB555, 0xBD75, 0xB555, 0xB555,
	0xD65A, 0xE6DC, 0xD67A, 0xD639, 0xD659, 0xE71C, 0xE6BA, 0xE6FC, 0xDEFC, 0xDEBB, 0xC5D6, 0xE6F8,
	0xFF78, 0xEF17, 0x8457, 0x5B32, 0x2968, 0x4A2A, 0xF75F, 0xEF1E, 0xE6BC, 0xDCB4, 0xE4F5, 0xE536,
	0xE432, 0xE452, 0xE67C, 0xE598, 0xE5B8, 0xE61A, 0xE6DD, 0xE6DB, 0xEEFB, 0xDE7A, 0xDE7B, 0xDE9C,
	0xDE9C, 0xAC6D, 0x72C9, 0x7AA8, 0x7AA9, 0x8B8D, 0x8B6E, 0x8B4D, 0x940F, 0x620A, 0x72CC, 0x72AD,
	0x7AED, 0x7B2D, 0x7B2E, 0x9C92, 0x9D11, 0x94D0, 0x7C0F, 0x846F, 0xA572, 0x9CF0, 0xA512, 0xC636,
	0xD6D7, 0xCE37, 0xCE39, 0xCE38, 0xD638, 0xDE58, 0xD617, 0xCE18, 0xDE59, 0xCE17, 0x7BCF, 0xC5F7,
	0xE71C, 0xEF7E, 0xF7BF, 0xF7BE, 0xCE38, 0xDEDB, 0xFFFF, 0xDEBA, 0xCE58, 0xE73D, 0xDEBA, 0xCE7A,
	0xC679, 0xD637, 0xCE35, 0xCE55, 0xC616, 0xCE38, 0x7C50, 0x630B, 0x62A9, 0x62C9, 0x62A9, 0x6AC9,
	0x8B89, 0xA4EF, 0xBD94, 0xBD95, 0xB555, 0xAD13, 0xC5D3, 0xC570, 0x94B4, 0x9CD5, 0x428F, 0x52CC,
	0xA4B0, 0xBD76, 0x8BCC, 0x940C, 0x9C4D, 0xACCF, 0xD613, 0xEEB7, 0xF738, 0x9C6E, 0xCE18, 0xDE9B,
	0xB512, 0xBD74, 0x8BED, 0x732A, 0x940E, 0xBD96, 0xCE18, 0xB555, 0xDE9B, 0xE6DC, 0xE6BB, 0xD639,
	0xDE5A, 0xDE59, 0xE6BB, 0xE71C, 0xBDB4, 0xACAE, 0xC5D5, 0xEF18, 0xFF58, 0xFF78, 0xAD78, 0x6BB6,
	0x39EB, 0x4A4A, 0xE6BB, 0xDE9B, 0xF75F, 0xF69B, 0xEEDC, 0xF6FD, 0xF67B, 0xF69C, 0xFF5E, 0xF67B,
	0xEDD8, 0xE556, 0xDD95, 0xDDF7, 0xE6BB, 0xD618, 0xD67B, 0xDEBD, 0xEF1E, 0xB469, 0x82C7, 0xA3C7,
	0xBCA8, 0xB469, 0xB46A, 0xB427, 0xA3C8, 0xBCCA, 0x9BCA, 0xB425, 0xABC6, 0xAC8D, 0xAC8B, 0xA42D,
	0xB5B5, 0x8C90, 0x94B0, 0xA530, 0x8C8F, 0xB595, 0xBDD5, 0xCE75, 0xD696, 0xDE78, 0xD65A, 0xDE59,
	0xDE58, 0xDE58, 0xD637, 0xD637, 0xDE37, 0xD658, 0x9491, 0xC638, 0xF75D, 0xEE72, 0xEF19, 0xEF5D,
	0xD617, 0xE6D8, 0xFF9A, 0xE653, 0xCD6E, 0xDE77, 0xEEDA, 0xE699, 0xE699, 0xDE58, 0xCE16, 0xCDF5,
	0xC658, 0xCE9A, 0x7C2F, 0x62A8, 0x62A9, 0x62C9, 0x62A9, 0x6AE9, 0x9389, 0x8B69, 0x83AC, 0xB554,
	0xBDB6, 0x9471, 0xB533, 0xBD93, 0x9CD4, 0x9CD5, 0x4AB0, 0x632E, 0xBD53, 0xACD0, 0x83AB, 0x838B,
	0x942D, 0xA4AF, 0xBD72, 0xE696, 0xEF19, 0xAD12, 0x8BAC, 0xB534, 0xB534, 0xBD95, 0xA4B0, 0x93EA,
	0xB533, 0xC5B6, 0xBD96, 0xA4D4, 0xE6DC, 0xDE9C, 0xDE9B, 0xD67A, 0xDE9B, 0xCE39, 0xE6FC, 0xEF3D,
	0xD6DC, 0xDE99, 0xD677, 0xE6D7, 0xFF78, 0xFF78, 0xEF18, 0x7C37, 0x2969, 0x4209, 0x62D1, 0x62EF,
	0xA4F7, 0xA519, 0xB57A, 0x7BF6, 0xAD79, 0x8C55, 0x9CB8, 0xA519, 0xCE7D, 0xD69C, 0xEEBA, 0xEEDC,
	0xEEDC, 0xD63A, 0xC61B, 0xBDDA, 0xCE3B, 0x624D, 0x5169, 0x5149, 0x620B, 0x7A8D, 0x7A6C, 0x724B,
	0x7B0D, 0x8BCE, 0x93CE, 0x8AC8, 0x936A, 0xA4D1, 0xBD71, 0xB553, 0xB5B5, 0x9D12, 0xAD73, 0x8CB0,
	0x94B0, 0xDEBA, 0xDE9A, 0xD658, 0xCE56, 0xE699, 0xD638, 0xD617, 0xDE58, 0xD636, 0xCDF5, 0xDE58,
	0xDE58, 0xD659, 0x9CB2, 0xC619, 0xFFB8, 0xFECF, 0xE657, 0xDE79, 0xD617, 0xF6AE, 0xFEF0, 0xE654,
	0xD56B, 0xE676, 0xE6DB, 0xE699, 0xDE99, 0xD659, 0xADF3, 0xAE52, 0xAEBC, 0xD6DB, 0x8470, 0x5AA8,
	0x62A9, 0x62C9, 0x6AC9, 0x6AC9, 0x9389, 0x6A86, 0x7309, 0xCDB5, 0xCE37, 0xBD74, 0xAD15, 0xA4F4,
	0xA516, 0x9474, 0x428F, 0x73B1, 0xACD0, 0x9C6D, 0x940E, 0x83AB, 0x838B, 0x8BCB, 0xB532, 0xC5B4,
	0xC5F5, 0xCE57, 0x7B28, 0x7309, 0x9C2D, 0xC5B6, 0xA46E, 0xA48F, 0xB512, 0xA46F, 0x8C0F, 0xA536,
	0xD69C, 0xE71D, 0xDEBB, 0xDE9B, 0xDEBC, 0xE6BC, 0xE69A, 0xEF3C, 0xEF5E, 0xC617, 0xCE16, 0xC591,
	0xFF79, 0xF758, 0xFF78, 0x8C97, 0x31EC, 0x630F, 0x294E, 0x420F, 0x62F1, 0x318F, 0x62F3, 0x210E,
	0x420F, 0x20EC, 0x000B, 0x31B0, 0x9CD8, 0x9454, 0xE6BA, 0xE6BC, 0xE6FC, 0xA4F7, 0x4230, 0x52B2,
	0x8C56, 0x6A4C, 0x4986, 0x3987, 0x622B, 0x7AAE, 0x7AAE, 0x6A0C, 0x6A6C, 0x7B4F, 0x728D, 0x6A0C,
	0x7B2F, 0xA4F4, 0xA4D3, 0xBDB6, 0xB5B5, 0xAD74, 0xA553, 0xAD74, 0xA532, 0xBDB5, 0xE69A, 0xDE9A,
	0xDE79, 0xE69A, 0xCDF6, 0xC5F6, 0xCE16, 0xCE15, 0xC5D4, 0xCDF6, 0xCE17, 0xB594, 0x9471, 0xC5F8,
	0xF735, 0xF6D2, 0xE699, 0xDE39, 0xD638, 0xF6AF, 0xFEF0, 0xE5EF, 0xDD6B, 0xE698, 0xE69A, 0xE69A,
	0xDE59, 0xD639, 0xA674, 0x9679, 0xB6BC, 0xD658, 0x7BED, 0x62A9, 0x62A9, 0x62A9, 0x7B4B, 0x730A,
	0x838A, 0x6266, 0x7B28, 0xCDD3, 0xCDF5, 0xC5D4, 0xAD54, 0x5A88, 0x736D, 0x7BD1, 0x52F0, 0xAD35,
	0xBD2F, 0x9C4C, 0x940C, 0x838C, 0x83CC, 0x838A, 0x93EB, 0xACD0, 0xDE97, 0xE6FA, 0xB4F0, 0x72E8,
	0x8B88, 0xBD31, 0xB512, 0x9C4D, 0x8BAA, 0xA4D1, 0x9C92, 0xC5D8, 0xC5D8, 0xEF5D, 0xEF9F, 0xE6DC,
	0xEEFD, 0xE6DC, 0xE69A, 0xEF3D, 0xF79F, 0xDEDB, 0xDEDB, 0xEF39, 0xF758, 0xFF58, 0xF737, 0x8C98,
	0x52D0, 0x7BB0, 0x108D, 0x6B75, 0x73B5, 0x39CE, 0x526E, 0xA4D7, 0x5A8F, 0x5AD2, 0x9477, 0x9CB8,
	0x8C57, 0x8C35, 0xDE9A, 0xE6DB, 0xE6BC, 0xCE1A, 0x5AF2, 0x298F, 0xAD18, 0x5228, 0x39C6, 0x2986,
	0x630B, 0x93B0, 0xACB3, 0xC5B5, 0xBD75, 0xA493, 0xBD75, 0xC5B6, 0xC596, 0xD638, 0xAD14, 0xA4B2,
	0xB573, 0xA532, 0xA511, 0xA512, 0x94AF, 0xBDD5, 0xE6BB, 0xDE79, 0xDE9A, 0xE6BB, 0xC617, 0xB593,
	0xB5D3, 0xBDF3, 0xADB2, 0xCDF5, 0xBDB5, 0xB574, 0x9C91, 0xBD75, 0xDE58, 0xEEF9, 0xE6BB, 0xDE59,
	0xD618, 0xF6B0, 0xF68C, 0xDD4B, 0xDD4A, 0xD5B0, 0xDE73, 0xDE56, 0xE6BB, 0xD6F4, 0xCEF7, 0x9E9D,
	0xDF3C, 0xE71C, 0x7C4F, 0x5AA8, 0x62A9, 0x6289, 0x730A, 0x7B4B, 0x6AC9, 0x6266, 0x8328, 0xBCEE,
	0xDE54, 0xD634, 0x8C0C, 0x2921, 0x41C4, 0x4208, 0x39E9, 0x7BAD, 0xF690, 0xD5EF, 0xCD8E, 0x9C6D,
	0x83AC, 0x7B49, 0x7B4A, 0x8369, 0xB511, 0xAD10, 0xB510, 0x7B49, 0x72C6, 0x7B07, 0x8368, 0x8B89,
	0x6AA6, 0x6AC8, 0x6B4C, 0xB5B9, 0x94B3, 0xE71C, 0xE71C, 0xEF3D, 0xD65A, 0xDE9B, 0xE69A, 0xDEBB,
	0xDEDC, 0xBD96, 0xD679, 0xE75E, 0xF759, 0xF716, 0xB531, 0x73B4, 0x524A, 0x730C, 0x294C, 0x294F,
	0x214F, 0x20EB, 0x8391, 0x8415, 0xB556, 0x41EC, 0x5270, 0x83F3, 0x8C36, 0x9477, 0x52B2, 0xB556,
	0xF6FB, 0xDE9B, 0x6333, 0x52B1, 0x9CD7, 0x4A6A, 0x3165, 0x62CA, 0x4208, 0x6AAC, 0xA452, 0xA492,
	0x9C11, 0x9C52, 0xACB3, 0xE699, 0xD617, 0xE699, 0xACF4, 0xACD3, 0xBDB4, 0x94B0, 0x9490, 0xAD54,
	0xAD33, 0xC616, 0xDEBA, 0xD659, 0xDE79, 0xE6BA, 0xBDF6, 0xAD93, 0xB5B3, 0xB5B2, 0xAD92, 0xC5F6,
	0xBDD5, 0x94D0, 0x9450, 0xC5F7, 0xEEFA, 0xF719, 0xE69A, 0xDE59, 0xD639, 0xE6D9, 0xF77C, 0xEED8,
	0xDE34, 0xCD6E, 0xEED2, 0xE66E, 0xD697, 0xBEF9, 0xAE99, 0xDF1D, 0xE71B, 0xE71C, 0x84F3, 0x5AA8,
	0x6289, 0x6289, 0x62A9, 0x6ACA, 0x5A68, 0x6246, 0x8348, 0xAC8C, 0xE6B5, 0xEEF6, 0x83AA, 0x3142,
	0x41C4, 0x4228, 0x31C8, 0x83CD, 0xE62F, 0xE630, 0xEE70, 0xD5CE, 0xACCE, 0x940D, 0x944F, 0xAD54,
	0x83CC, 0x93EB, 0x8BA9, 0x7B07, 0x72E7, 0x72E6, 0x8347, 0x8B67, 0x72C5, 0x6243, 0x5B0B, 0x8CF7,
	0x5268, 0xF79D, 0xE6FC, 0xD67A, 0xD639, 0xD639, 0xC595, 0xBD75, 0xCE59, 0xC5F6, 0xDEB9, 0xEF5A,
	0xE6F8, 0xF737, 0xB553, 0x73B5, 0x6B0F, 0x7BD1, 0x49EB, 0x2909, 0x10AC, 0x210A, 0x628B, 0x41CC,
	0x9456, 0x41CC, 0x83F5, 0x9CB7, 0x8C57, 0x8416, 0x8436, 0x5AD2, 0xAD17, 0xCDF8, 0x316C, 0x296F,
	0xA517, 0x4208, 0x41E6, 0xBD74, 0xAD14, 0x5A2A, 0x93D1, 0xAD14, 0xB534, 0xB555, 0x938F, 0xD659,
	0xDE79, 0xE6BA, 0x9C32, 0xA472, 0xC5F6, 0x83ED, 0x9CF2, 0xCE38, 0xE69A, 0xE69A, 0xDE79, 0xD659,
	0xDE79, 0xE679, 0xC617, 0xADB4, 0xADB3, 0xADB2, 0xADB2, 0xBDF5, 0xAD51, 0x840C, 0x9CB2, 0xCE59,
	0xFFFF, 0xF77E, 0xE67A, 0xDE7A, 0xDE5A, 0xE6DB, 0xEF3C, 0xDEDB, 0xD679, 0xC5F7, 0xCE39, 0xD658,
	0xCE79, 0xC65A, 0xCE38, 0xCE37, 0xC5D6, 0xDEDB, 0x8D34, 0x5AC9, 0x6288, 0x6289, 0x6289, 0x6289,
	0x5A68, 0x5204, 0x7AE7, 0xB4AE, 0xD635, 0xEEB5, 0x83AA, 0x3162, 0x41A3, 0x41E6, 0x3186, 0x6B2A,
	0xD634, 0xDDEF, 0xDDEE, 0xD611, 0xE71B, 0xF79F, 0xE75E, 0xE73E, 0xA4AF, 0x8368, 0x7308, 0x7B27,
	0x8347, 0x8B88, 0x7AE6, 0x72C5, 0x72C6, 0x7AE5, 0x6B8D, 0x6C33, 0x4A69, 0xF7BF, 0xDEFC, 0xCE7A,
	0xD659, 0xD618, 0xB4F2, 0xCE58, 0xDEFC, 0xCE9A, 0xF75A, 0xFF98, 0xA536, 0xAD14, 0x9494, 0x6BD6,
	0x6B73, 0x9CB6, 0x294D, 0x398A, 0x62D0, 0x62AC, 0x20C7, 0x1089, 0x318C, 0x520C, 0x4A0E, 0x5292,
	0x296F, 0x62F3, 0x7BB5, 0x6313, 0xCDF8, 0xD639, 0x5290, 0x31AF, 0xAD36, 0xA4B2, 0xB533, 0xEEFB,
	0xEEFB, 0x8B70, 0x7ACE, 0xA4B4, 0xACB3, 0x93D1, 0x830E, 0xC5D8, 0xD67A, 0xE6BA, 0xBD35, 0xACF3,
	0xC5D5, 0x9C90, 0xBE16, 0xCE58, 0xE6BA, 0xE699, 0xDE79, 0xDE58, 0xE69A, 0xE69A, 0xBDD4, 0xB593,
	0xAD72, 0xAD51, 0xA510, 0x9C8E, 0x942C, 0x8BEC, 0xAD14, 0xD679, 0xFFDF, 0xF7BE, 0xEF1C, 0xD65A,
	0xD67B, 0xDEBB, 0xF7BE, 0xF79E, 0xE6FB, 0xDEDB, 0xEF5C, 0xEF7D, 0xF77D, 0xEF7D, 0xEF5D, 0xE71C,
	0xE71C, 0xE6FB, 0x8D55, 0x62EA, 0x6288, 0x6289, 0x6289, 0x6289, 0x5226, 0x41A2, 0x49C3, 0x838A,
	0xBD73, 0xE695, 0x7328, 0x2901, 0x3983, 0x39A4, 0x3164, 0x62CA, 0x944E, 0xA449, 0xC56E, 0xE73C,
	0xF79F, 0xEF7E, 0xDEDC, 0xCE14, 0xCD8D, 0xCDAD, 0xB4CB, 0xBCEB, 0xD5AC, 0xB489, 0x8B87, 0xA408,
	0xA469, 0xBCC8, 0x94AF, 0x4B0F, 0x6B6E, 0xE71C, 0xD699, 0xCE79, 0xD65A, 0xDE7A, 0xE69B, 0xDEFC,
	0xDEFB, 0xCE7A, 0xCE15, 0xC5B1, 0xA4AF, 0x734E, 0x9C91, 0x9453, 0x9CD5, 0xE6DB, 0xDE9D, 0xC597,
	0xB514, 0xA470, 0xACF6, 0x9411, 0x7B2D, 0xA4D4, 0x7B70, 0x83D2, 0x8C36, 0x8C33, 0x62F0, 0x7BD3,
	0xBD34, 0xBD76, 0xD65A, 0xA4D6, 0x9C95, 0xDE36, 0xEEDB, 0xEEDB, 0xE679, 0xA432, 0x728D, 0x8B6F,
	0xA40D, 0x8B2B, 0x936C, 0xB4F2, 0xCDD6, 0xBD14, 0xE6DA, 0xB4F4, 0xCDD5, 0xAD32, 0xAD94, 0xC637,
	0xE69A, 0xDE79, 0xDE79, 0xDE38, 0xDE59, 0xDE79, 0xA4F1, 0xA4F0, 0x9CAF, 0x9C8E, 0x946E, 0x942D,
	0x8C2E, 0x7BCD, 0x9471, 0xCE17, 0xEE78, 0xF6FA, 0xEEBA, 0xD638, 0xD618, 0xDE9A, 0xF75C, 0xF6FA,
	0xEE58, 0xEF5C, 0xF79E, 0xF79E, 0xEF7D, 0xEF7D, 0xEF7D, 0xE71C, 0xD6BA, 0xDEBA, 0x9576, 0x632C,
	0x6268, 0x6289, 0x6289, 0x5A68, 0x49C4, 0x41A2, 0x4182, 0x5225, 0x83AB, 0xD613, 0x942B, 0x5A65,
	0x39A3, 0x3983, 0x3164, 0x7BAD, 0x944E, 0x8BA8, 0xA4AD, 0xEF7F, 0xF77A, 0xDE75, 0xBD76, 0xDDEF,
	0xE64F, 0xD5CE, 0xBD2D, 0xC54C, 0xCD6B, 0xD56B, 0xC50A, 0xDDCB, 0xDDCB, 0xD549, 0x94AF, 0x63D2,
	0x7BEF, 0xDEDA, 0xDEFB, 0xC616, 0xD638, 0xE67A, 0xE6BC, 0xDEBA, 0xE71C, 0xD6BB, 0xA512, 0xA4AE,
	0xA48E, 0x83CD, 0x62C8, 0x5A46, 0x5A87, 0xBD96, 0xFF9F, 0xCDD7, 0xACF2, 0xC5D7, 0xA490, 0xACB1,
	0xD639, 0xD659, 0x942F, 0x83AD, 0xD659, 0xE6DC, 0xBD34, 0xCE18, 0xC5B6, 0xC596, 0xDE79, 0xD639,
	0xE6BA, 0xE56E, 0xE699, 0xE679, 0xD5F6, 0xAC93, 0x8330, 0x93CE, 0x9B8A, 0x9369, 0xA40D, 0xA42D,
	0x9C0D, 0xB4F3, 0xE699, 0xAC93, 0xCDF6, 0xCE16, 0xBDD5, 0xC617, 0xD638, 0xCE17, 0xDE79, 0xDE79,
	0xE699, 0xDE79, 0x9CF2, 0x94B0, 0x844F, 0x7C0F, 0x7C2F, 0x73CE, 0x5B0C, 0x5B4C, 0x6B4D, 0xC5D7,
	0xDE99, 0xF5D5, 0xDDB5, 0xD5B5, 0xDDF6, 0xF616, 0xFDF5, 0xFD73, 0xED94, 0xEF7D, 0xF79E, 0xEF7D,
	0xEF7D, 0xEF7D, 0xEF5D, 0xDF1B, 0xCE59, 0xDEBA, 0x9D96, 0x738E, 0x5A68, 0x6289, 0x6289, 0x5A68,
	0x49E4, 0x41A2, 0x4182, 0x49C3, 0x62A7, 0xACAD, 0x83A9, 0x4A27, 0x39A5, 0x3983, 0x3984, 0x736B,
	0x9409, 0x93E8, 0x8BE9, 0xD655, 0xE611, 0xD5B4, 0xB4F2, 0xBD0F, 0xEE93, 0xDDEE, 0xCDB0, 0xCD8E,
	0xBCCA, 0xD58A, 0xEE2C, 0xB4C9, 0xA448, 0xDD89, 0x94AF, 0x6C13, 0x6B4B, 0xEF5A, 0xE719, 0xDEFA,
	0xDE79, 0xD618, 0xDE7B, 0xCE18, 0xE73C, 0xDEFB, 0xBD93, 0xDE32, 0xD678, 0xBD95, 0x9C0C, 0x49C4,
	0x51E3, 0xA4B2, 0xF77F, 0xD63A, 0xBD75, 0xCDF8, 0xACD2, 0xB4F3, 0xDEBC, 0xEF1E, 0x9493, 0x9451,
	0xD67B, 0xE6DD, 0xDEBC, 0xCDF8, 0xD618, 0xC5B6, 0xD618, 0xC5B7, 0xD617, 0xD4EB, 0xDE16, 0xDE17,
	0xDE38, 0x9BD1, 0x7A8E, 0xA42F, 0x9348, 0x9B47, 0xA40D, 0xACB0, 0x938A, 0xAC71, 0xCD96, 0xA451,
	0xD617, 0xDE78, 0xE699, 0xCE18, 0x9D15, 0x84D5, 0x84D4, 0x7CB4, 0x9D35, 0xA512, 0x844F, 0x8C90,
	0x73EE, 0x73CE, 0x73EF, 0x6B8D, 0x6BCD, 0x6BCD, 0x83EF, 0xCDF8, 0xD67A, 0xEEDA, 0xEE99, 0xF6DA,
	0xF71B, 0xEF1B, 0xF6FB, 0xF6FB, 0xEEDA, 0xEF5D, 0xEF9E, 0xEF7D, 0xEF5D, 0xEF5D, 0xE71C, 0xDEFB,
	0xBDF7, 0xC638, 0xADD7, 0xACF4, 0x5A68, 0x6289, 0x6289, 0x5A69, 0x49E5, 0x41A2, 0x41A3, 0x49E3,
	0x49C3, 0x6286, 0x5A45, 0x41C5, 0x39C6, 0x3962, 0x3962, 0x5224, 0x8367, 0x8BC9, 0x8BA8, 0xAC6B,
	0xCD93, 0xC551, 0xCD51, 0xAC6D, 0xDE35, 0xE651, 0xE650, 0xDE30, 0xEE4F, 0xEE4D, 0xE60C, 0xC52A,
	0xBCC9, 0xCD29, 0x94B0, 0x532F, 0x9491, 0xEF18, 0xE6DB, 0xDEBB, 0xD67B, 0xC5B6, 0xD659, 0xC615,
	0xEF5D, 0xD69A, 0xAD32, 0xACF0, 0x9CD4, 0xAC4C, 0xABA6, 0x8C0E, 0x3922, 0x940E, 0xDEBC, 0xBD55,
	0xC596, 0xDEBC, 0xA491, 0x940E, 0xC596, 0xCE19, 0xE6DC, 0xD659, 0xD67A, 0xB534, 0xDEBB, 0xDE9A,
	0xE69A, 0xDE7A, 0xE69B, 0xD639, 0xDE59, 0xCD93, 0xDE37, 0xE638, 0xCDB7, 0x7A6D, 0x724D, 0x9C2F,
	0x8B48, 0x9B68, 0xAC4D, 0xACD1, 0xB4F3, 0xA411, 0xC575, 0xAC71, 0xD616, 0xDE58, 0xE699, 0xD638,
	0x9D15, 0x7494, 0x7494, 0x7CD3, 0x8D13, 0x9D32, 0xB571, 0xAD71, 0xA50F, 0xA530, 0x9D10, 0x9D11,
	0x94B0, 0x6BAD, 0xACF3, 0xCDF7, 0xDE58, 0xEE58, 0xEE57, 0xEE78, 0xEE58, 0xEE17, 0xEE37, 0xF637,
	0xE5F6, 0xE616, 0xE5D5, 0xE594, 0xEDB5, 0xE71C, 0xDEFB, 0xDEDB, 0xCE39, 0xC5F7, 0xCE59, 0xCE19,
	0x62A9, 0x5A68, 0x5A68, 0x5A68, 0x6287, 0x5A44, 0x5203, 0x49C3, 0x5182, 0x61A2, 0x5A03, 0x5203,
	0x5245, 0x4A05, 0x3121, 0x41C3, 0x6264, 0x6AC5, 0x7B27, 0x836A, 0xD5F3, 0xCDB3, 0xD591, 0xAC0B,
	0xC510, 0xD614, 0xD5D1, 0xD5EE, 0xD5ED, 0xD5CE, 0xDDEE, 0xD610, 0xD5AD, 0xCD6B, 0x94D0, 0x6C33,
	0x9490, 0xE6D9, 0xD67B, 0xD65A, 0xDE9B, 0xE6BC, 0xEEB9, 0xEE94, 0xF79E, 0xEF7E, 0xD679, 0xACAF,
	0xA46D, 0xA44C, 0x9325, 0xAC8D, 0x3142, 0x72EA, 0xCDD6, 0x940E, 0xBD54, 0xDE9B, 0x9C0E, 0xB513,
	0xB534, 0xACB2, 0xC596, 0xBD54, 0xA4B1, 0xC5B6, 0xEEBA, 0xDE58, 0xD5F7, 0xDE38, 0xDE59, 0xD617,
	0xE678, 0xD5F5, 0x9D14, 0xD617, 0xBD15, 0x7AAE, 0x9BF1, 0x9B2C, 0x91C6, 0x9289, 0xB4F3, 0xA472,
	0xD658, 0x82CD, 0x82ED, 0xAC51, 0xD616, 0xD617, 0xD638, 0x84D4, 0x7473, 0x6C53, 0x6C73, 0x7493,
	0x7473, 0x7473, 0x7C72, 0x7C72, 0x7451, 0x84B1, 0x8CAF, 0x8C90, 0xDE58, 0xAD13, 0x8C51, 0xBDD7,
	0xD659, 0xDE37, 0xDE78, 0xDE79, 0xE658, 0xE658, 0xDE9A, 0xDE38, 0xDEBA, 0xDE99, 0xDE58, 0xE6BA,
	0xDE99, 0xDEFB, 0xDEDB, 0xCE79, 0xD67A, 0xD67A, 0xD69B, 0xDEBC, 0x734C, 0x5A68, 0x5A68, 0x838A,
	0x8B88, 0x5A24, 0x49C3, 0x49A3, 0x49A2, 0x5182, 0x59A2, 0x4A03, 0x5A44, 0x6AE7, 0x41A3, 0x41C3,
	0x5A44, 0x5A44, 0x6AE7, 0x7B29, 0xCD92, 0xE6D7, 0xC592, 0xA3EA, 0xAC4C, 0xCDB2, 0xCE14, 0xCDD2,
	0xD610, 0xD60F, 0xDE0E, 0xDE0D, 0xD5CE, 0xD5AE, 0x9D12, 0x63D2, 0xAD33, 0xEEF8, 0xCE5A, 0xD67A,
	0xD67A, 0xDE7B, 0xE677, 0xBD0E, 0xEF7D, 0xF7BF, 0xCE38, 0x9B65, 0xAC6B, 0x8B47, 0xA385, 0xC4CB,
	0x8326, 0x93AD, 0xC554, 0xAC70, 0xAC0F, 0xB4B2, 0x938C, 0xAC70, 0xA3EE, 0xABAD, 0xBC51, 0xA3EE,
	0x9B8C, 0xCD74, 0xDE37, 0xD5B5, 0xB3EE, 0xC574, 0xD617, 0xCD55, 0xC5B6, 0xC4CC, 0xA554, 0xDE58,
	0xC576, 0xBD14, 0xD5F7, 0x7B2C, 0x1000, 0x7A89, 0xD5F7, 0xBD76, 0xBD35, 0x69EA, 0x6169, 0x9BAE,
	0xDE57, 0xD5F6, 0xCE17, 0x94F4, 0x9CF4, 0x9D35, 0xAD76, 0xB5B7, 0xC639, 0xCE59, 0x8CD4, 0x7C72,
	0x6BEF, 0x638E, 0x638C, 0xAD32, 0xE69A, 0xBD97, 0xBDB7, 0xCE79, 0xEEFB, 0xE6BA, 0xE6BA, 0xDEDB,
	0xDE99, 0xE6DA, 0xEEDA, 0xE658, 0xE6DA, 0xEEFB, 0xEE99, 0xEE99, 0xEEDA, 0xEF7D, 0xE71C, 0xD69A,
	0xD67A, 0xE69B, 0xCE5A, 0xCE5B, 0x8BEF, 0x5A68, 0x838A, 0xA44B, 0x8B88, 0x5A44, 0x49C3, 0x4982,
	0x49A2, 0x5182, 0x59A2, 0x5204, 0x5224, 0x62A6, 0x5A65, 0x5203, 0x51E3, 0x5A24, 0x7B48, 0x8BCB,
	0xC591, 0xEF18, 0xD655, 0xB48D, 0xBD0F, 0xC593, 0xDE55, 0xDE35, 0xDE54, 0xE671, 0xEE8F, 0xF68E,
	0xEE70, 0xE60E, 0x94F3, 0x6C13, 0xAD54, 0xDEB8, 0xD659, 0xD67A, 0xCE5A, 0xBDB8, 0xCE19, 0xAD16,
	0xF79E, 0xEF5D, 0xC617, 0x9B64, 0xC487, 0xCC86, 0xDC82, 0xAB83, 0x9BA6, 0x9BCC, 0x936B, 0xA3AD,
	0xBCB2, 0x938C, 0xA3CD, 0xB450, 0x8AE9, 0xA42F, 0xC534, 0x9BAC, 0xA3CD, 0xA42F, 0xC575, 0xE65A,
	0xDE7B, 0xCDD7, 0xDDB8, 0xE65B, 0xDE59, 0xCD70, 0xE698, 0xE679, 0xCD33, 0x9C51, 0xB534, 0x9492,
	0x3A09, 0x4A6A, 0x83CF, 0xC575, 0x830E, 0x6A0B, 0x618A, 0xA410, 0xEED8, 0xEEB9, 0xD617, 0xC5B6,
	0xD617, 0xCE18, 0xD637, 0xCDD6, 0xAD33, 0xCDD5, 0xA553, 0x94F2, 0x94D0, 0x8C8F, 0x73EF, 0x8CD3,
	0xA514, 0xDE5A, 0xCE18, 0xD6DB, 0xEE99, 0xEE37, 0xE617, 0xEDF6, 0xDD94, 0xE5D5, 0xED73, 0xED73,
	0xED52, 0xF678, 0xFDF6, 0xF5B4, 0xEE37, 0xF73C, 0xEF3C, 0xE73C, 0xD67A, 0xE69C, 0xCE5B, 0xCE7B,
	0x9451, 0x72E8, 0x93C9, 0x8B68, 0x93C9, 0x72E6, 0x59E3, 0x41A2, 0x49A2, 0x51A2, 0x59A2, 0x5203,
	0x5204, 0x6285, 0x6286, 0x5224, 0x49C3, 0x6A86, 0x8BEB, 0x83AA, 0xACAE, 0xD614, 0xCDB2, 0xCD71,
	0xCD91, 0xCDB3, 0xCD92, 0xE695, 0xDE14, 0xCD91, 0xDE10, 0xDE74, 0xCDB2, 0xBD30, 0x84B3, 0x7C95,
	0xAD74, 0xEEF8, 0xEF18, 0xD679, 0xD659, 0xCE18, 0xC5B8, 0xB597, 0xF7BE, 0xDEBA, 0xBDD7, 0xCDB2,
	0xD54B, 0xCDB2, 0xA42C, 0x7A62, 0x9B65, 0x836A, 0x93CC, 0xA470, 0xACB1, 0x93ED, 0xB4F3, 0xACD2,
	0xBD34, 0xA491, 0x7B4B, 0x940F, 0xD639, 0xC596, 0xCDF8, 0xEF3E, 0xCDF7, 0xCDF8, 0xEF1E, 0xEF3E,
	0xDE78, 0xC552, 0xD617, 0xDE37, 0xA450, 0x8C0F, 0xDE58, 0xE699, 0xB534, 0x5249, 0x2967, 0x51A6,
	0xA3AE, 0x61AA, 0x618A, 0x9BAF, 0xDE36, 0xD617, 0xD658, 0xB575, 0xBD96, 0xC5D7, 0xCDF6, 0xAD30,
	0x6BAC, 0xA4F3, 0x9CF3, 0x94D1, 0x63AE, 0x5B4D, 0x846F, 0x534D, 0x8CD2, 0xB574, 0x840F, 0xDEFB,
	0xEF1C, 0xDEBA, 0xD6BA, 0xE6DB, 0xDEDA, 0xD6BA, 0xD699, 0xDE9A, 0xE71B, 0xEEFB, 0xEF1B, 0xE6BA,
	0xDF5D, 0xEE37, 0xEEDA, 0xDEFC, 0xD61A, 0xE65C, 0xBDD9, 0xBDFA, 0x9CB3, 0x8BA9, 0x7B06, 0x8327,
	0x8BA9, 0x8368, 0x5A03, 0x41A2, 0x4182, 0x4982, 0x5182, 0x51E3, 0x4A03, 0x5204, 0x5A44, 0x51E4,
	0x49C3, 0x8389, 0x9C4D, 0x8369, 0x93EB, 0xB4AD, 0xA42C, 0xC52F, 0xC510, 0xC552, 0xB48F, 0xCDD2,
	0xC571, 0xBCEE, 0xCD92, 0xC5B4, 0x738B, 0x62C8, 0x8CB2, 0x7432, 0xCE38, 0xE6B9, 0xDE76, 0xD655,
	0xC617, 0xA517, 0xCE39, 0xC5F7, 0xF79D, 0xD658, 0xC5D6, 0xEF7E, 0xD6DB, 0xD6DC, 0x9C4E, 0x8AA2,
	0x9325, 0x9BED, 0xACD2, 0x9C2F, 0xA450, 0xA470, 0x8BCC, 0xB513, 0xCDF8, 0x8BEE, 0x72EA, 0x7B29,
	0xBD54, 0xD67A, 0xCDF8, 0xE71E, 0xC5F7, 0xD63A, 0xEF3E, 0xC5B6, 0xBD96, 0xC5B5, 0xCE37, 0xD638,
	0xB534, 0xACF2, 0xB554, 0xA4F2, 0x52CA, 0x4A89, 0x10E5, 0x2104, 0x9BCF, 0x61CA, 0x6189, 0x938E,
	0xDE77, 0xBD94, 0xCE38, 0xB576, 0xBD96, 0x9D14, 0x84B4, 0xB590, 0xACF0, 0x8430, 0x73EF, 0x7C2F,
	0x5B4C, 0x5B8D, 0x84AF, 0x7C4E, 0x744E, 0x7C4E, 0x738D, 0xDEFC, 0xE617, 0xE5F6, 0xE5F6, 0xDCF1,
	0xE5F6, 0xDDF6, 0xDDB5, 0xDD74, 0xE5D5, 0xE678, 0xDDB5, 0xECD0, 0xF552, 0xF511, 0xEDF6, 0xD69B,
	0xD5FB, 0xD67B, 0xBDF9, 0xB599, 0xCE18, 0xA42B, 0x8B68, 0x8B88, 0x8347, 0x7B06, 0x5203, 0x3941,
	0x3961, 0x4161, 0x59A2, 0x6AA5, 0x5203, 0x41C2, 0x5A44, 0x51E3, 0x51C4, 0x7AC8, 0x8BAA, 0x8BCA,
	0x940B, 0xCD90, 0xBD0F, 0xA3CA, 0xB4CE, 0xBD0F, 0xB48D, 0xB44C, 0xBCEE, 0xA42C, 0x940E, 0x7B6B,
	0x39C5, 0x39C5, 0x6B6C, 0x94B3, 0xDE9A, 0xEEF8, 0xDE56, 0xA515, 0x73D6, 0xA579, 0xC5F7, 0xB555,
	0xFFFF, 0xEF5D, 0xBDD6, 0xC618, 0xA4F3, 0xB574, 0x8349, 0x7264, 0x8B26, 0xACB1, 0xC514, 0xAC50,
	0xC555, 0xBCF3, 0xAC30, 0xD5B8, 0xCD14, 0x936B, 0x8B29, 0x8B4A, 0x938C, 0xBD14, 0xE619, 0xC534,
	0xBCD2, 0xCD76, 0xBCD3, 0xB4F2, 0xB556, 0xA534, 0xD657, 0xDE79, 0xD5F6, 0xAD12, 0x8C4F, 0x5289,
	0x6B2B, 0x734B, 0x5289, 0x5AAA, 0xCD74, 0x6A0B, 0x5949, 0x8B2C, 0xDE36, 0xBD74, 0xA534, 0x9D15,
	0xAD55, 0x84B4, 0x6C33, 0xAD72, 0xB52D, 0x840B, 0x742E, 0x7BEE, 0x944E, 0x6BEB, 0x73EB, 0x73ED,
	0x9C0D, 0x5B2B, 0x73AE, 0xDF1C, 0xEE37, 0xDD12, 0xD553, 0xD5B5, 0xD553, 0xDD12, 0xDD12, 0xCD53,
	0xDD33, 0xDE17, 0xE573, 0xFD93, 0xF594, 0xF5D5, 0xE5F6, 0xD6BC, 0xD65B, 0xD67B, 0xCE5B, 0xC61A,
	0xDE9A, 0xACAD, 0x93C9, 0x8B68, 0x8327, 0x7B06, 0x6244, 0x4182, 0x3941, 0x4961, 0x72C6, 0x7B68,
	0x5A44, 0x5203, 0x6264, 0x51E3, 0x5A05, 0x6A47, 0x72A7, 0x6AC6, 0x72E7, 0xA40B, 0xABCB, 0x9368,
	0xA3CA, 0x9BCB, 0xA3CB, 0xABEB, 0xA42B, 0x942E, 0x52A9, 0x6B4C, 0x634C, 0x4A68, 0x5B0C, 0x8CB4,
	0xE6D9, 0xF718, 0xBDD7, 0x73F7, 0x73F6, 0xCE9D, 0xE6FB, 0xC5F5, 0xEF3C, 0xEF3C, 0xB5B7, 0x94B4,
	0xAD12, 0xACCF, 0x8BCD, 0x8B47, 0xAC4A, 0xAC90, 0xA38C, 0xAC30, 0xB3EE, 0xA36C, 0xABEF, 0xC4F4,
	0xAC0F, 0xA3CD, 0x9309, 0xCCF4, 0xD4B3, 0xA2A9, 0xB3AD, 0xCB6E, 0xB34C, 0xAB6C, 0xA2EA, 0xDE39,
	0xA556, 0x4B4E, 0xAD95, 0xE679, 0xD617, 0xC594, 0xCDB4, 0xB44D, 0x93AB, 0xBBCB, 0x6A46, 0x9491,
	0xD532, 0x69A9, 0x596A, 0x8B0A, 0xDE77, 0xD617, 0x94B1, 0xA535, 0x8CD4, 0x6C53, 0x6433, 0x7C93,
	0xA54F, 0xA4AC, 0x9C2D, 0xA3CD, 0xB42E, 0xBC8F, 0xABCC, 0xABAC, 0xB36B, 0x6AC9, 0x630B, 0xD6DB,
	0xDEFB, 0xDF1C, 0xE73C, 0xE73C, 0xD6FB, 0xD6FB, 0xD6FB, 0xC69A, 0xCEBA, 0xD6DA, 0xEF7D, 0xEFBE,
	0xEFBE, 0xEF9E, 0xDEFC, 0xD63A, 0xD65A, 0xD69B, 0xCE3A, 0xC619, 0xD67A, 0xB4EF, 0x9BE9, 0x8B88,
	0x8327, 0x7AE6, 0x72C5, 0x6244, 0x49A2, 0x5A24, 0x83A9, 0x72E6, 0x49C2, 0x49E3, 0x6AC5, 0x6A86,
	0x6A26, 0x6226, 0x6205, 0x59E5, 0x6224, 0x8B47, 0x9B6A, 0x8287, 0x8286, 0x9308, 0xA34A, 0x830B,
	0x734B, 0x73AD, 0x5B0B, 0x4A68, 0x52CA, 0x634D, 0x6BAF, 0xB5B8, 0xDEBB, 0xDE7A, 0xBDD9, 0x7C17,
	0x6BD6, 0xD69B, 0xFF99, 0xCDF4, 0xCE17, 0xB552, 0xB572, 0xACD0, 0x8B69, 0x72A7, 0x9C0B, 0x92C2,
	0x9C0A, 0xCDF7, 0xA40F, 0x82E9, 0xB3AD, 0xAB6D, 0xABCE, 0xAC70, 0xA42F, 0xBC71, 0xB3CE, 0xBC91,
	0xC491, 0xBB2B, 0xCC31, 0xD3F0, 0xC3CF, 0xB3EE, 0xBB8D, 0xDD35, 0xAD57, 0x4BD2, 0x9D14, 0xDE38,
	0xD659, 0xC531, 0xC4B0, 0xBB48, 0xB42B, 0xB3AA, 0x836A, 0xBDB4, 0xBCD1, 0x6A09, 0x61AA, 0x938C,
	0xE678, 0xDE78, 0x94D0, 0x7C94, 0x7473, 0x7473, 0x6C53, 0x8493, 0x7453, 0x9C8F, 0xABEB, 0x9BA8,
	0x9C29, 0xA389, 0xA2A8, 0xB2E9, 0x9368, 0x8AC7, 0x6AEB, 0xDEFB, 0xEF7D, 0xDEFB, 0xDEDB, 0xEF7D,
	0xDEFB, 0xDEFB, 0xDF1C, 0xD6DB, 0xDEFB, 0xF79E, 0xF7BE, 0xD69A, 0xE73C, 0xEF5D, 0xDE9A, 0xDE7A,
	0xD67B, 0xD69B, 0xD67B, 0xCE3A, 0xCE5B, 0xA46E, 0x9BE9, 0x9BEA, 0x8B88, 0x8B68, 0x7AE6, 0x5205,
	0x49E4, 0x49C4, 0x5225, 0x5A24, 0x49C2, 0x5A44, 0x72E6, 0x82E8, 0x6A26, 0x6205, 0x7286, 0x72A6,
	0x6A85, 0xB46B, 0xCCED, 0x9B49, 0x8AC8, 0x8AA9, 0x9B4A, 0x51E5, 0x41C5, 0x4A47, 0x4A89, 0x4268,
	0x4227, 0x52CA, 0x7C10, 0xB5B8, 0xAD12, 0xE6F9, 0x9CF7, 0x8456, 0x7C37, 0xA537, 0xD657, 0xB552,
	0xCE17, 0xACEF, 0xD613, 0x8B8A, 0x82E5, 0x9BA8, 0xABC5, 0x8282, 0x93CA, 0xB471, 0xA3CE, 0x7B29,
	0x9BCD, 0xAC0F, 0xAC30, 0xC575, 0xA40E, 0xB491, 0xBCF3, 0xBCF3, 0xAC50, 0xC472, 0xB491, 0xAC50,
	0xBCD3, 0xD5B7, 0xCDF8, 0xE6DD, 0xB5D8, 0x4B0D, 0x9471, 0xDE59, 0xDE79, 0xC552, 0xCD73, 0xBC0C,
	0xB4CE, 0x842E, 0x9CD1, 0xDE57, 0xACF2, 0x630B, 0x61CA, 0xA40E, 0xDE57, 0xB553, 0xA4F1, 0x7C30,
	0x84B3, 0x9CF4, 0x6C33, 0x8CD4, 0x8494, 0x8B8E, 0xBC4D, 0xB46B, 0x83C7, 0x6B26, 0x5AC6, 0x8A87,
	0x5AA4, 0x5A64, 0x7B2C, 0xD6BA, 0xC638, 0x632C, 0x6B4D, 0xBE17, 0xAD96, 0xAD96, 0xAD95, 0xA554,
	0xA554, 0x9CF2, 0xE73C, 0xE73C, 0xCE59, 0xE71C, 0xD67A, 0xE6BC, 0xDEBC, 0xE6DC, 0xDEDC, 0xCE5B,
	0xD69C, 0x9C4F, 0x9BC8, 0x9C0A, 0x9BE9, 0x7B28, 0x6267, 0x5A47, 0x6267, 0x5A67, 0x5246, 0x3982,
	0x5224, 0x72E5, 0x6AA5, 0x72C6, 0x51C3, 0x51E3, 0x6265, 0x72A5, 0x6A85, 0x9BC9, 0xBC8C, 0xB40B,
	0xB46C, 0xABEC, 0x8AEA, 0x39A4, 0x41C4, 0x39A5, 0x31A5, 0x4A68, 0x4248, 0x4A69, 0x8CB3, 0xAD35,
	0xAD11, 0xFF99, 0xD634, 0xCDF4, 0xE6F8, 0xBDB7, 0xBD96, 0xCE16, 0xC5D5, 0xACEF, 0xC5D3, 0x8B69,
	0x8B05, 0xAC4A, 0x9B45, 0x7AC5, 0x7B49, 0x8BCE, 0xA490, 0x9C2E, 0x938C, 0x9B4B, 0x8B09, 0xAC2F,
	0x93EE, 0x8B2A, 0xA32B, 0xBBAE, 0xA32B, 0xBB0C, 0xBB2C, 0xBBAE, 0xD556, 0xDE38, 0xDE9A, 0xDEDD,
	0xD5F5, 0xB3A5, 0xA42D, 0xD659, 0xDE59, 0xD636, 0xCDD3, 0xB551, 0xAD30, 0x9CAF, 0xC572, 0xE699,
	0xCDF6, 0x7B2C, 0x6189, 0xA40D, 0xDE57, 0xB533, 0xA4D1, 0x8C4C, 0xCE58, 0xBD75, 0x8CB3, 0xA554,
	0x8C70, 0x93CA, 0x93CA, 0x9BA8, 0x7B88, 0x73CB, 0x842C, 0x940B, 0x6B49, 0x31C3, 0x7B8D, 0xDE9B,
	0xA4F3, 0x6B6D, 0x8C92, 0x530C, 0x9AEA, 0x7AAA, 0x9C68, 0x9BE8, 0x6405, 0x6400, 0x8C32, 0xF7BE,
	0xC638, 0xCE9A, 0xDE9B, 0xE6FC, 0xEEFD, 0xE6FC, 0xDEBC, 0xCE5A, 0xD67B, 0x942F, 0x9388, 0x9369,
	0x8B88, 0x5A25, 0x5A26, 0x5A46, 0x6288, 0x6AEA, 0x6AE9, 0x3984, 0x5224, 0x6264, 0x5203, 0x5203,
	0x4182, 0x4181, 0x4182, 0x49A2, 0x51C2, 0x6A65, 0x7AC6, 0x7AA6, 0x82E7, 0xAC2C, 0x8B8B, 0x4206,
	0x4A89, 0x4227, 0x31C5, 0x3A07, 0x5AEB, 0x8431, 0x94F4, 0xBDB7, 0xBD94, 0xFF99, 0xFF98, 0xFF98,
	0xFFB9, 0xE6D7, 0xDE58, 0xDEBA, 0xBD52, 0xCDD2, 0xBD92, 0x8B06, 0x9347, 0xCE35, 0x72E8, 0x82C4,
	0x93EB, 0x72E9, 0x9C6E, 0xBD74, 0x9BEE, 0xA38D, 0x9AC9, 0xA44F, 0x83AB, 0x8AA8, 0x9A67, 0xB28A,
	0xAAC9, 0x9B0A, 0xCB0C, 0xC34D, 0xCD76, 0xC595, 0xC5D6, 0xD65B, 0xC5B4, 0xD466, 0xD571, 0xDE59,
	0xD618, 0xBD53, 0xB532, 0xAD51, 0xAD30, 0xC593, 0xCD73, 0xE679, 0xD594, 0x832A, 0x4948, 0x834A,
	0xD637, 0xD5F7, 0xC590, 0xD5AD, 0xC54F, 0xDDD2, 0xCD6F, 0xDDAC, 0xEDAB, 0xC4A8, 0x93E7, 0x7346,
	0x840A, 0x842C, 0xB570, 0xBDB1, 0xC5D1, 0x7389, 0x73AE, 0xD65B, 0xC639, 0x7C11, 0x52AB, 0x636E,
	0x8B2B, 0x8BAE, 0x948E, 0x942D, 0x740B, 0x6BC6, 0xB597, 0xDF1B, 0xDEDB, 0xBDF7, 0xDEBB, 0xE6BC,
	0xE6BB, 0xDE9B, 0xDE7A, 0xDE5A, 0xDE7B, 0x9472, 0x9B6A, 0x7A86, 0x5A68, 0x6265, 0x5A05, 0x5A05,
	0x6287, 0x6AE9, 0x5206, 0x41A3, 0x49A3, 0x4183, 0x51A2, 0x49A2, 0x49A2, 0x4182, 0x4182, 0x49A2,
	0x51E3, 0x5A03, 0x5A04, 0x51E3, 0x51C3, 0x6204, 0x4A05, 0x3A06, 0x6B4C, 0x636D, 0x2984, 0x2143,
	0x4248, 0x8CB3, 0x94F4, 0xAD56, 0xCE16, 0xCE34, 0xC5F3, 0xC5F4, 0xB572, 0xCE17, 0xBD96, 0xC5D6,
	0x5268, 0x7B8A, 0xA48D, 0xB383, 0xC50D, 0xEF38, 0x9368, 0x82A3, 0x7264, 0xA490, 0xA4B0, 0xACF1,
	0x8B8C, 0x9268, 0xBB6E, 0xA4B0, 0xA490, 0xC514, 0x9AC9, 0xA32B, 0xD3F0, 0xCC31, 0xDCB3, 0xB36D,
	0xABCE, 0xC5D7, 0xBDD8, 0xCE5A, 0x7BF1, 0x7AE6, 0xDE14, 0xC5B5, 0xD638, 0xC5B6, 0xAD33, 0xA4F2,
	0x840D, 0xB553, 0xDE36, 0xBD53, 0x9C8F, 0xACED, 0x7369, 0x7B8D, 0xD617, 0xD637, 0x9C8C, 0x8B49,
	0x83A9, 0x8C70, 0x7BA9, 0x6BAA, 0x5AA8, 0x72C8, 0x834A, 0x72E5, 0x7C0B, 0x948A, 0xBD07, 0xB4A6,
	0x946C, 0xACED, 0x9471, 0xC61A, 0xD69B, 0x94F5, 0x6B6E, 0xEF5D, 0xD6FC, 0xCEBA, 0xC659, 0xBE39,
	0xE6FC, 0xD69B, 0xDEFB, 0xD6BA, 0xDF1C, 0xCE3A, 0xCE19, 0xE6DC, 0xE6BC, 0xE6DC, 0xE6BC, 0xDE7B,
	0xDE9B, 0xCE18, 0xC512, 0x938C, 0x4A29, 0x5228, 0x6AA7, 0x5A89, 0x7309, 0x6AE8, 0x5A46, 0x49E4,
	0x4183, 0x41C5, 0x8245, 0x61A2, 0x41A2, 0x49A2, 0x4982, 0x49C2, 0x5A24, 0x5A03, 0x59E3, 0x59E3,
	0x5A04, 0x5A24, 0x3983, 0x2964, 0x3A06, 0x31C5, 0x2984, 0x31A5, 0x6B6D, 0x94D4, 0xA556, 0xCE5A,
	0xB552, 0xDEB5, 0xC5F3, 0xAD32, 0x3144, 0xA4D0, 0x8BED, 0xBDB5, 0x5AAA, 0x0000, 0x6244, 0x9B24,
	0xBD0F, 0xDE74, 0x93EB, 0x8AA3, 0xA42C, 0xD679, 0xBD73, 0x9C6F, 0x9C92, 0xA450, 0xBD54, 0xA46F,
	0x93CC, 0xA470, 0xB4D2, 0xACD1, 0xB534, 0xE69C, 0xFF9F, 0xF75E, 0xDEBB, 0xDE9B, 0xC5D7, 0xCE7B,
	0x736E, 0x82C2, 0xD5F4, 0xD638, 0xDE38, 0xDE58, 0xD637, 0xA534, 0x4AAA, 0x946E, 0xD655, 0x8C4D,
	0x630A, 0x7329, 0x734B, 0xBD33, 0xD617, 0xD617, 0xAD10, 0x93EA, 0x73CE, 0x740D, 0x946A, 0x7BE7,
	0x73A9, 0x6329, 0x8BC7, 0xCD42, 0xBD45, 0xCD23, 0xE541, 0xBC63, 0x5284, 0x6B68, 0x9CB2, 0xC61A,
	0xDEBC, 0x94D4, 0x7C10, 0x94F4, 0x8492, 0x8472, 0x8472, 0x7C31, 0x7C71, 0x7410, 0x8CF3, 0xCEBB,
	0xDEFC, 0xC63A, 0xC5F9, 0xE6DC, 0xE6DC, 0xE6DC, 0xE6BC, 0xDE7B, 0xDE9B, 0xDE7A, 0xD5D6, 0xA470,
	0x62CB, 0x524A, 0x424B, 0x946F, 0xACD0, 0xA46E, 0x62A8, 0x49E7, 0x49C6, 0x4208, 0x8265, 0x69E2,
	0x49A2, 0x4182, 0x49A2, 0x4182, 0x49A2, 0x6244, 0x6A86, 0x6266, 0x6287, 0x6265, 0x3963, 0x20E1,
	0x18E2, 0x2984, 0x39C5, 0x41E6, 0x738D, 0x9515, 0x94D4, 0xB535, 0xCE17, 0xEEF9, 0xE6B8, 0xE6B9,
	0xD638, 0xD638, 0x8C10, 0xB5B6, 0x630C, 0x0000, 0x7AC8, 0x7286, 0x5A24, 0x93E9, 0xBC05, 0xDD08,
	0xD658, 0xB42F, 0xAC0E, 0x8BCC, 0x9450, 0xB534, 0xCDD6, 0xCDF6, 0xAD12, 0xACD2, 0x8BCE, 0x6B0F,
	0xACF3, 0x9C93, 0x9CF8, 0x7BD5, 0xA4D5, 0x9474, 0x7350, 0x9495, 0xB4CE, 0xA322, 0x9BCA, 0xDE9A,
	0xD617, 0xCE17, 0xD639, 0x52CB, 0x6B6C, 0xB572, 0xCE34, 0x842D, 0x738C, 0x732B, 0xB532, 0xB514,
	0xC5B5, 0xD5B3, 0xACF0, 0xBD2A, 0x9C6A, 0x5AC8, 0x7BAC, 0x52A8, 0x73AA, 0x7345, 0xEE04, 0x83A2,
	0xAC41, 0x93A3, 0x8B62, 0x7AC2, 0x7B45, 0x6306, 0x8C50, 0xBDF9, 0xE6DC, 0x8C93, 0x42AB, 0x6BD0,
	0x5B4D, 0x638F, 0x7C51, 0x5B4D, 0x6BCF, 0x532D, 0x8472, 0xD6FC, 0xCE7B, 0xCE5B, 0xD67A, 0xE6DC,
	0xE6DC, 0xE6DC, 0xE6BC, 0xDE7A, 0xDE7B, 0xDE7A, 0xDE38, 0xACB2, 0xA514, 0x73B0, 0x5B2F, 0xCDF7,
	0xD616, 0xCDB4, 0x5AAC, 0x41E9, 0x422A, 0x3A4C, 0x92A7, 0x7A24, 0x5A04, 0x51C3, 0x51C3, 0x51C3,
	0x4982, 0x6204, 0x8B09, 0x932B, 0x9BCD, 0x8B4A, 0x41A3, 0x3162, 0x39C5, 0x3A07, 0x3184, 0x2900,
	0x5268, 0x94D4, 0xAD55, 0xC597, 0xDE9B, 0xD617, 0xD637, 0xC5F8, 0xEEDB, 0xC595, 0x5A46, 0xAD54,
	0xC619, 0x6266, 0x82C4, 0x9B44, 0xA341, 0xAB82, 0x92C1, 0xC530, 0xAC30, 0x9881, 0xB1E6, 0x7B6A,
	0xA4B1, 0xBD74, 0xC5B5, 0xC5D5, 0xB532, 0x4A70, 0x31AE, 0x10AC, 0x9C97, 0x7392, 0x526F, 0x31AF,
	0x5271, 0x52B0, 0x5AD0, 0xA516, 0xA46F, 0x8A00, 0x9BCC, 0xD67A, 0xBDB6, 0xCDD7, 0xCE18, 0x31C8,
	0x4207, 0x7BCD, 0xB593, 0x634B, 0x6AE8, 0x8348, 0xA44D, 0x9C31, 0xBD12, 0xE636, 0xB50F, 0xCD8D,
	0x8C2C, 0x4224, 0x8387, 0x52A5, 0x7347, 0x7B62, 0xFDE3, 0xB4A5, 0xAC83, 0x9344, 0x72A5, 0x59E2,
	0x8385, 0x5AE4, 0x73CE, 0xC5F9, 0xDEDC, 0xC638, 0xAD75, 0xE73D, 0xC639, 0xC639, 0xB5D7, 0xAD96,
	0xBDF7, 0xD6DB, 0xDF1C, 0xDEDC, 0xCE5A, 0xDE9B, 0xDE9B, 0xE6DC, 0xE6DC, 0xE6BC, 0xE6BC, 0xDE7A,
	0xDE7A, 0xDE7A, 0xDE59, 0x9CB3, 0xCE5A, 0xA556, 0x52CD, 0x8BCE, 0xC593, 0xD5F5, 0x5B0E, 0x39E9,
	0x4A2A, 0x426C, 0x72A9, 0x7A66, 0x6A25, 0x6A04, 0x61E4, 0x51C3, 0x51A3, 0x51A3, 0x59E4, 0x7A69,
	0x934C, 0x8AEA, 0x832B, 0x82EA, 0x730B, 0x73CF, 0x736D, 0x49C4, 0x7BAE, 0xB5B8, 0xD69B, 0xE6DC,
	0xD67A, 0xDE79, 0xD638, 0xE6BB, 0x83AF, 0xA4AF, 0xFF97, 0xF77C, 0xDEDD, 0xE5F3, 0xA343, 0xBBC3,
	0xB3A2, 0xDC63, 0x9B44, 0xB533, 0x9986, 0xB8E3, 0xDCD2, 0xA4D1, 0xC5D6, 0xDEBA, 0xD658, 0xACD1,
	0x9C4E, 0x7370, 0x7BD4, 0x298E, 0xCE1A, 0x4A70, 0x7350, 0xC61B, 0x5B15, 0xB599, 0xA516, 0xB5B8,
	0xACCF, 0x7A82, 0x7AA4, 0xB4D0, 0xDE79, 0xCDD7, 0xE69A, 0x83CC, 0x51C2, 0x51E3, 0x6286, 0x5204,
	0x8308, 0x9B69, 0x8B69, 0x942F, 0xC575, 0xE656, 0xB510, 0xBCCB, 0x946C, 0x6306, 0xAC68, 0x62E5,
	0xA468, 0x9BC2, 0xCC83, 0x8326, 0x8B03, 0x9B84, 0x72A5, 0x3982, 0x6348, 0x7387, 0x738D, 0xC61A,
	0xEF7E, 0xC67A, 0xB5B6, 0xF7DF, 0xCE5A, 0xBDD7, 0xC638, 0xB5D7, 0xAD96, 0xB5D7, 0xDEDC, 0xDEBB,
	0xDE9B, 0xDE9B, 0xD67A, 0xDEBB, 0xE6BC, 0xDE9B, 0xDE9B, 0xD65A, 0xDE59, 0xDE7A, 0xDE7A, 0xA515,
	0xA536, 0xCE39, 0x632E, 0x5AAB, 0xACD0, 0xBD52, 0x5AEE, 0x41E8, 0x4A08, 0x4A8C, 0x3A0A, 0x6205,
	0x6A04, 0x6204, 0x6A06, 0x4983, 0x4162, 0x4182, 0x4162, 0x51A4, 0x6227, 0x6206, 0x6247, 0x6A69,
	0x9C93, 0x9CF4, 0x8C31, 0x7B2C, 0xB597, 0xCE5A, 0xB597, 0xC5D9, 0xD65A, 0xD659, 0xDE9A, 0x732C,
	0x62C8, 0xF64E, 0xEE93, 0xEF5C, 0xE71D, 0xDE7A, 0xA44F, 0xA384, 0xAB83, 0x8AE5, 0xC4CB, 0xBC70,
	0x80A1, 0xB185, 0xEE38, 0xDEDA, 0xDE99, 0xEF7D, 0xCD95, 0xC5D5, 0xE6FB, 0xE6FB, 0xA4D4, 0x18A9,
	0x7BB2, 0x4A70, 0x526E, 0xAD5A, 0x6B55, 0x8C54, 0xDE79, 0xADB9, 0x9BEC, 0x92A2, 0x7A02, 0x7AA5,
	0xCE17, 0xDE78, 0xD638, 0xB50E, 0xA404, 0xA447, 0xA469, 0x8B85, 0xBD32, 0xB513, 0x59E5, 0x4208,
	0xBD54, 0xDE15, 0xBD33, 0x8BA7, 0x8BE7, 0x8BE7, 0xBD2B, 0xB4EB, 0xBD2B, 0xAC05, 0xB384, 0xB428,
	0x8A84, 0x6A24, 0x7B07, 0x5266, 0x52E7, 0x62A5, 0x734C, 0x9D15, 0xDEDC, 0xBDF9, 0xB5D8, 0xEF7E,
	0xBE18, 0xBE39, 0xC639, 0xB5D8, 0xA555, 0xC5F8, 0xD65A, 0xDE7B, 0xD67B, 0xDEBB, 0xDE9B, 0xDE7B,
	0xDE9B, 0xDE7B, 0xDE9B, 0xD65A, 0xDE5A, 0xDE5A, 0xDE7A, 0x7BF1, 0x6B90, 0xDEDC, 0x9CF5, 0x6B6F,
	0x7BAF, 0xBD33, 0x632E, 0x4209, 0x4A29, 0x422B, 0x422A, 0x6A26, 0x7225, 0x6A05, 0x59C5, 0x51A5,
	0x51A4, 0x4162, 0x4162, 0x4983, 0x4984, 0x51A4, 0x4143, 0x734D, 0xA4F4, 0x9CB3, 0x83F0, 0x7B6E,
	0xC5F9, 0xDEBC, 0xBDB7, 0xB576, 0xDE9B, 0xD67A, 0xD639, 0xBCCC, 0xCD2D, 0xE460, 0xDD2A, 0xF77C,
	0xF7BF, 0xEF1C, 0xD5D7, 0xB512, 0x938A, 0x8B05, 0xA36C, 0xC0C2, 0x9081, 0xB0E3, 0xD450, 0xC658,
	0xBD94, 0xBD53, 0xBB8D, 0xD534, 0xF7BE, 0xCE7A, 0x9476, 0x216F, 0x10ED, 0x212E, 0xAD79, 0x5B14,
	0xCE3A, 0xC596, 0xC5B8, 0xC61A, 0xA44F, 0x71E2, 0x82A2, 0x82E5, 0x9369, 0x6B4B, 0x8410, 0xA48C,
	0xAC8A, 0xACEE, 0xA46B, 0x8304, 0xC594, 0x830A, 0x5983, 0x10A3, 0x7BEE, 0xE698, 0xD659, 0x9C8D,
	0x9449, 0xACEC, 0xACED, 0xB52D, 0x9C8D, 0xA46A, 0x9B84, 0xAB87, 0x7203, 0x7B49, 0xAC0A, 0x6A46,
	0x5A87, 0x4A05, 0x6B6C, 0x8C52, 0xC5D8, 0xC63A, 0xB619, 0xD6FC, 0xBE18, 0xC67A, 0xC65A, 0xCE59,
	0xCE3A, 0xDEDC, 0xD67A, 0xD67A, 0xDE9B, 0xDE9B, 0xD65A, 0xDE7B, 0xDE7B, 0xDE7B, 0xDE9B, 0xDE9B,
	0xDE9B, 0xD65A, 0xCE18, 0x8431, 0x428D, 0xB597, 0x94B3, 0x4A8B, 0x4A6B, 0x8BEF, 0x5ACB, 0x4A4A,
	0x4A6A, 0x424B, 0x424A, 0x7269, 0x6A05, 0x51A3, 0x59E5, 0x59C6, 0x51C5, 0x4983, 0x4162, 0x51A3,
	0x3922, 0x7AA9, 0x93F0, 0xAD35, 0xBDF8, 0xA515, 0x9452, 0x83F0, 0xBDF9, 0xD69B, 0xDEDC, 0xD69B,
	0xD67B, 0xDE7A, 0xDE9B, 0xE6DB, 0xB4CE, 0xC3E2, 0xB4AD, 0xE71B, 0x73AF, 0xDEDB, 0xDE59, 0xB555,
	0xB3A4, 0xE548, 0xB2AA, 0x9800, 0x6061, 0xA000, 0xC2CA, 0xBBAD, 0xCC91, 0xBA07, 0xB000, 0xDB0C,
	0xACF3, 0x8C30, 0x9CD7, 0x4AB5, 0x10F0, 0x4253, 0xCE5D, 0x6357, 0x6B54, 0x8415, 0xAD16, 0xBDDA,
	0xAC8E, 0x6A24, 0x7A64, 0x7263, 0x8AC2, 0x41C6, 0x8C91, 0xA469, 0xAC8A, 0xC5B3, 0xB4EE, 0xB4ED,
	0x83AD, 0x5962, 0x7265, 0x3186, 0x840E, 0xC550, 0xBD94, 0xCDF5, 0xB52F, 0xACCB, 0xB52D, 0x83E9,
	0xA48B, 0xA4AE, 0x6AC4, 0x72E6, 0x62A7, 0x7B2A, 0x8309, 0x6B4B, 0x9471, 0x8C50, 0x8430, 0xAD36,
	0xC5F9, 0xC65A, 0xB5F8, 0xD6DB, 0x9D14, 0xAD97, 0x9CD3, 0xCE39, 0xDE7B, 0xD65A, 0xD67A, 0xD67A,
	0xD67A, 0xD67A, 0xCE3A, 0xD65A, 0xD65A, 0xD65A, 0xDE7B, 0xDE9B, 0xDE7B, 0xD65A, 0xD659, 0x8431,
	0x424C, 0x8C73, 0x8C72, 0x4A8B, 0x424B, 0x4209, 0x4A29, 0x4A49, 0x4A4A, 0x3A2B, 0x3A2B, 0x7A8A,
	0x7A48, 0x59C4, 0x61E5, 0x6A68, 0x6207, 0x59C6, 0x59C6, 0x51A5, 0x5A68, 0x9452, 0xAD35, 0xBDB7,
	0x9C92, 0x7B4D, 0x6A8A, 0x5ACA, 0xB5B7, 0xD69B, 0xD67A, 0xCE3A, 0xD67A, 0xD659, 0xDE9B, 0xDE9B,
	0xDEBC, 0xDD6C, 0xAC08, 0xC5F7, 0x3186, 0xDEBB, 0xE73D, 0xDEDB, 0xB48C, 0xC5F6, 0x3125, 0x0800,
	0x0041, 0x2020, 0x72A9, 0x6123, 0x38E3, 0x5000, 0x5800, 0x50A2, 0x30E2, 0x634F, 0x5AB0, 0x008D,
	0x1931, 0x6396, 0x190F, 0x214F, 0x002E, 0x8C35, 0xEEFA, 0xCE5A, 0x8B8A, 0x82E4, 0xA3C5, 0x7AA3,
	0x6A03, 0x3A07, 0x638E, 0x83CA, 0xA469, 0xACAA, 0xB50F, 0xBD52, 0x4A89, 0x2945, 0x2945, 0x39C8,
	0x8C2E, 0xBD2F, 0x944E, 0x9C4B, 0xAC8A, 0xC4E8, 0xB486, 0x7B88, 0xB50C, 0xAD32, 0x93C9, 0x72C8,
	0xAD33, 0x8C2F, 0x83EE, 0x9C91, 0x9471, 0x8C71, 0xBD96, 0x8C73, 0x8411, 0x8452, 0x8472, 0x9CF4,
	0xA535, 0x8C72, 0x9472, 0xD65A, 0xD63A, 0xCE19, 0xD639, 0xD65A, 0xD659, 0xCE19, 0xCE39, 0xDE7B,
	0xDE7A, 0xDE7B, 0xDE7A, 0xDE7B, 0xDE9B, 0xDE7A, 0xDE9A, 0xBD96, 0x5AEE, 0x73B1, 0xC5F8, 0xB596,
	0xB575, 0x6B6E, 0x4229, 0x5268, 0x5269, 0x528C, 0x3A0A, 0x7A8A, 0x6A07, 0x61E6, 0x59C6, 0x72CA,
	0x7B6D, 0x732C, 0x8B6D, 0x59A6, 0x630C, 0x9C51, 0xCDB7, 0xD619, 0xB535, 0xA471, 0xBD35, 0xAD35,
	0xBDD7, 0xD67B, 0xCE5A, 0xD65A, 0xD69B, 0xD67A, 0xD638, 0xBD96, 0xBD10, 0xB429, 0xC467, 0xAD33,
	0x5249, 0xF77D, 0xF79E, 0xDEDB, 0xCE5A, 0xAD76, 0x0000, 0x0000, 0x0840, 0x1060, 0x20C1, 0x0020,
	0x0000, 0x0000, 0x0000, 0x0000, 0x18C2, 0x8412, 0x8437, 0x6353, 0x73B7, 0x94B9, 0x4274, 0x5B12,
	0x6B73, 0xDE59, 0xBDD9, 0xAD58, 0x7B6C, 0xB4AA, 0xC52C, 0x8349, 0x730A, 0x5B2D, 0x31E8, 0x2147,
	0x2188, 0x426A, 0x632C, 0x630D, 0x2167, 0x0884, 0x10A4, 0x1905, 0x6B4B, 0xB50F, 0x6B27, 0x9C28,
	0xAC88, 0xBCC9, 0x62A5, 0x8C2E, 0xAD12, 0xB512, 0xBD71, 0xB510, 0xBD13, 0x8C2E, 0x52C9, 0x6BAB,
	0x5AC8, 0x9C71, 0xC5D8, 0x9CF4, 0x9CF4, 0x8C73, 0x9493, 0x9CB3, 0xA4F4, 0x9472, 0xC5F8, 0xD67A,
	0xD65A, 0xD659, 0xD67A, 0xD659, 0xC5F8, 0xCE18, 0xD65A, 0xDE9A, 0xDE7A, 0xDE7A, 0xDE7A, 0xDE9B,
	0xDE9B, 0xDE9A, 0xDE7A, 0xD659, 0x9CD4, 0x632E, 0xC5F7, 0xB534, 0xDE79, 0x9CB3, 0x8411, 0x5ACC,
	0x528B, 0x634F, 0x3A2B, 0x7A68, 0x69E5, 0x6A26, 0x61C7, 0x838F, 0xBDD7, 0x732D, 0x626A, 0x728A,
	0x6B4D, 0xCDF9, 0xDE5A, 0xDE7B, 0xDE9B, 0xDEBC, 0xDE9B, 0xDEBB, 0xD67A, 0xD69B, 0xCE5A, 0xCE19,
	0xD679, 0xE632, 0xC4ED, 0x836B, 0x82E7, 0x82E6, 0xD5F3, 0xC618, 0x3165, 0x9492, 0xBDD7, 0xE71C,
	0xEF5D, 0x5AEC, 0x0000, 0x0861, 0x0861, 0x1081, 0x0841, 0x0020, 0x0841, 0x0000, 0x0841, 0x0000,
	0x2923, 0xB555, 0xE6DD, 0xE6FD, 0xDE7B, 0xDEBD, 0xD6DD, 0xCE7C, 0xCE7A, 0xC61A, 0xB5DA, 0xD65A,
	0xA4D1, 0x9C8F, 0xB554, 0x946F, 0x8C2B, 0x736A, 0x9C70, 0x7B8D, 0x4A07, 0x4205, 0x4A47, 0x3184,
	0x2103, 0x2124, 0x18E4, 0x0043, 0x630A, 0x9C6A, 0x62E5, 0x83E9, 0x6B06, 0xAC88, 0x8BC8, 0x9CB1,
	0xC5B6, 0xBD74, 0x8C4E, 0xA4CE, 0xCDB5, 0xC575, 0x5AA9, 0x4288, 0x62EA, 0xCDF7, 0xC619, 0xCE39,
	0x94B3, 0x8450, 0x738D, 0xAD55, 0xAD34, 0xB576, 0xCE39, 0xCE39, 0xD63A, 0xD63A, 0xCDF8, 0xBDB7,
	0xBDD7, 0xC5F8, 0xD67A, 0xDE7A, 0xD67A, 0xDE7B, 0xDE9B, 0xDE9B, 0xDE7A, 0xDE7A, 0xDE7A, 0xD659,
	0xA4F4, 0xB555, 0x736E, 0x4A4A, 0xCDD7, 0xCDF7, 0xA514, 0x4A8C, 0x52ED, 0x5B0D, 0x3A0A, 0x4A07,
	0x5207, 0x41C9, 0x92C6, 0xBBA9, 0xC594, 0xABEA, 0xA2E7, 0xAC2E, 0xA42F, 0xC595, 0xC5F7, 0xCE39,
	0xCE18, 0xCE19, 0xC619, 0xCE39, 0xCE39, 0xB5D8, 0xB5B8, 0xB5B7, 0xD656, 0xFF57, 0xF717, 0xE6B6,
	0xDE75, 0xE674, 0xF718, 0xC618, 0x18E4, 0x0000, 0x73AE, 0xFFDF, 0xDEFC, 0x2965, 0x1081, 0x2103,
	0x10A2, 0x2923, 0x18A2, 0x2923, 0x10A2, 0x18E3, 0x1082, 0x10A2, 0x39A5, 0xB597, 0xE6BD, 0xCE5B,
	0xAD35, 0xBE1A, 0xC63C, 0xCE3A, 0xCE18, 0xCE18, 0xCE39, 0xDE9A, 0x83F0, 0x8BEF, 0xA513, 0x5A89,
	0x6267, 0x49E6, 0x5A68, 0xB533, 0x942F, 0x4A24, 0x4A04, 0x5A64, 0x49E3, 0x6283, 0x2964, 0x0062,
	0x5AA7, 0xA48A, 0x942A, 0x8C2A, 0x942B, 0x8BEA, 0xACAC, 0xAD32, 0xCDD6, 0x9CB2, 0x7C0E, 0x8C0D,
	0xCE17, 0xDE9A, 0xB511, 0x8349, 0xC5B5, 0xCE3A, 0xCE19, 0xCE19, 0x9C92, 0x7BCF, 0xAD35, 0xE6BB,
	0xDE9A, 0xD65A, 0xCE39, 0xD65A, 0xD65A, 0xD65A, 0xC618, 0xCE39, 0xC619, 0xCE39, 0xE6BB, 0xDE9B,
	0xDE7B, 0xDE9B, 0xDE9B, 0xDE9B, 0xDE7A, 0xDE7A, 0xDE7A, 0xCE39, 0x9CF4, 0x9D57, 0x5B4F, 0x736C,
	0xB575, 0xCE17, 0xBD75, 0xAC6C, 0xB4AD, 0xBD72, 0xA365, 0x9304, 0x9B45, 0x9347, 0xD405, 0xFC64,
	0xDDD3, 0xDD90, 0xF486, 0xE572, 0xDCF0, 0xE4CC, 0xDCEF, 0xE4CD, 0xE44C, 0xACF4, 0x9D56, 0x94B1,
	0x9490, 0x8CB2, 0x9514, 0x84B2, 0x9472, 0x736C, 0x6B4C, 0xAD35, 0xA4F3, 0xA4D2, 0xB574, 0xCE59,
	0x2124, 0x1082, 0x7BCF, 0xCE79, 0x52AA, 0x0000, 0x0000, 0x0820, 0x0000, 0x0020, 0x0000, 0x0840,
	0x0000, 0x0020, 0x0000, 0x0000, 0x2124, 0xC5D8, 0xEF1E, 0xEF1E, 0xCDF8, 0xD69C, 0xD69D, 0xCE7C,
	0xCE18, 0xCDF8, 0xCE5A, 0xCE39, 0xA4B3, 0xB533, 0xD451, 0xB881, 0xA860, 0x99A5, 0x940F, 0xC596,
	0x9CB2, 0x29A8, 0x1926, 0x1105, 0x0883, 0x10A3, 0x10C3, 0x1082, 0x18E3, 0x4A48, 0x3185, 0x2944,
	0x31E9, 0x1148, 0x00E7, 0x7BF0, 0x9CB3, 0x4ACD, 0x530E, 0x5B2E, 0xA4D3, 0xDE7A, 0xCDD6, 0xBC4F,
	0xDE79, 0xCE19, 0xD63A, 0xD659, 0xDE7A, 0xE6BB, 0xDE9B, 0xDE7B, 0xDE7A, 0xD65A, 0xD65A, 0xD65A,
	0xCE39, 0xCE59, 0xD67A, 0xD67A, 0xD65A, 0xD65A, 0xE69B, 0xE6BB, 0xDE9B, 0xDE9B, 0xDE9B, 0xDE9B,
	0xDE7A, 0xDE7A, 0xD659, 0xDE9A, 0xC617, 0x9D35, 0x9D13, 0x8C4D, 0x94B2, 0xBDB6, 0xB4D1, 0xB3CC,
	0xBBEE, 0xACD2, 0xC42E, 0xCC0D, 0xB3CD, 0xBC70, 0xB450, 0xA38E, 0xBD55, 0xBD55, 0x830C, 0x7B0C,
	0x8B6E, 0x6A49, 0x836E, 0x8B8E, 0x8BCF, 0x8C92, 0x8CB2, 0x8C6F, 0x8C4E, 0x94D3, 0x9D35, 0x8CD3,
	0x7390, 0x528B, 0x5AED, 0x73B1, 0x7BF1, 0x8C32, 0x734E, 0x8C51, 0x94B2, 0x9492, 0xBDB6, 0xCE9A,
	0xA534, 0x94B2, 0x9492, 0x8C71, 0x8C51, 0x8430, 0x7BCF, 0x73AE, 0x73AE, 0x6B6D, 0x6B4D, 0x630C,
	0x7BCF, 0xBDB6, 0x9492, 0x9493, 0xBDD7, 0xBDD8, 0x94B4, 0xAD35, 0xC5D6, 0xBD96, 0xAD56, 0xA4F4,
	0xB535, 0xDE58, 0xC513, 0xBB2B, 0xD922, 0xDA68, 0xCD34, 0xC5B6, 0xBD96, 0x3A09, 0x0063, 0x08E5,
	0x08A3, 0x10A2, 0x10A3, 0x10A2, 0x62CA, 0x5AAA, 0x10A3, 0x18C3, 0x1106, 0x0907, 0x1988, 0x7BF0,
	0x322A, 0x428C, 0x73D0, 0x6BB0, 0x9CB3, 0xDE59, 0xCE18, 0xDE38, 0xDE59, 0xDE7A, 0xD65A, 0xD63A,
	0xD63A, 0xD65A, 0xD63A, 0xDE7A, 0xD67A, 0xD65A, 0xD63A, 0xCE19, 0xC619, 0xCE39, 0xCE5A, 0xD67A,
	0xD65A, 0xD67A, 0xE6BB, 0xE6BB, 0xDE9B, 0xDE9B, 0xCE19, 0xCE19, 0xC5B7, 0xCDD7, 0xDE79, 0xD659,
	0x94F3, 0x8CD2, 0x8C70, 0x9D13, 0xA555, 0xA534, 0x8C50, 0x8471, 0x9D35, 0xB595, 0xC618, 0xD699,
	0x8D14, 0x9D55, 0x9D56, 0x7C51, 0xA555, 0x8C92, 0x6BCE, 0x530C, 0x5B4D, 0x2145, 0x7410, 0xA576,
	0x8CD3, 0x9514, 0x8CD3, 0x94B1, 0xAD75, 0xA555, 0x9D35, 0x9D35, 0x2125, 0x3187, 0x39E8, 0x8412,
	0x8C73, 0x83F1, 0x62EC, 0x5AEC, 0x6B4D, 0x4A49, 0x5AEC, 0x6B6E, 0x7BF0, 0x73CF, 0x8430, 0xAD96,
	0xB5D7, 0xB5B6, 0x9CB1, 0xAD54, 0xD69A, 0xDEDA, 0xE6FB, 0xDEFB, 0xDEBB, 0xB575, 0x8C50, 0x4249,
	0x8491, 0x94F4, 0x8C92, 0x7BF0, 0x8430, 0x9CF3, 0xA534, 0xA513, 0x9CB2, 0x9C92, 0xA514, 0xCE79,
	0xC4F2, 0xCAEA, 0xCC91, 0xB575, 0xAD56, 0x6B8F, 0x5B0C, 0x6B8E, 0x5ACB, 0x5289, 0x4207, 0x7BAD,
	0xB554, 0x73AF, 0x52AB, 0x7BCF, 0x9CD4, 0x8431, 0x840F, 0xAD13, 0x73CF, 0x8450, 0x94D3, 0xA534,
	0xBD76, 0xDE39, 0xD65A, 0xDE58, 0xDE79, 0xDE7B, 0xD65A, 0xCE39, 0xCE39, 0xCE39, 0xD65A, 0xD67A,
	0xD67A, 0xD65A, 0xCE19, 0xC5F8, 0xC619, 0xC619, 0xCE5A, 0xCE39, 0xCE39, 0xDE9B, 0xE6BC, 0xDE9B,
	0xDE9B, 0xDEBB, 0xD659, 0xCDF7, 0xC5F7, 0xBD76, 0xD638, 0xAD96, 0x9D35, 0x9D35, 0x8CD3, 0xB5B7,
	0xB5B6, 0x9D15, 0x94F4, 0xAD75, 0xCE38, 0xDE79, 0xD638, 0xDE58, 0xD658, 0xBDD6, 0x9CF4, 0xBD95,
	0x8C30, 0x4A8A, 0x5B2C, 0x4229, 0x4A6A, 0x630C, 0x7BD0, 0xA515, 0xA576, 0x9D55, 0x8CF3, 0x9D35,
	0xAD96, 0x9D35, 0x9D35, 0x94D4,
};
